cohort_index,project,sub_project,bug_id,version,fixed_version,repository,snapshot_commit,n_relevant_files
0,Apache,CAMEL,105,camel-1.1.0,camel-1.2.0,apache/camel,52049de85ae349fef5051552ec7d7a715cf23d09,1
1,Apache,CAMEL,103,camel-1.1.0,camel-1.2.0,apache/camel,52049de85ae349fef5051552ec7d7a715cf23d09,4
2,Apache,CAMEL,161,camel-1.1.0,camel-1.2.0,apache/camel,52049de85ae349fef5051552ec7d7a715cf23d09,1
3,Apache,CAMEL,140,camel-1.1.0,camel-1.2.0,apache/camel,52049de85ae349fef5051552ec7d7a715cf23d09,1
4,Apache,CAMEL,191,camel-1.2.0,camel-1.3.0,apache/camel,4d5ad0e79544e371035d180d02f26611e5708b6f,1
5,Apache,CAMEL,197,camel-1.2.0,camel-1.3.0,apache/camel,4d5ad0e79544e371035d180d02f26611e5708b6f,20
6,Apache,CAMEL,194,camel-1.2.0,camel-1.3.0,apache/camel,4d5ad0e79544e371035d180d02f26611e5708b6f,1
7,Apache,CAMEL,189,camel-1.2.0,camel-1.3.0,apache/camel,4d5ad0e79544e371035d180d02f26611e5708b6f,1
8,Apache,CAMEL,203,camel-1.2.0,camel-1.3.0,apache/camel,4d5ad0e79544e371035d180d02f26611e5708b6f,1
9,Apache,CAMEL,232,camel-1.2.0,camel-1.3.0,apache/camel,4d5ad0e79544e371035d180d02f26611e5708b6f,15
10,Apache,CAMEL,247,camel-1.2.0,camel-1.3.0,apache/camel,4d5ad0e79544e371035d180d02f26611e5708b6f,6
11,Apache,CAMEL,271,camel-1.2.0,camel-1.3.0,apache/camel,4d5ad0e79544e371035d180d02f26611e5708b6f,1
12,Apache,CAMEL,320,camel-1.2.0,camel-1.3.0,apache/camel,4d5ad0e79544e371035d180d02f26611e5708b6f,1
13,Apache,CAMEL,329,camel-1.2.0,camel-1.3.0,apache/camel,4d5ad0e79544e371035d180d02f26611e5708b6f,2
14,Apache,CAMEL,340,camel-1.2.0,camel-1.3.0,apache/camel,4d5ad0e79544e371035d180d02f26611e5708b6f,2
15,Apache,CAMEL,257,camel-1.2.0,camel-1.3.0,apache/camel,4d5ad0e79544e371035d180d02f26611e5708b6f,3
16,Apache,CAMEL,374,camel-1.2.0,camel-1.3.0,apache/camel,4d5ad0e79544e371035d180d02f26611e5708b6f,1
17,Apache,CAMEL,171,camel-1.1.0,camel-1.3.0,apache/camel,52049de85ae349fef5051552ec7d7a715cf23d09,3
18,Apache,CAMEL,173,camel-1.2.0,camel-1.3.0,apache/camel,4d5ad0e79544e371035d180d02f26611e5708b6f,4
19,Apache,CAMEL,430,camel-1.2.0,camel-1.3.0,apache/camel,4d5ad0e79544e371035d180d02f26611e5708b6f,1
20,Apache,CAMEL,457,camel-1.3.0,camel-1.4.0,apache/camel,11dc8da54fe1870f62f16683106b2c322cf4dbe1,1
21,Apache,CAMEL,476,camel-1.3.0,camel-1.4.0,apache/camel,11dc8da54fe1870f62f16683106b2c322cf4dbe1,1
22,Apache,CAMEL,412,camel-1.2.0,camel-1.4.0,apache/camel,4d5ad0e79544e371035d180d02f26611e5708b6f,1
23,Apache,CAMEL,499,camel-1.3.0,camel-1.4.0,apache/camel,11dc8da54fe1870f62f16683106b2c322cf4dbe1,1
24,Apache,CAMEL,510,camel-1.3.0,camel-1.4.0,apache/camel,11dc8da54fe1870f62f16683106b2c322cf4dbe1,1
25,Apache,CAMEL,519,camel-1.3.0,camel-1.4.0,apache/camel,11dc8da54fe1870f62f16683106b2c322cf4dbe1,1
26,Apache,CAMEL,537,camel-1.3.0,camel-1.4.0,apache/camel,11dc8da54fe1870f62f16683106b2c322cf4dbe1,1
27,Apache,CAMEL,536,camel-1.3.0,camel-1.4.0,apache/camel,11dc8da54fe1870f62f16683106b2c322cf4dbe1,5
28,Apache,CAMEL,307,camel-1.2.0,camel-1.4.0,apache/camel,4d5ad0e79544e371035d180d02f26611e5708b6f,2
29,Apache,CAMEL,561,camel-1.3.0,camel-1.4.0,apache/camel,11dc8da54fe1870f62f16683106b2c322cf4dbe1,1
30,Apache,CAMEL,566,camel-1.3.0,camel-1.4.0,apache/camel,11dc8da54fe1870f62f16683106b2c322cf4dbe1,1
31,Apache,CAMEL,574,camel-1.3.0,camel-1.4.0,apache/camel,11dc8da54fe1870f62f16683106b2c322cf4dbe1,1
32,Apache,CAMEL,583,camel-1.3.0,camel-1.4.0,apache/camel,11dc8da54fe1870f62f16683106b2c322cf4dbe1,5
33,Apache,CAMEL,593,camel-1.3.0,camel-1.4.0,apache/camel,11dc8da54fe1870f62f16683106b2c322cf4dbe1,9
34,Apache,CAMEL,597,camel-1.3.0,camel-1.4.0,apache/camel,11dc8da54fe1870f62f16683106b2c322cf4dbe1,1
35,Apache,CAMEL,558,camel-1.3.0,camel-1.4.0,apache/camel,11dc8da54fe1870f62f16683106b2c322cf4dbe1,1
36,Apache,CAMEL,618,camel-1.3.0,camel-1.4.0,apache/camel,11dc8da54fe1870f62f16683106b2c322cf4dbe1,1
37,Apache,CAMEL,612,camel-1.3.0,camel-1.4.0,apache/camel,11dc8da54fe1870f62f16683106b2c322cf4dbe1,1
38,Apache,CAMEL,620,camel-1.3.0,camel-1.4.0,apache/camel,11dc8da54fe1870f62f16683106b2c322cf4dbe1,3
39,Apache,CAMEL,577,camel-1.3.0,camel-1.4.0,apache/camel,11dc8da54fe1870f62f16683106b2c322cf4dbe1,1
40,Apache,CAMEL,653,camel-1.3.0,camel-1.4.0,apache/camel,11dc8da54fe1870f62f16683106b2c322cf4dbe1,2
41,Apache,CAMEL,657,camel-1.3.0,camel-1.4.0,apache/camel,11dc8da54fe1870f62f16683106b2c322cf4dbe1,1
42,Apache,CAMEL,685,camel-1.3.0,camel-1.4.0,apache/camel,11dc8da54fe1870f62f16683106b2c322cf4dbe1,1
43,Apache,CAMEL,691,camel-1.2.0,camel-1.4.0,apache/camel,4d5ad0e79544e371035d180d02f26611e5708b6f,1
44,Apache,CAMEL,694,camel-1.3.0,camel-1.4.0,apache/camel,11dc8da54fe1870f62f16683106b2c322cf4dbe1,2
45,Apache,CAMEL,713,camel-1.3.0,camel-1.4.0,apache/camel,11dc8da54fe1870f62f16683106b2c322cf4dbe1,3
46,Apache,CAMEL,737,camel-1.4.0,camel-1.5.0,apache/camel,3246f4735c80bd22446ce3d78dd1de63368c9bcc,3
47,Apache,CAMEL,741,camel-1.3.0,camel-1.5.0,apache/camel,11dc8da54fe1870f62f16683106b2c322cf4dbe1,1
48,Apache,CAMEL,755,camel-1.4.0,camel-1.5.0,apache/camel,3246f4735c80bd22446ce3d78dd1de63368c9bcc,1
49,Apache,CAMEL,765,camel-1.4.0,camel-1.5.0,apache/camel,3246f4735c80bd22446ce3d78dd1de63368c9bcc,1
50,Apache,CAMEL,773,camel-1.4.0,camel-1.5.0,apache/camel,3246f4735c80bd22446ce3d78dd1de63368c9bcc,1
51,Apache,CAMEL,758,camel-1.4.0,camel-1.5.0,apache/camel,3246f4735c80bd22446ce3d78dd1de63368c9bcc,3
52,Apache,CAMEL,774,camel-1.4.0,camel-1.5.0,apache/camel,3246f4735c80bd22446ce3d78dd1de63368c9bcc,1
53,Apache,CAMEL,793,camel-1.4.0,camel-1.5.0,apache/camel,3246f4735c80bd22446ce3d78dd1de63368c9bcc,1
54,Apache,CAMEL,803,camel-1.4.0,camel-1.5.0,apache/camel,3246f4735c80bd22446ce3d78dd1de63368c9bcc,2
55,Apache,CAMEL,806,camel-1.4.0,camel-1.5.0,apache/camel,3246f4735c80bd22446ce3d78dd1de63368c9bcc,8
56,Apache,CAMEL,811,camel-1.4.0,camel-1.5.0,apache/camel,3246f4735c80bd22446ce3d78dd1de63368c9bcc,2
57,Apache,CAMEL,792,camel-1.4.0,camel-1.5.0,apache/camel,3246f4735c80bd22446ce3d78dd1de63368c9bcc,1
58,Apache,CAMEL,826,camel-1.3.0,camel-1.5.0,apache/camel,11dc8da54fe1870f62f16683106b2c322cf4dbe1,10
59,Apache,CAMEL,818,camel-1.3.0,camel-1.5.0,apache/camel,11dc8da54fe1870f62f16683106b2c322cf4dbe1,2
60,Apache,CAMEL,834,camel-1.4.0,camel-1.5.0,apache/camel,3246f4735c80bd22446ce3d78dd1de63368c9bcc,1
61,Apache,CAMEL,842,camel-1.4.0,camel-1.5.0,apache/camel,3246f4735c80bd22446ce3d78dd1de63368c9bcc,2
62,Apache,CAMEL,857,camel-1.4.0,camel-1.5.0,apache/camel,3246f4735c80bd22446ce3d78dd1de63368c9bcc,5
63,Apache,CAMEL,860,camel-1.4.0,camel-1.5.0,apache/camel,3246f4735c80bd22446ce3d78dd1de63368c9bcc,3
64,Apache,CAMEL,851,camel-1.4.0,camel-1.5.0,apache/camel,3246f4735c80bd22446ce3d78dd1de63368c9bcc,2
65,Apache,CAMEL,873,camel-1.4.0,camel-1.5.0,apache/camel,3246f4735c80bd22446ce3d78dd1de63368c9bcc,16
66,Apache,CAMEL,882,camel-1.5.0,camel-1.4.0,apache/camel,feed6f962aba4aefb144b424945d1232b73ccef3,1
67,Apache,CAMEL,890,camel-1.4.0,camel-1.5.0,apache/camel,3246f4735c80bd22446ce3d78dd1de63368c9bcc,1
68,Apache,CAMEL,871,camel-1.4.0,camel-1.5.0,apache/camel,3246f4735c80bd22446ce3d78dd1de63368c9bcc,9
69,Apache,CAMEL,886,camel-1.4.0,camel-1.5.0,apache/camel,3246f4735c80bd22446ce3d78dd1de63368c9bcc,1
70,Apache,CAMEL,906,camel-1.4.0,camel-1.5.0,apache/camel,3246f4735c80bd22446ce3d78dd1de63368c9bcc,3
71,Apache,CAMEL,912,camel-1.4.0,camel-1.5.0,apache/camel,3246f4735c80bd22446ce3d78dd1de63368c9bcc,2
72,Apache,CAMEL,914,camel-1.4.0,camel-1.5.0,apache/camel,3246f4735c80bd22446ce3d78dd1de63368c9bcc,1
73,Apache,CAMEL,922,camel-1.4.0,camel-1.5.0,apache/camel,3246f4735c80bd22446ce3d78dd1de63368c9bcc,3
74,Apache,CAMEL,807,camel-1.4.0,camel-1.5.0,apache/camel,3246f4735c80bd22446ce3d78dd1de63368c9bcc,2
75,Apache,CAMEL,942,camel-1.4.0,camel-1.5.0,apache/camel,3246f4735c80bd22446ce3d78dd1de63368c9bcc,1
76,Apache,CAMEL,970,camel-1.4.0,camel-1.5.0,apache/camel,3246f4735c80bd22446ce3d78dd1de63368c9bcc,1
77,Apache,CAMEL,969,camel-1.4.0,camel-1.5.0,apache/camel,3246f4735c80bd22446ce3d78dd1de63368c9bcc,1
78,Apache,CAMEL,1003,camel-1.4.0,camel-1.5.0,apache/camel,3246f4735c80bd22446ce3d78dd1de63368c9bcc,1
79,Apache,CAMEL,939,camel-1.4.0,camel-1.5.0,apache/camel,3246f4735c80bd22446ce3d78dd1de63368c9bcc,8
80,Apache,CAMEL,1034,camel-1.4.0,camel-1.6.0,apache/camel,3246f4735c80bd22446ce3d78dd1de63368c9bcc,2
81,Apache,CAMEL,1053,camel-1.4.0,camel-1.6.0,apache/camel,3246f4735c80bd22446ce3d78dd1de63368c9bcc,17
82,Apache,CAMEL,1057,camel-1.4.0,camel-1.6.0,apache/camel,3246f4735c80bd22446ce3d78dd1de63368c9bcc,1
83,Apache,CAMEL,1062,camel-1.5.0,camel-1.6.0,apache/camel,feed6f962aba4aefb144b424945d1232b73ccef3,1
84,Apache,CAMEL,1070,camel-1.4.0,camel-1.6.0,apache/camel,3246f4735c80bd22446ce3d78dd1de63368c9bcc,1
85,Apache,CAMEL,1080,camel-1.4.0,camel-1.6.0,apache/camel,3246f4735c80bd22446ce3d78dd1de63368c9bcc,1
86,Apache,CAMEL,1088,camel-1.3.0,camel-1.6.0,apache/camel,11dc8da54fe1870f62f16683106b2c322cf4dbe1,7
87,Apache,CAMEL,1090,camel-1.5.0,camel-1.6.0,apache/camel,feed6f962aba4aefb144b424945d1232b73ccef3,1
88,Apache,CAMEL,1103,camel-1.5.0,camel-1.6.0,apache/camel,feed6f962aba4aefb144b424945d1232b73ccef3,1
89,Apache,CAMEL,1095,camel-1.5.0,camel-1.6.0,apache/camel,feed6f962aba4aefb144b424945d1232b73ccef3,7
90,Apache,CAMEL,1107,camel-1.5.0,camel-1.6.0,apache/camel,feed6f962aba4aefb144b424945d1232b73ccef3,7
91,Apache,CAMEL,1093,camel-1.5.0,camel-1.6.0,apache/camel,feed6f962aba4aefb144b424945d1232b73ccef3,7
92,Apache,CAMEL,1111,camel-1.5.0,camel-1.6.0,apache/camel,feed6f962aba4aefb144b424945d1232b73ccef3,7
93,Apache,CAMEL,1118,camel-1.5.0,camel-1.6.0,apache/camel,feed6f962aba4aefb144b424945d1232b73ccef3,3
94,Apache,CAMEL,1122,camel-1.5.0,camel-1.6.0,apache/camel,feed6f962aba4aefb144b424945d1232b73ccef3,1
95,Apache,CAMEL,1108,camel-1.5.0,camel-1.6.0,apache/camel,feed6f962aba4aefb144b424945d1232b73ccef3,1
96,Apache,CAMEL,1125,camel-1.3.0,camel-1.6.0,apache/camel,11dc8da54fe1870f62f16683106b2c322cf4dbe1,2
97,Apache,CAMEL,1145,camel-1.5.0,camel-1.6.0,apache/camel,feed6f962aba4aefb144b424945d1232b73ccef3,1
98,Apache,CAMEL,1037,camel-1.5.0,camel-1.6.0,apache/camel,feed6f962aba4aefb144b424945d1232b73ccef3,8
99,Apache,CAMEL,1188,camel-1.5.0,camel-1.6.0,apache/camel,feed6f962aba4aefb144b424945d1232b73ccef3,3
100,Apache,CAMEL,1196,camel-1.5.0,camel-1.6.0,apache/camel,feed6f962aba4aefb144b424945d1232b73ccef3,1
101,Apache,CAMEL,1193,camel-1.4.0,camel-1.6.0,apache/camel,3246f4735c80bd22446ce3d78dd1de63368c9bcc,2
102,Apache,CAMEL,1207,camel-1.4.0,camel-1.6.0,apache/camel,3246f4735c80bd22446ce3d78dd1de63368c9bcc,1
103,Apache,CAMEL,1199,camel-1.5.0,camel-1.6.0,apache/camel,feed6f962aba4aefb144b424945d1232b73ccef3,2
104,Apache,CAMEL,1225,camel-1.5.0,camel-1.6.0,apache/camel,feed6f962aba4aefb144b424945d1232b73ccef3,1
105,Apache,CAMEL,1213,camel-1.5.0,camel-1.6.0,apache/camel,feed6f962aba4aefb144b424945d1232b73ccef3,3
106,Apache,CAMEL,1249,camel-1.4.0,camel-1.6.0,apache/camel,3246f4735c80bd22446ce3d78dd1de63368c9bcc,3
107,Apache,CAMEL,1261,camel-1.5.0,camel-2.0-M1,apache/camel,feed6f962aba4aefb144b424945d1232b73ccef3,2
108,Apache,CAMEL,1265,camel-1.5.0,camel-2.0-M1,apache/camel,feed6f962aba4aefb144b424945d1232b73ccef3,1
109,Apache,CAMEL,1270,camel-1.5.0,camel-1.6.0,apache/camel,feed6f962aba4aefb144b424945d1232b73ccef3,2
110,Apache,CAMEL,1263,camel-1.5.0,camel-1.6.0,apache/camel,feed6f962aba4aefb144b424945d1232b73ccef3,1
111,Apache,CAMEL,1274,camel-1.5.0,camel-1.6.0,apache/camel,feed6f962aba4aefb144b424945d1232b73ccef3,1
112,Apache,CAMEL,1278,camel-1.5.0,camel-1.6.0,apache/camel,feed6f962aba4aefb144b424945d1232b73ccef3,1
113,Apache,CAMEL,122,camel-1.3.0,camel-1.6.0,apache/camel,11dc8da54fe1870f62f16683106b2c322cf4dbe1,1
114,Apache,CAMEL,1283,camel-1.5.0,camel-2.0-M1,apache/camel,feed6f962aba4aefb144b424945d1232b73ccef3,2
115,Apache,CAMEL,1292,camel-1.5.0,camel-1.6.0,apache/camel,feed6f962aba4aefb144b424945d1232b73ccef3,1
116,Apache,CAMEL,1301,camel-1.5.0,camel-1.6.0,apache/camel,feed6f962aba4aefb144b424945d1232b73ccef3,3
117,Apache,CAMEL,1325,camel-1.5.0,camel-1.6.0,apache/camel,feed6f962aba4aefb144b424945d1232b73ccef3,2
118,Apache,CAMEL,973,camel-1.5.0,camel-1.6.0,apache/camel,feed6f962aba4aefb144b424945d1232b73ccef3,2
119,Apache,CAMEL,1205,camel-1.6.0,camel-2.0-M1,apache/camel,6d7eacbab831d4484638bfb2b4456f8b2fcdc367,2
120,Apache,CAMEL,1321,camel-1.5.0,camel-1.6.0,apache/camel,feed6f962aba4aefb144b424945d1232b73ccef3,1
121,Apache,CAMEL,1330,camel-1.5.0,camel-1.6.0,apache/camel,feed6f962aba4aefb144b424945d1232b73ccef3,1
122,Apache,CAMEL,1352,camel-1.6.0,camel-2.0-M1,apache/camel,6d7eacbab831d4484638bfb2b4456f8b2fcdc367,2
123,Apache,CAMEL,1356,camel-1.6.0,camel-2.0-M1,apache/camel,6d7eacbab831d4484638bfb2b4456f8b2fcdc367,2
124,Apache,CAMEL,1401,camel-1.5.0,camel-2.0-M1,apache/camel,feed6f962aba4aefb144b424945d1232b73ccef3,4
125,Apache,CAMEL,1384,camel-1.6.0,camel-2.0-M1,apache/camel,6d7eacbab831d4484638bfb2b4456f8b2fcdc367,4
126,Apache,CAMEL,1366,camel-1.6.0,camel-2.0-M1,apache/camel,6d7eacbab831d4484638bfb2b4456f8b2fcdc367,1
127,Apache,CAMEL,1406,camel-1.6.0,camel-2.0-M1,apache/camel,6d7eacbab831d4484638bfb2b4456f8b2fcdc367,2
128,Apache,CAMEL,1379,camel-1.5.0,camel-2.0-M1,apache/camel,feed6f962aba4aefb144b424945d1232b73ccef3,3
129,Apache,CAMEL,1426,camel-1.4.0,camel-2.0-M1,apache/camel,3246f4735c80bd22446ce3d78dd1de63368c9bcc,1
130,Apache,CAMEL,1412,camel-1.6.0,camel-2.0-M1,apache/camel,6d7eacbab831d4484638bfb2b4456f8b2fcdc367,1
131,Apache,CAMEL,1444,camel-1.6.0,camel-2.0-M1,apache/camel,6d7eacbab831d4484638bfb2b4456f8b2fcdc367,7
132,Apache,CAMEL,1454,camel-1.6.0,camel-2.0-M1,apache/camel,6d7eacbab831d4484638bfb2b4456f8b2fcdc367,3
133,Apache,CAMEL,1461,camel-1.6.0,camel-1.6.1,apache/camel,6d7eacbab831d4484638bfb2b4456f8b2fcdc367,3
134,Apache,CAMEL,1505,camel-1.6.0,camel-1.6.1,apache/camel,6d7eacbab831d4484638bfb2b4456f8b2fcdc367,1
135,Apache,CAMEL,1508,camel-1.6.0,camel-2.0-M2,apache/camel,6d7eacbab831d4484638bfb2b4456f8b2fcdc367,1
136,Apache,CAMEL,1519,camel-1.6.0,camel-1.6.1,apache/camel,6d7eacbab831d4484638bfb2b4456f8b2fcdc367,1
137,Apache,CAMEL,1510,camel-1.6.0,camel-1.6.1,apache/camel,6d7eacbab831d4484638bfb2b4456f8b2fcdc367,3
138,Apache,CAMEL,974,camel-1.4.0,camel-2.0-M2,apache/camel,3246f4735c80bd22446ce3d78dd1de63368c9bcc,3
139,Apache,CAMEL,1544,camel-1.4.0,camel-1.6.1,apache/camel,3246f4735c80bd22446ce3d78dd1de63368c9bcc,2
140,Apache,CAMEL,1565,camel-1.4.0,camel-1.6.1,apache/camel,3246f4735c80bd22446ce3d78dd1de63368c9bcc,2
141,Apache,CAMEL,1568,camel-1.6.0,camel-1.6.1,apache/camel,6d7eacbab831d4484638bfb2b4456f8b2fcdc367,1
142,Apache,CAMEL,1583,camel-1.6.0,camel-1.6.1,apache/camel,6d7eacbab831d4484638bfb2b4456f8b2fcdc367,1
143,Apache,CAMEL,1586,camel-1.6.0,camel-1.6.1,apache/camel,6d7eacbab831d4484638bfb2b4456f8b2fcdc367,2
144,Apache,CAMEL,1614,camel-1.6.0,camel-1.6.2,apache/camel,6d7eacbab831d4484638bfb2b4456f8b2fcdc367,1
145,Apache,CAMEL,756,camel-1.4.0,camel-2.0-M2,apache/camel,3246f4735c80bd22446ce3d78dd1de63368c9bcc,1
146,Apache,CAMEL,1497,camel-1.6.0,camel-1.6.1,apache/camel,6d7eacbab831d4484638bfb2b4456f8b2fcdc367,1
147,Apache,CAMEL,1760,camel-1.6.0,camel-1.6.2,apache/camel,6d7eacbab831d4484638bfb2b4456f8b2fcdc367,2
148,Apache,CAMEL,1828,camel-1.4.0,camel-1.6.2,apache/camel,3246f4735c80bd22446ce3d78dd1de63368c9bcc,2
149,Apache,CAMEL,1912,camel-1.5.0,camel-2.1.0,apache/camel,feed6f962aba4aefb144b424945d1232b73ccef3,1
150,Apache,CAMEL,2112,camel-1.4.0,camel-1.6.2,apache/camel,3246f4735c80bd22446ce3d78dd1de63368c9bcc,1
151,Apache,CAMEL,522,camel-1.3.0,camel-1.5.0,apache/camel,11dc8da54fe1870f62f16683106b2c322cf4dbe1,1
152,Apache,CAMEL,2275,camel-1.4.0,camel-2.2.0,apache/camel,3246f4735c80bd22446ce3d78dd1de63368c9bcc,2
153,Apache,CAMEL,1966,camel-1.4.0,camel-1.6.2,apache/camel,3246f4735c80bd22446ce3d78dd1de63368c9bcc,1
154,Apache,CAMEL,2327,camel-1.4.0,camel-1.6.3,apache/camel,3246f4735c80bd22446ce3d78dd1de63368c9bcc,1
155,Apache,CAMEL,2397,camel-1.4.0,camel-1.6.3,apache/camel,3246f4735c80bd22446ce3d78dd1de63368c9bcc,3
156,Apache,CAMEL,2188,camel-1.6.0,camel-2.1.0,apache/camel,6d7eacbab831d4484638bfb2b4456f8b2fcdc367,2
157,Apache,CAMEL,2763,camel-1.4.0,camel-1.6.3,apache/camel,3246f4735c80bd22446ce3d78dd1de63368c9bcc,2
158,Apache,CAMEL,1624,camel-1.6.1,camel-1.6.2,apache/camel,246d982d790269a8ef504fc55b407a0af3e683fe,2
159,Apache,CAMEL,1646,camel-1.6.1,camel-1.6.2,apache/camel,246d982d790269a8ef504fc55b407a0af3e683fe,5
160,Apache,CAMEL,1676,camel-1.6.1,camel-1.6.2,apache/camel,246d982d790269a8ef504fc55b407a0af3e683fe,1
161,Apache,CAMEL,1633,camel-1.6.1,camel-1.6.2,apache/camel,246d982d790269a8ef504fc55b407a0af3e683fe,1
162,Apache,CAMEL,1711,camel-1.6.1,camel-1.6.2,apache/camel,246d982d790269a8ef504fc55b407a0af3e683fe,3
163,Apache,CAMEL,1728,camel-1.6.1,camel-2.0-M3,apache/camel,246d982d790269a8ef504fc55b407a0af3e683fe,1
164,Apache,CAMEL,1724,camel-1.6.1,camel-1.6.2,apache/camel,246d982d790269a8ef504fc55b407a0af3e683fe,1
165,Apache,CAMEL,1736,camel-1.6.1,camel-1.6.2,apache/camel,246d982d790269a8ef504fc55b407a0af3e683fe,1
166,Apache,CAMEL,1743,camel-1.6.1,camel-1.6.2,apache/camel,246d982d790269a8ef504fc55b407a0af3e683fe,2
167,Apache,CAMEL,1752,camel-1.6.1,camel-1.6.2,apache/camel,246d982d790269a8ef504fc55b407a0af3e683fe,1
168,Apache,CAMEL,1786,camel-1.6.1,camel-1.6.2,apache/camel,246d982d790269a8ef504fc55b407a0af3e683fe,2
169,Apache,CAMEL,1795,camel-1.6.1,camel-1.6.2,apache/camel,246d982d790269a8ef504fc55b407a0af3e683fe,1
170,Apache,CAMEL,1922,camel-1.6.1,camel-1.6.2,apache/camel,246d982d790269a8ef504fc55b407a0af3e683fe,1
171,Apache,CAMEL,1983,camel-1.6.1,camel-1.6.2,apache/camel,246d982d790269a8ef504fc55b407a0af3e683fe,2
172,Apache,CAMEL,2067,camel-1.6.1,camel-1.6.2,apache/camel,246d982d790269a8ef504fc55b407a0af3e683fe,1
173,Apache,CAMEL,2072,camel-1.6.1,camel-2.1.0,apache/camel,246d982d790269a8ef504fc55b407a0af3e683fe,1
174,Apache,CAMEL,2075,camel-1.6.1,camel-2.1.0,apache/camel,246d982d790269a8ef504fc55b407a0af3e683fe,1
175,Apache,CAMEL,2074,camel-1.6.1,camel-2.1.0,apache/camel,246d982d790269a8ef504fc55b407a0af3e683fe,3
176,Apache,CAMEL,2084,camel-1.6.1,camel-2.1.0,apache/camel,246d982d790269a8ef504fc55b407a0af3e683fe,2
177,Apache,CAMEL,2090,camel-1.6.1,camel-2.1.0,apache/camel,246d982d790269a8ef504fc55b407a0af3e683fe,4
178,Apache,CAMEL,2145,camel-1.6.1,camel-1.6.2,apache/camel,246d982d790269a8ef504fc55b407a0af3e683fe,1
179,Apache,CAMEL,2158,camel-1.6.1,camel-2.1.0,apache/camel,246d982d790269a8ef504fc55b407a0af3e683fe,2
180,Apache,CAMEL,2168,camel-1.6.1,camel-1.6.2,apache/camel,246d982d790269a8ef504fc55b407a0af3e683fe,1
181,Apache,CAMEL,2231,camel-1.6.2,camel-1.6.3,apache/camel,bb4dc2ba787f413f86569156b6b28f5ded34347e,1
182,Apache,CAMEL,2245,camel-1.6.2,camel-1.6.3,apache/camel,bb4dc2ba787f413f86569156b6b28f5ded34347e,2
183,Apache,CAMEL,2445,camel-1.6.2,camel-1.6.3,apache/camel,bb4dc2ba787f413f86569156b6b28f5ded34347e,1
184,Apache,CAMEL,1488,camel-2.0-M1,camel-1.6.1,apache/camel,25936119f63409e167c1b76a341a7e9aeb946854,1
185,Apache,CAMEL,1492,camel-2.0-M1,camel-2.0-M2,apache/camel,25936119f63409e167c1b76a341a7e9aeb946854,1
186,Apache,CAMEL,1504,camel-2.0-M1,camel-2.0-M2,apache/camel,25936119f63409e167c1b76a341a7e9aeb946854,1
187,Apache,CAMEL,1535,camel-2.0-M1,camel-1.6.1,apache/camel,25936119f63409e167c1b76a341a7e9aeb946854,7
188,Apache,CAMEL,123,camel-2.0-M1,camel-2.0-M2,apache/camel,25936119f63409e167c1b76a341a7e9aeb946854,2
189,Apache,CAMEL,1630,camel-2.0-M1,camel-2.0-M2,apache/camel,25936119f63409e167c1b76a341a7e9aeb946854,1
190,Apache,CAMEL,1632,camel-2.0-M1,camel-2.0-M2,apache/camel,25936119f63409e167c1b76a341a7e9aeb946854,4
191,Apache,CAMEL,1642,camel-2.0-M1,camel-2.0-M2,apache/camel,25936119f63409e167c1b76a341a7e9aeb946854,2
192,Apache,CAMEL,1719,camel-2.0-M2,camel-2.0-M3,apache/camel,a57ab48a877981dd1039e79871a0a391b9e16238,1
193,Apache,CAMEL,1735,camel-2.0-M2,camel-2.0-M3,apache/camel,a57ab48a877981dd1039e79871a0a391b9e16238,6
194,Apache,CAMEL,1753,camel-2.0-M2,camel-2.0-M3,apache/camel,a57ab48a877981dd1039e79871a0a391b9e16238,4
195,Apache,CAMEL,1755,camel-2.0-M2,camel-2.0-M3,apache/camel,a57ab48a877981dd1039e79871a0a391b9e16238,1
196,Apache,CAMEL,1774,camel-2.0-M1,camel-2.0-M3,apache/camel,25936119f63409e167c1b76a341a7e9aeb946854,6
197,Apache,CAMEL,1813,camel-2.0-M2,camel-2.0-M3,apache/camel,a57ab48a877981dd1039e79871a0a391b9e16238,3
198,Apache,CAMEL,1824,camel-2.0-M2,camel-2.0-M3,apache/camel,a57ab48a877981dd1039e79871a0a391b9e16238,6
199,Apache,CAMEL,1825,camel-2.0-M2,camel-2.0-M3,apache/camel,a57ab48a877981dd1039e79871a0a391b9e16238,6
200,Apache,CAMEL,1839,camel-2.0-M2,camel-2.0-M3,apache/camel,a57ab48a877981dd1039e79871a0a391b9e16238,1
201,Apache,CAMEL,1848,camel-2.0-M2,camel-2.0.0,apache/camel,a57ab48a877981dd1039e79871a0a391b9e16238,4
202,Apache,CAMEL,1844,camel-2.0-M2,camel-2.0.0,apache/camel,a57ab48a877981dd1039e79871a0a391b9e16238,1
203,Apache,CAMEL,1851,camel-2.0-M2,camel-2.0.0,apache/camel,a57ab48a877981dd1039e79871a0a391b9e16238,1
204,Apache,CAMEL,1852,camel-2.0-M3,camel-2.0.0,apache/camel,b877a280fd1eae2ddda5b485f1f519c75a691357,3
205,Apache,CAMEL,1864,camel-2.0-M3,camel-2.0.0,apache/camel,b877a280fd1eae2ddda5b485f1f519c75a691357,9
206,Apache,CAMEL,1865,camel-2.0-M3,camel-2.0.0,apache/camel,b877a280fd1eae2ddda5b485f1f519c75a691357,1
207,Apache,CAMEL,1883,camel-2.0-M3,camel-2.0.0,apache/camel,b877a280fd1eae2ddda5b485f1f519c75a691357,3
208,Apache,CAMEL,1885,camel-2.0-M3,camel-2.0.0,apache/camel,b877a280fd1eae2ddda5b485f1f519c75a691357,1
209,Apache,CAMEL,1927,camel-2.0-M3,camel-2.1.0,apache/camel,b877a280fd1eae2ddda5b485f1f519c75a691357,2
210,Apache,CAMEL,1957,camel-2.0-M2,camel-2.1.0,apache/camel,a57ab48a877981dd1039e79871a0a391b9e16238,2
211,Apache,CAMEL,1963,camel-2.0-M3,camel-2.1.0,apache/camel,b877a280fd1eae2ddda5b485f1f519c75a691357,7
212,Apache,CAMEL,1925,camel-2.0-M3,camel-2.1.0,apache/camel,b877a280fd1eae2ddda5b485f1f519c75a691357,8
213,Apache,CAMEL,2060,camel-2.0-M3,camel-1.6.2,apache/camel,b877a280fd1eae2ddda5b485f1f519c75a691357,1
214,Apache,CAMEL,1930,camel-2.0-M3,camel-2.1.0,apache/camel,b877a280fd1eae2ddda5b485f1f519c75a691357,2
215,Apache,CAMEL,2092,camel-2.0-M1,camel-2.1.0,apache/camel,25936119f63409e167c1b76a341a7e9aeb946854,1
216,Apache,CAMEL,2133,camel-2.0-M1,camel-2.1.0,apache/camel,25936119f63409e167c1b76a341a7e9aeb946854,4
217,Apache,CAMEL,2251,camel-2.0-M2,camel-2.2.0,apache/camel,a57ab48a877981dd1039e79871a0a391b9e16238,1
218,Apache,CAMEL,2447,camel-2.0-M3,camel-2.2.0,apache/camel,b877a280fd1eae2ddda5b485f1f519c75a691357,2
219,Apache,CAMEL,1135,camel-2.0.0,camel-2.0-M1,apache/camel,6c88ad61b73dbfbc49c62624096ca0c250111430,2
220,Apache,CAMEL,1190,camel-2.0.0,camel-1.6.0,apache/camel,6c88ad61b73dbfbc49c62624096ca0c250111430,1
221,Apache,CAMEL,1414,camel-2.0.0,camel-2.0-M1,apache/camel,6c88ad61b73dbfbc49c62624096ca0c250111430,2
222,Apache,CAMEL,1416,camel-2.0.0,camel-2.0-M1,apache/camel,6c88ad61b73dbfbc49c62624096ca0c250111430,3
223,Apache,CAMEL,1421,camel-2.0.0,camel-2.0-M1,apache/camel,6c88ad61b73dbfbc49c62624096ca0c250111430,2
224,Apache,CAMEL,1506,camel-2.0.0,camel-2.0-M2,apache/camel,6c88ad61b73dbfbc49c62624096ca0c250111430,4
225,Apache,CAMEL,1716,camel-2.0.0,camel-2.0-M3,apache/camel,6c88ad61b73dbfbc49c62624096ca0c250111430,3
226,Apache,CAMEL,1924,camel-2.0.0,camel-2.1.0,apache/camel,6c88ad61b73dbfbc49c62624096ca0c250111430,4
227,Apache,CAMEL,1934,camel-2.0.0,camel-2.1.0,apache/camel,6c88ad61b73dbfbc49c62624096ca0c250111430,3
228,Apache,CAMEL,1948,camel-2.0.0,camel-2.1.0,apache/camel,6c88ad61b73dbfbc49c62624096ca0c250111430,1
229,Apache,CAMEL,1940,camel-2.0.0,camel-2.1.0,apache/camel,6c88ad61b73dbfbc49c62624096ca0c250111430,5
230,Apache,CAMEL,1982,camel-2.0.0,camel-2.1.0,apache/camel,6c88ad61b73dbfbc49c62624096ca0c250111430,1
231,Apache,CAMEL,1965,camel-2.0.0,camel-2.1.0,apache/camel,6c88ad61b73dbfbc49c62624096ca0c250111430,3
232,Apache,CAMEL,1997,camel-2.0.0,camel-2.1.0,apache/camel,6c88ad61b73dbfbc49c62624096ca0c250111430,1
233,Apache,CAMEL,1977,camel-2.0.0,camel-2.1.0,apache/camel,6c88ad61b73dbfbc49c62624096ca0c250111430,1
234,Apache,CAMEL,2018,camel-2.0.0,camel-2.1.0,apache/camel,6c88ad61b73dbfbc49c62624096ca0c250111430,1
235,Apache,CAMEL,2025,camel-2.0.0,camel-2.1.0,apache/camel,6c88ad61b73dbfbc49c62624096ca0c250111430,2
236,Apache,CAMEL,2027,camel-2.0.0,camel-2.1.0,apache/camel,6c88ad61b73dbfbc49c62624096ca0c250111430,6
237,Apache,CAMEL,1994,camel-2.0.0,camel-2.1.0,apache/camel,6c88ad61b73dbfbc49c62624096ca0c250111430,3
238,Apache,CAMEL,2076,camel-2.0.0,camel-2.1.0,apache/camel,6c88ad61b73dbfbc49c62624096ca0c250111430,1
239,Apache,CAMEL,2088,camel-2.0.0,camel-2.1.0,apache/camel,6c88ad61b73dbfbc49c62624096ca0c250111430,1
240,Apache,CAMEL,2089,camel-2.0.0,camel-2.1.0,apache/camel,6c88ad61b73dbfbc49c62624096ca0c250111430,5
241,Apache,CAMEL,2095,camel-2.0.0,camel-2.1.0,apache/camel,6c88ad61b73dbfbc49c62624096ca0c250111430,2
242,Apache,CAMEL,2058,camel-2.0.0,camel-2.1.0,apache/camel,6c88ad61b73dbfbc49c62624096ca0c250111430,12
243,Apache,CAMEL,2102,camel-2.0.0,camel-2.1.0,apache/camel,6c88ad61b73dbfbc49c62624096ca0c250111430,8
244,Apache,CAMEL,2128,camel-2.0.0,camel-1.6.2,apache/camel,6c88ad61b73dbfbc49c62624096ca0c250111430,1
245,Apache,CAMEL,2132,camel-2.0.0,camel-2.1.0,apache/camel,6c88ad61b73dbfbc49c62624096ca0c250111430,1
246,Apache,CAMEL,2139,camel-2.0.0,camel-2.1.0,apache/camel,6c88ad61b73dbfbc49c62624096ca0c250111430,2
247,Apache,CAMEL,2129,camel-2.0.0,camel-1.6.2,apache/camel,6c88ad61b73dbfbc49c62624096ca0c250111430,2
248,Apache,CAMEL,2144,camel-2.0.0,camel-2.1.0,apache/camel,6c88ad61b73dbfbc49c62624096ca0c250111430,1
249,Apache,CAMEL,2175,camel-2.0.0,camel-2.1.0,apache/camel,6c88ad61b73dbfbc49c62624096ca0c250111430,2
250,Apache,CAMEL,2150,camel-2.0.0,camel-2.1.0,apache/camel,6c88ad61b73dbfbc49c62624096ca0c250111430,5
251,Apache,CAMEL,2183,camel-2.0.0,camel-2.1.0,apache/camel,6c88ad61b73dbfbc49c62624096ca0c250111430,1
252,Apache,CAMEL,2165,camel-2.0.0,camel-2.1.0,apache/camel,6c88ad61b73dbfbc49c62624096ca0c250111430,5
253,Apache,CAMEL,2196,camel-2.0.0,camel-2.1.0,apache/camel,6c88ad61b73dbfbc49c62624096ca0c250111430,2
254,Apache,CAMEL,2201,camel-2.0.0,camel-2.1.0,apache/camel,6c88ad61b73dbfbc49c62624096ca0c250111430,1
255,Apache,CAMEL,2156,camel-2.0.0,camel-2.1.0,apache/camel,6c88ad61b73dbfbc49c62624096ca0c250111430,5
256,Apache,CAMEL,2215,camel-2.0.0,camel-2.1.0,apache/camel,6c88ad61b73dbfbc49c62624096ca0c250111430,2
257,Apache,CAMEL,2222,camel-2.0.0,camel-2.1.0,apache/camel,6c88ad61b73dbfbc49c62624096ca0c250111430,1
258,Apache,CAMEL,2221,camel-2.0.0,camel-1.6.3,apache/camel,6c88ad61b73dbfbc49c62624096ca0c250111430,1
259,Apache,CAMEL,2227,camel-2.0.0,camel-2.1.0,apache/camel,6c88ad61b73dbfbc49c62624096ca0c250111430,1
260,Apache,CAMEL,2232,camel-2.0.0,camel-1.6.3,apache/camel,6c88ad61b73dbfbc49c62624096ca0c250111430,2
261,Apache,CAMEL,2269,camel-2.0.0,camel-2.2.0,apache/camel,6c88ad61b73dbfbc49c62624096ca0c250111430,1
262,Apache,CAMEL,2303,camel-2.0.0,camel-2.2.0,apache/camel,6c88ad61b73dbfbc49c62624096ca0c250111430,3
263,Apache,CAMEL,2059,camel-2.0.0,camel-2.2.0,apache/camel,6c88ad61b73dbfbc49c62624096ca0c250111430,9
264,Apache,CAMEL,2336,camel-2.0.0,camel-2.2.0,apache/camel,6c88ad61b73dbfbc49c62624096ca0c250111430,10
265,Apache,CAMEL,2249,camel-2.0.0,camel-2.2.0,apache/camel,6c88ad61b73dbfbc49c62624096ca0c250111430,3
266,Apache,CAMEL,2387,camel-2.0.0,camel-2.2.0,apache/camel,6c88ad61b73dbfbc49c62624096ca0c250111430,1
267,Apache,CAMEL,2436,camel-2.0.0,camel-2.2.0,apache/camel,6c88ad61b73dbfbc49c62624096ca0c250111430,4
268,Apache,CAMEL,2214,camel-2.0.0,camel-2.3.0,apache/camel,6c88ad61b73dbfbc49c62624096ca0c250111430,1
269,Apache,CAMEL,2621,camel-2.0.0,camel-2.3.0,apache/camel,6c88ad61b73dbfbc49c62624096ca0c250111430,1
270,Apache,CAMEL,2662,camel-2.0.0,camel-2.3.0,apache/camel,6c88ad61b73dbfbc49c62624096ca0c250111430,1
271,Apache,CAMEL,2678,camel-2.0.0,camel-2.3.0,apache/camel,6c88ad61b73dbfbc49c62624096ca0c250111430,1
272,Apache,CAMEL,2745,camel-2.0.0,camel-2.3.0,apache/camel,6c88ad61b73dbfbc49c62624096ca0c250111430,1
273,Apache,CAMEL,3022,camel-2.0.0,camel-2.5.0,apache/camel,6c88ad61b73dbfbc49c62624096ca0c250111430,1
274,Apache,CAMEL,3319,camel-2.0.0,camel-2.6.0,apache/camel,6c88ad61b73dbfbc49c62624096ca0c250111430,10
275,Apache,CAMEL,7304,camel-2.10.4,camel-2.12.4,apache/camel,476d3f9948235efa806c02b70a99032b02fc0a97,1
276,Apache,CAMEL,7338,camel-2.10.4,camel-2.12.4,apache/camel,476d3f9948235efa806c02b70a99032b02fc0a97,3
277,Apache,CAMEL,7471,camel-2.10.4,camel-2.12.4,apache/camel,476d3f9948235efa806c02b70a99032b02fc0a97,1
278,Apache,CAMEL,6703,camel-2.10.6,camel-2.11.2,apache/camel,d6232e111cd3e414b8184723e9500e366fc6e4a3,1
279,Apache,CAMEL,7308,camel-2.10.7,camel-2.12.4,apache/camel,29a11b8547d03c1d3d1bab3a467477393a2ec07f,1
280,Apache,CAMEL,8035,camel-2.10.7,camel-2.13.4,apache/camel,29a11b8547d03c1d3d1bab3a467477393a2ec07f,1
281,Apache,CAMEL,8424,camel-2.10.7,camel-2.13.4,apache/camel,29a11b8547d03c1d3d1bab3a467477393a2ec07f,1
282,Apache,CAMEL,7459,camel-2.11.0,camel-2.12.4,apache/camel,99b5784e1fc5fd529c0178f9a8f60ac37fed5682,2
283,Apache,CAMEL,7055,camel-2.11.2,camel-2.12.3,apache/camel,5475e74a864ad650dc13174c4e9e3aeb2ee5585d,1
284,Apache,CAMEL,7143,camel-2.11.2,camel-2.11.4,apache/camel,5475e74a864ad650dc13174c4e9e3aeb2ee5585d,2
285,Apache,CAMEL,7239,camel-2.11.3,camel-2.12.4,apache/camel,c4376c9ed719cd5efa469bdee420fa7c7e536f34,2
286,Apache,CAMEL,7287,camel-2.11.3,camel-2.12.4,apache/camel,c4376c9ed719cd5efa469bdee420fa7c7e536f34,1
287,Apache,CAMEL,7271,camel-2.11.3,camel-2.12.4,apache/camel,c4376c9ed719cd5efa469bdee420fa7c7e536f34,1
288,Apache,CAMEL,7277,camel-2.11.4,camel-2.12.4,apache/camel,a150a28345af64ea5e55fc95f42917705f1b40ef,1
289,Apache,CAMEL,7286,camel-2.11.4,camel-2.12.4,apache/camel,a150a28345af64ea5e55fc95f42917705f1b40ef,9
290,Apache,CAMEL,7344,camel-2.11.4,camel-2.12.4,apache/camel,a150a28345af64ea5e55fc95f42917705f1b40ef,2
291,Apache,CAMEL,7426,camel-2.11.4,camel-2.12.4,apache/camel,a150a28345af64ea5e55fc95f42917705f1b40ef,9
292,Apache,CAMEL,6769,camel-2.12.0,camel-2.11.3,apache/camel,127b8654d5cf99bb8b3b579a23656b238658e366,2
293,Apache,CAMEL,7062,camel-2.12.0,camel-2.12.3,apache/camel,127b8654d5cf99bb8b3b579a23656b238658e366,2
294,Apache,CAMEL,7120,camel-2.12.0,camel-2.11.4,apache/camel,127b8654d5cf99bb8b3b579a23656b238658e366,1
295,Apache,CAMEL,7182,camel-2.12.0,camel-2.11.4,apache/camel,127b8654d5cf99bb8b3b579a23656b238658e366,1
296,Apache,CAMEL,7185,camel-2.12.0,camel-2.12.3,apache/camel,127b8654d5cf99bb8b3b579a23656b238658e366,2
297,Apache,CAMEL,7200,camel-2.12.0,camel-2.12.3,apache/camel,127b8654d5cf99bb8b3b579a23656b238658e366,1
298,Apache,CAMEL,7210,camel-2.12.0,camel-2.12.3,apache/camel,127b8654d5cf99bb8b3b579a23656b238658e366,12
299,Apache,CAMEL,7147,camel-2.12.0,camel-2.12.4,apache/camel,127b8654d5cf99bb8b3b579a23656b238658e366,1
300,Apache,CAMEL,7432,camel-2.12.0,camel-2.12.4,apache/camel,127b8654d5cf99bb8b3b579a23656b238658e366,1
301,Apache,CAMEL,7653,camel-2.12.0,camel-2.12.5,apache/camel,127b8654d5cf99bb8b3b579a23656b238658e366,1
302,Apache,CAMEL,7888,camel-2.12.0,camel-2.14.1,apache/camel,127b8654d5cf99bb8b3b579a23656b238658e366,8
303,Apache,CAMEL,7167,camel-2.12.1,camel-2.12.3,apache/camel,0121737351140384c528abe14e11ab6b94a871e9,1
304,Apache,CAMEL,7229,camel-2.12.1,camel-2.12.4,apache/camel,0121737351140384c528abe14e11ab6b94a871e9,4
305,Apache,CAMEL,7256,camel-2.12.1,camel-2.12.4,apache/camel,0121737351140384c528abe14e11ab6b94a871e9,2
306,Apache,CAMEL,7754,camel-2.12.1,camel-2.14.0,apache/camel,0121737351140384c528abe14e11ab6b94a871e9,2
307,Apache,CAMEL,7058,camel-2.12.2,camel-2.12.3,apache/camel,031f4067d00c6b07ea61fc7c1442b184d40a3a65,1
308,Apache,CAMEL,7061,camel-2.12.2,camel-2.11.3,apache/camel,031f4067d00c6b07ea61fc7c1442b184d40a3a65,1
309,Apache,CAMEL,7057,camel-2.12.2,camel-2.11.3,apache/camel,031f4067d00c6b07ea61fc7c1442b184d40a3a65,1
310,Apache,CAMEL,7073,camel-2.12.2,camel-2.12.3,apache/camel,031f4067d00c6b07ea61fc7c1442b184d40a3a65,1
311,Apache,CAMEL,7087,camel-2.12.2,camel-2.12.3,apache/camel,031f4067d00c6b07ea61fc7c1442b184d40a3a65,1
312,Apache,CAMEL,7096,camel-2.12.2,camel-2.11.3,apache/camel,031f4067d00c6b07ea61fc7c1442b184d40a3a65,2
313,Apache,CAMEL,7102,camel-2.12.2,camel-2.12.3,apache/camel,031f4067d00c6b07ea61fc7c1442b184d40a3a65,4
314,Apache,CAMEL,7052,camel-2.12.2,camel-2.12.3,apache/camel,031f4067d00c6b07ea61fc7c1442b184d40a3a65,1
315,Apache,CAMEL,7111,camel-2.12.2,camel-2.11.3,apache/camel,031f4067d00c6b07ea61fc7c1442b184d40a3a65,1
316,Apache,CAMEL,7116,camel-2.12.2,camel-2.12.3,apache/camel,031f4067d00c6b07ea61fc7c1442b184d40a3a65,1
317,Apache,CAMEL,7069,camel-2.12.2,camel-2.11.4,apache/camel,031f4067d00c6b07ea61fc7c1442b184d40a3a65,3
318,Apache,CAMEL,7161,camel-2.12.2,camel-2.12.3,apache/camel,031f4067d00c6b07ea61fc7c1442b184d40a3a65,1
319,Apache,CAMEL,7160,camel-2.12.2,camel-2.11.4,apache/camel,031f4067d00c6b07ea61fc7c1442b184d40a3a65,2
320,Apache,CAMEL,7159,camel-2.12.2,camel-2.11.4,apache/camel,031f4067d00c6b07ea61fc7c1442b184d40a3a65,1
321,Apache,CAMEL,7139,camel-2.12.2,camel-2.11.4,apache/camel,031f4067d00c6b07ea61fc7c1442b184d40a3a65,1
322,Apache,CAMEL,7163,camel-2.12.2,camel-2.12.3,apache/camel,031f4067d00c6b07ea61fc7c1442b184d40a3a65,4
323,Apache,CAMEL,7172,camel-2.12.2,camel-2.12.3,apache/camel,031f4067d00c6b07ea61fc7c1442b184d40a3a65,3
324,Apache,CAMEL,7173,camel-2.12.2,camel-2.13.0,apache/camel,031f4067d00c6b07ea61fc7c1442b184d40a3a65,1
325,Apache,CAMEL,7146,camel-2.12.2,camel-2.12.3,apache/camel,031f4067d00c6b07ea61fc7c1442b184d40a3a65,2
326,Apache,CAMEL,7112,camel-2.12.2,camel-2.11.4,apache/camel,031f4067d00c6b07ea61fc7c1442b184d40a3a65,1
327,Apache,CAMEL,7125,camel-2.12.2,camel-2.11.4,apache/camel,031f4067d00c6b07ea61fc7c1442b184d40a3a65,2
328,Apache,CAMEL,7192,camel-2.12.2,camel-2.12.3,apache/camel,031f4067d00c6b07ea61fc7c1442b184d40a3a65,3
329,Apache,CAMEL,7155,camel-2.12.2,camel-2.12.3,apache/camel,031f4067d00c6b07ea61fc7c1442b184d40a3a65,2
330,Apache,CAMEL,7219,camel-2.12.2,camel-2.12.3,apache/camel,031f4067d00c6b07ea61fc7c1442b184d40a3a65,1
331,Apache,CAMEL,7230,camel-2.12.2,camel-2.12.4,apache/camel,031f4067d00c6b07ea61fc7c1442b184d40a3a65,3
332,Apache,CAMEL,7254,camel-2.12.2,camel-2.12.4,apache/camel,031f4067d00c6b07ea61fc7c1442b184d40a3a65,1
333,Apache,CAMEL,7258,camel-2.12.2,camel-2.12.4,apache/camel,031f4067d00c6b07ea61fc7c1442b184d40a3a65,2
334,Apache,CAMEL,7262,camel-2.12.2,camel-2.12.4,apache/camel,031f4067d00c6b07ea61fc7c1442b184d40a3a65,3
335,Apache,CAMEL,7351,camel-2.12.2,camel-2.12.4,apache/camel,031f4067d00c6b07ea61fc7c1442b184d40a3a65,3
336,Apache,CAMEL,7141,camel-2.12.2,camel-2.12.4,apache/camel,031f4067d00c6b07ea61fc7c1442b184d40a3a65,3
337,Apache,CAMEL,7673,camel-2.12.2,camel-2.14.0,apache/camel,031f4067d00c6b07ea61fc7c1442b184d40a3a65,3
338,Apache,CAMEL,7224,camel-2.12.2,camel-2.13.4,apache/camel,031f4067d00c6b07ea61fc7c1442b184d40a3a65,1
339,Apache,CAMEL,7662,camel-2.12.2,camel-2.13.4,apache/camel,031f4067d00c6b07ea61fc7c1442b184d40a3a65,1
340,Apache,CAMEL,7785,camel-2.12.2,camel-2.13.4,apache/camel,031f4067d00c6b07ea61fc7c1442b184d40a3a65,1
341,Apache,CAMEL,8001,camel-2.12.2,camel-2.13.4,apache/camel,031f4067d00c6b07ea61fc7c1442b184d40a3a65,2
342,Apache,CAMEL,7144,camel-2.12.2,camel-2.15.0,apache/camel,031f4067d00c6b07ea61fc7c1442b184d40a3a65,1
343,Apache,CAMEL,7251,camel-2.12.3,camel-2.12.4,apache/camel,5e808bef8083be1b338472bfb49a8336d15e6225,1
344,Apache,CAMEL,7241,camel-2.12.3,camel-2.12.4,apache/camel,5e808bef8083be1b338472bfb49a8336d15e6225,2
345,Apache,CAMEL,7275,camel-2.12.3,camel-2.12.4,apache/camel,5e808bef8083be1b338472bfb49a8336d15e6225,3
346,Apache,CAMEL,7279,camel-2.12.3,camel-2.12.4,apache/camel,5e808bef8083be1b338472bfb49a8336d15e6225,1
347,Apache,CAMEL,7276,camel-2.12.3,camel-2.12.4,apache/camel,5e808bef8083be1b338472bfb49a8336d15e6225,4
348,Apache,CAMEL,7298,camel-2.12.3,camel-2.12.4,apache/camel,5e808bef8083be1b338472bfb49a8336d15e6225,4
349,Apache,CAMEL,7303,camel-2.12.3,camel-2.12.4,apache/camel,5e808bef8083be1b338472bfb49a8336d15e6225,2
350,Apache,CAMEL,7310,camel-2.12.3,camel-2.12.4,apache/camel,5e808bef8083be1b338472bfb49a8336d15e6225,2
351,Apache,CAMEL,7311,camel-2.12.3,camel-2.12.4,apache/camel,5e808bef8083be1b338472bfb49a8336d15e6225,2
352,Apache,CAMEL,7296,camel-2.12.3,camel-2.12.4,apache/camel,5e808bef8083be1b338472bfb49a8336d15e6225,1
353,Apache,CAMEL,7341,camel-2.12.3,camel-2.12.4,apache/camel,5e808bef8083be1b338472bfb49a8336d15e6225,2
354,Apache,CAMEL,7347,camel-2.12.3,camel-2.12.4,apache/camel,5e808bef8083be1b338472bfb49a8336d15e6225,3
355,Apache,CAMEL,7359,camel-2.12.3,camel-2.12.4,apache/camel,5e808bef8083be1b338472bfb49a8336d15e6225,2
356,Apache,CAMEL,7350,camel-2.12.3,camel-2.12.4,apache/camel,5e808bef8083be1b338472bfb49a8336d15e6225,1
357,Apache,CAMEL,7363,camel-2.12.3,camel-2.12.4,apache/camel,5e808bef8083be1b338472bfb49a8336d15e6225,2
358,Apache,CAMEL,7379,camel-2.12.3,camel-2.12.4,apache/camel,5e808bef8083be1b338472bfb49a8336d15e6225,1
359,Apache,CAMEL,7391,camel-2.12.3,camel-2.12.4,apache/camel,5e808bef8083be1b338472bfb49a8336d15e6225,2
360,Apache,CAMEL,7424,camel-2.12.3,camel-2.13.2,apache/camel,5e808bef8083be1b338472bfb49a8336d15e6225,1
361,Apache,CAMEL,7428,camel-2.12.3,camel-2.12.4,apache/camel,5e808bef8083be1b338472bfb49a8336d15e6225,4
362,Apache,CAMEL,7462,camel-2.12.3,camel-2.12.4,apache/camel,5e808bef8083be1b338472bfb49a8336d15e6225,2
363,Apache,CAMEL,7415,camel-2.12.3,camel-2.12.4,apache/camel,5e808bef8083be1b338472bfb49a8336d15e6225,2
364,Apache,CAMEL,7429,camel-2.12.3,camel-2.12.4,apache/camel,5e808bef8083be1b338472bfb49a8336d15e6225,1
365,Apache,CAMEL,7541,camel-2.12.3,camel-2.12.4,apache/camel,5e808bef8083be1b338472bfb49a8336d15e6225,2
366,Apache,CAMEL,7545,camel-2.12.3,camel-2.12.4,apache/camel,5e808bef8083be1b338472bfb49a8336d15e6225,1
367,Apache,CAMEL,7570,camel-2.12.3,camel-2.12.5,apache/camel,5e808bef8083be1b338472bfb49a8336d15e6225,1
368,Apache,CAMEL,7557,camel-2.12.3,camel-2.12.5,apache/camel,5e808bef8083be1b338472bfb49a8336d15e6225,2
369,Apache,CAMEL,7586,camel-2.12.3,camel-2.12.5,apache/camel,5e808bef8083be1b338472bfb49a8336d15e6225,2
370,Apache,CAMEL,7456,camel-2.12.3,camel-2.12.5,apache/camel,5e808bef8083be1b338472bfb49a8336d15e6225,2
371,Apache,CAMEL,7598,camel-2.12.3,camel-2.12.5,apache/camel,5e808bef8083be1b338472bfb49a8336d15e6225,1
372,Apache,CAMEL,7636,camel-2.12.3,camel-2.12.5,apache/camel,5e808bef8083be1b338472bfb49a8336d15e6225,1
373,Apache,CAMEL,8032,camel-2.12.3,camel-2.13.4,apache/camel,5e808bef8083be1b338472bfb49a8336d15e6225,1
374,Apache,CAMEL,9037,camel-2.12.3,camel-2.15.3,apache/camel,5e808bef8083be1b338472bfb49a8336d15e6225,3
375,Apache,CAMEL,7921,camel-2.12.3,camel-2.16.0,apache/camel,5e808bef8083be1b338472bfb49a8336d15e6225,1
376,Apache,CAMEL,7593,camel-2.12.4,camel-2.12.5,apache/camel,9229fe95c498a71f9d49bc4b44dcc72165fa6f17,2
377,Apache,CAMEL,7630,camel-2.12.4,camel-2.12.5,apache/camel,9229fe95c498a71f9d49bc4b44dcc72165fa6f17,1
378,Apache,CAMEL,7642,camel-2.12.4,camel-2.12.5,apache/camel,9229fe95c498a71f9d49bc4b44dcc72165fa6f17,3
379,Apache,CAMEL,7666,camel-2.12.4,camel-2.12.5,apache/camel,9229fe95c498a71f9d49bc4b44dcc72165fa6f17,1
380,Apache,CAMEL,7603,camel-2.12.4,camel-2.12.5,apache/camel,9229fe95c498a71f9d49bc4b44dcc72165fa6f17,1
381,Apache,CAMEL,7659,camel-2.12.4,camel-2.12.5,apache/camel,9229fe95c498a71f9d49bc4b44dcc72165fa6f17,1
382,Apache,CAMEL,7714,camel-2.12.4,camel-2.12.5,apache/camel,9229fe95c498a71f9d49bc4b44dcc72165fa6f17,6
383,Apache,CAMEL,7762,camel-2.12.4,camel-2.12.5,apache/camel,9229fe95c498a71f9d49bc4b44dcc72165fa6f17,3
384,Apache,CAMEL,7768,camel-2.12.4,camel-2.12.5,apache/camel,9229fe95c498a71f9d49bc4b44dcc72165fa6f17,1
385,Apache,CAMEL,7767,camel-2.12.4,camel-2.12.5,apache/camel,9229fe95c498a71f9d49bc4b44dcc72165fa6f17,5
386,Apache,CAMEL,7795,camel-2.12.4,camel-2.12.5,apache/camel,9229fe95c498a71f9d49bc4b44dcc72165fa6f17,1
387,Apache,CAMEL,7798,camel-2.12.4,camel-2.12.5,apache/camel,9229fe95c498a71f9d49bc4b44dcc72165fa6f17,1
388,Apache,CAMEL,7852,camel-2.12.4,camel-2.12.5,apache/camel,9229fe95c498a71f9d49bc4b44dcc72165fa6f17,1
389,Apache,CAMEL,7856,camel-2.12.4,camel-2.12.5,apache/camel,9229fe95c498a71f9d49bc4b44dcc72165fa6f17,2
390,Apache,CAMEL,7885,camel-2.12.4,camel-2.12.5,apache/camel,9229fe95c498a71f9d49bc4b44dcc72165fa6f17,3
391,Apache,CAMEL,7886,camel-2.12.4,camel-2.12.5,apache/camel,9229fe95c498a71f9d49bc4b44dcc72165fa6f17,1
392,Apache,CAMEL,7917,camel-2.12.4,camel-2.12.5,apache/camel,9229fe95c498a71f9d49bc4b44dcc72165fa6f17,1
393,Apache,CAMEL,7910,camel-2.12.4,camel-2.12.5,apache/camel,9229fe95c498a71f9d49bc4b44dcc72165fa6f17,2
394,Apache,CAMEL,7107,camel-2.13.0,camel-2.12.3,apache/camel,ec5e558a7073e72c62d7308486689593bbd6cf9f,1
395,Apache,CAMEL,7323,camel-2.13.0,camel-2.13.1,apache/camel,ec5e558a7073e72c62d7308486689593bbd6cf9f,2
396,Apache,CAMEL,7321,camel-2.13.0,camel-2.13.1,apache/camel,ec5e558a7073e72c62d7308486689593bbd6cf9f,1
397,Apache,CAMEL,7337,camel-2.13.0,camel-2.13.1,apache/camel,ec5e558a7073e72c62d7308486689593bbd6cf9f,1
398,Apache,CAMEL,7399,camel-2.13.0,camel-2.13.1,apache/camel,ec5e558a7073e72c62d7308486689593bbd6cf9f,1
399,Apache,CAMEL,7398,camel-2.13.0,camel-2.13.1,apache/camel,ec5e558a7073e72c62d7308486689593bbd6cf9f,1
400,Apache,CAMEL,7409,camel-2.13.0,camel-2.12.4,apache/camel,ec5e558a7073e72c62d7308486689593bbd6cf9f,2
401,Apache,CAMEL,7411,camel-2.13.0,camel-2.12.4,apache/camel,ec5e558a7073e72c62d7308486689593bbd6cf9f,2
402,Apache,CAMEL,7427,camel-2.13.0,camel-2.13.2,apache/camel,ec5e558a7073e72c62d7308486689593bbd6cf9f,4
403,Apache,CAMEL,7431,camel-2.13.0,camel-2.12.4,apache/camel,ec5e558a7073e72c62d7308486689593bbd6cf9f,1
404,Apache,CAMEL,7449,camel-2.13.0,camel-2.12.4,apache/camel,ec5e558a7073e72c62d7308486689593bbd6cf9f,2
405,Apache,CAMEL,7451,camel-2.13.0,camel-2.12.4,apache/camel,ec5e558a7073e72c62d7308486689593bbd6cf9f,1
406,Apache,CAMEL,7518,camel-2.13.0,camel-2.13.2,apache/camel,ec5e558a7073e72c62d7308486689593bbd6cf9f,1
407,Apache,CAMEL,7546,camel-2.13.0,camel-2.13.2,apache/camel,ec5e558a7073e72c62d7308486689593bbd6cf9f,3
408,Apache,CAMEL,7407,camel-2.13.0,camel-2.12.4,apache/camel,ec5e558a7073e72c62d7308486689593bbd6cf9f,1
409,Apache,CAMEL,7418,camel-2.13.0,camel-2.14.0,apache/camel,ec5e558a7073e72c62d7308486689593bbd6cf9f,1
410,Apache,CAMEL,7582,camel-2.13.0,camel-2.14.0,apache/camel,ec5e558a7073e72c62d7308486689593bbd6cf9f,1
411,Apache,CAMEL,8100,camel-2.13.0,camel-2.15.0,apache/camel,ec5e558a7073e72c62d7308486689593bbd6cf9f,4
412,Apache,CAMEL,7739,camel-2.13.0,camel-2.13.4,apache/camel,ec5e558a7073e72c62d7308486689593bbd6cf9f,1
413,Apache,CAMEL,7488,camel-2.13.0,camel-2.13.4,apache/camel,ec5e558a7073e72c62d7308486689593bbd6cf9f,2
414,Apache,CAMEL,8437,camel-2.13.0,camel-2.15.1,apache/camel,ec5e558a7073e72c62d7308486689593bbd6cf9f,3
415,Apache,CAMEL,7443,camel-2.13.0,camel-2.16.4,apache/camel,ec5e558a7073e72c62d7308486689593bbd6cf9f,1
416,Apache,CAMEL,7478,camel-2.13.1,camel-2.12.4,apache/camel,b64d1814ec901dcc612c65b76fad1b322f4759d2,3
417,Apache,CAMEL,7483,camel-2.13.1,camel-2.12.4,apache/camel,b64d1814ec901dcc612c65b76fad1b322f4759d2,1
418,Apache,CAMEL,7502,camel-2.13.1,camel-2.13.2,apache/camel,b64d1814ec901dcc612c65b76fad1b322f4759d2,2
419,Apache,CAMEL,7506,camel-2.13.1,camel-2.12.4,apache/camel,b64d1814ec901dcc612c65b76fad1b322f4759d2,1
420,Apache,CAMEL,7513,camel-2.13.1,camel-2.12.4,apache/camel,b64d1814ec901dcc612c65b76fad1b322f4759d2,2
421,Apache,CAMEL,7524,camel-2.13.1,camel-2.13.2,apache/camel,b64d1814ec901dcc612c65b76fad1b322f4759d2,2
422,Apache,CAMEL,7544,camel-2.13.1,camel-2.13.2,apache/camel,b64d1814ec901dcc612c65b76fad1b322f4759d2,1
423,Apache,CAMEL,7560,camel-2.13.1,camel-2.12.5,apache/camel,b64d1814ec901dcc612c65b76fad1b322f4759d2,2
424,Apache,CAMEL,7562,camel-2.13.1,camel-2.12.5,apache/camel,b64d1814ec901dcc612c65b76fad1b322f4759d2,1
425,Apache,CAMEL,7571,camel-2.13.1,camel-2.12.5,apache/camel,b64d1814ec901dcc612c65b76fad1b322f4759d2,1
426,Apache,CAMEL,7572,camel-2.13.1,camel-2.12.5,apache/camel,b64d1814ec901dcc612c65b76fad1b322f4759d2,1
427,Apache,CAMEL,7577,camel-2.13.1,camel-2.13.3,apache/camel,b64d1814ec901dcc612c65b76fad1b322f4759d2,1
428,Apache,CAMEL,7578,camel-2.13.1,camel-2.12.5,apache/camel,b64d1814ec901dcc612c65b76fad1b322f4759d2,1
429,Apache,CAMEL,7448,camel-2.13.1,camel-2.13.3,apache/camel,b64d1814ec901dcc612c65b76fad1b322f4759d2,2
430,Apache,CAMEL,7757,camel-2.13.1,camel-2.12.5,apache/camel,b64d1814ec901dcc612c65b76fad1b322f4759d2,1
431,Apache,CAMEL,7836,camel-2.13.1,camel-2.13.3,apache/camel,b64d1814ec901dcc612c65b76fad1b322f4759d2,1
432,Apache,CAMEL,8063,camel-2.13.1,camel-2.15.0,apache/camel,b64d1814ec901dcc612c65b76fad1b322f4759d2,1
433,Apache,CAMEL,7644,camel-2.13.1,camel-2.15.0,apache/camel,b64d1814ec901dcc612c65b76fad1b322f4759d2,3
434,Apache,CAMEL,7565,camel-2.13.1,camel-2.15.1,apache/camel,b64d1814ec901dcc612c65b76fad1b322f4759d2,1
435,Apache,CAMEL,7587,camel-2.13.2,camel-2.12.5,apache/camel,373a8110efc004122c122422c73160fcde12660a,1
436,Apache,CAMEL,7595,camel-2.13.2,camel-2.12.5,apache/camel,373a8110efc004122c122422c73160fcde12660a,1
437,Apache,CAMEL,7650,camel-2.13.2,camel-2.12.5,apache/camel,373a8110efc004122c122422c73160fcde12660a,3
439,Apache,CAMEL,7706,camel-2.13.2,camel-2.13.3,apache/camel,373a8110efc004122c122422c73160fcde12660a,3
440,Apache,CAMEL,7718,camel-2.13.2,camel-2.13.3,apache/camel,373a8110efc004122c122422c73160fcde12660a,1
441,Apache,CAMEL,7715,camel-2.13.2,camel-2.12.5,apache/camel,373a8110efc004122c122422c73160fcde12660a,2
442,Apache,CAMEL,7730,camel-2.13.2,camel-2.13.3,apache/camel,373a8110efc004122c122422c73160fcde12660a,3
443,Apache,CAMEL,7735,camel-2.13.2,camel-2.12.5,apache/camel,373a8110efc004122c122422c73160fcde12660a,1
444,Apache,CAMEL,7736,camel-2.13.2,camel-2.12.5,apache/camel,373a8110efc004122c122422c73160fcde12660a,1
445,Apache,CAMEL,7731,camel-2.13.2,camel-2.12.5,apache/camel,373a8110efc004122c122422c73160fcde12660a,1
446,Apache,CAMEL,7751,camel-2.13.2,camel-2.12.5,apache/camel,373a8110efc004122c122422c73160fcde12660a,1
447,Apache,CAMEL,7763,camel-2.13.2,camel-2.14.0,apache/camel,373a8110efc004122c122422c73160fcde12660a,1
448,Apache,CAMEL,7665,camel-2.13.2,camel-2.14.0,apache/camel,373a8110efc004122c122422c73160fcde12660a,3
449,Apache,CAMEL,7803,camel-2.13.2,camel-2.12.5,apache/camel,373a8110efc004122c122422c73160fcde12660a,1
450,Apache,CAMEL,7830,camel-2.13.2,camel-2.13.3,apache/camel,373a8110efc004122c122422c73160fcde12660a,2
451,Apache,CAMEL,7867,camel-2.13.2,camel-2.12.5,apache/camel,373a8110efc004122c122422c73160fcde12660a,1
452,Apache,CAMEL,7931,camel-2.13.2,camel-2.14.1,apache/camel,373a8110efc004122c122422c73160fcde12660a,3
453,Apache,CAMEL,7935,camel-2.13.2,camel-2.13.3,apache/camel,373a8110efc004122c122422c73160fcde12660a,1
454,Apache,CAMEL,7966,camel-2.13.2,camel-2.13.3,apache/camel,373a8110efc004122c122422c73160fcde12660a,1
455,Apache,CAMEL,7981,camel-2.13.2,camel-2.13.4,apache/camel,373a8110efc004122c122422c73160fcde12660a,2
456,Apache,CAMEL,7977,camel-2.13.2,camel-2.13.4,apache/camel,373a8110efc004122c122422c73160fcde12660a,1
457,Apache,CAMEL,7784,camel-2.13.2,camel-2.13.4,apache/camel,373a8110efc004122c122422c73160fcde12660a,1
458,Apache,CAMEL,8086,camel-2.13.2,camel-2.13.4,apache/camel,373a8110efc004122c122422c73160fcde12660a,5
459,Apache,CAMEL,7821,camel-2.13.2,camel-2.13.4,apache/camel,373a8110efc004122c122422c73160fcde12660a,1
460,Apache,CAMEL,7678,camel-2.13.2,camel-2.14.3,apache/camel,373a8110efc004122c122422c73160fcde12660a,3
461,Apache,CAMEL,7989,camel-2.13.3,camel-2.13.4,apache/camel,b1f8e1d3cd0d24cdf7e1296565eef946222eecf1,2
462,Apache,CAMEL,7988,camel-2.13.3,camel-2.13.4,apache/camel,b1f8e1d3cd0d24cdf7e1296565eef946222eecf1,2
463,Apache,CAMEL,8030,camel-2.13.3,camel-2.13.4,apache/camel,b1f8e1d3cd0d24cdf7e1296565eef946222eecf1,4
464,Apache,CAMEL,8033,camel-2.13.3,camel-2.13.4,apache/camel,b1f8e1d3cd0d24cdf7e1296565eef946222eecf1,1
465,Apache,CAMEL,8036,camel-2.13.3,camel-2.13.4,apache/camel,b1f8e1d3cd0d24cdf7e1296565eef946222eecf1,2
466,Apache,CAMEL,8073,camel-2.13.3,camel-2.13.4,apache/camel,b1f8e1d3cd0d24cdf7e1296565eef946222eecf1,1
467,Apache,CAMEL,8081,camel-2.13.3,camel-2.13.4,apache/camel,b1f8e1d3cd0d24cdf7e1296565eef946222eecf1,2
468,Apache,CAMEL,8082,camel-2.13.3,camel-2.13.4,apache/camel,b1f8e1d3cd0d24cdf7e1296565eef946222eecf1,1
469,Apache,CAMEL,8092,camel-2.13.3,camel-2.13.4,apache/camel,b1f8e1d3cd0d24cdf7e1296565eef946222eecf1,1
470,Apache,CAMEL,8121,camel-2.13.3,camel-2.13.4,apache/camel,b1f8e1d3cd0d24cdf7e1296565eef946222eecf1,1
471,Apache,CAMEL,8123,camel-2.13.3,camel-2.13.4,apache/camel,b1f8e1d3cd0d24cdf7e1296565eef946222eecf1,2
472,Apache,CAMEL,8134,camel-2.13.3,camel-2.13.4,apache/camel,b1f8e1d3cd0d24cdf7e1296565eef946222eecf1,2
473,Apache,CAMEL,8156,camel-2.13.3,camel-2.13.4,apache/camel,b1f8e1d3cd0d24cdf7e1296565eef946222eecf1,1
474,Apache,CAMEL,8168,camel-2.13.3,camel-2.13.4,apache/camel,b1f8e1d3cd0d24cdf7e1296565eef946222eecf1,3
475,Apache,CAMEL,8327,camel-2.13.3,camel-2.13.4,apache/camel,b1f8e1d3cd0d24cdf7e1296565eef946222eecf1,2
476,Apache,CAMEL,8088,camel-2.13.3,camel-2.13.4,apache/camel,b1f8e1d3cd0d24cdf7e1296565eef946222eecf1,1
477,Apache,CAMEL,8519,camel-2.13.4,camel-2.14.3,apache/camel,82c9157395811194d521d4a72d39815c9d798c3b,2
478,Apache,CAMEL,8500,camel-2.13.4,camel-2.14.3,apache/camel,82c9157395811194d521d4a72d39815c9d798c3b,1
479,Apache,CAMEL,7826,camel-2.14.0,camel-2.14.1,apache/camel,dd691214b68369d3db5a758ad5be2610d4e28fc8,2
480,Apache,CAMEL,7829,camel-2.14.0,camel-2.14.1,apache/camel,dd691214b68369d3db5a758ad5be2610d4e28fc8,1
481,Apache,CAMEL,7839,camel-2.14.0,camel-2.12.5,apache/camel,dd691214b68369d3db5a758ad5be2610d4e28fc8,2
482,Apache,CAMEL,7842,camel-2.14.0,camel-2.12.5,apache/camel,dd691214b68369d3db5a758ad5be2610d4e28fc8,1
483,Apache,CAMEL,7866,camel-2.14.0,camel-2.14.1,apache/camel,dd691214b68369d3db5a758ad5be2610d4e28fc8,2
484,Apache,CAMEL,7870,camel-2.14.0,camel-2.14.1,apache/camel,dd691214b68369d3db5a758ad5be2610d4e28fc8,2
485,Apache,CAMEL,7868,camel-2.14.0,camel-2.14.1,apache/camel,dd691214b68369d3db5a758ad5be2610d4e28fc8,1
486,Apache,CAMEL,7869,camel-2.14.0,camel-2.14.1,apache/camel,dd691214b68369d3db5a758ad5be2610d4e28fc8,1
487,Apache,CAMEL,7871,camel-2.14.0,camel-2.14.1,apache/camel,dd691214b68369d3db5a758ad5be2610d4e28fc8,3
488,Apache,CAMEL,7855,camel-2.14.0,camel-2.12.5,apache/camel,dd691214b68369d3db5a758ad5be2610d4e28fc8,1
489,Apache,CAMEL,7874,camel-2.14.0,camel-2.14.1,apache/camel,dd691214b68369d3db5a758ad5be2610d4e28fc8,4
490,Apache,CAMEL,7876,camel-2.14.0,camel-2.15.0,apache/camel,dd691214b68369d3db5a758ad5be2610d4e28fc8,3
491,Apache,CAMEL,7894,camel-2.14.0,camel-2.14.1,apache/camel,dd691214b68369d3db5a758ad5be2610d4e28fc8,5
492,Apache,CAMEL,7899,camel-2.14.0,camel-2.14.1,apache/camel,dd691214b68369d3db5a758ad5be2610d4e28fc8,15
493,Apache,CAMEL,7890,camel-2.14.0,camel-2.13.3,apache/camel,dd691214b68369d3db5a758ad5be2610d4e28fc8,1
494,Apache,CAMEL,7900,camel-2.14.0,camel-2.13.3,apache/camel,dd691214b68369d3db5a758ad5be2610d4e28fc8,2
495,Apache,CAMEL,7916,camel-2.14.0,camel-2.13.3,apache/camel,dd691214b68369d3db5a758ad5be2610d4e28fc8,1
496,Apache,CAMEL,7971,camel-2.14.0,camel-2.14.1,apache/camel,dd691214b68369d3db5a758ad5be2610d4e28fc8,10
497,Apache,CAMEL,7973,camel-2.14.0,camel-2.14.1,apache/camel,dd691214b68369d3db5a758ad5be2610d4e28fc8,2
498,Apache,CAMEL,7990,camel-2.14.0,camel-2.13.4,apache/camel,dd691214b68369d3db5a758ad5be2610d4e28fc8,2
499,Apache,CAMEL,7986,camel-2.14.0,camel-2.13.4,apache/camel,dd691214b68369d3db5a758ad5be2610d4e28fc8,2
500,Apache,CAMEL,7968,camel-2.14.0,camel-2.15.0,apache/camel,dd691214b68369d3db5a758ad5be2610d4e28fc8,1
501,Apache,CAMEL,7994,camel-2.14.0,camel-2.15.0,apache/camel,dd691214b68369d3db5a758ad5be2610d4e28fc8,3
502,Apache,CAMEL,7992,camel-2.14.0,camel-2.13.4,apache/camel,dd691214b68369d3db5a758ad5be2610d4e28fc8,2
503,Apache,CAMEL,8062,camel-2.14.0,camel-2.14.1,apache/camel,dd691214b68369d3db5a758ad5be2610d4e28fc8,2
504,Apache,CAMEL,8049,camel-2.14.0,camel-2.13.4,apache/camel,dd691214b68369d3db5a758ad5be2610d4e28fc8,1
505,Apache,CAMEL,7922,camel-2.14.0,camel-2.13.4,apache/camel,dd691214b68369d3db5a758ad5be2610d4e28fc8,3
506,Apache,CAMEL,8053,camel-2.14.0,camel-2.13.4,apache/camel,dd691214b68369d3db5a758ad5be2610d4e28fc8,4
507,Apache,CAMEL,8087,camel-2.14.0,camel-2.14.1,apache/camel,dd691214b68369d3db5a758ad5be2610d4e28fc8,1
508,Apache,CAMEL,8094,camel-2.14.0,camel-2.13.4,apache/camel,dd691214b68369d3db5a758ad5be2610d4e28fc8,4
509,Apache,CAMEL,7953,camel-2.14.0,camel-2.15.0,apache/camel,dd691214b68369d3db5a758ad5be2610d4e28fc8,3
510,Apache,CAMEL,7882,camel-2.14.0,camel-2.14.1,apache/camel,dd691214b68369d3db5a758ad5be2610d4e28fc8,1
511,Apache,CAMEL,8077,camel-2.14.0,camel-2.14.1,apache/camel,dd691214b68369d3db5a758ad5be2610d4e28fc8,1
512,Apache,CAMEL,8106,camel-2.14.0,camel-2.14.1,apache/camel,dd691214b68369d3db5a758ad5be2610d4e28fc8,1
513,Apache,CAMEL,8008,camel-2.14.0,camel-2.14.1,apache/camel,dd691214b68369d3db5a758ad5be2610d4e28fc8,2
514,Apache,CAMEL,8118,camel-2.14.0,camel-2.14.1,apache/camel,dd691214b68369d3db5a758ad5be2610d4e28fc8,1
515,Apache,CAMEL,7880,camel-2.14.0,camel-2.14.1,apache/camel,dd691214b68369d3db5a758ad5be2610d4e28fc8,3
516,Apache,CAMEL,8125,camel-2.14.0,camel-2.14.1,apache/camel,dd691214b68369d3db5a758ad5be2610d4e28fc8,4
517,Apache,CAMEL,8137,camel-2.14.0,camel-2.15.0,apache/camel,dd691214b68369d3db5a758ad5be2610d4e28fc8,2
518,Apache,CAMEL,8148,camel-2.14.0,camel-2.14.2,apache/camel,dd691214b68369d3db5a758ad5be2610d4e28fc8,2
519,Apache,CAMEL,8153,camel-2.14.0,camel-2.14.2,apache/camel,dd691214b68369d3db5a758ad5be2610d4e28fc8,2
520,Apache,CAMEL,8146,camel-2.14.0,camel-2.14.2,apache/camel,dd691214b68369d3db5a758ad5be2610d4e28fc8,2
521,Apache,CAMEL,8160,camel-2.14.0,camel-2.14.2,apache/camel,dd691214b68369d3db5a758ad5be2610d4e28fc8,1
522,Apache,CAMEL,8200,camel-2.14.0,camel-2.13.4,apache/camel,dd691214b68369d3db5a758ad5be2610d4e28fc8,1
523,Apache,CAMEL,8268,camel-2.14.0,camel-2.14.2,apache/camel,dd691214b68369d3db5a758ad5be2610d4e28fc8,7
524,Apache,CAMEL,7914,camel-2.14.0,camel-2.13.4,apache/camel,dd691214b68369d3db5a758ad5be2610d4e28fc8,2
525,Apache,CAMEL,8505,camel-2.14.0,camel-2.14.3,apache/camel,dd691214b68369d3db5a758ad5be2610d4e28fc8,2
526,Apache,CAMEL,9035,camel-2.14.0,camel-2.15.3,apache/camel,dd691214b68369d3db5a758ad5be2610d4e28fc8,1
527,Apache,CAMEL,8431,camel-2.14.0,camel-2.15.4,apache/camel,dd691214b68369d3db5a758ad5be2610d4e28fc8,1
528,Apache,CAMEL,8163,camel-2.14.0,camel-2.15.6,apache/camel,dd691214b68369d3db5a758ad5be2610d4e28fc8,2
529,Apache,CAMEL,8194,camel-2.14.1,camel-2.13.4,apache/camel,42de535ac375cda42e0522f081158534af6d27a8,1
530,Apache,CAMEL,8218,camel-2.14.1,camel-2.14.2,apache/camel,42de535ac375cda42e0522f081158534af6d27a8,1
531,Apache,CAMEL,8217,camel-2.14.1,camel-2.13.4,apache/camel,42de535ac375cda42e0522f081158534af6d27a8,3
532,Apache,CAMEL,8213,camel-2.14.1,camel-2.13.4,apache/camel,42de535ac375cda42e0522f081158534af6d27a8,1
533,Apache,CAMEL,8222,camel-2.14.1,camel-2.13.4,apache/camel,42de535ac375cda42e0522f081158534af6d27a8,1
534,Apache,CAMEL,8233,camel-2.14.1,camel-2.14.2,apache/camel,42de535ac375cda42e0522f081158534af6d27a8,1
535,Apache,CAMEL,8236,camel-2.14.1,camel-2.13.4,apache/camel,42de535ac375cda42e0522f081158534af6d27a8,1
536,Apache,CAMEL,8193,camel-2.14.1,camel-2.14.2,apache/camel,42de535ac375cda42e0522f081158534af6d27a8,2
537,Apache,CAMEL,8253,camel-2.14.1,camel-2.13.4,apache/camel,42de535ac375cda42e0522f081158534af6d27a8,2
538,Apache,CAMEL,8272,camel-2.14.1,camel-2.15.0,apache/camel,42de535ac375cda42e0522f081158534af6d27a8,2
539,Apache,CAMEL,8190,camel-2.14.1,camel-2.14.2,apache/camel,42de535ac375cda42e0522f081158534af6d27a8,2
540,Apache,CAMEL,8226,camel-2.14.1,camel-2.13.4,apache/camel,42de535ac375cda42e0522f081158534af6d27a8,2
541,Apache,CAMEL,8329,camel-2.14.1,camel-2.13.4,apache/camel,42de535ac375cda42e0522f081158534af6d27a8,2
542,Apache,CAMEL,8338,camel-2.14.1,camel-2.14.2,apache/camel,42de535ac375cda42e0522f081158534af6d27a8,1
543,Apache,CAMEL,8339,camel-2.14.1,camel-2.14.2,apache/camel,42de535ac375cda42e0522f081158534af6d27a8,3
544,Apache,CAMEL,8341,camel-2.14.1,camel-2.14.2,apache/camel,42de535ac375cda42e0522f081158534af6d27a8,2
545,Apache,CAMEL,8355,camel-2.14.1,camel-2.14.2,apache/camel,42de535ac375cda42e0522f081158534af6d27a8,1
546,Apache,CAMEL,8353,camel-2.14.1,camel-2.14.2,apache/camel,42de535ac375cda42e0522f081158534af6d27a8,3
547,Apache,CAMEL,8231,camel-2.14.1,camel-2.13.4,apache/camel,42de535ac375cda42e0522f081158534af6d27a8,2
548,Apache,CAMEL,8359,camel-2.14.1,camel-2.14.2,apache/camel,42de535ac375cda42e0522f081158534af6d27a8,3
549,Apache,CAMEL,8358,camel-2.14.1,camel-2.14.2,apache/camel,42de535ac375cda42e0522f081158534af6d27a8,5
550,Apache,CAMEL,8352,camel-2.14.1,camel-2.14.2,apache/camel,42de535ac375cda42e0522f081158534af6d27a8,3
551,Apache,CAMEL,8369,camel-2.14.1,camel-2.14.2,apache/camel,42de535ac375cda42e0522f081158534af6d27a8,4
552,Apache,CAMEL,8382,camel-2.14.1,camel-2.14.2,apache/camel,42de535ac375cda42e0522f081158534af6d27a8,5
553,Apache,CAMEL,8395,camel-2.14.1,camel-2.14.2,apache/camel,42de535ac375cda42e0522f081158534af6d27a8,1
554,Apache,CAMEL,8411,camel-2.14.1,camel-2.14.2,apache/camel,42de535ac375cda42e0522f081158534af6d27a8,2
555,Apache,CAMEL,8417,camel-2.14.1,camel-2.13.4,apache/camel,42de535ac375cda42e0522f081158534af6d27a8,2
556,Apache,CAMEL,8425,camel-2.14.1,camel-2.14.2,apache/camel,42de535ac375cda42e0522f081158534af6d27a8,2
557,Apache,CAMEL,8426,camel-2.14.1,camel-2.14.2,apache/camel,42de535ac375cda42e0522f081158534af6d27a8,1
558,Apache,CAMEL,8432,camel-2.14.1,camel-2.14.3,apache/camel,42de535ac375cda42e0522f081158534af6d27a8,3
559,Apache,CAMEL,8453,camel-2.14.1,camel-2.14.3,apache/camel,42de535ac375cda42e0522f081158534af6d27a8,3
560,Apache,CAMEL,8455,camel-2.14.1,camel-2.14.3,apache/camel,42de535ac375cda42e0522f081158534af6d27a8,1
561,Apache,CAMEL,8456,camel-2.14.1,camel-2.14.3,apache/camel,42de535ac375cda42e0522f081158534af6d27a8,1
562,Apache,CAMEL,8457,camel-2.14.1,camel-2.14.3,apache/camel,42de535ac375cda42e0522f081158534af6d27a8,2
563,Apache,CAMEL,8464,camel-2.14.1,camel-2.14.3,apache/camel,42de535ac375cda42e0522f081158534af6d27a8,1
564,Apache,CAMEL,8546,camel-2.14.1,camel-2.14.3,apache/camel,42de535ac375cda42e0522f081158534af6d27a8,1
565,Apache,CAMEL,8673,camel-2.14.1,camel-2.14.3,apache/camel,42de535ac375cda42e0522f081158534af6d27a8,1
566,Apache,CAMEL,8270,camel-2.14.1,camel-2.14.3,apache/camel,42de535ac375cda42e0522f081158534af6d27a8,3
567,Apache,CAMEL,8393,camel-2.14.1,camel-2.16.0,apache/camel,42de535ac375cda42e0522f081158534af6d27a8,1
568,Apache,CAMEL,8302,camel-2.14.1,camel-2.16.1,apache/camel,42de535ac375cda42e0522f081158534af6d27a8,2
569,Apache,CAMEL,8434,camel-2.14.2,camel-2.14.3,apache/camel,c0edeeb38adc343f854d179e402ac95da597ee59,8
570,Apache,CAMEL,8461,camel-2.14.2,camel-2.14.3,apache/camel,c0edeeb38adc343f854d179e402ac95da597ee59,6
571,Apache,CAMEL,8462,camel-2.14.2,camel-2.14.3,apache/camel,c0edeeb38adc343f854d179e402ac95da597ee59,2
572,Apache,CAMEL,8484,camel-2.14.2,camel-2.14.3,apache/camel,c0edeeb38adc343f854d179e402ac95da597ee59,4
573,Apache,CAMEL,8510,camel-2.14.2,camel-2.14.3,apache/camel,c0edeeb38adc343f854d179e402ac95da597ee59,1
574,Apache,CAMEL,8515,camel-2.14.2,camel-2.14.3,apache/camel,c0edeeb38adc343f854d179e402ac95da597ee59,2
575,Apache,CAMEL,8575,camel-2.14.2,camel-2.14.3,apache/camel,c0edeeb38adc343f854d179e402ac95da597ee59,2
576,Apache,CAMEL,8609,camel-2.14.2,camel-2.14.3,apache/camel,c0edeeb38adc343f854d179e402ac95da597ee59,2
577,Apache,CAMEL,8665,camel-2.14.2,camel-2.14.3,apache/camel,c0edeeb38adc343f854d179e402ac95da597ee59,2
578,Apache,CAMEL,8649,camel-2.14.2,camel-2.14.3,apache/camel,c0edeeb38adc343f854d179e402ac95da597ee59,3
579,Apache,CAMEL,8687,camel-2.14.2,camel-2.14.3,apache/camel,c0edeeb38adc343f854d179e402ac95da597ee59,2
580,Apache,CAMEL,8758,camel-2.14.2,camel-2.14.3,apache/camel,c0edeeb38adc343f854d179e402ac95da597ee59,1
581,Apache,CAMEL,8786,camel-2.14.2,camel-2.14.3,apache/camel,c0edeeb38adc343f854d179e402ac95da597ee59,1
582,Apache,CAMEL,8780,camel-2.14.2,camel-2.14.3,apache/camel,c0edeeb38adc343f854d179e402ac95da597ee59,4
583,Apache,CAMEL,8798,camel-2.14.2,camel-2.15.3,apache/camel,c0edeeb38adc343f854d179e402ac95da597ee59,1
584,Apache,CAMEL,8810,camel-2.14.2,camel-2.15.3,apache/camel,c0edeeb38adc343f854d179e402ac95da597ee59,1
585,Apache,CAMEL,8901,camel-2.14.2,camel-2.15.3,apache/camel,c0edeeb38adc343f854d179e402ac95da597ee59,1
586,Apache,CAMEL,9670,camel-2.14.2,camel-2.15.6,apache/camel,c0edeeb38adc343f854d179e402ac95da597ee59,1
587,Apache,CAMEL,8900,camel-2.14.3,camel-2.15.3,apache/camel,f46778d88f6df0822f9d89323b558ac8da5f223b,2
588,Apache,CAMEL,8902,camel-2.14.3,camel-2.15.3,apache/camel,f46778d88f6df0822f9d89323b558ac8da5f223b,1
589,Apache,CAMEL,8954,camel-2.14.3,camel-2.15.3,apache/camel,f46778d88f6df0822f9d89323b558ac8da5f223b,3
590,Apache,CAMEL,8978,camel-2.14.3,camel-2.16.0,apache/camel,f46778d88f6df0822f9d89323b558ac8da5f223b,2
591,Apache,CAMEL,9112,camel-2.14.3,camel-2.16.0,apache/camel,f46778d88f6df0822f9d89323b558ac8da5f223b,4
592,Apache,CAMEL,9255,camel-2.14.3,camel-2.16.1,apache/camel,f46778d88f6df0822f9d89323b558ac8da5f223b,1
593,Apache,CAMEL,8065,camel-2.15.0,camel-2.14.1,apache/camel,52ef69cb6cbfc85776b73430e96241f7dbcdadec,2
594,Apache,CAMEL,8430,camel-2.15.0,camel-2.14.3,apache/camel,52ef69cb6cbfc85776b73430e96241f7dbcdadec,4
595,Apache,CAMEL,8479,camel-2.15.0,camel-2.15.1,apache/camel,52ef69cb6cbfc85776b73430e96241f7dbcdadec,3
596,Apache,CAMEL,8476,camel-2.15.0,camel-2.15.1,apache/camel,52ef69cb6cbfc85776b73430e96241f7dbcdadec,16
597,Apache,CAMEL,8498,camel-2.15.0,camel-2.15.1,apache/camel,52ef69cb6cbfc85776b73430e96241f7dbcdadec,2
598,Apache,CAMEL,8492,camel-2.15.0,camel-2.15.1,apache/camel,52ef69cb6cbfc85776b73430e96241f7dbcdadec,1
599,Apache,CAMEL,8520,camel-2.15.0,camel-2.15.1,apache/camel,52ef69cb6cbfc85776b73430e96241f7dbcdadec,3
600,Apache,CAMEL,8521,camel-2.15.0,camel-2.15.1,apache/camel,52ef69cb6cbfc85776b73430e96241f7dbcdadec,1
601,Apache,CAMEL,8547,camel-2.15.0,camel-2.14.3,apache/camel,52ef69cb6cbfc85776b73430e96241f7dbcdadec,4
602,Apache,CAMEL,8556,camel-2.15.0,camel-2.15.1,apache/camel,52ef69cb6cbfc85776b73430e96241f7dbcdadec,4
603,Apache,CAMEL,8540,camel-2.15.0,camel-2.15.2,apache/camel,52ef69cb6cbfc85776b73430e96241f7dbcdadec,1
604,Apache,CAMEL,8584,camel-2.15.0,camel-2.15.2,apache/camel,52ef69cb6cbfc85776b73430e96241f7dbcdadec,2
605,Apache,CAMEL,8585,camel-2.15.0,camel-2.15.2,apache/camel,52ef69cb6cbfc85776b73430e96241f7dbcdadec,3
606,Apache,CAMEL,8636,camel-2.15.0,camel-2.15.2,apache/camel,52ef69cb6cbfc85776b73430e96241f7dbcdadec,1
607,Apache,CAMEL,8702,camel-2.15.0,camel-2.15.2,apache/camel,52ef69cb6cbfc85776b73430e96241f7dbcdadec,2
608,Apache,CAMEL,8933,camel-2.15.0,camel-2.15.3,apache/camel,52ef69cb6cbfc85776b73430e96241f7dbcdadec,1
609,Apache,CAMEL,8643,camel-2.15.0,camel-2.15.3,apache/camel,52ef69cb6cbfc85776b73430e96241f7dbcdadec,6
610,Apache,CAMEL,9013,camel-2.15.0,camel-2.15.3,apache/camel,52ef69cb6cbfc85776b73430e96241f7dbcdadec,2
611,Apache,CAMEL,8592,camel-2.15.1,camel-2.14.3,apache/camel,e18459e53cf77514bb0fdfeceb423c456bbc4d9d,1
612,Apache,CAMEL,8597,camel-2.15.1,camel-2.15.2,apache/camel,e18459e53cf77514bb0fdfeceb423c456bbc4d9d,1
613,Apache,CAMEL,8628,camel-2.15.1,camel-2.15.2,apache/camel,e18459e53cf77514bb0fdfeceb423c456bbc4d9d,3
614,Apache,CAMEL,8660,camel-2.15.1,camel-2.15.2,apache/camel,e18459e53cf77514bb0fdfeceb423c456bbc4d9d,3
615,Apache,CAMEL,8626,camel-2.15.1,camel-2.15.2,apache/camel,e18459e53cf77514bb0fdfeceb423c456bbc4d9d,2
616,Apache,CAMEL,8672,camel-2.15.1,camel-2.15.2,apache/camel,e18459e53cf77514bb0fdfeceb423c456bbc4d9d,1
617,Apache,CAMEL,8682,camel-2.15.1,camel-2.14.3,apache/camel,e18459e53cf77514bb0fdfeceb423c456bbc4d9d,1
618,Apache,CAMEL,8674,camel-2.15.1,camel-2.14.3,apache/camel,e18459e53cf77514bb0fdfeceb423c456bbc4d9d,2
619,Apache,CAMEL,8607,camel-2.15.1,camel-2.14.3,apache/camel,e18459e53cf77514bb0fdfeceb423c456bbc4d9d,2
620,Apache,CAMEL,8683,camel-2.15.1,camel-2.15.2,apache/camel,e18459e53cf77514bb0fdfeceb423c456bbc4d9d,4
621,Apache,CAMEL,8694,camel-2.15.1,camel-2.14.3,apache/camel,e18459e53cf77514bb0fdfeceb423c456bbc4d9d,1
622,Apache,CAMEL,8707,camel-2.15.1,camel-2.14.3,apache/camel,e18459e53cf77514bb0fdfeceb423c456bbc4d9d,1
623,Apache,CAMEL,8713,camel-2.15.1,camel-2.15.2,apache/camel,e18459e53cf77514bb0fdfeceb423c456bbc4d9d,1
624,Apache,CAMEL,8715,camel-2.15.1,camel-2.14.3,apache/camel,e18459e53cf77514bb0fdfeceb423c456bbc4d9d,3
625,Apache,CAMEL,8745,camel-2.15.1,camel-2.15.3,apache/camel,e18459e53cf77514bb0fdfeceb423c456bbc4d9d,1
626,Apache,CAMEL,8841,camel-2.15.1,camel-2.15.3,apache/camel,e18459e53cf77514bb0fdfeceb423c456bbc4d9d,1
627,Apache,CAMEL,8923,camel-2.15.1,camel-2.16.0,apache/camel,e18459e53cf77514bb0fdfeceb423c456bbc4d9d,4
628,Apache,CAMEL,8587,camel-2.15.1,camel-2.16.0,apache/camel,e18459e53cf77514bb0fdfeceb423c456bbc4d9d,2
629,Apache,CAMEL,9311,camel-2.15.1,camel-2.16.1,apache/camel,e18459e53cf77514bb0fdfeceb423c456bbc4d9d,2
630,Apache,CAMEL,9246,camel-2.15.1,camel-2.15.5,apache/camel,e18459e53cf77514bb0fdfeceb423c456bbc4d9d,2
631,Apache,CAMEL,8708,camel-2.15.1,camel-2.16.2,apache/camel,e18459e53cf77514bb0fdfeceb423c456bbc4d9d,2
632,Apache,CAMEL,9713,camel-2.15.1,camel-2.17.0,apache/camel,e18459e53cf77514bb0fdfeceb423c456bbc4d9d,2
633,Apache,CAMEL,8747,camel-2.15.2,camel-2.15.3,apache/camel,f27cda0a7a8132259e8caad043f0d63809bd901d,3
634,Apache,CAMEL,8746,camel-2.15.2,camel-2.15.3,apache/camel,f27cda0a7a8132259e8caad043f0d63809bd901d,2
635,Apache,CAMEL,8765,camel-2.15.2,camel-2.14.3,apache/camel,f27cda0a7a8132259e8caad043f0d63809bd901d,1
636,Apache,CAMEL,8782,camel-2.15.2,camel-2.14.3,apache/camel,f27cda0a7a8132259e8caad043f0d63809bd901d,1
637,Apache,CAMEL,8774,camel-2.15.2,camel-2.14.3,apache/camel,f27cda0a7a8132259e8caad043f0d63809bd901d,7
638,Apache,CAMEL,8812,camel-2.15.2,camel-2.15.3,apache/camel,f27cda0a7a8132259e8caad043f0d63809bd901d,2
639,Apache,CAMEL,8829,camel-2.15.2,camel-2.16.0,apache/camel,f27cda0a7a8132259e8caad043f0d63809bd901d,5
640,Apache,CAMEL,8871,camel-2.15.2,camel-2.15.3,apache/camel,f27cda0a7a8132259e8caad043f0d63809bd901d,5
641,Apache,CAMEL,8864,camel-2.15.2,camel-2.16.0,apache/camel,f27cda0a7a8132259e8caad043f0d63809bd901d,6
642,Apache,CAMEL,8909,camel-2.15.2,camel-2.16.0,apache/camel,f27cda0a7a8132259e8caad043f0d63809bd901d,1
643,Apache,CAMEL,8916,camel-2.15.2,camel-2.16.0,apache/camel,f27cda0a7a8132259e8caad043f0d63809bd901d,3
644,Apache,CAMEL,8914,camel-2.15.2,camel-2.15.3,apache/camel,f27cda0a7a8132259e8caad043f0d63809bd901d,1
645,Apache,CAMEL,8927,camel-2.15.2,camel-2.15.3,apache/camel,f27cda0a7a8132259e8caad043f0d63809bd901d,2
646,Apache,CAMEL,8885,camel-2.15.2,camel-2.15.3,apache/camel,f27cda0a7a8132259e8caad043f0d63809bd901d,1
647,Apache,CAMEL,8768,camel-2.15.2,camel-2.15.3,apache/camel,f27cda0a7a8132259e8caad043f0d63809bd901d,2
648,Apache,CAMEL,8945,camel-2.15.2,camel-2.15.3,apache/camel,f27cda0a7a8132259e8caad043f0d63809bd901d,1
649,Apache,CAMEL,8949,camel-2.15.2,camel-2.15.3,apache/camel,f27cda0a7a8132259e8caad043f0d63809bd901d,1
650,Apache,CAMEL,8950,camel-2.15.2,camel-2.15.3,apache/camel,f27cda0a7a8132259e8caad043f0d63809bd901d,1
651,Apache,CAMEL,8951,camel-2.15.2,camel-2.15.3,apache/camel,f27cda0a7a8132259e8caad043f0d63809bd901d,1
652,Apache,CAMEL,8963,camel-2.15.2,camel-2.15.3,apache/camel,f27cda0a7a8132259e8caad043f0d63809bd901d,5
653,Apache,CAMEL,8964,camel-2.15.2,camel-2.15.3,apache/camel,f27cda0a7a8132259e8caad043f0d63809bd901d,3
654,Apache,CAMEL,8905,camel-2.15.2,camel-2.16.0,apache/camel,f27cda0a7a8132259e8caad043f0d63809bd901d,1
655,Apache,CAMEL,8984,camel-2.15.2,camel-2.16.0,apache/camel,f27cda0a7a8132259e8caad043f0d63809bd901d,1
656,Apache,CAMEL,9012,camel-2.15.2,camel-2.15.3,apache/camel,f27cda0a7a8132259e8caad043f0d63809bd901d,1
657,Apache,CAMEL,9019,camel-2.15.2,camel-2.15.3,apache/camel,f27cda0a7a8132259e8caad043f0d63809bd901d,1
658,Apache,CAMEL,9029,camel-2.15.2,camel-2.15.3,apache/camel,f27cda0a7a8132259e8caad043f0d63809bd901d,1
659,Apache,CAMEL,9032,camel-2.15.2,camel-2.15.3,apache/camel,f27cda0a7a8132259e8caad043f0d63809bd901d,1
661,Apache,CAMEL,9048,camel-2.15.2,camel-2.15.3,apache/camel,f27cda0a7a8132259e8caad043f0d63809bd901d,1
662,Apache,CAMEL,9059,camel-2.15.2,camel-2.16.0,apache/camel,f27cda0a7a8132259e8caad043f0d63809bd901d,1
663,Apache,CAMEL,8756,camel-2.15.2,camel-2.15.3,apache/camel,f27cda0a7a8132259e8caad043f0d63809bd901d,2
664,Apache,CAMEL,9049,camel-2.15.2,camel-2.15.3,apache/camel,f27cda0a7a8132259e8caad043f0d63809bd901d,2
665,Apache,CAMEL,9087,camel-2.15.2,camel-2.16.0,apache/camel,f27cda0a7a8132259e8caad043f0d63809bd901d,3
666,Apache,CAMEL,9092,camel-2.15.2,camel-2.16.0,apache/camel,f27cda0a7a8132259e8caad043f0d63809bd901d,1
667,Apache,CAMEL,8783,camel-2.15.2,camel-2.16.0,apache/camel,f27cda0a7a8132259e8caad043f0d63809bd901d,1
668,Apache,CAMEL,9094,camel-2.15.2,camel-2.16.0,apache/camel,f27cda0a7a8132259e8caad043f0d63809bd901d,1
669,Apache,CAMEL,8898,camel-2.15.2,camel-2.16.0,apache/camel,f27cda0a7a8132259e8caad043f0d63809bd901d,2
670,Apache,CAMEL,9151,camel-2.15.2,camel-2.16.0,apache/camel,f27cda0a7a8132259e8caad043f0d63809bd901d,1
671,Apache,CAMEL,9177,camel-2.15.2,camel-2.16.0,apache/camel,f27cda0a7a8132259e8caad043f0d63809bd901d,4
672,Apache,CAMEL,9191,camel-2.15.2,camel-2.15.4,apache/camel,f27cda0a7a8132259e8caad043f0d63809bd901d,1
673,Apache,CAMEL,9238,camel-2.15.2,camel-2.16.1,apache/camel,f27cda0a7a8132259e8caad043f0d63809bd901d,1
674,Apache,CAMEL,9509,camel-2.15.2,camel-2.15.6,apache/camel,f27cda0a7a8132259e8caad043f0d63809bd901d,1
675,Apache,CAMEL,9607,camel-2.15.2,camel-2.15.6,apache/camel,f27cda0a7a8132259e8caad043f0d63809bd901d,1
676,Apache,CAMEL,10110,camel-2.15.2,camel-2.16.4,apache/camel,f27cda0a7a8132259e8caad043f0d63809bd901d,3
677,Apache,CAMEL,9099,camel-2.15.3,camel-2.16.0,apache/camel,b23d4f3ec7a94157e96497968566db05951247a4,1
678,Apache,CAMEL,9124,camel-2.15.3,camel-2.16.0,apache/camel,b23d4f3ec7a94157e96497968566db05951247a4,1
679,Apache,CAMEL,8748,camel-2.15.3,camel-2.16.0,apache/camel,b23d4f3ec7a94157e96497968566db05951247a4,2
680,Apache,CAMEL,9142,camel-2.15.3,camel-2.16.0,apache/camel,b23d4f3ec7a94157e96497968566db05951247a4,2
681,Apache,CAMEL,9150,camel-2.15.3,camel-2.16.0,apache/camel,b23d4f3ec7a94157e96497968566db05951247a4,15
682,Apache,CAMEL,9144,camel-2.15.3,camel-2.15.4,apache/camel,b23d4f3ec7a94157e96497968566db05951247a4,1
683,Apache,CAMEL,9171,camel-2.15.3,camel-2.15.4,apache/camel,b23d4f3ec7a94157e96497968566db05951247a4,2
684,Apache,CAMEL,9208,camel-2.15.3,camel-2.15.4,apache/camel,b23d4f3ec7a94157e96497968566db05951247a4,1
686,Apache,CAMEL,9243,camel-2.15.3,camel-2.16.1,apache/camel,b23d4f3ec7a94157e96497968566db05951247a4,2
687,Apache,CAMEL,9259,camel-2.15.3,camel-2.16.1,apache/camel,b23d4f3ec7a94157e96497968566db05951247a4,2
688,Apache,CAMEL,9316,camel-2.15.3,camel-2.15.5,apache/camel,b23d4f3ec7a94157e96497968566db05951247a4,1
689,Apache,CAMEL,9405,camel-2.15.3,camel-2.15.6,apache/camel,b23d4f3ec7a94157e96497968566db05951247a4,2
690,Apache,CAMEL,9106,camel-2.15.3,camel-2.15.6,apache/camel,b23d4f3ec7a94157e96497968566db05951247a4,1
691,Apache,CAMEL,9526,camel-2.15.3,camel-2.15.6,apache/camel,b23d4f3ec7a94157e96497968566db05951247a4,1
692,Apache,CAMEL,10254,camel-2.15.3,camel-2.17.4,apache/camel,b23d4f3ec7a94157e96497968566db05951247a4,1
693,Apache,CAMEL,10476,camel-2.15.3,camel-2.16.5,apache/camel,b23d4f3ec7a94157e96497968566db05951247a4,3
694,Apache,CAMEL,9319,camel-2.15.4,camel-2.15.5,apache/camel,04cbd86fa800e5a19a80a926ea042e7b56f6b66e,3
695,Apache,CAMEL,9313,camel-2.15.4,camel-2.15.6,apache/camel,04cbd86fa800e5a19a80a926ea042e7b56f6b66e,7
696,Apache,CAMEL,9631,camel-2.15.4,camel-2.18.0,apache/camel,04cbd86fa800e5a19a80a926ea042e7b56f6b66e,1
697,Apache,CAMEL,9606,camel-2.15.4,camel-2.19.0,apache/camel,04cbd86fa800e5a19a80a926ea042e7b56f6b66e,7
698,Apache,CAMEL,9480,camel-2.15.5,camel-2.15.6,apache/camel,b8b56b44bcc1a8471f99182efd47f6bafe6268ba,1
699,Apache,CAMEL,9543,camel-2.15.5,camel-2.15.6,apache/camel,b8b56b44bcc1a8471f99182efd47f6bafe6268ba,1
700,Apache,CAMEL,9569,camel-2.15.5,camel-2.15.6,apache/camel,b8b56b44bcc1a8471f99182efd47f6bafe6268ba,3
701,Apache,CAMEL,9608,camel-2.15.5,camel-2.15.6,apache/camel,b8b56b44bcc1a8471f99182efd47f6bafe6268ba,1
702,Apache,CAMEL,9896,camel-2.15.6,camel-2.16.4,apache/camel,6ab7d292c29afd9f13f9b0b45e5ededa43a4c26e,2
703,Apache,CAMEL,9921,camel-2.15.6,camel-2.16.4,apache/camel,6ab7d292c29afd9f13f9b0b45e5ededa43a4c26e,1
704,Apache,CAMEL,9195,camel-2.16.0,camel-2.16.1,apache/camel,5a32be6497ee64782ab2b9f507033e5e6e5840b3,3
705,Apache,CAMEL,9199,camel-2.16.0,camel-2.16.1,apache/camel,5a32be6497ee64782ab2b9f507033e5e6e5840b3,3
706,Apache,CAMEL,9215,camel-2.16.0,camel-2.16.1,apache/camel,5a32be6497ee64782ab2b9f507033e5e6e5840b3,1
707,Apache,CAMEL,9223,camel-2.16.0,camel-2.16.1,apache/camel,5a32be6497ee64782ab2b9f507033e5e6e5840b3,2
708,Apache,CAMEL,9220,camel-2.16.0,camel-2.16.1,apache/camel,5a32be6497ee64782ab2b9f507033e5e6e5840b3,2
709,Apache,CAMEL,9233,camel-2.16.0,camel-2.16.1,apache/camel,5a32be6497ee64782ab2b9f507033e5e6e5840b3,1
710,Apache,CAMEL,9248,camel-2.16.0,camel-2.16.1,apache/camel,5a32be6497ee64782ab2b9f507033e5e6e5840b3,2
711,Apache,CAMEL,9247,camel-2.16.0,camel-2.16.1,apache/camel,5a32be6497ee64782ab2b9f507033e5e6e5840b3,5
712,Apache,CAMEL,9245,camel-2.16.0,camel-2.16.1,apache/camel,5a32be6497ee64782ab2b9f507033e5e6e5840b3,3
713,Apache,CAMEL,9269,camel-2.16.0,camel-2.16.1,apache/camel,5a32be6497ee64782ab2b9f507033e5e6e5840b3,1
714,Apache,CAMEL,9290,camel-2.16.0,camel-2.16.1,apache/camel,5a32be6497ee64782ab2b9f507033e5e6e5840b3,1
715,Apache,CAMEL,9318,camel-2.16.0,camel-2.16.2,apache/camel,5a32be6497ee64782ab2b9f507033e5e6e5840b3,2
716,Apache,CAMEL,9321,camel-2.16.0,camel-2.16.1,apache/camel,5a32be6497ee64782ab2b9f507033e5e6e5840b3,1
717,Apache,CAMEL,9331,camel-2.16.0,camel-2.16.2,apache/camel,5a32be6497ee64782ab2b9f507033e5e6e5840b3,1
718,Apache,CAMEL,9282,camel-2.16.0,camel-2.16.2,apache/camel,5a32be6497ee64782ab2b9f507033e5e6e5840b3,1
719,Apache,CAMEL,9277,camel-2.16.0,camel-2.16.2,apache/camel,5a32be6497ee64782ab2b9f507033e5e6e5840b3,2
720,Apache,CAMEL,9340,camel-2.16.0,camel-2.15.6,apache/camel,5a32be6497ee64782ab2b9f507033e5e6e5840b3,2
721,Apache,CAMEL,9386,camel-2.16.0,camel-2.16.2,apache/camel,5a32be6497ee64782ab2b9f507033e5e6e5840b3,1
722,Apache,CAMEL,9424,camel-2.16.0,camel-2.16.2,apache/camel,5a32be6497ee64782ab2b9f507033e5e6e5840b3,2
723,Apache,CAMEL,9366,camel-2.16.1,camel-2.15.5,apache/camel,f14890f88d6edfeda07cc0ecf5887827791b4ce8,2
724,Apache,CAMEL,9381,camel-2.16.1,camel-2.17.0,apache/camel,f14890f88d6edfeda07cc0ecf5887827791b4ce8,2
725,Apache,CAMEL,9417,camel-2.16.1,camel-2.16.2,apache/camel,f14890f88d6edfeda07cc0ecf5887827791b4ce8,1
726,Apache,CAMEL,9426,camel-2.16.1,camel-2.16.2,apache/camel,f14890f88d6edfeda07cc0ecf5887827791b4ce8,1
727,Apache,CAMEL,9375,camel-2.16.1,camel-2.16.2,apache/camel,f14890f88d6edfeda07cc0ecf5887827791b4ce8,4
728,Apache,CAMEL,9406,camel-2.16.1,camel-2.17.0,apache/camel,f14890f88d6edfeda07cc0ecf5887827791b4ce8,2
729,Apache,CAMEL,9468,camel-2.16.1,camel-2.16.2,apache/camel,f14890f88d6edfeda07cc0ecf5887827791b4ce8,1
730,Apache,CAMEL,9503,camel-2.16.1,camel-2.15.6,apache/camel,f14890f88d6edfeda07cc0ecf5887827791b4ce8,1
731,Apache,CAMEL,9505,camel-2.16.1,camel-2.15.6,apache/camel,f14890f88d6edfeda07cc0ecf5887827791b4ce8,2
732,Apache,CAMEL,9483,camel-2.16.1,camel-2.16.3,apache/camel,f14890f88d6edfeda07cc0ecf5887827791b4ce8,1
733,Apache,CAMEL,9431,camel-2.16.1,camel-2.16.3,apache/camel,f14890f88d6edfeda07cc0ecf5887827791b4ce8,2
734,Apache,CAMEL,9432,camel-2.16.1,camel-2.15.6,apache/camel,f14890f88d6edfeda07cc0ecf5887827791b4ce8,1
735,Apache,CAMEL,9665,camel-2.16.1,camel-2.15.6,apache/camel,f14890f88d6edfeda07cc0ecf5887827791b4ce8,2
736,Apache,CAMEL,9506,camel-2.16.1,camel-2.16.2,apache/camel,f14890f88d6edfeda07cc0ecf5887827791b4ce8,2
737,Apache,CAMEL,9710,camel-2.16.1,camel-2.16.3,apache/camel,f14890f88d6edfeda07cc0ecf5887827791b4ce8,3
738,Apache,CAMEL,9566,camel-2.16.1,camel-2.16.3,apache/camel,f14890f88d6edfeda07cc0ecf5887827791b4ce8,3
739,Apache,CAMEL,9820,camel-2.16.1,camel-2.16.4,apache/camel,f14890f88d6edfeda07cc0ecf5887827791b4ce8,1
740,Apache,CAMEL,9527,camel-2.16.2,camel-2.15.6,apache/camel,1154fb76353eb676bd9a605155177ca3db23c6cb,2
741,Apache,CAMEL,9553,camel-2.16.2,camel-2.17.0,apache/camel,1154fb76353eb676bd9a605155177ca3db23c6cb,4
742,Apache,CAMEL,9557,camel-2.16.2,camel-2.16.3,apache/camel,1154fb76353eb676bd9a605155177ca3db23c6cb,1
743,Apache,CAMEL,9560,camel-2.16.2,camel-2.16.3,apache/camel,1154fb76353eb676bd9a605155177ca3db23c6cb,1
744,Apache,CAMEL,9558,camel-2.16.2,camel-2.16.3,apache/camel,1154fb76353eb676bd9a605155177ca3db23c6cb,3
745,Apache,CAMEL,9576,camel-2.16.2,camel-2.15.6,apache/camel,1154fb76353eb676bd9a605155177ca3db23c6cb,1
746,Apache,CAMEL,9582,camel-2.16.2,camel-2.16.3,apache/camel,1154fb76353eb676bd9a605155177ca3db23c6cb,1
747,Apache,CAMEL,9593,camel-2.16.2,camel-2.16.3,apache/camel,1154fb76353eb676bd9a605155177ca3db23c6cb,1
748,Apache,CAMEL,9599,camel-2.16.2,camel-2.15.6,apache/camel,1154fb76353eb676bd9a605155177ca3db23c6cb,1
749,Apache,CAMEL,9611,camel-2.16.2,camel-2.16.3,apache/camel,1154fb76353eb676bd9a605155177ca3db23c6cb,1
750,Apache,CAMEL,9641,camel-2.16.2,camel-2.15.6,apache/camel,1154fb76353eb676bd9a605155177ca3db23c6cb,2
751,Apache,CAMEL,9640,camel-2.16.2,camel-2.16.3,apache/camel,1154fb76353eb676bd9a605155177ca3db23c6cb,5
752,Apache,CAMEL,9666,camel-2.16.2,camel-2.16.3,apache/camel,1154fb76353eb676bd9a605155177ca3db23c6cb,2
753,Apache,CAMEL,9658,camel-2.16.2,camel-2.16.3,apache/camel,1154fb76353eb676bd9a605155177ca3db23c6cb,7
754,Apache,CAMEL,9664,camel-2.16.2,camel-2.16.3,apache/camel,1154fb76353eb676bd9a605155177ca3db23c6cb,1
755,Apache,CAMEL,9673,camel-2.16.2,camel-2.16.3,apache/camel,1154fb76353eb676bd9a605155177ca3db23c6cb,1
756,Apache,CAMEL,9672,camel-2.16.2,camel-2.16.3,apache/camel,1154fb76353eb676bd9a605155177ca3db23c6cb,2
757,Apache,CAMEL,9686,camel-2.16.2,camel-2.16.3,apache/camel,1154fb76353eb676bd9a605155177ca3db23c6cb,1
758,Apache,CAMEL,9687,camel-2.16.2,camel-2.16.3,apache/camel,1154fb76353eb676bd9a605155177ca3db23c6cb,6
759,Apache,CAMEL,9700,camel-2.16.2,camel-2.16.3,apache/camel,1154fb76353eb676bd9a605155177ca3db23c6cb,2
760,Apache,CAMEL,9689,camel-2.16.2,camel-2.17.0,apache/camel,1154fb76353eb676bd9a605155177ca3db23c6cb,3
761,Apache,CAMEL,9714,camel-2.16.2,camel-2.16.3,apache/camel,1154fb76353eb676bd9a605155177ca3db23c6cb,2
762,Apache,CAMEL,9732,camel-2.16.2,camel-2.16.3,apache/camel,1154fb76353eb676bd9a605155177ca3db23c6cb,1
763,Apache,CAMEL,9656,camel-2.16.2,camel-2.16.3,apache/camel,1154fb76353eb676bd9a605155177ca3db23c6cb,6
764,Apache,CAMEL,9738,camel-2.16.2,camel-2.15.6,apache/camel,1154fb76353eb676bd9a605155177ca3db23c6cb,1
765,Apache,CAMEL,9739,camel-2.16.2,camel-2.15.6,apache/camel,1154fb76353eb676bd9a605155177ca3db23c6cb,1
766,Apache,CAMEL,9774,camel-2.16.2,camel-2.16.3,apache/camel,1154fb76353eb676bd9a605155177ca3db23c6cb,2
767,Apache,CAMEL,9807,camel-2.16.2,camel-2.16.4,apache/camel,1154fb76353eb676bd9a605155177ca3db23c6cb,2
768,Apache,CAMEL,10048,camel-2.16.2,camel-2.16.4,apache/camel,1154fb76353eb676bd9a605155177ca3db23c6cb,2
769,Apache,CAMEL,9862,camel-2.16.3,camel-2.16.4,apache/camel,e6309f2a4319d5d8b50c88126ad5de05c686d27f,1
770,Apache,CAMEL,9866,camel-2.16.3,camel-2.16.4,apache/camel,e6309f2a4319d5d8b50c88126ad5de05c686d27f,1
771,Apache,CAMEL,9854,camel-2.16.3,camel-2.16.4,apache/camel,e6309f2a4319d5d8b50c88126ad5de05c686d27f,1
772,Apache,CAMEL,9933,camel-2.16.3,camel-2.16.4,apache/camel,e6309f2a4319d5d8b50c88126ad5de05c686d27f,1
773,Apache,CAMEL,9970,camel-2.16.3,camel-2.18.0,apache/camel,e6309f2a4319d5d8b50c88126ad5de05c686d27f,6
774,Apache,CAMEL,10104,camel-2.16.3,camel-2.16.4,apache/camel,e6309f2a4319d5d8b50c88126ad5de05c686d27f,2
775,Apache,CAMEL,10157,camel-2.16.3,camel-2.16.4,apache/camel,e6309f2a4319d5d8b50c88126ad5de05c686d27f,1
776,Apache,CAMEL,10200,camel-2.16.3,camel-2.16.4,apache/camel,e6309f2a4319d5d8b50c88126ad5de05c686d27f,3
777,Apache,CAMEL,10064,camel-2.16.3,camel-2.17.4,apache/camel,e6309f2a4319d5d8b50c88126ad5de05c686d27f,2
778,Apache,CAMEL,9257,camel-2.17.0,camel-2.16.1,apache/camel,cf2e1749fae7c2d7526c705eb2c9e45e7f8f1af4,2
779,Apache,CAMEL,9777,camel-2.17.0,camel-2.16.3,apache/camel,cf2e1749fae7c2d7526c705eb2c9e45e7f8f1af4,1
780,Apache,CAMEL,9812,camel-2.17.0,camel-2.17.1,apache/camel,cf2e1749fae7c2d7526c705eb2c9e45e7f8f1af4,1
781,Apache,CAMEL,9768,camel-2.17.0,camel-2.17.1,apache/camel,cf2e1749fae7c2d7526c705eb2c9e45e7f8f1af4,1
782,Apache,CAMEL,9828,camel-2.17.0,camel-2.17.1,apache/camel,cf2e1749fae7c2d7526c705eb2c9e45e7f8f1af4,1
783,Apache,CAMEL,9841,camel-2.17.0,camel-2.17.1,apache/camel,cf2e1749fae7c2d7526c705eb2c9e45e7f8f1af4,2
784,Apache,CAMEL,9863,camel-2.17.0,camel-2.17.1,apache/camel,cf2e1749fae7c2d7526c705eb2c9e45e7f8f1af4,1
785,Apache,CAMEL,9851,camel-2.17.0,camel-2.16.4,apache/camel,cf2e1749fae7c2d7526c705eb2c9e45e7f8f1af4,4
786,Apache,CAMEL,9898,camel-2.17.0,camel-2.18.0,apache/camel,cf2e1749fae7c2d7526c705eb2c9e45e7f8f1af4,3
787,Apache,CAMEL,9903,camel-2.17.0,camel-2.17.1,apache/camel,cf2e1749fae7c2d7526c705eb2c9e45e7f8f1af4,2
788,Apache,CAMEL,9906,camel-2.17.0,camel-2.17.1,apache/camel,cf2e1749fae7c2d7526c705eb2c9e45e7f8f1af4,1
789,Apache,CAMEL,9887,camel-2.17.0,camel-2.17.1,apache/camel,cf2e1749fae7c2d7526c705eb2c9e45e7f8f1af4,3
790,Apache,CAMEL,9911,camel-2.17.0,camel-2.17.1,apache/camel,cf2e1749fae7c2d7526c705eb2c9e45e7f8f1af4,3
791,Apache,CAMEL,9917,camel-2.17.0,camel-2.18.0,apache/camel,cf2e1749fae7c2d7526c705eb2c9e45e7f8f1af4,1
792,Apache,CAMEL,9784,camel-2.17.0,camel-2.16.4,apache/camel,cf2e1749fae7c2d7526c705eb2c9e45e7f8f1af4,2
793,Apache,CAMEL,9920,camel-2.17.0,camel-2.17.1,apache/camel,cf2e1749fae7c2d7526c705eb2c9e45e7f8f1af4,1
794,Apache,CAMEL,9805,camel-2.17.0,camel-2.16.4,apache/camel,cf2e1749fae7c2d7526c705eb2c9e45e7f8f1af4,2
795,Apache,CAMEL,9874,camel-2.17.0,camel-2.17.1,apache/camel,cf2e1749fae7c2d7526c705eb2c9e45e7f8f1af4,4
796,Apache,CAMEL,9929,camel-2.17.0,camel-2.16.4,apache/camel,cf2e1749fae7c2d7526c705eb2c9e45e7f8f1af4,1
797,Apache,CAMEL,9941,camel-2.17.0,camel-2.17.2,apache/camel,cf2e1749fae7c2d7526c705eb2c9e45e7f8f1af4,5
798,Apache,CAMEL,10017,camel-2.17.0,camel-2.17.2,apache/camel,cf2e1749fae7c2d7526c705eb2c9e45e7f8f1af4,1
799,Apache,CAMEL,10015,camel-2.17.0,camel-2.17.2,apache/camel,cf2e1749fae7c2d7526c705eb2c9e45e7f8f1af4,1
800,Apache,CAMEL,10014,camel-2.17.0,camel-2.17.2,apache/camel,cf2e1749fae7c2d7526c705eb2c9e45e7f8f1af4,1
801,Apache,CAMEL,10016,camel-2.17.0,camel-2.16.4,apache/camel,cf2e1749fae7c2d7526c705eb2c9e45e7f8f1af4,1
802,Apache,CAMEL,9968,camel-2.17.1,camel-2.17.2,apache/camel,c3d54e2ff5c412ff9d663e6386c38eb9c18e2282,1
803,Apache,CAMEL,9973,camel-2.17.1,camel-2.17.2,apache/camel,c3d54e2ff5c412ff9d663e6386c38eb9c18e2282,1
804,Apache,CAMEL,9982,camel-2.17.1,camel-2.18.0,apache/camel,c3d54e2ff5c412ff9d663e6386c38eb9c18e2282,4
805,Apache,CAMEL,9926,camel-2.17.1,camel-2.17.2,apache/camel,c3d54e2ff5c412ff9d663e6386c38eb9c18e2282,1
806,Apache,CAMEL,9986,camel-2.17.1,camel-2.17.2,apache/camel,c3d54e2ff5c412ff9d663e6386c38eb9c18e2282,2
807,Apache,CAMEL,9984,camel-2.17.1,camel-2.17.2,apache/camel,c3d54e2ff5c412ff9d663e6386c38eb9c18e2282,2
808,Apache,CAMEL,10011,camel-2.17.1,camel-2.17.2,apache/camel,c3d54e2ff5c412ff9d663e6386c38eb9c18e2282,1
809,Apache,CAMEL,10012,camel-2.17.1,camel-2.17.2,apache/camel,c3d54e2ff5c412ff9d663e6386c38eb9c18e2282,3
810,Apache,CAMEL,10009,camel-2.17.1,camel-2.16.4,apache/camel,c3d54e2ff5c412ff9d663e6386c38eb9c18e2282,1
811,Apache,CAMEL,10039,camel-2.17.1,camel-2.17.2,apache/camel,c3d54e2ff5c412ff9d663e6386c38eb9c18e2282,2
812,Apache,CAMEL,10051,camel-2.17.1,camel-2.17.2,apache/camel,c3d54e2ff5c412ff9d663e6386c38eb9c18e2282,1
813,Apache,CAMEL,10082,camel-2.17.1,camel-2.17.3,apache/camel,c3d54e2ff5c412ff9d663e6386c38eb9c18e2282,5
814,Apache,CAMEL,10024,camel-2.17.1,camel-2.17.2,apache/camel,c3d54e2ff5c412ff9d663e6386c38eb9c18e2282,10
815,Apache,CAMEL,10091,camel-2.17.1,camel-2.16.4,apache/camel,c3d54e2ff5c412ff9d663e6386c38eb9c18e2282,2
816,Apache,CAMEL,10087,camel-2.17.1,camel-2.17.3,apache/camel,c3d54e2ff5c412ff9d663e6386c38eb9c18e2282,3
817,Apache,CAMEL,10115,camel-2.17.1,camel-2.18.0,apache/camel,c3d54e2ff5c412ff9d663e6386c38eb9c18e2282,3
818,Apache,CAMEL,10116,camel-2.17.1,camel-2.17.3,apache/camel,c3d54e2ff5c412ff9d663e6386c38eb9c18e2282,6
819,Apache,CAMEL,10143,camel-2.17.1,camel-2.17.3,apache/camel,c3d54e2ff5c412ff9d663e6386c38eb9c18e2282,1
820,Apache,CAMEL,10147,camel-2.17.1,camel-2.18.0,apache/camel,c3d54e2ff5c412ff9d663e6386c38eb9c18e2282,2
821,Apache,CAMEL,10142,camel-2.17.1,camel-2.17.3,apache/camel,c3d54e2ff5c412ff9d663e6386c38eb9c18e2282,1
822,Apache,CAMEL,10171,camel-2.17.1,camel-2.17.4,apache/camel,c3d54e2ff5c412ff9d663e6386c38eb9c18e2282,2
823,Apache,CAMEL,10341,camel-2.17.1,camel-2.17.4,apache/camel,c3d54e2ff5c412ff9d663e6386c38eb9c18e2282,1
824,Apache,CAMEL,10111,camel-2.17.2,camel-2.17.3,apache/camel,bf9c1455bd545848e2104027ce65624f148f41d8,2
825,Apache,CAMEL,10120,camel-2.17.2,camel-2.17.3,apache/camel,bf9c1455bd545848e2104027ce65624f148f41d8,1
826,Apache,CAMEL,10128,camel-2.17.2,camel-2.16.4,apache/camel,bf9c1455bd545848e2104027ce65624f148f41d8,1
827,Apache,CAMEL,10144,camel-2.17.2,camel-2.17.3,apache/camel,bf9c1455bd545848e2104027ce65624f148f41d8,4
828,Apache,CAMEL,10145,camel-2.17.2,camel-2.17.3,apache/camel,bf9c1455bd545848e2104027ce65624f148f41d8,3
829,Apache,CAMEL,10151,camel-2.17.2,camel-2.17.3,apache/camel,bf9c1455bd545848e2104027ce65624f148f41d8,1
830,Apache,CAMEL,10150,camel-2.17.2,camel-2.16.4,apache/camel,bf9c1455bd545848e2104027ce65624f148f41d8,1
831,Apache,CAMEL,10174,camel-2.17.2,camel-2.17.3,apache/camel,bf9c1455bd545848e2104027ce65624f148f41d8,2
832,Apache,CAMEL,10185,camel-2.17.2,camel-2.16.4,apache/camel,bf9c1455bd545848e2104027ce65624f148f41d8,2
833,Apache,CAMEL,10195,camel-2.17.2,camel-2.18.0,apache/camel,bf9c1455bd545848e2104027ce65624f148f41d8,4
834,Apache,CAMEL,10244,camel-2.17.3,camel-2.17.4,apache/camel,af7064e6c1a754bb65eacb5f653bd551e4219cc6,1
835,Apache,CAMEL,10229,camel-2.17.3,camel-2.17.4,apache/camel,af7064e6c1a754bb65eacb5f653bd551e4219cc6,1
836,Apache,CAMEL,10253,camel-2.17.3,camel-2.16.4,apache/camel,af7064e6c1a754bb65eacb5f653bd551e4219cc6,1
837,Apache,CAMEL,10273,camel-2.17.3,camel-2.17.4,apache/camel,af7064e6c1a754bb65eacb5f653bd551e4219cc6,1
838,Apache,CAMEL,10282,camel-2.17.3,camel-2.16.4,apache/camel,af7064e6c1a754bb65eacb5f653bd551e4219cc6,1
839,Apache,CAMEL,10291,camel-2.17.3,camel-2.18.0,apache/camel,af7064e6c1a754bb65eacb5f653bd551e4219cc6,3
840,Apache,CAMEL,10293,camel-2.17.3,camel-2.17.4,apache/camel,af7064e6c1a754bb65eacb5f653bd551e4219cc6,1
841,Apache,CAMEL,10340,camel-2.17.3,camel-2.17.4,apache/camel,af7064e6c1a754bb65eacb5f653bd551e4219cc6,1
842,Apache,CAMEL,10370,camel-2.17.3,camel-2.17.4,apache/camel,af7064e6c1a754bb65eacb5f653bd551e4219cc6,2
843,Apache,CAMEL,10376,camel-2.17.3,camel-2.18.1,apache/camel,af7064e6c1a754bb65eacb5f653bd551e4219cc6,1
844,Apache,CAMEL,10386,camel-2.17.3,camel-2.18.1,apache/camel,af7064e6c1a754bb65eacb5f653bd551e4219cc6,2
845,Apache,CAMEL,10380,camel-2.17.3,camel-2.17.4,apache/camel,af7064e6c1a754bb65eacb5f653bd551e4219cc6,1
846,Apache,CAMEL,10399,camel-2.17.3,camel-2.18.1,apache/camel,af7064e6c1a754bb65eacb5f653bd551e4219cc6,2
847,Apache,CAMEL,10384,camel-2.17.3,camel-2.17.4,apache/camel,af7064e6c1a754bb65eacb5f653bd551e4219cc6,1
848,Apache,CAMEL,10480,camel-2.17.3,camel-2.17.4,apache/camel,af7064e6c1a754bb65eacb5f653bd551e4219cc6,1
849,Apache,CAMEL,9953,camel-2.18.0,camel-2.16.4,apache/camel,da8694f8c5392881ac5ab49c37a7947451bb65af,2
850,Apache,CAMEL,10032,camel-2.18.0,camel-2.17.2,apache/camel,da8694f8c5392881ac5ab49c37a7947451bb65af,9
851,Apache,CAMEL,10215,camel-2.18.0,camel-2.16.4,apache/camel,da8694f8c5392881ac5ab49c37a7947451bb65af,1
852,Apache,CAMEL,10366,camel-2.18.0,camel-2.19.0,apache/camel,da8694f8c5392881ac5ab49c37a7947451bb65af,1
853,Apache,CAMEL,10372,camel-2.18.0,camel-2.18.1,apache/camel,da8694f8c5392881ac5ab49c37a7947451bb65af,2
854,Apache,CAMEL,10381,camel-2.18.0,camel-2.17.3,apache/camel,da8694f8c5392881ac5ab49c37a7947451bb65af,7
855,Apache,CAMEL,10383,camel-2.18.0,camel-2.18.1,apache/camel,da8694f8c5392881ac5ab49c37a7947451bb65af,5
856,Apache,CAMEL,10411,camel-2.18.0,camel-2.17.4,apache/camel,da8694f8c5392881ac5ab49c37a7947451bb65af,1
857,Apache,CAMEL,10414,camel-2.18.0,camel-2.18.1,apache/camel,da8694f8c5392881ac5ab49c37a7947451bb65af,2
858,Apache,CAMEL,10425,camel-2.18.0,camel-2.18.1,apache/camel,da8694f8c5392881ac5ab49c37a7947451bb65af,7
859,Apache,CAMEL,10430,camel-2.18.0,camel-2.18.1,apache/camel,da8694f8c5392881ac5ab49c37a7947451bb65af,1
860,Apache,CAMEL,10427,camel-2.18.0,camel-2.18.1,apache/camel,da8694f8c5392881ac5ab49c37a7947451bb65af,2
861,Apache,CAMEL,10431,camel-2.18.0,camel-2.18.1,apache/camel,da8694f8c5392881ac5ab49c37a7947451bb65af,2
862,Apache,CAMEL,10394,camel-2.18.0,camel-2.18.1,apache/camel,da8694f8c5392881ac5ab49c37a7947451bb65af,1
863,Apache,CAMEL,10443,camel-2.18.0,camel-2.18.1,apache/camel,da8694f8c5392881ac5ab49c37a7947451bb65af,2
864,Apache,CAMEL,10449,camel-2.18.0,camel-2.18.1,apache/camel,da8694f8c5392881ac5ab49c37a7947451bb65af,2
865,Apache,CAMEL,10460,camel-2.18.0,camel-2.18.1,apache/camel,da8694f8c5392881ac5ab49c37a7947451bb65af,1
866,Apache,CAMEL,10409,camel-2.18.0,camel-2.18.1,apache/camel,da8694f8c5392881ac5ab49c37a7947451bb65af,4
867,Apache,CAMEL,10453,camel-2.18.0,camel-2.18.1,apache/camel,da8694f8c5392881ac5ab49c37a7947451bb65af,2
868,Apache,CAMEL,2237,camel-2.1.0,camel-2.2.0,apache/camel,c13c4c115f6ceaa1a2fd8786ed638c30b0e4f505,3
869,Apache,CAMEL,2274,camel-2.1.0,camel-2.2.0,apache/camel,c13c4c115f6ceaa1a2fd8786ed638c30b0e4f505,1
870,Apache,CAMEL,2289,camel-2.1.0,camel-2.2.0,apache/camel,c13c4c115f6ceaa1a2fd8786ed638c30b0e4f505,2
871,Apache,CAMEL,2306,camel-2.1.0,camel-2.2.0,apache/camel,c13c4c115f6ceaa1a2fd8786ed638c30b0e4f505,1
872,Apache,CAMEL,2320,camel-2.1.0,camel-2.2.0,apache/camel,c13c4c115f6ceaa1a2fd8786ed638c30b0e4f505,1
873,Apache,CAMEL,2292,camel-2.1.0,camel-2.2.0,apache/camel,c13c4c115f6ceaa1a2fd8786ed638c30b0e4f505,3
874,Apache,CAMEL,2353,camel-2.1.0,camel-2.2.0,apache/camel,c13c4c115f6ceaa1a2fd8786ed638c30b0e4f505,2
875,Apache,CAMEL,2345,camel-2.1.0,camel-2.2.0,apache/camel,c13c4c115f6ceaa1a2fd8786ed638c30b0e4f505,1
876,Apache,CAMEL,2362,camel-2.1.0,camel-2.2.0,apache/camel,c13c4c115f6ceaa1a2fd8786ed638c30b0e4f505,2
877,Apache,CAMEL,2385,camel-2.1.0,camel-2.2.0,apache/camel,c13c4c115f6ceaa1a2fd8786ed638c30b0e4f505,1
878,Apache,CAMEL,2420,camel-2.1.0,camel-2.2.0,apache/camel,c13c4c115f6ceaa1a2fd8786ed638c30b0e4f505,1
879,Apache,CAMEL,2428,camel-2.1.0,camel-2.2.0,apache/camel,c13c4c115f6ceaa1a2fd8786ed638c30b0e4f505,1
880,Apache,CAMEL,2426,camel-2.1.0,camel-2.2.0,apache/camel,c13c4c115f6ceaa1a2fd8786ed638c30b0e4f505,1
881,Apache,CAMEL,2439,camel-2.1.0,camel-2.2.0,apache/camel,c13c4c115f6ceaa1a2fd8786ed638c30b0e4f505,6
882,Apache,CAMEL,2444,camel-2.1.0,camel-2.2.0,apache/camel,c13c4c115f6ceaa1a2fd8786ed638c30b0e4f505,1
883,Apache,CAMEL,2451,camel-2.1.0,camel-2.2.0,apache/camel,c13c4c115f6ceaa1a2fd8786ed638c30b0e4f505,1
884,Apache,CAMEL,2456,camel-2.1.0,camel-2.3.0,apache/camel,c13c4c115f6ceaa1a2fd8786ed638c30b0e4f505,2
885,Apache,CAMEL,2476,camel-2.1.0,camel-2.3.0,apache/camel,c13c4c115f6ceaa1a2fd8786ed638c30b0e4f505,2
886,Apache,CAMEL,2478,camel-2.1.0,camel-2.3.0,apache/camel,c13c4c115f6ceaa1a2fd8786ed638c30b0e4f505,1
887,Apache,CAMEL,2477,camel-2.1.0,camel-2.3.0,apache/camel,c13c4c115f6ceaa1a2fd8786ed638c30b0e4f505,2
888,Apache,CAMEL,2486,camel-2.1.0,camel-2.3.0,apache/camel,c13c4c115f6ceaa1a2fd8786ed638c30b0e4f505,2
889,Apache,CAMEL,2484,camel-2.1.0,camel-2.3.0,apache/camel,c13c4c115f6ceaa1a2fd8786ed638c30b0e4f505,6
890,Apache,CAMEL,2510,camel-2.1.0,camel-2.3.0,apache/camel,c13c4c115f6ceaa1a2fd8786ed638c30b0e4f505,2
891,Apache,CAMEL,2638,camel-2.1.0,camel-2.3.0,apache/camel,c13c4c115f6ceaa1a2fd8786ed638c30b0e4f505,2
892,Apache,CAMEL,2739,camel-2.1.0,camel-2.3.0,apache/camel,c13c4c115f6ceaa1a2fd8786ed638c30b0e4f505,1
893,Apache,CAMEL,2817,camel-2.1.0,camel-2.4.0,apache/camel,c13c4c115f6ceaa1a2fd8786ed638c30b0e4f505,1
894,Apache,CAMEL,2922,camel-2.1.0,camel-2.5.0,apache/camel,c13c4c115f6ceaa1a2fd8786ed638c30b0e4f505,5
895,Apache,CAMEL,2452,camel-2.1.0,camel-2.3.0,apache/camel,c13c4c115f6ceaa1a2fd8786ed638c30b0e4f505,1
896,Apache,CAMEL,2360,camel-2.2.0,camel-2.3.0,apache/camel,389a4ea6432f152837fc1b1180ea487af38746cd,7
897,Apache,CAMEL,2551,camel-2.2.0,camel-2.3.0,apache/camel,389a4ea6432f152837fc1b1180ea487af38746cd,1
898,Apache,CAMEL,2545,camel-2.2.0,camel-2.3.0,apache/camel,389a4ea6432f152837fc1b1180ea487af38746cd,1
899,Apache,CAMEL,2540,camel-2.2.0,camel-2.3.0,apache/camel,389a4ea6432f152837fc1b1180ea487af38746cd,1
900,Apache,CAMEL,2566,camel-2.2.0,camel-2.3.0,apache/camel,389a4ea6432f152837fc1b1180ea487af38746cd,2
901,Apache,CAMEL,2575,camel-2.2.0,camel-2.3.0,apache/camel,389a4ea6432f152837fc1b1180ea487af38746cd,2
902,Apache,CAMEL,2622,camel-2.2.0,camel-2.3.0,apache/camel,389a4ea6432f152837fc1b1180ea487af38746cd,3
903,Apache,CAMEL,2640,camel-2.2.0,camel-2.3.0,apache/camel,389a4ea6432f152837fc1b1180ea487af38746cd,4
904,Apache,CAMEL,2649,camel-2.2.0,camel-2.3.0,apache/camel,389a4ea6432f152837fc1b1180ea487af38746cd,5
905,Apache,CAMEL,2700,camel-2.2.0,camel-2.3.0,apache/camel,389a4ea6432f152837fc1b1180ea487af38746cd,1
906,Apache,CAMEL,2708,camel-2.2.0,camel-2.3.0,apache/camel,389a4ea6432f152837fc1b1180ea487af38746cd,5
907,Apache,CAMEL,2732,camel-2.2.0,camel-2.3.0,apache/camel,389a4ea6432f152837fc1b1180ea487af38746cd,2
908,Apache,CAMEL,2636,camel-2.2.0,camel-2.3.0,apache/camel,389a4ea6432f152837fc1b1180ea487af38746cd,3
909,Apache,CAMEL,2742,camel-2.2.0,camel-2.3.0,apache/camel,389a4ea6432f152837fc1b1180ea487af38746cd,2
910,Apache,CAMEL,2751,camel-2.2.0,camel-2.4.0,apache/camel,389a4ea6432f152837fc1b1180ea487af38746cd,1
911,Apache,CAMEL,2750,camel-2.2.0,camel-2.4.0,apache/camel,389a4ea6432f152837fc1b1180ea487af38746cd,1
912,Apache,CAMEL,2755,camel-2.2.0,camel-2.4.0,apache/camel,389a4ea6432f152837fc1b1180ea487af38746cd,2
913,Apache,CAMEL,2762,camel-2.2.0,camel-2.4.0,apache/camel,389a4ea6432f152837fc1b1180ea487af38746cd,2
914,Apache,CAMEL,2881,camel-2.2.0,camel-2.4.0,apache/camel,389a4ea6432f152837fc1b1180ea487af38746cd,3
915,Apache,CAMEL,3113,camel-2.2.0,camel-2.5.0,apache/camel,389a4ea6432f152837fc1b1180ea487af38746cd,5
916,Apache,CAMEL,3349,camel-2.2.0,camel-2.6.0,apache/camel,389a4ea6432f152837fc1b1180ea487af38746cd,1
917,Apache,CAMEL,2758,camel-2.3.0,camel-2.4.0,apache/camel,8a471f4432d3fdc5639c17eab2ad32fbcf38ed0e,2
918,Apache,CAMEL,2760,camel-2.3.0,camel-2.4.0,apache/camel,8a471f4432d3fdc5639c17eab2ad32fbcf38ed0e,2
919,Apache,CAMEL,2778,camel-2.3.0,camel-2.4.0,apache/camel,8a471f4432d3fdc5639c17eab2ad32fbcf38ed0e,8
920,Apache,CAMEL,2772,camel-2.3.0,camel-2.4.0,apache/camel,8a471f4432d3fdc5639c17eab2ad32fbcf38ed0e,3
921,Apache,CAMEL,2776,camel-2.3.0,camel-2.4.0,apache/camel,8a471f4432d3fdc5639c17eab2ad32fbcf38ed0e,4
922,Apache,CAMEL,2642,camel-2.3.0,camel-2.4.0,apache/camel,8a471f4432d3fdc5639c17eab2ad32fbcf38ed0e,3
923,Apache,CAMEL,2798,camel-2.3.0,camel-2.4.0,apache/camel,8a471f4432d3fdc5639c17eab2ad32fbcf38ed0e,1
924,Apache,CAMEL,2773,camel-2.3.0,camel-2.4.0,apache/camel,8a471f4432d3fdc5639c17eab2ad32fbcf38ed0e,5
925,Apache,CAMEL,2806,camel-2.3.0,camel-2.4.0,apache/camel,8a471f4432d3fdc5639c17eab2ad32fbcf38ed0e,2
926,Apache,CAMEL,2811,camel-2.3.0,camel-2.4.0,apache/camel,8a471f4432d3fdc5639c17eab2ad32fbcf38ed0e,7
927,Apache,CAMEL,2821,camel-2.3.0,camel-2.4.0,apache/camel,8a471f4432d3fdc5639c17eab2ad32fbcf38ed0e,1
928,Apache,CAMEL,2805,camel-2.3.0,camel-2.4.0,apache/camel,8a471f4432d3fdc5639c17eab2ad32fbcf38ed0e,2
929,Apache,CAMEL,2829,camel-2.3.0,camel-2.4.0,apache/camel,8a471f4432d3fdc5639c17eab2ad32fbcf38ed0e,6
930,Apache,CAMEL,2843,camel-2.3.0,camel-2.4.0,apache/camel,8a471f4432d3fdc5639c17eab2ad32fbcf38ed0e,2
931,Apache,CAMEL,2851,camel-2.3.0,camel-2.4.0,apache/camel,8a471f4432d3fdc5639c17eab2ad32fbcf38ed0e,2
932,Apache,CAMEL,2858,camel-2.3.0,camel-2.4.0,apache/camel,8a471f4432d3fdc5639c17eab2ad32fbcf38ed0e,1
933,Apache,CAMEL,2893,camel-2.3.0,camel-2.4.0,apache/camel,8a471f4432d3fdc5639c17eab2ad32fbcf38ed0e,3
934,Apache,CAMEL,2897,camel-2.3.0,camel-2.4.0,apache/camel,8a471f4432d3fdc5639c17eab2ad32fbcf38ed0e,2
935,Apache,CAMEL,2899,camel-2.3.0,camel-2.4.0,apache/camel,8a471f4432d3fdc5639c17eab2ad32fbcf38ed0e,4
936,Apache,CAMEL,2909,camel-2.3.0,camel-2.4.0,apache/camel,8a471f4432d3fdc5639c17eab2ad32fbcf38ed0e,2
937,Apache,CAMEL,2912,camel-2.3.0,camel-2.4.0,apache/camel,8a471f4432d3fdc5639c17eab2ad32fbcf38ed0e,7
938,Apache,CAMEL,2935,camel-2.3.0,camel-2.4.0,apache/camel,8a471f4432d3fdc5639c17eab2ad32fbcf38ed0e,10
939,Apache,CAMEL,2937,camel-2.3.0,camel-2.4.0,apache/camel,8a471f4432d3fdc5639c17eab2ad32fbcf38ed0e,3
940,Apache,CAMEL,2942,camel-2.3.0,camel-2.5.0,apache/camel,8a471f4432d3fdc5639c17eab2ad32fbcf38ed0e,1
941,Apache,CAMEL,2952,camel-2.3.0,camel-2.5.0,apache/camel,8a471f4432d3fdc5639c17eab2ad32fbcf38ed0e,5
942,Apache,CAMEL,2958,camel-2.3.0,camel-2.5.0,apache/camel,8a471f4432d3fdc5639c17eab2ad32fbcf38ed0e,2
943,Apache,CAMEL,2995,camel-2.3.0,camel-2.5.0,apache/camel,8a471f4432d3fdc5639c17eab2ad32fbcf38ed0e,11
944,Apache,CAMEL,3060,camel-2.3.0,camel-2.5.0,apache/camel,8a471f4432d3fdc5639c17eab2ad32fbcf38ed0e,1
945,Apache,CAMEL,3188,camel-2.3.0,camel-2.5.0,apache/camel,8a471f4432d3fdc5639c17eab2ad32fbcf38ed0e,5
946,Apache,CAMEL,2962,camel-2.4.0,camel-2.5.0,apache/camel,f2863edcfe2572e00fbd6c62d23ee5990fada99a,1
947,Apache,CAMEL,2979,camel-2.4.0,camel-2.5.0,apache/camel,f2863edcfe2572e00fbd6c62d23ee5990fada99a,3
948,Apache,CAMEL,2986,camel-2.4.0,camel-2.5.0,apache/camel,f2863edcfe2572e00fbd6c62d23ee5990fada99a,2
949,Apache,CAMEL,2978,camel-2.4.0,camel-2.5.0,apache/camel,f2863edcfe2572e00fbd6c62d23ee5990fada99a,3
950,Apache,CAMEL,3015,camel-2.4.0,camel-2.5.0,apache/camel,f2863edcfe2572e00fbd6c62d23ee5990fada99a,1
951,Apache,CAMEL,3008,camel-2.4.0,camel-2.5.0,apache/camel,f2863edcfe2572e00fbd6c62d23ee5990fada99a,9
952,Apache,CAMEL,3007,camel-2.4.0,camel-2.5.0,apache/camel,f2863edcfe2572e00fbd6c62d23ee5990fada99a,3
953,Apache,CAMEL,3036,camel-2.4.0,camel-2.5.0,apache/camel,f2863edcfe2572e00fbd6c62d23ee5990fada99a,2
954,Apache,CAMEL,3045,camel-2.4.0,camel-2.5.0,apache/camel,f2863edcfe2572e00fbd6c62d23ee5990fada99a,2
955,Apache,CAMEL,3050,camel-2.4.0,camel-2.5.0,apache/camel,f2863edcfe2572e00fbd6c62d23ee5990fada99a,1
956,Apache,CAMEL,3049,camel-2.4.0,camel-2.5.0,apache/camel,f2863edcfe2572e00fbd6c62d23ee5990fada99a,1
957,Apache,CAMEL,3047,camel-2.4.0,camel-2.5.0,apache/camel,f2863edcfe2572e00fbd6c62d23ee5990fada99a,4
958,Apache,CAMEL,3069,camel-2.4.0,camel-2.5.0,apache/camel,f2863edcfe2572e00fbd6c62d23ee5990fada99a,2
959,Apache,CAMEL,3077,camel-2.4.0,camel-2.5.0,apache/camel,f2863edcfe2572e00fbd6c62d23ee5990fada99a,2
960,Apache,CAMEL,3078,camel-2.4.0,camel-2.5.0,apache/camel,f2863edcfe2572e00fbd6c62d23ee5990fada99a,2
961,Apache,CAMEL,3079,camel-2.4.0,camel-2.5.0,apache/camel,f2863edcfe2572e00fbd6c62d23ee5990fada99a,4
962,Apache,CAMEL,3093,camel-2.4.0,camel-2.5.0,apache/camel,f2863edcfe2572e00fbd6c62d23ee5990fada99a,6
963,Apache,CAMEL,3107,camel-2.4.0,camel-2.5.0,apache/camel,f2863edcfe2572e00fbd6c62d23ee5990fada99a,1
964,Apache,CAMEL,3118,camel-2.4.0,camel-2.5.0,apache/camel,f2863edcfe2572e00fbd6c62d23ee5990fada99a,1
965,Apache,CAMEL,3108,camel-2.4.0,camel-2.5.0,apache/camel,f2863edcfe2572e00fbd6c62d23ee5990fada99a,4
966,Apache,CAMEL,3128,camel-2.4.0,camel-2.5.0,apache/camel,f2863edcfe2572e00fbd6c62d23ee5990fada99a,2
967,Apache,CAMEL,3130,camel-2.4.0,camel-2.5.0,apache/camel,f2863edcfe2572e00fbd6c62d23ee5990fada99a,2
968,Apache,CAMEL,3124,camel-2.4.0,camel-2.5.0,apache/camel,f2863edcfe2572e00fbd6c62d23ee5990fada99a,2
969,Apache,CAMEL,3114,camel-2.4.0,camel-2.5.0,apache/camel,f2863edcfe2572e00fbd6c62d23ee5990fada99a,1
970,Apache,CAMEL,3136,camel-2.4.0,camel-2.5.0,apache/camel,f2863edcfe2572e00fbd6c62d23ee5990fada99a,2
971,Apache,CAMEL,3137,camel-2.4.0,camel-2.5.0,apache/camel,f2863edcfe2572e00fbd6c62d23ee5990fada99a,1
972,Apache,CAMEL,3144,camel-2.4.0,camel-2.5.0,apache/camel,f2863edcfe2572e00fbd6c62d23ee5990fada99a,6
973,Apache,CAMEL,3143,camel-2.4.0,camel-2.5.0,apache/camel,f2863edcfe2572e00fbd6c62d23ee5990fada99a,7
974,Apache,CAMEL,3158,camel-2.4.0,camel-2.5.0,apache/camel,f2863edcfe2572e00fbd6c62d23ee5990fada99a,1
975,Apache,CAMEL,3170,camel-2.4.0,camel-2.5.0,apache/camel,f2863edcfe2572e00fbd6c62d23ee5990fada99a,3
976,Apache,CAMEL,3185,camel-2.4.0,camel-2.5.0,apache/camel,f2863edcfe2572e00fbd6c62d23ee5990fada99a,1
977,Apache,CAMEL,3187,camel-2.4.0,camel-2.5.0,apache/camel,f2863edcfe2572e00fbd6c62d23ee5990fada99a,4
978,Apache,CAMEL,3199,camel-2.4.0,camel-2.5.0,apache/camel,f2863edcfe2572e00fbd6c62d23ee5990fada99a,2
979,Apache,CAMEL,3198,camel-2.4.0,camel-2.5.0,apache/camel,f2863edcfe2572e00fbd6c62d23ee5990fada99a,2
980,Apache,CAMEL,3203,camel-2.4.0,camel-2.5.0,apache/camel,f2863edcfe2572e00fbd6c62d23ee5990fada99a,1
981,Apache,CAMEL,3216,camel-2.4.0,camel-2.5.0,apache/camel,f2863edcfe2572e00fbd6c62d23ee5990fada99a,2
982,Apache,CAMEL,3219,camel-2.4.0,camel-2.5.0,apache/camel,f2863edcfe2572e00fbd6c62d23ee5990fada99a,8
983,Apache,CAMEL,3223,camel-2.4.0,camel-2.5.0,apache/camel,f2863edcfe2572e00fbd6c62d23ee5990fada99a,1
984,Apache,CAMEL,3277,camel-2.4.0,camel-2.6.0,apache/camel,f2863edcfe2572e00fbd6c62d23ee5990fada99a,1
985,Apache,CAMEL,3281,camel-2.4.0,camel-2.6.0,apache/camel,f2863edcfe2572e00fbd6c62d23ee5990fada99a,3
986,Apache,CAMEL,3269,camel-2.4.0,camel-2.6.0,apache/camel,f2863edcfe2572e00fbd6c62d23ee5990fada99a,1
987,Apache,CAMEL,3299,camel-2.4.0,camel-2.5.0,apache/camel,f2863edcfe2572e00fbd6c62d23ee5990fada99a,1
988,Apache,CAMEL,3321,camel-2.4.0,camel-2.6.0,apache/camel,f2863edcfe2572e00fbd6c62d23ee5990fada99a,2
989,Apache,CAMEL,3237,camel-2.4.0,camel-2.6.0,apache/camel,f2863edcfe2572e00fbd6c62d23ee5990fada99a,1
990,Apache,CAMEL,3335,camel-2.4.0,camel-2.6.0,apache/camel,f2863edcfe2572e00fbd6c62d23ee5990fada99a,1
991,Apache,CAMEL,3271,camel-2.4.0,camel-2.6.0,apache/camel,f2863edcfe2572e00fbd6c62d23ee5990fada99a,2
992,Apache,CAMEL,3479,camel-2.4.0,camel-2.6.0,apache/camel,f2863edcfe2572e00fbd6c62d23ee5990fada99a,1
993,Apache,CAMEL,3133,camel-2.4.0,camel-2.6.0,apache/camel,f2863edcfe2572e00fbd6c62d23ee5990fada99a,7
994,Apache,CAMEL,3245,camel-2.4.0,camel-2.6.0,apache/camel,f2863edcfe2572e00fbd6c62d23ee5990fada99a,3
995,Apache,CAMEL,3438,camel-2.4.0,camel-2.7.0,apache/camel,f2863edcfe2572e00fbd6c62d23ee5990fada99a,5
996,Apache,CAMEL,3302,camel-2.5.0,camel-2.6.0,apache/camel,ce48fd142285b39dd77842a933f01e4620623efb,3
997,Apache,CAMEL,3314,camel-2.5.0,camel-2.6.0,apache/camel,ce48fd142285b39dd77842a933f01e4620623efb,1
998,Apache,CAMEL,3328,camel-2.5.0,camel-2.6.0,apache/camel,ce48fd142285b39dd77842a933f01e4620623efb,1
999,Apache,CAMEL,3334,camel-2.5.0,camel-2.6.0,apache/camel,ce48fd142285b39dd77842a933f01e4620623efb,2
1000,Apache,CAMEL,3333,camel-2.5.0,camel-2.6.0,apache/camel,ce48fd142285b39dd77842a933f01e4620623efb,2
1001,Apache,CAMEL,3343,camel-2.5.0,camel-2.6.0,apache/camel,ce48fd142285b39dd77842a933f01e4620623efb,1
1002,Apache,CAMEL,3306,camel-2.5.0,camel-2.6.0,apache/camel,ce48fd142285b39dd77842a933f01e4620623efb,2
1003,Apache,CAMEL,3341,camel-2.5.0,camel-2.6.0,apache/camel,ce48fd142285b39dd77842a933f01e4620623efb,1
1004,Apache,CAMEL,3344,camel-2.5.0,camel-2.6.0,apache/camel,ce48fd142285b39dd77842a933f01e4620623efb,1
1005,Apache,CAMEL,3348,camel-2.5.0,camel-2.6.0,apache/camel,ce48fd142285b39dd77842a933f01e4620623efb,10
1006,Apache,CAMEL,3355,camel-2.5.0,camel-2.6.0,apache/camel,ce48fd142285b39dd77842a933f01e4620623efb,1
1007,Apache,CAMEL,3373,camel-2.5.0,camel-2.6.0,apache/camel,ce48fd142285b39dd77842a933f01e4620623efb,2
1008,Apache,CAMEL,3389,camel-2.5.0,camel-2.6.0,apache/camel,ce48fd142285b39dd77842a933f01e4620623efb,1
1009,Apache,CAMEL,3394,camel-2.5.0,camel-2.6.0,apache/camel,ce48fd142285b39dd77842a933f01e4620623efb,1
1010,Apache,CAMEL,3395,camel-2.5.0,camel-2.6.0,apache/camel,ce48fd142285b39dd77842a933f01e4620623efb,2
1011,Apache,CAMEL,3295,camel-2.5.0,camel-2.6.0,apache/camel,ce48fd142285b39dd77842a933f01e4620623efb,5
1012,Apache,CAMEL,3390,camel-2.5.0,camel-2.6.0,apache/camel,ce48fd142285b39dd77842a933f01e4620623efb,1
1013,Apache,CAMEL,3351,camel-2.5.0,camel-2.6.0,apache/camel,ce48fd142285b39dd77842a933f01e4620623efb,6
1014,Apache,CAMEL,3419,camel-2.5.0,camel-2.6.0,apache/camel,ce48fd142285b39dd77842a933f01e4620623efb,1
1015,Apache,CAMEL,3428,camel-2.5.0,camel-2.6.0,apache/camel,ce48fd142285b39dd77842a933f01e4620623efb,4
1016,Apache,CAMEL,3426,camel-2.5.0,camel-2.6.0,apache/camel,ce48fd142285b39dd77842a933f01e4620623efb,2
1017,Apache,CAMEL,3430,camel-2.5.0,camel-2.6.0,apache/camel,ce48fd142285b39dd77842a933f01e4620623efb,2
1018,Apache,CAMEL,3433,camel-2.5.0,camel-2.6.0,apache/camel,ce48fd142285b39dd77842a933f01e4620623efb,2
1019,Apache,CAMEL,3442,camel-2.5.0,camel-2.6.0,apache/camel,ce48fd142285b39dd77842a933f01e4620623efb,4
1020,Apache,CAMEL,3446,camel-2.5.0,camel-2.6.0,apache/camel,ce48fd142285b39dd77842a933f01e4620623efb,2
1021,Apache,CAMEL,3458,camel-2.5.0,camel-2.6.0,apache/camel,ce48fd142285b39dd77842a933f01e4620623efb,6
1022,Apache,CAMEL,3353,camel-2.5.0,camel-2.6.0,apache/camel,ce48fd142285b39dd77842a933f01e4620623efb,2
1023,Apache,CAMEL,3473,camel-2.5.0,camel-2.6.0,apache/camel,ce48fd142285b39dd77842a933f01e4620623efb,2
1024,Apache,CAMEL,3483,camel-2.5.0,camel-2.6.0,apache/camel,ce48fd142285b39dd77842a933f01e4620623efb,3
1025,Apache,CAMEL,3493,camel-2.5.0,camel-2.6.0,apache/camel,ce48fd142285b39dd77842a933f01e4620623efb,1
1026,Apache,CAMEL,3489,camel-2.5.0,camel-2.6.0,apache/camel,ce48fd142285b39dd77842a933f01e4620623efb,2
1027,Apache,CAMEL,3498,camel-2.5.0,camel-2.6.0,apache/camel,ce48fd142285b39dd77842a933f01e4620623efb,4
1028,Apache,CAMEL,3524,camel-2.5.0,camel-2.6.0,apache/camel,ce48fd142285b39dd77842a933f01e4620623efb,3
1029,Apache,CAMEL,3537,camel-2.5.0,camel-2.6.0,apache/camel,ce48fd142285b39dd77842a933f01e4620623efb,3
1030,Apache,CAMEL,3540,camel-2.5.0,camel-2.6.0,apache/camel,ce48fd142285b39dd77842a933f01e4620623efb,3
1031,Apache,CAMEL,3545,camel-2.5.0,camel-2.6.0,apache/camel,ce48fd142285b39dd77842a933f01e4620623efb,4
1032,Apache,CAMEL,3559,camel-2.5.0,camel-2.6.0,apache/camel,ce48fd142285b39dd77842a933f01e4620623efb,1
1033,Apache,CAMEL,3560,camel-2.5.0,camel-2.6.0,apache/camel,ce48fd142285b39dd77842a933f01e4620623efb,3
1034,Apache,CAMEL,3531,camel-2.5.0,camel-2.7.3,apache/camel,ce48fd142285b39dd77842a933f01e4620623efb,2
1035,Apache,CAMEL,3361,camel-2.6.0,camel-2.7.0,apache/camel,20f2898f6080a4cde1a2bb5dc8b01a3578aa74bf,14
1036,Apache,CAMEL,3630,camel-2.6.0,camel-2.7.0,apache/camel,20f2898f6080a4cde1a2bb5dc8b01a3578aa74bf,14
1037,Apache,CAMEL,3674,camel-2.6.0,camel-2.7.0,apache/camel,20f2898f6080a4cde1a2bb5dc8b01a3578aa74bf,6
1038,Apache,CAMEL,3774,camel-2.6.0,camel-2.7.5,apache/camel,20f2898f6080a4cde1a2bb5dc8b01a3578aa74bf,1
1039,Apache,CAMEL,5025,camel-2.6.0,camel-2.8.5,apache/camel,20f2898f6080a4cde1a2bb5dc8b01a3578aa74bf,1
1040,Apache,CAMEL,3800,camel-2.7.0,camel-2.8.0,apache/camel,27105d1ffda37943827d3da4534e7b4a22eee105,3
1041,Apache,CAMEL,3801,camel-2.7.0,camel-2.8.0,apache/camel,27105d1ffda37943827d3da4534e7b4a22eee105,3
1042,Apache,CAMEL,3907,camel-2.7.0,camel-2.16.0,apache/camel,27105d1ffda37943827d3da4534e7b4a22eee105,3
1043,Apache,CAMEL,4284,camel-2.8.0,camel-2.9.0,apache/camel,9d5fd0d12094fc6967834baf5270bbfa18a1c9b4,1
1044,Apache,CAMEL,4456,camel-2.8.0,camel-2.9.0,apache/camel,9d5fd0d12094fc6967834baf5270bbfa18a1c9b4,2
1045,Apache,CAMEL,4225,camel-2.8.0,camel-2.8.3,apache/camel,9d5fd0d12094fc6967834baf5270bbfa18a1c9b4,2
1046,Apache,CAMEL,4482,camel-2.8.1,camel-2.8.2,apache/camel,38e046d246c8c706bca09d8c2fd795afb2e4d3f1,2
1047,Apache,CAMEL,4515,camel-2.8.1,camel-2.11.1,apache/camel,38e046d246c8c706bca09d8c2fd795afb2e4d3f1,3
1048,Apache,CAMEL,5669,camel-2.8.1,camel-2.11.1,apache/camel,38e046d246c8c706bca09d8c2fd795afb2e4d3f1,3
1049,Apache,CAMEL,4901,camel-2.8.3,camel-2.8.4,apache/camel,b24c1f9647856992c8b8f2af0d5626b2832d6108,3
1050,Apache,CAMEL,5024,camel-2.8.3,camel-2.8.5,apache/camel,b24c1f9647856992c8b8f2af0d5626b2832d6108,1
1051,Apache,CAMEL,6541,camel-2.8.6,camel-2.10.7,apache/camel,2e3960bbc21938bfe513c04633e48b3088cd5058,1
1052,Apache,CAMEL,4882,camel-2.9.0,camel-2.7.5,apache/camel,4a0282b413db910b4a5ab6c9f9c65a1c8d5b8c04,3
1053,Apache,CAMEL,5251,camel-2.9.2,camel-2.10.0,apache/camel,78ebec3138bb26d79c4432791a45d69c49daae18,1
1054,Apache,CAMEL,5376,camel-2.9.5,camel-2.11.2,apache/camel,bd1cafcc328136212da24661cb17c13465a19947,1
1055,Apache,HBASE,552,0.1.0,0.1.1,apache/hbase,ff87e088bd8904b1f1dc15f8c7e4efd8e568b125,2
1056,Apache,HBASE,563,0.1.0,0.1.1,apache/hbase,ff87e088bd8904b1f1dc15f8c7e4efd8e568b125,1
1057,Apache,HBASE,573,0.1.0,0.1.2,apache/hbase,ff87e088bd8904b1f1dc15f8c7e4efd8e568b125,2
1058,Apache,HBASE,590,0.1.1,0.1.2,apache/hbase,3a05d25478c93a857e78d9bc5f4f5b1178f58f3d,1
1059,Apache,HBASE,805,release-0.2.0,release-0.2.1,apache/hbase,4af2fe34ab575101a12323d4bb1b43ff9569c488,3
1060,Apache,HBASE,811,release-0.2.0,release-0.2.1,apache/hbase,4af2fe34ab575101a12323d4bb1b43ff9569c488,3
1061,Apache,HBASE,729,release-0.2.0,release-0.2.1,apache/hbase,4af2fe34ab575101a12323d4bb1b43ff9569c488,2
1062,Apache,HBASE,819,release-0.2.0,release-0.2.1,apache/hbase,4af2fe34ab575101a12323d4bb1b43ff9569c488,6
1063,Apache,HBASE,812,release-0.2.0,release-0.2.1,apache/hbase,4af2fe34ab575101a12323d4bb1b43ff9569c488,1
1064,Apache,HBASE,818,release-0.2.0,release-0.2.1,apache/hbase,4af2fe34ab575101a12323d4bb1b43ff9569c488,1
1065,Apache,HBASE,831,release-0.2.0,release-0.2.1,apache/hbase,4af2fe34ab575101a12323d4bb1b43ff9569c488,2
1066,Apache,HBASE,830,release-0.2.0,release-0.2.1,apache/hbase,4af2fe34ab575101a12323d4bb1b43ff9569c488,2
1067,Apache,HBASE,833,release-0.2.0,release-0.2.1,apache/hbase,4af2fe34ab575101a12323d4bb1b43ff9569c488,1
1068,Apache,HBASE,810,release-0.2.0,release-0.2.1,apache/hbase,4af2fe34ab575101a12323d4bb1b43ff9569c488,3
1069,Apache,HBASE,768,release-0.2.0,release-0.2.1,apache/hbase,4af2fe34ab575101a12323d4bb1b43ff9569c488,1
1070,Apache,HBASE,860,release-0.2.0,release-0.2.1,apache/hbase,4af2fe34ab575101a12323d4bb1b43ff9569c488,1
1071,Apache,HBASE,881,release-0.2.0,release-0.2.1,apache/hbase,4af2fe34ab575101a12323d4bb1b43ff9569c488,1
1072,Apache,HBASE,891,release-0.2.1,0.18.1,apache/hbase,b1247711b8dd5d7a1b5f3f43d5b95e11a59451ba,1
1073,Apache,HBASE,912,0.18.0,0.19.0,apache/hbase,d734b5c280ba3214d105f2174dba6850209e0ed6,1
1074,Apache,HBASE,1052,0.18.0,0.19.0,apache/hbase,d734b5c280ba3214d105f2174dba6850209e0ed6,1
1075,Apache,HBASE,1079,0.18.1,0.19.0,apache/hbase,952719f5d172c32af04e98358da9c08e108ac269,1
1076,Apache,HBASE,1148,0.19.0,0.20.0,apache/hbase,f479355fa925100840bbdd1efe6709df26a8d280,3
1077,Apache,HBASE,1175,0.19.0,0.20.0,apache/hbase,f479355fa925100840bbdd1efe6709df26a8d280,2
1078,Apache,HBASE,1190,0.19.0,0.20.0,apache/hbase,f479355fa925100840bbdd1efe6709df26a8d280,1
1079,Apache,HBASE,1142,0.18.0,0.19.1,apache/hbase,d734b5c280ba3214d105f2174dba6850209e0ed6,2
1080,Apache,HBASE,1185,0.19.0,0.19.1,apache/hbase,f479355fa925100840bbdd1efe6709df26a8d280,1
1081,Apache,HBASE,1238,0.19.0,0.19.1,apache/hbase,f479355fa925100840bbdd1efe6709df26a8d280,1
1082,Apache,HBASE,1169,0.19.0,0.19.1,apache/hbase,f479355fa925100840bbdd1efe6709df26a8d280,5
1083,Apache,HBASE,1251,0.19.0,0.20.0,apache/hbase,f479355fa925100840bbdd1efe6709df26a8d280,2
1084,Apache,HBASE,1258,0.19.0,0.19.1,apache/hbase,f479355fa925100840bbdd1efe6709df26a8d280,1
1085,Apache,HBASE,1277,0.19.1,0.20.0,apache/hbase,28a63125aeaa2a500a7cce2a7e9da7c7f135210d,2
1086,Apache,HBASE,1303,0.19.1,0.20.0,apache/hbase,28a63125aeaa2a500a7cce2a7e9da7c7f135210d,1
1087,Apache,HBASE,1202,0.19.0,0.20.0,apache/hbase,f479355fa925100840bbdd1efe6709df26a8d280,1
1088,Apache,HBASE,1301,0.19.0,0.20.0,apache/hbase,f479355fa925100840bbdd1efe6709df26a8d280,1
1089,Apache,HBASE,1365,0.19.1,0.20.0,apache/hbase,28a63125aeaa2a500a7cce2a7e9da7c7f135210d,2
1090,Apache,HBASE,1279,0.19.1,0.20.0,apache/hbase,28a63125aeaa2a500a7cce2a7e9da7c7f135210d,4
1091,Apache,HBASE,889,release-0.2.0,0.20.0,apache/hbase,4af2fe34ab575101a12323d4bb1b43ff9569c488,1
1092,Apache,HBASE,1431,0.19.2,0.20.0,apache/hbase,31da6f40ed6f5eb37f4481c19f2f0b74e5b9b8bf,2
1093,Apache,HBASE,1162,0.19.0,0.20.0,apache/hbase,f479355fa925100840bbdd1efe6709df26a8d280,1
1094,Apache,HBASE,1644,0.20.0,0.95.1,apache/hbase,1d51b88c4514455810a50b2458494574ea3ebf79,2
1095,Apache,HBASE,1604,0.19.2,0.20.0,apache/hbase,31da6f40ed6f5eb37f4481c19f2f0b74e5b9b8bf,1
1096,Apache,HBASE,1791,0.20.0,0.20.1,apache/hbase,1d51b88c4514455810a50b2458494574ea3ebf79,1
1097,Apache,HBASE,1779,0.20.0,0.20.1,apache/hbase,1d51b88c4514455810a50b2458494574ea3ebf79,1
1098,Apache,HBASE,1795,0.20.0,0.20.1,apache/hbase,1d51b88c4514455810a50b2458494574ea3ebf79,1
1099,Apache,HBASE,1794,0.20.0,0.20.1,apache/hbase,1d51b88c4514455810a50b2458494574ea3ebf79,1
1100,Apache,HBASE,1740,0.20.0,0.20.1,apache/hbase,1d51b88c4514455810a50b2458494574ea3ebf79,5
1101,Apache,HBASE,1828,0.20.0,0.20.1,apache/hbase,1d51b88c4514455810a50b2458494574ea3ebf79,2
1102,Apache,HBASE,1840,0.20.0,0.20.1,apache/hbase,1d51b88c4514455810a50b2458494574ea3ebf79,2
1103,Apache,HBASE,1574,0.20.0,0.20.1,apache/hbase,1d51b88c4514455810a50b2458494574ea3ebf79,9
1104,Apache,HBASE,1847,0.20.0,0.20.1,apache/hbase,1d51b88c4514455810a50b2458494574ea3ebf79,2
1105,Apache,HBASE,1815,0.20.0,0.20.1,apache/hbase,1d51b88c4514455810a50b2458494574ea3ebf79,5
1106,Apache,HBASE,1857,0.20.0,0.20.1,apache/hbase,1d51b88c4514455810a50b2458494574ea3ebf79,1
1107,Apache,HBASE,1865,0.20.0,0.20.1,apache/hbase,1d51b88c4514455810a50b2458494574ea3ebf79,1
1108,Apache,HBASE,1866,0.20.0,0.20.1,apache/hbase,1d51b88c4514455810a50b2458494574ea3ebf79,1
1109,Apache,HBASE,1871,0.20.0,0.20.1,apache/hbase,1d51b88c4514455810a50b2458494574ea3ebf79,1
1110,Apache,HBASE,1883,0.20.0,0.20.1,apache/hbase,1d51b88c4514455810a50b2458494574ea3ebf79,2
1111,Apache,HBASE,1879,0.20.0,0.20.1,apache/hbase,1d51b88c4514455810a50b2458494574ea3ebf79,5
1112,Apache,HBASE,1831,0.20.0,0.20.1,apache/hbase,1d51b88c4514455810a50b2458494574ea3ebf79,11
1113,Apache,HBASE,1896,0.20.1,0.90.0,apache/hbase,b5ab4df4d0b117afc5d6226f74307cae1bc77739,1
1114,Apache,HBASE,1777,0.20.0,0.90.0,apache/hbase,1d51b88c4514455810a50b2458494574ea3ebf79,1
1115,Apache,HBASE,1927,0.20.1,0.90.0,apache/hbase,b5ab4df4d0b117afc5d6226f74307cae1bc77739,2
1116,Apache,HBASE,1930,0.20.0,0.90.0,apache/hbase,1d51b88c4514455810a50b2458494574ea3ebf79,7
1117,Apache,HBASE,1934,0.20.1,0.90.0,apache/hbase,b5ab4df4d0b117afc5d6226f74307cae1bc77739,1
1118,Apache,HBASE,1946,0.20.1,0.90.0,apache/hbase,b5ab4df4d0b117afc5d6226f74307cae1bc77739,1
1119,Apache,HBASE,1919,0.20.1,0.90.0,apache/hbase,b5ab4df4d0b117afc5d6226f74307cae1bc77739,1
1120,Apache,HBASE,1957,0.20.0,0.90.0,apache/hbase,1d51b88c4514455810a50b2458494574ea3ebf79,1
1121,Apache,HBASE,1979,0.20.1,0.90.0,apache/hbase,b5ab4df4d0b117afc5d6226f74307cae1bc77739,1
1122,Apache,HBASE,2018,0.20.2,0.90.0,apache/hbase,d3cd7d185e9679bdb629e3fd3136252ff8f8481a,1
1123,Apache,HBASE,2022,0.20.2,0.90.0,apache/hbase,d3cd7d185e9679bdb629e3fd3136252ff8f8481a,1
1124,Apache,HBASE,2027,0.20.0,0.90.0,apache/hbase,1d51b88c4514455810a50b2458494574ea3ebf79,2
1125,Apache,HBASE,2048,0.20.2,0.90.0,apache/hbase,d3cd7d185e9679bdb629e3fd3136252ff8f8481a,1
1126,Apache,HBASE,2026,0.20.2,0.90.0,apache/hbase,d3cd7d185e9679bdb629e3fd3136252ff8f8481a,1
1127,Apache,HBASE,2280,0.20.3,0.90.0,apache/hbase,a2b06abd3d818e1969381efa592e6b1a35af3b65,1
1128,Apache,HBASE,2063,0.20.3,0.90.0,apache/hbase,a2b06abd3d818e1969381efa592e6b1a35af3b65,1
1129,Apache,HBASE,2023,0.20.2,0.90.0,apache/hbase,d3cd7d185e9679bdb629e3fd3136252ff8f8481a,1
1130,Apache,HBASE,1876,0.20.0,0.90.0,apache/hbase,1d51b88c4514455810a50b2458494574ea3ebf79,7
1131,Apache,HBASE,1888,0.20.0,0.92.0,apache/hbase,1d51b88c4514455810a50b2458494574ea3ebf79,1
1132,Apache,HBASE,3636,0.89.20100621,0.90.2,apache/hbase,9967e21a2273392f541565aa94b2e71cbe50ad43,2
1134,Apache,HBASE,4470,0.90.4,0.92.2,apache/hbase,4a8b5eaf13e9070f8a997211933cf5d3764fce36,1
1135,Apache,HBASE,4931,0.90.4,0.99.0,apache/hbase,4a8b5eaf13e9070f8a997211933cf5d3764fce36,1
1136,Apache,HBASE,5128,0.90.5,0.94.0,apache/hbase,6dec838874ef6ac421d1af55a826e56f0d1e6698,14
1137,Apache,HBASE,5970,0.90.5,0.95.0,apache/hbase,6dec838874ef6ac421d1af55a826e56f0d1e6698,1
1138,Apache,HBASE,5714,0.90.6,0.94.2,apache/hbase,9f950a067253a89ef584caeef7336c6fe019f421,2
1139,Apache,HBASE,4536,0.92.0,0.94.0,apache/hbase,6ba4e7c94d455949c78c7b0d47672d004452d90f,20
1140,Apache,HBASE,6265,0.92.0,0.95.0,apache/hbase,6ba4e7c94d455949c78c7b0d47672d004452d90f,2
1141,Apache,HBASE,6565,0.92.2,0.94.2,apache/hbase,6d3ac7a53719497d11ae29224b95a36da910b091,1
1142,Apache,HBASE,5372,0.94.0,0.95.0,apache/hbase,3546011c57f8eb7a21045119ebca651f167cb058,2
1143,Apache,HBASE,5876,0.94.0,0.95.0,apache/hbase,3546011c57f8eb7a21045119ebca651f167cb058,3
1144,Apache,HBASE,6263,0.94.0,0.94.2,apache/hbase,3546011c57f8eb7a21045119ebca651f167cb058,1
1145,Apache,HBASE,6529,0.94.0,0.94.2,apache/hbase,3546011c57f8eb7a21045119ebca651f167cb058,1
1146,Apache,HBASE,6330,0.94.1,0.95.1,apache/hbase,2fd647d99e4aae7da71cebb9efd017eebfe0e4fb,4
1147,Apache,HBASE,6870,0.94.1,0.95.1,apache/hbase,2fd647d99e4aae7da71cebb9efd017eebfe0e4fb,1
1148,Apache,HBASE,11052,0.94.18,0.99.0,apache/hbase,d3be66c36d47f86c1720a681f71cd66ed73cdd7c,2
1149,Apache,HBASE,7122,0.94.2,0.95.1,apache/hbase,f554bb5d8424bff17115c8f85bfed521d3957627,1
1150,Apache,HBASE,11625,0.94.21,rel/2.0.0,apache/hbase,83b4a1ee9b9a2fa4c7ae1739259e041cabe8edc2,3
1151,Apache,HBASE,13651,0.94.27,rel/2.0.0,apache/hbase,fb434617716493eac82b55180b0bbd653beb90bf,2
1152,Apache,HBASE,7693,0.94.3,0.95.0,apache/hbase,1a52cb9a955bd9a8d377b00b550bb5da5c71c7c4,1
1153,Apache,HBASE,8044,0.94.5,0.95.0,apache/hbase,85088ed48c41778b332cc8742746f08d9807080e,1
1154,Apache,HBASE,8212,0.94.6,0.94.7,apache/hbase,b50896be9b310197642823856feb162fb1e234fd,5
1155,Apache,HBASE,8207,0.94.6,0.95.0,apache/hbase,b50896be9b310197642823856feb162fb1e234fd,5
1156,Apache,HBASE,8781,0.94.8,0.98.0,apache/hbase,3eacd2b75ff00e4970e0a01d73c4b39c01613aa4,1
1157,Apache,HBASE,7770,0.94.9,0.98.0,apache/hbase,181306a48ba8e30e7c74e2b2c285247d6f09e4db,2
1158,Apache,HBASE,7581,0.95.2,0.95.0,apache/hbase,20b4689f9673e4bbcb3d4e88544b9100819235c2,2
1159,Apache,HBASE,10020,0.95.2,0.98.0,apache/hbase,20b4689f9673e4bbcb3d4e88544b9100819235c2,10
1160,Apache,HBASE,10448,hbase-0.96.0,0.98.0,apache/hbase,bf339d93f506352ece97bebd7a2e25bfc4b4bbed,1
1161,Apache,HBASE,10622,hbase-0.96.0,0.96.2,apache/hbase,bf339d93f506352ece97bebd7a2e25bfc4b4bbed,1
1162,Apache,HBASE,12791,0.98.0,1.0.0,apache/hbase,96692a87c5e28fddee956046822e65e7955811e3,5
1163,Apache,HBASE,10831,0.98.1,0.99.0,apache/hbase,7d49aa5cb1ec287465e7e765154329c0c6832164,4
1164,Apache,HBASE,11039,0.98.1,0.98.4,apache/hbase,7d49aa5cb1ec287465e7e765154329c0c6832164,4
1165,Apache,HBASE,15430,0.98.11,rel/2.0.0,apache/hbase,6e6cf74c1161035545d95921816121eb3a516fe0,2
1166,Apache,HBASE,13317,0.98.12,rel/2.0.0,apache/hbase,bbf8bf4362e858bd9bd0511c9289c31b09b7a927,2
1167,Apache,HBASE,13608,0.98.12,rel/2.0.0,apache/hbase,bbf8bf4362e858bd9bd0511c9289c31b09b7a927,1
1168,Apache,HBASE,13694,0.98.12,rel/2.0.0,apache/hbase,bbf8bf4362e858bd9bd0511c9289c31b09b7a927,1
1169,Apache,HBASE,13779,0.98.12.1,rel/2.0.0,apache/hbase,b00ec5da604d64a0bdc7d92452b1e0559f0f5d73,5
1170,Apache,HBASE,13995,0.98.12.1,rel/2.0.0,apache/hbase,b00ec5da604d64a0bdc7d92452b1e0559f0f5d73,2
1171,Apache,HBASE,14050,0.98.12.1,rel/2.0.0,apache/hbase,b00ec5da604d64a0bdc7d92452b1e0559f0f5d73,1
1172,Apache,HBASE,13706,0.98.12,rel/2.0.0,apache/hbase,bbf8bf4362e858bd9bd0511c9289c31b09b7a927,1
1173,Apache,HBASE,14598,0.98.12,rel/2.0.0,apache/hbase,bbf8bf4362e858bd9bd0511c9289c31b09b7a927,2
1174,Apache,HBASE,13668,0.98.13,rel/2.0.0,apache/hbase,8f54f8daf8cf4d1a629f8ed62363be29141c1b6e,1
1175,Apache,HBASE,13647,0.98.13,rel/2.0.0,apache/hbase,8f54f8daf8cf4d1a629f8ed62363be29141c1b6e,1
1176,Apache,HBASE,13826,0.98.13,rel/2.0.0,apache/hbase,8f54f8daf8cf4d1a629f8ed62363be29141c1b6e,2
1177,Apache,HBASE,13873,0.98.13,rel/2.0.0,apache/hbase,8f54f8daf8cf4d1a629f8ed62363be29141c1b6e,1
1178,Apache,HBASE,13933,0.98.13,rel/2.0.0,apache/hbase,8f54f8daf8cf4d1a629f8ed62363be29141c1b6e,2
1179,Apache,HBASE,13969,0.98.13,rel/2.0.0,apache/hbase,8f54f8daf8cf4d1a629f8ed62363be29141c1b6e,1
1180,Apache,HBASE,13970,0.98.13,rel/2.0.0,apache/hbase,8f54f8daf8cf4d1a629f8ed62363be29141c1b6e,1
1181,Apache,HBASE,14042,0.98.13,rel/2.0.0,apache/hbase,8f54f8daf8cf4d1a629f8ed62363be29141c1b6e,1
1182,Apache,HBASE,13897,0.98.13,rel/2.0.0,apache/hbase,8f54f8daf8cf4d1a629f8ed62363be29141c1b6e,1
1183,Apache,HBASE,14196,0.98.13,rel/2.0.0,apache/hbase,8f54f8daf8cf4d1a629f8ed62363be29141c1b6e,2
1184,Apache,HBASE,14229,0.98.13,rel/2.0.0,apache/hbase,8f54f8daf8cf4d1a629f8ed62363be29141c1b6e,2
1185,Apache,HBASE,13770,0.98.13,rel/2.0.0,apache/hbase,8f54f8daf8cf4d1a629f8ed62363be29141c1b6e,6
1186,Apache,HBASE,15218,0.98.13,rel/2.0.0,apache/hbase,8f54f8daf8cf4d1a629f8ed62363be29141c1b6e,3
1187,Apache,HBASE,14192,0.98.13,rel/2.0.0,apache/hbase,8f54f8daf8cf4d1a629f8ed62363be29141c1b6e,1
1188,Apache,HBASE,15676,0.98.13,rel/2.0.0,apache/hbase,8f54f8daf8cf4d1a629f8ed62363be29141c1b6e,2
1189,Apache,HBASE,13776,0.98.14,rel/2.0.0,apache/hbase,4e4aabb93b52f1b0fef6b66edd06ec8923014dec,2
1190,Apache,HBASE,14209,0.98.14,rel/2.0.0,apache/hbase,4e4aabb93b52f1b0fef6b66edd06ec8923014dec,1
1191,Apache,HBASE,14359,0.98.14,rel/2.0.0,apache/hbase,4e4aabb93b52f1b0fef6b66edd06ec8923014dec,1
1192,Apache,HBASE,14510,0.98.14,rel/2.0.0,apache/hbase,4e4aabb93b52f1b0fef6b66edd06ec8923014dec,1
1193,Apache,HBASE,14463,0.98.14,rel/2.0.0,apache/hbase,4e4aabb93b52f1b0fef6b66edd06ec8923014dec,3
1194,Apache,HBASE,14347,0.98.15,rel/2.0.0,apache/hbase,9dacab20513f7840e11f905998c8dd609fdfed6a,2
1195,Apache,HBASE,14592,0.98.15,rel/2.0.0,apache/hbase,9dacab20513f7840e11f905998c8dd609fdfed6a,1
1196,Apache,HBASE,14591,0.98.15,rel/2.0.0,apache/hbase,9dacab20513f7840e11f905998c8dd609fdfed6a,2
1197,Apache,HBASE,14604,0.98.15,rel/2.0.0,apache/hbase,9dacab20513f7840e11f905998c8dd609fdfed6a,3
1198,Apache,HBASE,14761,0.98.15,rel/2.0.0,apache/hbase,9dacab20513f7840e11f905998c8dd609fdfed6a,2
1199,Apache,HBASE,15976,0.98.15,rel/2.0.0,apache/hbase,9dacab20513f7840e11f905998c8dd609fdfed6a,1
1200,Apache,HBASE,14777,0.98.16,rel/2.0.0,apache/hbase,0b96029377a1eeb8bf4a0f26da28379bcf71a731,4
1201,Apache,HBASE,14905,0.98.16,rel/2.0.0,apache/hbase,0b96029377a1eeb8bf4a0f26da28379bcf71a731,3
1202,Apache,HBASE,14926,0.98.16,rel/2.0.0,apache/hbase,0b96029377a1eeb8bf4a0f26da28379bcf71a731,3
1203,Apache,HBASE,14923,0.98.16,rel/2.0.0,apache/hbase,0b96029377a1eeb8bf4a0f26da28379bcf71a731,1
1204,Apache,HBASE,15052,0.98.16.1,rel/2.0.0,apache/hbase,403796f949b743fb7bb1d57348b80605501372e2,1
1205,Apache,HBASE,15216,0.98.16,rel/2.0.0,apache/hbase,0b96029377a1eeb8bf4a0f26da28379bcf71a731,1
1206,Apache,HBASE,15582,0.98.16.1,rel/2.0.0,apache/hbase,403796f949b743fb7bb1d57348b80605501372e2,1
1207,Apache,HBASE,15622,0.98.16.1,rel/2.0.0,apache/hbase,403796f949b743fb7bb1d57348b80605501372e2,1
1208,Apache,HBASE,15252,rel/0.98.17,rel/2.0.0,apache/hbase,d5f8300c082a75ce8edbbe08b66f077e7d663a4a,2
1209,Apache,HBASE,15393,rel/0.98.17,rel/2.0.0,apache/hbase,d5f8300c082a75ce8edbbe08b66f077e7d663a4a,2
1210,Apache,HBASE,15635,rel/0.98.17,rel/2.0.0,apache/hbase,d5f8300c082a75ce8edbbe08b66f077e7d663a4a,2
1211,Apache,HBASE,15664,rel/0.98.19,rel/2.0.0,apache/hbase,1e527e73bc539a04ba0fa4ed3c0a82c7e9dd7d15,2
1212,Apache,HBASE,15811,rel/0.98.19,rel/1.3.0,apache/hbase,1e527e73bc539a04ba0fa4ed3c0a82c7e9dd7d15,2
1213,Apache,HBASE,13945,0.98.2,rel/2.0.0,apache/hbase,7f57708da22668e7570629698777e229d5cf8039,4
1214,Apache,HBASE,16032,rel/0.98.20,rel/2.0.0,apache/hbase,9624f3a9eb76f84656a41de0e2099c97f949e831,2
1215,Apache,HBASE,16238,rel/0.98.20,rel/1.3.0,apache/hbase,9624f3a9eb76f84656a41de0e2099c97f949e831,1
1216,Apache,HBASE,16281,rel/0.98.20,rel/2.0.0,apache/hbase,9624f3a9eb76f84656a41de0e2099c97f949e831,1
1217,Apache,HBASE,16660,rel/0.98.20,rel/2.0.0,apache/hbase,9624f3a9eb76f84656a41de0e2099c97f949e831,2
1218,Apache,HBASE,16360,rel/0.98.21,rel/2.0.0,apache/hbase,c31627efc954e2dccb5994becb721384ce400f2d,1
1219,Apache,HBASE,16471,rel/0.98.21,rel/2.0.0,apache/hbase,c31627efc954e2dccb5994becb721384ce400f2d,2
1220,Apache,HBASE,16552,rel/0.98.21,rel/2.0.0,apache/hbase,c31627efc954e2dccb5994becb721384ce400f2d,1
1221,Apache,HBASE,16460,rel/0.98.22,rel/2.0.0,apache/hbase,daf57832da6ec9b1426a0c6fed44b2cc9482dde3,4
1222,Apache,HBASE,16612,rel/0.98.22,rel/2.0.0,apache/hbase,daf57832da6ec9b1426a0c6fed44b2cc9482dde3,1
1223,Apache,HBASE,16165,rel/0.98.22,rel/2.0.0,apache/hbase,daf57832da6ec9b1426a0c6fed44b2cc9482dde3,1
1224,Apache,HBASE,16723,rel/0.98.22,rel/2.0.0,apache/hbase,daf57832da6ec9b1426a0c6fed44b2cc9482dde3,1
1225,Apache,HBASE,11374,0.98.3,0.98.4,apache/hbase,7257dbc58fe27ec3b1b573707bb0a8f6fde3d462,1
1226,Apache,HBASE,13734,0.98.4,rel/2.0.0,apache/hbase,ed1a7896e41c88764cd360afaa315f979db9e989,2
1227,Apache,HBASE,14280,0.98.4,rel/2.0.0,apache/hbase,ed1a7896e41c88764cd360afaa315f979db9e989,1
1228,Apache,HBASE,14445,0.98.4,rel/2.0.0,apache/hbase,ed1a7896e41c88764cd360afaa315f979db9e989,1
1229,Apache,HBASE,15672,0.98.4,rel/2.0.0,apache/hbase,ed1a7896e41c88764cd360afaa315f979db9e989,1
1230,Apache,HBASE,14578,0.98.5,rel/2.0.0,apache/hbase,69d82e6e230e7f363eca9780011d6b6d05650556,5
1231,Apache,HBASE,12716,0.98.6,1.0.0,apache/hbase,3645223d354a81af8d3d1cdfca9b3d45426f9959,3
1232,Apache,HBASE,12717,0.98.6,rel/2.0.0,apache/hbase,3645223d354a81af8d3d1cdfca9b3d45426f9959,3
1233,Apache,HBASE,14054,0.98.6,rel/2.0.0,apache/hbase,3645223d354a81af8d3d1cdfca9b3d45426f9959,2
1234,Apache,HBASE,12198,0.98.7,rel/2.0.0,apache/hbase,ea8d5cda3177aa194d0e50dd2dca1575d10fa657,2
1235,Apache,HBASE,12373,0.98.7,1.0.0,apache/hbase,ea8d5cda3177aa194d0e50dd2dca1575d10fa657,7
1236,Apache,HBASE,12393,0.98.7,1.0.0,apache/hbase,ea8d5cda3177aa194d0e50dd2dca1575d10fa657,1
1237,Apache,HBASE,15221,0.98.7,rel/2.0.0,apache/hbase,ea8d5cda3177aa194d0e50dd2dca1575d10fa657,1
1238,Apache,HBASE,12832,0.98.8,1.0.0,apache/hbase,268619193787275cb68c034818ffcec32dda8416,1
1239,Apache,HBASE,12006,0.99.0,rel/2.0.0,apache/hbase,757a0952ce4674704d91a858b42ea94be8199b81,1
1240,Apache,HBASE,11542,0.99.0,rel/2.0.0,apache/hbase,757a0952ce4674704d91a858b42ea94be8199b81,1
1241,Apache,HBASE,12491,0.99.2,rel/2.0.0,apache/hbase,6a0c4f3bae1e92109393423472bd84097f096e75,1
1242,Apache,HBASE,13635,1.0.0,rel/2.0.0,apache/hbase,6c98bff7b719efdb16f71606f3b7d8229445eb81,3
1243,Apache,HBASE,13834,1.0.0,rel/2.0.0,apache/hbase,6c98bff7b719efdb16f71606f3b7d8229445eb81,1
1244,Apache,HBASE,13847,1.0.0,rel/2.0.0,apache/hbase,6c98bff7b719efdb16f71606f3b7d8229445eb81,1
1245,Apache,HBASE,13821,1.0.0,rel/2.0.0,apache/hbase,6c98bff7b719efdb16f71606f3b7d8229445eb81,1
1246,Apache,HBASE,14663,1.0.0,rel/2.0.0,apache/hbase,6c98bff7b719efdb16f71606f3b7d8229445eb81,1
1247,Apache,HBASE,14624,1.0.0,rel/2.0.0,apache/hbase,6c98bff7b719efdb16f71606f3b7d8229445eb81,1
1248,Apache,HBASE,14788,1.0.0,rel/2.0.0,apache/hbase,6c98bff7b719efdb16f71606f3b7d8229445eb81,3
1249,Apache,HBASE,15152,1.0.0,rel/2.0.0,apache/hbase,6c98bff7b719efdb16f71606f3b7d8229445eb81,1
1250,Apache,HBASE,15955,1.0.0,rel/2.0.0,apache/hbase,6c98bff7b719efdb16f71606f3b7d8229445eb81,1
1251,Apache,HBASE,13958,1.0.1.1,rel/2.0.0,apache/hbase,e1dbf4df30d214fca14908df71d038081577ea46,1
1252,Apache,HBASE,13997,1.0.1.1,rel/2.0.0,apache/hbase,e1dbf4df30d214fca14908df71d038081577ea46,2
1253,Apache,HBASE,14153,1.0.1,rel/2.0.0,apache/hbase,66a93c09df3b12ff7b86c39bc8475c60e15af82d,3
1254,Apache,HBASE,14224,1.0.1,rel/2.0.0,apache/hbase,66a93c09df3b12ff7b86c39bc8475c60e15af82d,4
1255,Apache,HBASE,16244,1.0.1.1,rel/2.0.0,apache/hbase,e1dbf4df30d214fca14908df71d038081577ea46,2
1256,Apache,HBASE,14759,1.0.2,rel/2.0.0,apache/hbase,76745a2cbffe08b812be16e0e19e637a23a923c5,2
1257,Apache,HBASE,14809,1.0.2,rel/2.0.0,apache/hbase,76745a2cbffe08b812be16e0e19e637a23a923c5,2
1258,Apache,HBASE,14717,1.0.2,rel/2.0.0,apache/hbase,76745a2cbffe08b812be16e0e19e637a23a923c5,3
1259,Apache,HBASE,14770,rel/1.0.3,rel/2.0.0,apache/hbase,f1e1312f9790a7c40f6a4b5a1bab2ea1dd559890,2
1260,Apache,HBASE,16294,rel/1.0.3,rel/2.0.0,apache/hbase,f1e1312f9790a7c40f6a4b5a1bab2ea1dd559890,1
1261,Apache,HBASE,13607,1.1.0,rel/2.0.0,apache/hbase,e860c66d41ddc8231004b646098a58abca7fb523,1
1262,Apache,HBASE,13617,1.1.0,rel/2.0.0,apache/hbase,e860c66d41ddc8231004b646098a58abca7fb523,1
1263,Apache,HBASE,13704,1.1.0,rel/2.0.0,apache/hbase,e860c66d41ddc8231004b646098a58abca7fb523,2
1264,Apache,HBASE,13711,1.1.0,rel/2.0.0,apache/hbase,e860c66d41ddc8231004b646098a58abca7fb523,2
1265,Apache,HBASE,13731,1.1.0,rel/2.0.0,apache/hbase,e860c66d41ddc8231004b646098a58abca7fb523,1
1266,Apache,HBASE,13741,1.1.0,rel/2.0.0,apache/hbase,e860c66d41ddc8231004b646098a58abca7fb523,1
1267,Apache,HBASE,13733,1.1.0,rel/2.0.0,apache/hbase,e860c66d41ddc8231004b646098a58abca7fb523,1
1268,Apache,HBASE,13802,1.1.0,rel/2.0.0,apache/hbase,e860c66d41ddc8231004b646098a58abca7fb523,2
1269,Apache,HBASE,13809,1.1.0,rel/2.0.0,apache/hbase,e860c66d41ddc8231004b646098a58abca7fb523,1
1270,Apache,HBASE,13824,1.1.0,rel/2.0.0,apache/hbase,e860c66d41ddc8231004b646098a58abca7fb523,1
1271,Apache,HBASE,13878,1.1.0,rel/2.0.0,apache/hbase,e860c66d41ddc8231004b646098a58abca7fb523,1
1272,Apache,HBASE,13892,1.1.0,rel/2.0.0,apache/hbase,e860c66d41ddc8231004b646098a58abca7fb523,2
1273,Apache,HBASE,13833,1.1.0.1,rel/2.0.0,apache/hbase,4de7d45cb593f98ae5d020080cbc7116d3e9d9a0,1
1274,Apache,HBASE,13843,1.1.0,rel/2.0.0,apache/hbase,e860c66d41ddc8231004b646098a58abca7fb523,1
1275,Apache,HBASE,13923,1.1.0.1,rel/2.0.0,apache/hbase,4de7d45cb593f98ae5d020080cbc7116d3e9d9a0,2
1276,Apache,HBASE,13978,1.1.0.1,rel/2.0.0,apache/hbase,4de7d45cb593f98ae5d020080cbc7116d3e9d9a0,1
1277,Apache,HBASE,14155,1.1.0,rel/2.0.0,apache/hbase,e860c66d41ddc8231004b646098a58abca7fb523,1
1278,Apache,HBASE,14206,1.1.0,rel/2.0.0,apache/hbase,e860c66d41ddc8231004b646098a58abca7fb523,2
1279,Apache,HBASE,14166,1.1.0.1,rel/2.0.0,apache/hbase,4de7d45cb593f98ae5d020080cbc7116d3e9d9a0,11
1280,Apache,HBASE,14145,1.1.0.1,rel/2.0.0,apache/hbase,4de7d45cb593f98ae5d020080cbc7116d3e9d9a0,1
1281,Apache,HBASE,13858,1.1.0,rel/2.0.0,apache/hbase,e860c66d41ddc8231004b646098a58abca7fb523,1
1282,Apache,HBASE,13982,1.1.0.1,rel/2.0.0,apache/hbase,4de7d45cb593f98ae5d020080cbc7116d3e9d9a0,1
1283,Apache,HBASE,15319,1.1.0.1,rel/2.0.0,apache/hbase,4de7d45cb593f98ae5d020080cbc7116d3e9d9a0,1
1284,Apache,HBASE,13905,1.1.1,rel/2.0.0,apache/hbase,d0a115a7267f54e01c72c603ec53e91ec418292f,1
1285,Apache,HBASE,13888,1.1.1,rel/2.0.0,apache/hbase,d0a115a7267f54e01c72c603ec53e91ec418292f,4
1286,Apache,HBASE,14228,1.1.1,rel/2.0.0,apache/hbase,d0a115a7267f54e01c72c603ec53e91ec418292f,1
1287,Apache,HBASE,15247,1.1.1,rel/2.0.0,apache/hbase,d0a115a7267f54e01c72c603ec53e91ec418292f,2
1288,Apache,HBASE,15290,1.1.1,rel/2.0.0,apache/hbase,d0a115a7267f54e01c72c603ec53e91ec418292f,3
1289,Apache,HBASE,15323,1.1.1,rel/2.0.0,apache/hbase,d0a115a7267f54e01c72c603ec53e91ec418292f,4
1290,Apache,HBASE,15287,1.1.1,rel/2.0.0,apache/hbase,d0a115a7267f54e01c72c603ec53e91ec418292f,12
1291,Apache,HBASE,16464,1.1.1,rel/2.0.0,apache/hbase,d0a115a7267f54e01c72c603ec53e91ec418292f,6
1292,Apache,HBASE,14705,1.1.2,rel/2.0.0,apache/hbase,cc2b70cf03e3378800661ec5cab11eb43fafe0fc,1
1293,Apache,HBASE,14784,1.1.2,rel/2.0.0,apache/hbase,cc2b70cf03e3378800661ec5cab11eb43fafe0fc,2
1294,Apache,HBASE,14778,1.1.2,rel/2.0.0,apache/hbase,cc2b70cf03e3378800661ec5cab11eb43fafe0fc,3
1295,Apache,HBASE,14793,1.1.2,rel/2.0.0,apache/hbase,cc2b70cf03e3378800661ec5cab11eb43fafe0fc,10
1296,Apache,HBASE,14936,1.1.2,rel/2.0.0,apache/hbase,cc2b70cf03e3378800661ec5cab11eb43fafe0fc,2
1297,Apache,HBASE,15120,1.1.2,rel/1.1.4,apache/hbase,cc2b70cf03e3378800661ec5cab11eb43fafe0fc,1
1298,Apache,HBASE,16359,1.1.2,rel/2.0.0,apache/hbase,cc2b70cf03e3378800661ec5cab11eb43fafe0fc,1
1299,Apache,HBASE,16367,1.1.2,rel/2.0.0,apache/hbase,cc2b70cf03e3378800661ec5cab11eb43fafe0fc,2
1300,Apache,HBASE,16429,1.1.2,rel/2.0.0,apache/hbase,cc2b70cf03e3378800661ec5cab11eb43fafe0fc,2
1301,Apache,HBASE,15279,rel/1.1.3,rel/2.0.0,apache/hbase,72bc50f5fafeb105b2139e42bbee3d61ca724989,2
1302,Apache,HBASE,15358,rel/1.1.3,rel/2.0.0,apache/hbase,72bc50f5fafeb105b2139e42bbee3d61ca724989,1
1303,Apache,HBASE,15378,rel/1.1.3,rel/2.0.0,apache/hbase,72bc50f5fafeb105b2139e42bbee3d61ca724989,2
1304,Apache,HBASE,15325,rel/1.1.3,rel/2.0.0,apache/hbase,72bc50f5fafeb105b2139e42bbee3d61ca724989,3
1305,Apache,HBASE,15324,rel/1.1.3,rel/2.0.0,apache/hbase,72bc50f5fafeb105b2139e42bbee3d61ca724989,2
1306,Apache,HBASE,15485,rel/1.1.3,rel/2.0.0,apache/hbase,72bc50f5fafeb105b2139e42bbee3d61ca724989,2
1307,Apache,HBASE,16649,rel/1.1.3,rel/2.0.0,apache/hbase,72bc50f5fafeb105b2139e42bbee3d61ca724989,6
1308,Apache,HBASE,14963,rel/1.1.4,rel/2.0.0,apache/hbase,14c0e77956f9bb4c6edf0378474264843e4a82c3,1
1309,Apache,HBASE,15636,rel/1.1.4,rel/2.0.0,apache/hbase,14c0e77956f9bb4c6edf0378474264843e4a82c3,1
1310,Apache,HBASE,16572,rel/1.1.4,rel/2.0.0,apache/hbase,14c0e77956f9bb4c6edf0378474264843e4a82c3,2
1311,Apache,HBASE,15880,rel/1.1.5,rel/1.3.0,apache/hbase,239b80456118175b340b2e562a5568b5c744252e,1
1312,Apache,HBASE,16207,rel/1.1.5,rel/2.0.0,apache/hbase,239b80456118175b340b2e562a5568b5c744252e,1
1313,Apache,HBASE,16368,rel/1.1.5,rel/2.0.0,apache/hbase,239b80456118175b340b2e562a5568b5c744252e,1
1314,Apache,HBASE,16283,rel/1.1.5,rel/2.0.0,apache/hbase,239b80456118175b340b2e562a5568b5c744252e,5
1315,Apache,HBASE,16017,rel/1.1.6,rel/2.0.0,apache/hbase,2039d967835afd066676b83f0bcb722cc55fdde3,1
1316,Apache,HBASE,16856,rel/1.1.7,rel/2.0.0,apache/hbase,e7ee6fa201c4fb1962f8928df3d519b70b4ff717,1
1317,Apache,HBASE,16889,rel/1.1.7,rel/2.0.0,apache/hbase,e7ee6fa201c4fb1962f8928df3d519b70b4ff717,1
1318,Apache,HBASE,16931,rel/1.1.7,rel/2.0.0,apache/hbase,e7ee6fa201c4fb1962f8928df3d519b70b4ff717,2
1319,Apache,HBASE,17039,rel/1.1.7,rel/2.0.0,apache/hbase,e7ee6fa201c4fb1962f8928df3d519b70b4ff717,1
1320,Apache,HBASE,17058,rel/1.1.7,rel/2.0.0,apache/hbase,e7ee6fa201c4fb1962f8928df3d519b70b4ff717,1
1321,Apache,HBASE,13813,rel/1.2.0,rel/2.0.0,apache/hbase,25b281972df2f5b15c426c8963cbf77dd853a5ad,1
1322,Apache,HBASE,14076,rel/1.2.0,rel/2.0.0,apache/hbase,25b281972df2f5b15c426c8963cbf77dd853a5ad,2
1323,Apache,HBASE,14106,rel/1.2.0,rel/2.0.0,apache/hbase,25b281972df2f5b15c426c8963cbf77dd853a5ad,1
1324,Apache,HBASE,14115,rel/1.2.0,rel/2.0.0,apache/hbase,25b281972df2f5b15c426c8963cbf77dd853a5ad,1
1325,Apache,HBASE,14146,rel/1.2.0,rel/2.0.0,apache/hbase,25b281972df2f5b15c426c8963cbf77dd853a5ad,1
1326,Apache,HBASE,14384,rel/1.2.0,rel/2.0.0,apache/hbase,25b281972df2f5b15c426c8963cbf77dd853a5ad,1
1327,Apache,HBASE,14473,rel/1.2.0,rel/2.0.0,apache/hbase,25b281972df2f5b15c426c8963cbf77dd853a5ad,1
1328,Apache,HBASE,14555,rel/1.2.0,rel/2.0.0,apache/hbase,25b281972df2f5b15c426c8963cbf77dd853a5ad,1
1329,Apache,HBASE,14211,rel/1.2.0,rel/2.0.0,apache/hbase,25b281972df2f5b15c426c8963cbf77dd853a5ad,6
1330,Apache,HBASE,14597,rel/1.2.0,rel/2.0.0,apache/hbase,25b281972df2f5b15c426c8963cbf77dd853a5ad,3
1331,Apache,HBASE,14658,rel/1.2.0,rel/2.0.0,apache/hbase,25b281972df2f5b15c426c8963cbf77dd853a5ad,1
1332,Apache,HBASE,14257,rel/1.2.0,rel/2.0.0,apache/hbase,25b281972df2f5b15c426c8963cbf77dd853a5ad,2
1333,Apache,HBASE,14742,rel/1.2.0,rel/2.0.0,apache/hbase,25b281972df2f5b15c426c8963cbf77dd853a5ad,1
1334,Apache,HBASE,14723,rel/1.2.0,rel/2.0.0,apache/hbase,25b281972df2f5b15c426c8963cbf77dd853a5ad,1
1335,Apache,HBASE,14706,rel/1.2.0,rel/2.0.0,apache/hbase,25b281972df2f5b15c426c8963cbf77dd853a5ad,1
1336,Apache,HBASE,14781,rel/1.2.0,rel/2.0.0,apache/hbase,25b281972df2f5b15c426c8963cbf77dd853a5ad,1
1337,Apache,HBASE,14802,rel/1.2.0,rel/2.0.0,apache/hbase,25b281972df2f5b15c426c8963cbf77dd853a5ad,3
1338,Apache,HBASE,14812,rel/1.2.0,rel/2.0.0,apache/hbase,25b281972df2f5b15c426c8963cbf77dd853a5ad,2
1339,Apache,HBASE,14942,rel/1.2.0,rel/2.0.0,apache/hbase,25b281972df2f5b15c426c8963cbf77dd853a5ad,1
1340,Apache,HBASE,14953,rel/1.2.0,rel/2.0.0,apache/hbase,25b281972df2f5b15c426c8963cbf77dd853a5ad,1
1341,Apache,HBASE,14838,rel/1.2.0,rel/2.0.0,apache/hbase,25b281972df2f5b15c426c8963cbf77dd853a5ad,1
1342,Apache,HBASE,14843,rel/1.2.0,rel/2.0.0,apache/hbase,25b281972df2f5b15c426c8963cbf77dd853a5ad,2
1343,Apache,HBASE,15001,rel/1.2.0,rel/2.0.0,apache/hbase,25b281972df2f5b15c426c8963cbf77dd853a5ad,3
1344,Apache,HBASE,14867,rel/1.2.0,rel/2.0.0,apache/hbase,25b281972df2f5b15c426c8963cbf77dd853a5ad,2
1345,Apache,HBASE,15104,rel/1.2.0,rel/2.0.0,apache/hbase,25b281972df2f5b15c426c8963cbf77dd853a5ad,1
1346,Apache,HBASE,14512,rel/1.2.0,rel/2.0.0,apache/hbase,25b281972df2f5b15c426c8963cbf77dd853a5ad,4
1347,Apache,HBASE,14771,rel/1.2.0,rel/2.0.0,apache/hbase,25b281972df2f5b15c426c8963cbf77dd853a5ad,2
1348,Apache,HBASE,15102,rel/1.2.0,rel/2.0.0,apache/hbase,25b281972df2f5b15c426c8963cbf77dd853a5ad,2
1349,Apache,HBASE,15098,rel/1.2.0,rel/2.0.0,apache/hbase,25b281972df2f5b15c426c8963cbf77dd853a5ad,2
1350,Apache,HBASE,15079,rel/1.2.0,rel/2.0.0,apache/hbase,25b281972df2f5b15c426c8963cbf77dd853a5ad,1
1351,Apache,HBASE,15285,rel/1.2.0,rel/2.0.0,apache/hbase,25b281972df2f5b15c426c8963cbf77dd853a5ad,4
1352,Apache,HBASE,15315,rel/1.2.0,rel/2.0.0,apache/hbase,25b281972df2f5b15c426c8963cbf77dd853a5ad,2
1353,Apache,HBASE,15137,rel/1.2.0,rel/2.0.0,apache/hbase,25b281972df2f5b15c426c8963cbf77dd853a5ad,5
1354,Apache,HBASE,14256,rel/1.2.0,rel/2.0.0,apache/hbase,25b281972df2f5b15c426c8963cbf77dd853a5ad,1
1355,Apache,HBASE,15548,rel/1.2.0,rel/2.0.0,apache/hbase,25b281972df2f5b15c426c8963cbf77dd853a5ad,1
1356,Apache,HBASE,15591,rel/1.2.0,rel/2.0.0,apache/hbase,25b281972df2f5b15c426c8963cbf77dd853a5ad,1
1357,Apache,HBASE,15093,rel/1.2.0,rel/2.0.0,apache/hbase,25b281972df2f5b15c426c8963cbf77dd853a5ad,5
1358,Apache,HBASE,15773,rel/1.2.0,rel/1.3.0,apache/hbase,25b281972df2f5b15c426c8963cbf77dd853a5ad,2
1359,Apache,HBASE,15465,rel/1.2.0,rel/2.0.0,apache/hbase,25b281972df2f5b15c426c8963cbf77dd853a5ad,2
1360,Apache,HBASE,14818,rel/1.2.0,rel/2.0.0,apache/hbase,25b281972df2f5b15c426c8963cbf77dd853a5ad,2
1361,Apache,HBASE,15698,rel/1.2.0,rel/2.0.0,apache/hbase,25b281972df2f5b15c426c8963cbf77dd853a5ad,1
1362,Apache,HBASE,16221,rel/1.2.0,rel/2.0.0,apache/hbase,25b281972df2f5b15c426c8963cbf77dd853a5ad,3
1363,Apache,HBASE,16096,rel/1.2.0,rel/2.0.0,apache/hbase,25b281972df2f5b15c426c8963cbf77dd853a5ad,2
1364,Apache,HBASE,16528,rel/1.2.0,rel/2.0.0,apache/hbase,25b281972df2f5b15c426c8963cbf77dd853a5ad,5
1365,Apache,HBASE,16375,rel/1.2.0,rel/2.0.0,apache/hbase,25b281972df2f5b15c426c8963cbf77dd853a5ad,2
1366,Apache,HBASE,15297,rel/1.2.0,rel/2.0.0,apache/hbase,25b281972df2f5b15c426c8963cbf77dd853a5ad,2
1367,Apache,HBASE,15884,rel/1.2.1,rel/2.0.0,apache/hbase,8d8a7107dc4ccbf36a92f64675dc60392f85c015,1
1368,Apache,HBASE,15946,rel/1.2.1,rel/2.0.0,apache/hbase,8d8a7107dc4ccbf36a92f64675dc60392f85c015,1
1369,Apache,HBASE,16304,rel/1.2.2,rel/2.0.0,apache/hbase,3f671c1ead70d249ea4598f1bbcc5151322b3a13,1
1370,Apache,HBASE,13971,rel/1.3.0,rel/2.0.0,apache/hbase,e359c76e8d9fd0d67396456f92bcbad9ecd7a710,2
1371,Apache,HBASE,14092,rel/1.3.0,rel/2.0.0,apache/hbase,e359c76e8d9fd0d67396456f92bcbad9ecd7a710,1
1372,Apache,HBASE,14885,rel/1.3.0,rel/2.0.0,apache/hbase,e359c76e8d9fd0d67396456f92bcbad9ecd7a710,1
1373,Apache,HBASE,15000,rel/1.3.0,rel/2.0.0,apache/hbase,e359c76e8d9fd0d67396456f92bcbad9ecd7a710,1
1374,Apache,HBASE,15028,rel/1.3.0,rel/2.0.0,apache/hbase,e359c76e8d9fd0d67396456f92bcbad9ecd7a710,1
1375,Apache,HBASE,15030,rel/1.3.0,rel/2.0.0,apache/hbase,e359c76e8d9fd0d67396456f92bcbad9ecd7a710,1
1376,Apache,HBASE,15034,rel/1.3.0,rel/2.0.0,apache/hbase,e359c76e8d9fd0d67396456f92bcbad9ecd7a710,1
1377,Apache,HBASE,15397,rel/1.3.0,rel/2.0.0,apache/hbase,e359c76e8d9fd0d67396456f92bcbad9ecd7a710,3
1378,Apache,HBASE,15425,rel/1.3.0,rel/2.0.0,apache/hbase,e359c76e8d9fd0d67396456f92bcbad9ecd7a710,1
1379,Apache,HBASE,15515,rel/1.3.0,rel/2.0.0,apache/hbase,e359c76e8d9fd0d67396456f92bcbad9ecd7a710,3
1380,Apache,HBASE,15578,rel/1.3.0,rel/2.0.0,apache/hbase,e359c76e8d9fd0d67396456f92bcbad9ecd7a710,2
1381,Apache,HBASE,15637,rel/1.3.0,rel/2.0.0,apache/hbase,e359c76e8d9fd0d67396456f92bcbad9ecd7a710,1
1382,Apache,HBASE,15504,rel/1.3.0,rel/2.0.0,apache/hbase,e359c76e8d9fd0d67396456f92bcbad9ecd7a710,1
1383,Apache,HBASE,15668,rel/1.3.0,rel/2.0.0,apache/hbase,e359c76e8d9fd0d67396456f92bcbad9ecd7a710,1
1384,Apache,HBASE,15360,rel/1.3.0,rel/2.0.0,apache/hbase,e359c76e8d9fd0d67396456f92bcbad9ecd7a710,3
1385,Apache,HBASE,15634,rel/1.4.0,rel/2.0.0,apache/hbase,10b9b9fae6b557157644fb9a0dc641bb8cb26e39,2
1386,Apache,HBASE,15697,rel/1.3.0,rel/2.0.0,apache/hbase,e359c76e8d9fd0d67396456f92bcbad9ecd7a710,1
1387,Apache,HBASE,16047,rel/1.3.0,rel/2.0.0,apache/hbase,e359c76e8d9fd0d67396456f92bcbad9ecd7a710,1
1388,Apache,HBASE,16058,rel/1.4.0,rel/2.0.0,apache/hbase,10b9b9fae6b557157644fb9a0dc641bb8cb26e39,1
1389,Apache,HBASE,16160,rel/1.3.0,rel/2.0.0,apache/hbase,e359c76e8d9fd0d67396456f92bcbad9ecd7a710,2
1390,Apache,HBASE,16081,rel/1.3.0,rel/2.0.0,apache/hbase,e359c76e8d9fd0d67396456f92bcbad9ecd7a710,3
1391,Apache,HBASE,16293,rel/1.4.0,rel/2.0.0,apache/hbase,10b9b9fae6b557157644fb9a0dc641bb8cb26e39,1
1392,Apache,HBASE,16309,rel/1.4.0,rel/2.0.0,apache/hbase,10b9b9fae6b557157644fb9a0dc641bb8cb26e39,2
1393,Apache,HBASE,16739,rel/1.4.0,rel/2.0.0,apache/hbase,10b9b9fae6b557157644fb9a0dc641bb8cb26e39,1
1394,Apache,HBASE,16644,rel/1.3.0,rel/2.0.0,apache/hbase,e359c76e8d9fd0d67396456f92bcbad9ecd7a710,1
1395,Apache,HBASE,16699,rel/1.4.0,rel/2.0.0,apache/hbase,10b9b9fae6b557157644fb9a0dc641bb8cb26e39,9
1396,Apache,HBASE,16788,rel/1.3.0,rel/2.0.0,apache/hbase,e359c76e8d9fd0d67396456f92bcbad9ecd7a710,1
1397,Apache,HBASE,16810,rel/1.3.0,rel/2.0.0,apache/hbase,e359c76e8d9fd0d67396456f92bcbad9ecd7a710,3
1398,Apache,HBASE,16752,rel/1.3.0,rel/2.0.0,apache/hbase,e359c76e8d9fd0d67396456f92bcbad9ecd7a710,4
1399,Apache,HBASE,16815,rel/1.3.0,rel/2.0.0,apache/hbase,e359c76e8d9fd0d67396456f92bcbad9ecd7a710,1
1400,Apache,HBASE,16980,rel/1.2.4,rel/2.0.0,apache/hbase,67592f3d062743907f8c5ae00dbbe1ae4f69e5af,1
1401,Apache,HBASE,17032,rel/1.3.0,rel/2.0.0,apache/hbase,e359c76e8d9fd0d67396456f92bcbad9ecd7a710,2
1402,Apache,HBASE,16992,rel/1.3.0,rel/2.0.0,apache/hbase,e359c76e8d9fd0d67396456f92bcbad9ecd7a710,3
1403,Apache,HIVE,3197,release-0.10.0,release-0.11.0,apache/hive,7dde7825d80165e24497c6ae560407d4c0c42e2c,9
1404,Apache,HIVE,3709,release-0.10.0,release-0.11.0,apache/hive,7dde7825d80165e24497c6ae560407d4c0c42e2c,1
1405,Apache,HIVE,3428,release-0.10.0,release-0.11.0,apache/hive,7dde7825d80165e24497c6ae560407d4c0c42e2c,1
1406,Apache,HIVE,3308,release-0.10.0,release-0.11.0,apache/hive,7dde7825d80165e24497c6ae560407d4c0c42e2c,1
1407,Apache,HIVE,3384,release-0.10.0,release-0.11.0,apache/hive,7dde7825d80165e24497c6ae560407d4c0c42e2c,9
1408,Apache,HIVE,4911,release-0.11.0,release-0.12.0,apache/hive,383fce63cb591359d27883be670d4155752cb181,10
1409,Apache,HIVE,5056,release-0.11.0,release-0.12.0,apache/hive,383fce63cb591359d27883be670d4155752cb181,1
1410,Apache,HIVE,5256,release-0.11.0,release-0.13.0,apache/hive,383fce63cb591359d27883be670d4155752cb181,1
1411,Apache,HIVE,4619,release-0.11.0,release-0.12.0,apache/hive,383fce63cb591359d27883be670d4155752cb181,1
1412,Apache,HIVE,5102,release-0.11.0,release-0.13.0,apache/hive,383fce63cb591359d27883be670d4155752cb181,9
1413,Apache,HIVE,6652,release-0.11.0,release-0.14.0,apache/hive,383fce63cb591359d27883be670d4155752cb181,1
1414,Apache,HIVE,5447,release-0.11.0,release-0.14.0,apache/hive,383fce63cb591359d27883be670d4155752cb181,2
1415,Apache,HIVE,6198,release-0.11.0,release-1.0.0,apache/hive,383fce63cb591359d27883be670d4155752cb181,1
1416,Apache,HIVE,2372,release-0.12.0,release-0.10.0,apache/hive,b77a6caafbba087bea617e87b566b5b55ff102f6,3
1417,Apache,HIVE,5204,release-0.12.0,release-0.13.0,apache/hive,b77a6caafbba087bea617e87b566b5b55ff102f6,3
1418,Apache,HIVE,5511,release-0.12.0,release-0.13.0,apache/hive,b77a6caafbba087bea617e87b566b5b55ff102f6,13
1419,Apache,HIVE,5680,release-0.12.0,release-0.13.0,apache/hive,b77a6caafbba087bea617e87b566b5b55ff102f6,1
1420,Apache,HIVE,5515,release-0.12.0,release-0.13.0,apache/hive,b77a6caafbba087bea617e87b566b5b55ff102f6,1
1421,Apache,HIVE,6159,release-0.12.0,release-0.13.0,apache/hive,b77a6caafbba087bea617e87b566b5b55ff102f6,6
1422,Apache,HIVE,6209,release-0.12.0,release-0.13.0,apache/hive,b77a6caafbba087bea617e87b566b5b55ff102f6,1
1423,Apache,HIVE,5926,release-0.12.0,release-0.13.0,apache/hive,b77a6caafbba087bea617e87b566b5b55ff102f6,1
1424,Apache,HIVE,5218,release-0.12.0,release-0.13.0,apache/hive,b77a6caafbba087bea617e87b566b5b55ff102f6,1
1425,Apache,HIVE,5901,release-0.12.0,release-0.13.0,apache/hive,b77a6caafbba087bea617e87b566b5b55ff102f6,4
1426,Apache,HIVE,5099,release-0.12.0,release-0.13.0,apache/hive,b77a6caafbba087bea617e87b566b5b55ff102f6,1
1427,Apache,HIVE,6176,release-0.12.0,release-0.14.0,apache/hive,b77a6caafbba087bea617e87b566b5b55ff102f6,1
1428,Apache,HIVE,6687,release-0.12.0,release-0.13.0,apache/hive,b77a6caafbba087bea617e87b566b5b55ff102f6,4
1429,Apache,HIVE,6492,release-0.12.0,release-0.13.0,apache/hive,b77a6caafbba087bea617e87b566b5b55ff102f6,5
1430,Apache,HIVE,6469,release-0.12.0,release-0.14.0,apache/hive,b77a6caafbba087bea617e87b566b5b55ff102f6,3
1431,Apache,HIVE,7127,release-0.12.0,release-0.14.0,apache/hive,b77a6caafbba087bea617e87b566b5b55ff102f6,7
1432,Apache,HIVE,6049,release-0.12.0,release-0.13.0,apache/hive,b77a6caafbba087bea617e87b566b5b55ff102f6,6
1433,Apache,HIVE,5871,release-0.12.0,release-0.14.0,apache/hive,b77a6caafbba087bea617e87b566b5b55ff102f6,3
1434,Apache,HIVE,6410,release-0.12.0,release-0.14.0,apache/hive,b77a6caafbba087bea617e87b566b5b55ff102f6,3
1435,Apache,HIVE,5672,release-0.12.0,release-1.2.0,apache/hive,b77a6caafbba087bea617e87b566b5b55ff102f6,3
1436,Apache,HIVE,10895,release-0.13.0,release-2.0.0,apache/hive,d0fe5f1b3ac361f747b12f9137322367da73652f,3
1437,Apache,HIVE,12489,release-0.12.0,release-2.0.0,apache/hive,b77a6caafbba087bea617e87b566b5b55ff102f6,1
1438,Apache,HIVE,12865,release-0.12.0,rel/release-2.1.0,apache/hive,b77a6caafbba087bea617e87b566b5b55ff102f6,2
1439,Apache,HIVE,12963,release-0.13.0,rel/release-2.1.0,apache/hive,d0fe5f1b3ac361f747b12f9137322367da73652f,2
1440,Apache,HIVE,6877,release-0.13.0,release-0.14.0,apache/hive,d0fe5f1b3ac361f747b12f9137322367da73652f,1
1441,Apache,HIVE,7011,release-0.13.0,release-0.14.0,apache/hive,d0fe5f1b3ac361f747b12f9137322367da73652f,1
1442,Apache,HIVE,6908,release-0.13.0,release-0.14.0,apache/hive,d0fe5f1b3ac361f747b12f9137322367da73652f,1
1443,Apache,HIVE,7060,release-0.13.0,release-0.14.0,apache/hive,d0fe5f1b3ac361f747b12f9137322367da73652f,10
1444,Apache,HIVE,7200,release-0.13.0,release-0.14.0,apache/hive,d0fe5f1b3ac361f747b12f9137322367da73652f,1
1445,Apache,HIVE,7393,release-0.13.0,release-0.14.0,apache/hive,d0fe5f1b3ac361f747b12f9137322367da73652f,1
1446,Apache,HIVE,7303,release-0.13.0,release-0.14.0,apache/hive,d0fe5f1b3ac361f747b12f9137322367da73652f,1
1447,Apache,HIVE,7583,release-0.13.0,release-0.14.0,apache/hive,d0fe5f1b3ac361f747b12f9137322367da73652f,9
1448,Apache,HIVE,7399,release-0.13.0,release-0.14.0,apache/hive,d0fe5f1b3ac361f747b12f9137322367da73652f,3
1449,Apache,HIVE,8246,release-0.13.0,release-0.14.0,apache/hive,d0fe5f1b3ac361f747b12f9137322367da73652f,2
1450,Apache,HIVE,8298,release-0.13.0,release-0.14.0,apache/hive,d0fe5f1b3ac361f747b12f9137322367da73652f,1
1451,Apache,HIVE,8856,release-0.13.0,release-0.14.0,apache/hive,d0fe5f1b3ac361f747b12f9137322367da73652f,1
1452,Apache,HIVE,8870,release-0.13.0,release-1.0.0,apache/hive,d0fe5f1b3ac361f747b12f9137322367da73652f,1
1453,Apache,HIVE,9598,release-0.13.0,release-0.14.0,apache/hive,d0fe5f1b3ac361f747b12f9137322367da73652f,1
1454,Apache,HIVE,8297,release-0.13.0,release-0.14.0,apache/hive,d0fe5f1b3ac361f747b12f9137322367da73652f,3
1455,Apache,HIVE,10841,release-0.13.0,release-1.2.1,apache/hive,d0fe5f1b3ac361f747b12f9137322367da73652f,1
1456,Apache,HIVE,11798,release-0.13.0,release-0.14.0,apache/hive,d0fe5f1b3ac361f747b12f9137322367da73652f,1
1457,Apache,HIVE,12566,release-0.13.0,release-2.0.0,apache/hive,d0fe5f1b3ac361f747b12f9137322367da73652f,1
1458,Apache,HIVE,6712,release-0.13.0,release-2.0.0,apache/hive,d0fe5f1b3ac361f747b12f9137322367da73652f,2
1459,Apache,HIVE,7475,release-0.13.1,release-0.14.0,apache/hive,89bb2e8c34386b43efa37ecc6918a50c4bfb005f,2
1460,Apache,HIVE,7390,release-0.13.1,release-0.14.0,apache/hive,89bb2e8c34386b43efa37ecc6918a50c4bfb005f,4
1461,Apache,HIVE,7620,release-0.13.1,release-0.14.0,apache/hive,89bb2e8c34386b43efa37ecc6918a50c4bfb005f,1
1462,Apache,HIVE,7341,release-0.13.1,release-0.14.0,apache/hive,89bb2e8c34386b43efa37ecc6918a50c4bfb005f,7
1463,Apache,HIVE,2390,release-0.13.1,release-0.14.0,apache/hive,89bb2e8c34386b43efa37ecc6918a50c4bfb005f,4
1464,Apache,HIVE,8154,release-0.13.1,release-0.14.0,apache/hive,89bb2e8c34386b43efa37ecc6918a50c4bfb005f,1
1465,Apache,HIVE,9199,release-0.13.1,release-1.1.0,apache/hive,89bb2e8c34386b43efa37ecc6918a50c4bfb005f,1
1466,Apache,HIVE,10541,release-0.13.1,release-2.0.0,apache/hive,89bb2e8c34386b43efa37ecc6918a50c4bfb005f,2
1467,Apache,HIVE,10709,release-0.13.1,release-2.0.0,apache/hive,89bb2e8c34386b43efa37ecc6918a50c4bfb005f,1
1468,Apache,HIVE,13093,release-0.13.1,rel/release-2.1.0,apache/hive,89bb2e8c34386b43efa37ecc6918a50c4bfb005f,1
1469,Apache,HIVE,9278,release-0.14.0,release-1.0.0,apache/hive,70eea944afaf5f64b8939b2b3a0d8fdd33a41c18,1
1470,Apache,HIVE,9249,release-0.14.0,release-1.0.0,apache/hive,70eea944afaf5f64b8939b2b3a0d8fdd33a41c18,1
1471,Apache,HIVE,9632,release-0.14.0,release-1.0.0,apache/hive,70eea944afaf5f64b8939b2b3a0d8fdd33a41c18,1
1472,Apache,HIVE,9481,release-0.14.0,release-1.2.0,apache/hive,70eea944afaf5f64b8939b2b3a0d8fdd33a41c18,4
1473,Apache,HIVE,9624,release-0.14.0,release-1.2.0,apache/hive,70eea944afaf5f64b8939b2b3a0d8fdd33a41c18,1
1474,Apache,HIVE,9647,release-0.14.0,release-1.2.0,apache/hive,70eea944afaf5f64b8939b2b3a0d8fdd33a41c18,6
1475,Apache,HIVE,9717,release-0.14.0,release-1.2.0,apache/hive,70eea944afaf5f64b8939b2b3a0d8fdd33a41c18,6
1476,Apache,HIVE,10244,release-0.14.0,release-1.2.1,apache/hive,70eea944afaf5f64b8939b2b3a0d8fdd33a41c18,1
1477,Apache,HIVE,9718,release-0.14.0,release-1.2.0,apache/hive,70eea944afaf5f64b8939b2b3a0d8fdd33a41c18,1
1478,Apache,HIVE,11095,release-0.14.0,release-2.0.0,apache/hive,70eea944afaf5f64b8939b2b3a0d8fdd33a41c18,1
1479,Apache,HIVE,11657,release-0.14.0,release-2.0.0,apache/hive,70eea944afaf5f64b8939b2b3a0d8fdd33a41c18,3
1480,Apache,HIVE,11801,release-0.14.0,release-2.0.0,apache/hive,70eea944afaf5f64b8939b2b3a0d8fdd33a41c18,3
1481,Apache,HIVE,11977,release-0.14.0,release-2.0.0,apache/hive,70eea944afaf5f64b8939b2b3a0d8fdd33a41c18,1
1482,Apache,HIVE,12315,release-0.14.0,release-2.0.0,apache/hive,70eea944afaf5f64b8939b2b3a0d8fdd33a41c18,1
1483,Apache,HIVE,12384,release-0.14.0,release-2.0.0,apache/hive,70eea944afaf5f64b8939b2b3a0d8fdd33a41c18,1
1484,Apache,HIVE,12307,release-0.14.0,release-2.0.0,apache/hive,70eea944afaf5f64b8939b2b3a0d8fdd33a41c18,9
1485,Apache,HIVE,12717,release-0.14.0,release-2.0.0,apache/hive,70eea944afaf5f64b8939b2b3a0d8fdd33a41c18,1
1486,Apache,HIVE,12660,release-0.14.0,release-2.0.0,apache/hive,70eea944afaf5f64b8939b2b3a0d8fdd33a41c18,2
1487,Apache,HIVE,13285,release-0.14.0,rel/release-2.1.0,apache/hive,70eea944afaf5f64b8939b2b3a0d8fdd33a41c18,2
1488,Apache,HIVE,10022,release-0.14.0,rel/storage-release-2.2.0,apache/hive,70eea944afaf5f64b8939b2b3a0d8fdd33a41c18,2
1489,Apache,HIVE,12954,release-0.14.0,rel/storage-release-2.2.0,apache/hive,70eea944afaf5f64b8939b2b3a0d8fdd33a41c18,1
1490,Apache,HIVE,14778,release-0.14.0,rel/storage-release-2.2.0,apache/hive,70eea944afaf5f64b8939b2b3a0d8fdd33a41c18,2
1491,Apache,HIVE,84,release-0.6.0,release-0.3.0,apache/hive,2f01e0500ce571b197f998a5c0de46e56e066a36,5
1492,Apache,HIVE,264,release-0.6.0,release-0.3.0,apache/hive,2f01e0500ce571b197f998a5c0de46e56e066a36,2
1493,Apache,HIVE,251,release-0.6.0,release-0.3.0,apache/hive,2f01e0500ce571b197f998a5c0de46e56e066a36,2
1494,Apache,HIVE,342,release-0.6.0,release-0.3.0,apache/hive,2f01e0500ce571b197f998a5c0de46e56e066a36,1
1495,Apache,HIVE,391,release-0.3.0,release-0.4.0,apache/hive,6aa1b4843ead1306553d6943f25a62363075ef72,1
1496,Apache,HIVE,381,release-0.3.0,release-0.4.0,apache/hive,6aa1b4843ead1306553d6943f25a62363075ef72,2
1497,Apache,HIVE,442,release-0.3.0,release-0.4.0,apache/hive,6aa1b4843ead1306553d6943f25a62363075ef72,8
1498,Apache,HIVE,534,release-0.3.0,release-0.4.0,apache/hive,6aa1b4843ead1306553d6943f25a62363075ef72,1
1499,Apache,HIVE,443,release-0.3.0,release-0.4.0,apache/hive,6aa1b4843ead1306553d6943f25a62363075ef72,6
1500,Apache,HIVE,557,release-0.3.0,release-0.4.0,apache/hive,6aa1b4843ead1306553d6943f25a62363075ef72,3
1501,Apache,HIVE,587,release-0.3.0,release-0.4.0,apache/hive,6aa1b4843ead1306553d6943f25a62363075ef72,3
1502,Apache,HIVE,612,release-0.3.0,release-0.4.0,apache/hive,6aa1b4843ead1306553d6943f25a62363075ef72,1
1503,Apache,HIVE,635,release-0.3.0,release-0.4.0,apache/hive,6aa1b4843ead1306553d6943f25a62363075ef72,1
1504,Apache,HIVE,592,release-0.3.0,release-0.4.0,apache/hive,6aa1b4843ead1306553d6943f25a62363075ef72,5
1505,Apache,HIVE,454,release-0.3.0,release-0.4.0,apache/hive,6aa1b4843ead1306553d6943f25a62363075ef72,1
1506,Apache,HIVE,816,release-0.3.0,release-0.4.0,apache/hive,6aa1b4843ead1306553d6943f25a62363075ef72,1
1508,Apache,HIVE,876,release-0.4.1,release-0.5.0,apache/hive,ae049d52364ccbb09215952b801edf95259ca6b7,1
1512,Apache,HIVE,940,release-0.3.0,release-0.5.0,apache/hive,6aa1b4843ead1306553d6943f25a62363075ef72,1
1513,Apache,HIVE,595,release-0.3.0,release-0.5.0,apache/hive,6aa1b4843ead1306553d6943f25a62363075ef72,1
1514,Apache,HIVE,458,release-0.3.0,release-0.5.0,apache/hive,6aa1b4843ead1306553d6943f25a62363075ef72,1
1515,Apache,HIVE,1046,release-0.4.1,release-0.5.0,apache/hive,ae049d52364ccbb09215952b801edf95259ca6b7,2
1516,Apache,HIVE,1072,release-0.4.1,release-0.5.0,apache/hive,ae049d52364ccbb09215952b801edf95259ca6b7,2
1517,Apache,HIVE,1097,release-0.4.1,release-0.5.0,apache/hive,ae049d52364ccbb09215952b801edf95259ca6b7,1
1519,Apache,HIVE,1129,release-0.5.0,release-0.6.0,apache/hive,3ffc9bd7a41f577dfb0b0b068c26bfa4effade16,1
1520,Apache,HIVE,1195,release-0.5.0,release-0.6.0,apache/hive,3ffc9bd7a41f577dfb0b0b068c26bfa4effade16,1
1521,Apache,HIVE,1207,release-0.5.0,release-0.6.0,apache/hive,3ffc9bd7a41f577dfb0b0b068c26bfa4effade16,1
1522,Apache,HIVE,1242,release-0.5.0,release-0.6.0,apache/hive,3ffc9bd7a41f577dfb0b0b068c26bfa4effade16,1
1523,Apache,HIVE,1281,release-0.5.0,release-0.6.0,apache/hive,3ffc9bd7a41f577dfb0b0b068c26bfa4effade16,2
1524,Apache,HIVE,1308,release-0.5.0,release-0.6.0,apache/hive,3ffc9bd7a41f577dfb0b0b068c26bfa4effade16,1
1525,Apache,HIVE,1116,release-0.5.0,release-0.6.0,apache/hive,3ffc9bd7a41f577dfb0b0b068c26bfa4effade16,1
1526,Apache,HIVE,1345,release-0.5.0,release-0.6.0,apache/hive,3ffc9bd7a41f577dfb0b0b068c26bfa4effade16,1
1527,Apache,HIVE,1350,release-0.5.0,release-0.6.0,apache/hive,3ffc9bd7a41f577dfb0b0b068c26bfa4effade16,1
1528,Apache,HIVE,543,release-0.5.0,release-0.6.0,apache/hive,3ffc9bd7a41f577dfb0b0b068c26bfa4effade16,9
1529,Apache,HIVE,1418,release-0.5.0,release-0.6.0,apache/hive,3ffc9bd7a41f577dfb0b0b068c26bfa4effade16,1
1530,Apache,HIVE,1176,release-0.5.0,release-0.6.0,apache/hive,3ffc9bd7a41f577dfb0b0b068c26bfa4effade16,1
1531,Apache,HIVE,1271,release-0.5.0,release-0.6.0,apache/hive,3ffc9bd7a41f577dfb0b0b068c26bfa4effade16,5
1532,Apache,HIVE,1385,release-0.5.0,release-0.7.0,apache/hive,3ffc9bd7a41f577dfb0b0b068c26bfa4effade16,1
1533,Apache,HIVE,1056,release-0.5.0,release-0.6.0,apache/hive,3ffc9bd7a41f577dfb0b0b068c26bfa4effade16,7
1534,Apache,HIVE,1471,release-0.6.0,release-0.7.0,apache/hive,2f01e0500ce571b197f998a5c0de46e56e066a36,1
1535,Apache,HIVE,1422,release-0.6.0,release-0.7.0,apache/hive,2f01e0500ce571b197f998a5c0de46e56e066a36,2
1536,Apache,HIVE,1509,release-0.6.0,release-0.7.0,apache/hive,2f01e0500ce571b197f998a5c0de46e56e066a36,5
1537,Apache,HIVE,1428,release-0.5.0,release-0.6.0,apache/hive,3ffc9bd7a41f577dfb0b0b068c26bfa4effade16,9
1538,Apache,HIVE,741,release-0.6.0,release-0.7.0,apache/hive,2f01e0500ce571b197f998a5c0de46e56e066a36,5
1539,Apache,HIVE,1600,release-0.6.0,release-0.7.0,apache/hive,2f01e0500ce571b197f998a5c0de46e56e066a36,2
1540,Apache,HIVE,1628,release-0.6.0,release-0.7.0,apache/hive,2f01e0500ce571b197f998a5c0de46e56e066a36,2
1541,Apache,HIVE,1376,release-0.6.0,release-0.7.0,apache/hive,2f01e0500ce571b197f998a5c0de46e56e066a36,1
1542,Apache,HIVE,307,release-0.5.0,release-0.7.0,apache/hive,3ffc9bd7a41f577dfb0b0b068c26bfa4effade16,1
1543,Apache,HIVE,1681,release-0.5.0,release-0.6.0,apache/hive,3ffc9bd7a41f577dfb0b0b068c26bfa4effade16,1
1544,Apache,HIVE,1771,release-0.6.0,release-0.7.0,apache/hive,2f01e0500ce571b197f998a5c0de46e56e066a36,1
1545,Apache,HIVE,1712,release-0.5.0,release-0.7.0,apache/hive,3ffc9bd7a41f577dfb0b0b068c26bfa4effade16,1
1546,Apache,HIVE,1857,release-0.6.0,release-0.7.0,apache/hive,2f01e0500ce571b197f998a5c0de46e56e066a36,2
1547,Apache,HIVE,1829,release-0.6.0,release-0.7.0,apache/hive,2f01e0500ce571b197f998a5c0de46e56e066a36,3
1548,Apache,HIVE,1897,release-0.6.0,release-0.7.0,apache/hive,2f01e0500ce571b197f998a5c0de46e56e066a36,1
1549,Apache,HIVE,1908,release-0.6.0,release-0.7.0,apache/hive,2f01e0500ce571b197f998a5c0de46e56e066a36,2
1550,Apache,HIVE,1465,release-0.5.0,release-0.7.0,apache/hive,3ffc9bd7a41f577dfb0b0b068c26bfa4effade16,1
1551,Apache,HIVE,1974,release-0.5.0,release-0.8.0,apache/hive,3ffc9bd7a41f577dfb0b0b068c26bfa4effade16,2
1552,Apache,HIVE,1973,release-0.5.0,release-0.8.0,apache/hive,3ffc9bd7a41f577dfb0b0b068c26bfa4effade16,1
1553,Apache,HIVE,1976,release-0.5.0,release-0.8.0,apache/hive,3ffc9bd7a41f577dfb0b0b068c26bfa4effade16,3
1554,Apache,HIVE,2198,release-0.5.0,release-0.8.0,apache/hive,3ffc9bd7a41f577dfb0b0b068c26bfa4effade16,2
1555,Apache,HIVE,2382,release-0.6.0,release-0.8.0,apache/hive,2f01e0500ce571b197f998a5c0de46e56e066a36,1
1556,Apache,HIVE,2184,release-0.5.0,release-0.8.0,apache/hive,3ffc9bd7a41f577dfb0b0b068c26bfa4effade16,3
1557,Apache,HIVE,2383,release-0.6.0,release-0.8.0,apache/hive,2f01e0500ce571b197f998a5c0de46e56e066a36,3
1558,Apache,HIVE,2182,release-0.5.0,release-0.8.0,apache/hive,3ffc9bd7a41f577dfb0b0b068c26bfa4effade16,1
1559,Apache,HIVE,1975,release-0.5.0,release-0.8.0,apache/hive,3ffc9bd7a41f577dfb0b0b068c26bfa4effade16,2
1560,Apache,HIVE,11,release-0.3.0,release-0.8.0,apache/hive,6aa1b4843ead1306553d6943f25a62363075ef72,1
1561,Apache,HIVE,1302,release-0.3.0,release-0.8.0,apache/hive,6aa1b4843ead1306553d6943f25a62363075ef72,1
1562,Apache,HIVE,2290,release-0.3.0,release-0.8.0,apache/hive,6aa1b4843ead1306553d6943f25a62363075ef72,1
1563,Apache,HIVE,2178,release-0.5.0,release-0.8.0,apache/hive,3ffc9bd7a41f577dfb0b0b068c26bfa4effade16,6
1564,Apache,HIVE,1444,release-0.3.0,release-0.9.0,apache/hive,6aa1b4843ead1306553d6943f25a62363075ef72,1
1565,Apache,HIVE,3853,release-0.4.1,release-0.11.0,apache/hive,ae049d52364ccbb09215952b801edf95259ca6b7,1
1566,Apache,HIVE,305,release-0.6.0,release-0.12.0,apache/hive,2f01e0500ce571b197f998a5c0de46e56e066a36,2
1567,Apache,HIVE,1986,release-0.4.1,release-0.11.0,apache/hive,ae049d52364ccbb09215952b801edf95259ca6b7,1
1568,Apache,HIVE,1363,release-0.5.0,release-0.14.0,apache/hive,3ffc9bd7a41f577dfb0b0b068c26bfa4effade16,1
1570,Apache,HIVE,2042,release-0.7.0,release-0.8.0,apache/hive,5704958936ec8cef38744d46f52f6b4342a5bdcb,5
1571,Apache,HIVE,1988,release-0.7.0,release-0.8.0,apache/hive,5704958936ec8cef38744d46f52f6b4342a5bdcb,8
1572,Apache,HIVE,2095,release-0.7.0,release-0.8.0,apache/hive,5704958936ec8cef38744d46f52f6b4342a5bdcb,5
1573,Apache,HIVE,2031,release-0.7.0,release-0.8.0,apache/hive,5704958936ec8cef38744d46f52f6b4342a5bdcb,1
1574,Apache,HIVE,2045,release-0.7.0,release-0.8.0,apache/hive,5704958936ec8cef38744d46f52f6b4342a5bdcb,2
1575,Apache,HIVE,2260,release-0.7.0,release-0.8.0,apache/hive,5704958936ec8cef38744d46f52f6b4342a5bdcb,1
1576,Apache,HIVE,1218,release-0.7.0,release-0.8.0,apache/hive,5704958936ec8cef38744d46f52f6b4342a5bdcb,3
1577,Apache,HIVE,2086,release-0.7.0,release-0.8.0,apache/hive,5704958936ec8cef38744d46f52f6b4342a5bdcb,1
1578,Apache,HIVE,2080,release-0.7.0,release-0.8.0,apache/hive,5704958936ec8cef38744d46f52f6b4342a5bdcb,17
1579,Apache,HIVE,2298,release-0.7.0,release-0.8.0,apache/hive,5704958936ec8cef38744d46f52f6b4342a5bdcb,1
1580,Apache,HIVE,1631,release-0.7.0,release-0.8.0,apache/hive,5704958936ec8cef38744d46f52f6b4342a5bdcb,4
1581,Apache,HIVE,1850,release-0.7.0,release-0.8.0,apache/hive,5704958936ec8cef38744d46f52f6b4342a5bdcb,2
1582,Apache,HIVE,1592,release-0.7.0,release-0.8.0,apache/hive,5704958936ec8cef38744d46f52f6b4342a5bdcb,1
1583,Apache,HIVE,2520,release-0.7.0,release-0.9.0,apache/hive,5704958936ec8cef38744d46f52f6b4342a5bdcb,1
1584,Apache,HIVE,2735,release-0.7.0,release-0.9.0,apache/hive,5704958936ec8cef38744d46f52f6b4342a5bdcb,1
1585,Apache,HIVE,2721,release-0.7.0,release-0.10.0,apache/hive,5704958936ec8cef38744d46f52f6b4342a5bdcb,3
1586,Apache,HIVE,1608,release-0.7.0,rel/release-2.1.0,apache/hive,5704958936ec8cef38744d46f52f6b4342a5bdcb,1
1587,Apache,HIVE,2309,release-0.7.1,release-0.8.0,apache/hive,a30e0962fe886e3cb8c9593f756cd3a1d44de3d5,1
1588,Apache,HIVE,2315,release-0.7.1,release-0.8.0,apache/hive,a30e0962fe886e3cb8c9593f756cd3a1d44de3d5,2
1589,Apache,HIVE,2334,release-0.7.1,release-0.8.0,apache/hive,a30e0962fe886e3cb8c9593f756cd3a1d44de3d5,1
1590,Apache,HIVE,2369,release-0.7.1,release-0.8.0,apache/hive,a30e0962fe886e3cb8c9593f756cd3a1d44de3d5,1
1591,Apache,HIVE,2398,release-0.7.1,release-0.8.0,apache/hive,a30e0962fe886e3cb8c9593f756cd3a1d44de3d5,4
1592,Apache,HIVE,2455,release-0.7.1,release-0.8.0,apache/hive,a30e0962fe886e3cb8c9593f756cd3a1d44de3d5,3
1593,Apache,HIVE,2499,release-0.7.1,release-0.8.0,apache/hive,a30e0962fe886e3cb8c9593f756cd3a1d44de3d5,1
1594,Apache,HIVE,2497,release-0.7.1,release-0.8.0,apache/hive,a30e0962fe886e3cb8c9593f756cd3a1d44de3d5,1
1595,Apache,HIVE,2466,release-0.7.1,release-0.8.0,apache/hive,a30e0962fe886e3cb8c9593f756cd3a1d44de3d5,9
1596,Apache,HIVE,2705,release-0.7.1,release-0.9.0,apache/hive,a30e0962fe886e3cb8c9593f756cd3a1d44de3d5,1
1597,Apache,HIVE,2918,release-0.7.1,release-0.10.0,apache/hive,a30e0962fe886e3cb8c9593f756cd3a1d44de3d5,1
1598,Apache,HIVE,2540,release-0.7.1,release-0.10.0,apache/hive,a30e0962fe886e3cb8c9593f756cd3a1d44de3d5,2
1599,Apache,HIVE,2631,release-0.8.0,release-0.8.1,apache/hive,d0d694303d3fb7375aa176e982ae945ac0be9f7e,1
1600,Apache,HIVE,2746,release-0.8.0,release-0.9.0,apache/hive,d0d694303d3fb7375aa176e982ae945ac0be9f7e,1
1601,Apache,HIVE,2792,release-0.8.0,release-0.9.0,apache/hive,d0d694303d3fb7375aa176e982ae945ac0be9f7e,1
1602,Apache,HIVE,2856,release-0.8.0,release-0.9.0,apache/hive,d0d694303d3fb7375aa176e982ae945ac0be9f7e,1
1603,Apache,HIVE,2803,release-0.8.0,release-0.10.0,apache/hive,d0d694303d3fb7375aa176e982ae945ac0be9f7e,1
1604,Apache,HIVE,2757,release-0.8.0,release-0.10.0,apache/hive,d0d694303d3fb7375aa176e982ae945ac0be9f7e,1
1605,Apache,HIVE,3062,release-0.8.0,release-0.10.0,apache/hive,d0d694303d3fb7375aa176e982ae945ac0be9f7e,1
1606,Apache,HIVE,2498,release-0.8.0,release-0.10.0,apache/hive,d0d694303d3fb7375aa176e982ae945ac0be9f7e,1
1607,Apache,HIVE,3232,release-0.8.0,release-0.10.0,apache/hive,d0d694303d3fb7375aa176e982ae945ac0be9f7e,1
1608,Apache,HIVE,3596,release-0.8.0,release-0.8.1,apache/hive,d0d694303d3fb7375aa176e982ae945ac0be9f7e,1
1609,Apache,HIVE,2517,release-0.8.0,release-0.12.0,apache/hive,d0d694303d3fb7375aa176e982ae945ac0be9f7e,1
1610,Apache,HIVE,3191,release-0.8.0,release-0.12.0,apache/hive,d0d694303d3fb7375aa176e982ae945ac0be9f7e,1
1611,Apache,HIVE,3189,release-0.8.0,release-0.12.0,apache/hive,d0d694303d3fb7375aa176e982ae945ac0be9f7e,1
1612,Apache,HIVE,2913,release-0.8.1,release-0.9.0,apache/hive,9183f3472fb102eced7337f078f545a82dfaedee,1
1613,Apache,HIVE,2963,release-0.8.1,release-0.10.0,apache/hive,9183f3472fb102eced7337f078f545a82dfaedee,1
1614,Apache,HIVE,3057,release-0.8.1,release-0.10.0,apache/hive,9183f3472fb102eced7337f078f545a82dfaedee,1
1615,Apache,HIVE,2955,release-0.8.1,release-0.10.0,apache/hive,9183f3472fb102eced7337f078f545a82dfaedee,2
1616,Apache,HIVE,3070,release-0.8.1,release-0.10.0,apache/hive,9183f3472fb102eced7337f078f545a82dfaedee,1
1617,Apache,HIVE,2957,release-0.8.1,release-0.10.0,apache/hive,9183f3472fb102eced7337f078f545a82dfaedee,6
1618,Apache,HIVE,3699,release-0.8.1,release-0.11.0,apache/hive,9183f3472fb102eced7337f078f545a82dfaedee,1
1619,Apache,HIVE,3682,release-0.8.1,release-0.11.0,apache/hive,9183f3472fb102eced7337f078f545a82dfaedee,3
1620,Apache,HIVE,2702,release-0.8.1,release-0.12.0,apache/hive,9183f3472fb102eced7337f078f545a82dfaedee,5
1621,Apache,HIVE,2939,release-0.8.1,release-0.10.0,apache/hive,9183f3472fb102eced7337f078f545a82dfaedee,2
1622,Apache,HIVE,2465,release-0.9.0,release-0.8.0,apache/hive,51807a7aa6ba31644cdfd046e5d81e969e111fad,11
1623,Apache,HIVE,2253,release-0.9.0,release-0.8.0,apache/hive,51807a7aa6ba31644cdfd046e5d81e969e111fad,1
1624,Apache,HIVE,2907,release-0.9.0,release-0.10.0,apache/hive,51807a7aa6ba31644cdfd046e5d81e969e111fad,5
1625,Apache,HIVE,2883,release-0.9.0,release-0.10.0,apache/hive,51807a7aa6ba31644cdfd046e5d81e969e111fad,1
1626,Apache,HIVE,3000,release-0.9.0,release-0.10.0,apache/hive,51807a7aa6ba31644cdfd046e5d81e969e111fad,1
1627,Apache,HIVE,2736,release-0.9.0,release-0.10.0,apache/hive,51807a7aa6ba31644cdfd046e5d81e969e111fad,1
1628,Apache,HIVE,3125,release-0.9.0,release-0.10.0,apache/hive,51807a7aa6ba31644cdfd046e5d81e969e111fad,1
1629,Apache,HIVE,3127,release-0.9.0,release-0.10.0,apache/hive,51807a7aa6ba31644cdfd046e5d81e969e111fad,4
1630,Apache,HIVE,3168,release-0.9.0,release-0.10.0,apache/hive,51807a7aa6ba31644cdfd046e5d81e969e111fad,5
1631,Apache,HIVE,3248,release-0.9.0,release-0.10.0,apache/hive,51807a7aa6ba31644cdfd046e5d81e969e111fad,1
1632,Apache,HIVE,2544,release-0.9.0,release-0.10.0,apache/hive,51807a7aa6ba31644cdfd046e5d81e969e111fad,1
1633,Apache,HIVE,3225,release-0.9.0,release-0.10.0,apache/hive,51807a7aa6ba31644cdfd046e5d81e969e111fad,1
1634,Apache,HIVE,3126,release-0.9.0,release-0.10.0,apache/hive,51807a7aa6ba31644cdfd046e5d81e969e111fad,8
1635,Apache,HIVE,3098,release-0.9.0,release-0.10.0,apache/hive,51807a7aa6ba31644cdfd046e5d81e969e111fad,5
1636,Apache,HIVE,3243,release-0.9.0,release-0.10.0,apache/hive,51807a7aa6ba31644cdfd046e5d81e969e111fad,1
1637,Apache,HIVE,2820,release-0.9.0,release-0.11.0,apache/hive,51807a7aa6ba31644cdfd046e5d81e969e111fad,10
1638,Apache,HIVE,2332,release-0.9.0,release-0.11.0,apache/hive,51807a7aa6ba31644cdfd046e5d81e969e111fad,2
1639,Apache,HIVE,4000,release-0.9.0,release-0.11.0,apache/hive,51807a7aa6ba31644cdfd046e5d81e969e111fad,3
1640,Apache,HIVE,3628,release-0.9.0,release-0.11.0,apache/hive,51807a7aa6ba31644cdfd046e5d81e969e111fad,8
1641,Apache,HIVE,2264,release-0.9.0,release-0.11.0,apache/hive,51807a7aa6ba31644cdfd046e5d81e969e111fad,5
1642,Apache,HIVE,3179,release-0.9.0,release-0.11.0,apache/hive,51807a7aa6ba31644cdfd046e5d81e969e111fad,2
1643,Apache,HIVE,3253,release-0.9.0,release-0.12.0,apache/hive,51807a7aa6ba31644cdfd046e5d81e969e111fad,6
1644,Apache,HIVE,4222,release-0.9.0,release-0.12.0,apache/hive,51807a7aa6ba31644cdfd046e5d81e969e111fad,2
1645,Apache,HIVE,3756,release-0.9.0,release-0.12.0,apache/hive,51807a7aa6ba31644cdfd046e5d81e969e111fad,1
1646,Apache,HIVE,3420,release-0.9.0,release-0.13.0,apache/hive,51807a7aa6ba31644cdfd046e5d81e969e111fad,1
1647,Apache,HIVE,4247,release-0.9.0,release-0.13.0,apache/hive,51807a7aa6ba31644cdfd046e5d81e969e111fad,1
1648,Apache,HIVE,2752,release-0.9.0,release-0.13.0,apache/hive,51807a7aa6ba31644cdfd046e5d81e969e111fad,1
1649,Apache,HIVE,9357,release-0.9.0,release-1.1.0,apache/hive,51807a7aa6ba31644cdfd046e5d81e969e111fad,1
1650,Apache,HIVE,9832,release-1.0.0,release-1.2.0,apache/hive,697aecadc3ba62bc11f3ba0a6c8522daeec7b53f,1
1651,Apache,HIVE,10965,release-1.0.0,release-1.2.1,apache/hive,697aecadc3ba62bc11f3ba0a6c8522daeec7b53f,5
1652,Apache,HIVE,10048,release-1.0.0,release-2.0.0,apache/hive,697aecadc3ba62bc11f3ba0a6c8522daeec7b53f,1
1653,Apache,HIVE,12266,release-1.0.0,release-2.0.0,apache/hive,697aecadc3ba62bc11f3ba0a6c8522daeec7b53f,1
1654,Apache,HIVE,12378,release-1.0.0,release-2.0.0,apache/hive,697aecadc3ba62bc11f3ba0a6c8522daeec7b53f,3
1655,Apache,HIVE,12567,release-1.0.0,rel/release-2.1.0,apache/hive,697aecadc3ba62bc11f3ba0a6c8522daeec7b53f,1
1656,Apache,HIVE,12832,release-1.0.0,release-2.0.0,apache/hive,697aecadc3ba62bc11f3ba0a6c8522daeec7b53f,8
1657,Apache,HIVE,12352,release-1.0.0,release-2.0.0,apache/hive,697aecadc3ba62bc11f3ba0a6c8522daeec7b53f,10
1658,Apache,HIVE,13090,release-1.0.0,rel/release-2.1.0,apache/hive,697aecadc3ba62bc11f3ba0a6c8522daeec7b53f,3
1659,Apache,HIVE,13013,release-1.0.0,rel/release-2.1.0,apache/hive,697aecadc3ba62bc11f3ba0a6c8522daeec7b53f,4
1660,Apache,HIVE,12749,release-1.0.0,rel/release-2.1.0,apache/hive,697aecadc3ba62bc11f3ba0a6c8522daeec7b53f,1
1661,Apache,HIVE,13200,release-1.0.0,rel/release-2.1.0,apache/hive,697aecadc3ba62bc11f3ba0a6c8522daeec7b53f,2
1662,Apache,HIVE,13261,release-1.0.0,rel/release-2.1.0,apache/hive,697aecadc3ba62bc11f3ba0a6c8522daeec7b53f,1
1663,Apache,HIVE,13008,release-1.0.0,rel/release-2.1.0,apache/hive,697aecadc3ba62bc11f3ba0a6c8522daeec7b53f,1
1664,Apache,HIVE,13381,release-1.0.0,rel/release-2.1.0,apache/hive,697aecadc3ba62bc11f3ba0a6c8522daeec7b53f,4
1665,Apache,HIVE,13373,release-1.0.0,rel/release-2.1.0,apache/hive,697aecadc3ba62bc11f3ba0a6c8522daeec7b53f,1
1666,Apache,HIVE,13646,release-1.0.0,rel/release-2.1.0,apache/hive,697aecadc3ba62bc11f3ba0a6c8522daeec7b53f,1
1667,Apache,HIVE,13932,release-1.0.0,rel/storage-release-2.2.0,apache/hive,697aecadc3ba62bc11f3ba0a6c8522daeec7b53f,1
1668,Apache,HIVE,14114,release-1.0.0,rel/storage-release-2.2.0,apache/hive,697aecadc3ba62bc11f3ba0a6c8522daeec7b53f,6
1669,Apache,HIVE,14743,release-1.0.0,rel/storage-release-2.2.0,apache/hive,697aecadc3ba62bc11f3ba0a6c8522daeec7b53f,1
1670,Apache,HIVE,12204,release-1.0.1,release-2.0.0,apache/hive,73b600dc79ba8a9a32078a2ea0eb8ae3df20c9d5,3
1671,Apache,HIVE,12437,release-1.0.1,release-2.0.0,apache/hive,73b600dc79ba8a9a32078a2ea0eb8ae3df20c9d5,2
1672,Apache,HIVE,8485,release-1.1.0,release-1.0.0,apache/hive,e60744d017ef79f1b17f474c0b969d4ca5592462,4
1673,Apache,HIVE,9655,release-1.1.0,release-1.2.0,apache/hive,e60744d017ef79f1b17f474c0b969d4ca5592462,1
1674,Apache,HIVE,10594,release-1.1.0,release-2.0.0,apache/hive,e60744d017ef79f1b17f474c0b969d4ca5592462,1
1675,Apache,HIVE,10996,release-1.1.0,release-1.1.1,apache/hive,e60744d017ef79f1b17f474c0b969d4ca5592462,3
1676,Apache,HIVE,12250,release-1.1.0,release-2.0.0,apache/hive,e60744d017ef79f1b17f474c0b969d4ca5592462,2
1677,Apache,HIVE,12418,release-1.1.0,release-2.0.0,apache/hive,e60744d017ef79f1b17f474c0b969d4ca5592462,1
1678,Apache,HIVE,12568,release-1.1.0,rel/release-2.1.0,apache/hive,e60744d017ef79f1b17f474c0b969d4ca5592462,4
1679,Apache,HIVE,12708,release-1.1.0,rel/release-2.1.0,apache/hive,e60744d017ef79f1b17f474c0b969d4ca5592462,1
1680,Apache,HIVE,12795,release-1.1.0,rel/release-2.1.0,apache/hive,e60744d017ef79f1b17f474c0b969d4ca5592462,1
1681,Apache,HIVE,12790,release-1.1.0,release-2.0.0,apache/hive,e60744d017ef79f1b17f474c0b969d4ca5592462,2
1682,Apache,HIVE,12885,release-1.1.0,rel/release-2.1.0,apache/hive,e60744d017ef79f1b17f474c0b969d4ca5592462,1
1683,Apache,HIVE,12941,release-1.1.0,rel/release-2.1.0,apache/hive,e60744d017ef79f1b17f474c0b969d4ca5592462,2
1684,Apache,HIVE,13065,release-1.1.0,rel/release-2.1.0,apache/hive,e60744d017ef79f1b17f474c0b969d4ca5592462,1
1685,Apache,HIVE,12619,release-1.1.0,rel/release-2.1.0,apache/hive,e60744d017ef79f1b17f474c0b969d4ca5592462,3
1686,Apache,HIVE,13527,release-1.1.0,rel/release-2.1.0,apache/hive,e60744d017ef79f1b17f474c0b969d4ca5592462,1
1687,Apache,HIVE,13632,release-1.1.0,rel/release-2.1.0,apache/hive,e60744d017ef79f1b17f474c0b969d4ca5592462,6
1688,Apache,HIVE,13502,release-1.1.0,rel/release-2.1.0,apache/hive,e60744d017ef79f1b17f474c0b969d4ca5592462,4
1689,Apache,HIVE,14015,release-1.1.0,rel/release-2.1.0,apache/hive,e60744d017ef79f1b17f474c0b969d4ca5592462,1
1690,Apache,HIVE,14090,release-1.1.0,rel/storage-release-2.2.0,apache/hive,e60744d017ef79f1b17f474c0b969d4ca5592462,1
1691,Apache,HIVE,13749,release-1.1.0,rel/storage-release-2.2.0,apache/hive,e60744d017ef79f1b17f474c0b969d4ca5592462,1
1692,Apache,HIVE,14116,release-1.1.0,release-1.0.0,apache/hive,e60744d017ef79f1b17f474c0b969d4ca5592462,4
1693,Apache,HIVE,13422,release-1.1.0,rel/storage-release-2.2.0,apache/hive,e60744d017ef79f1b17f474c0b969d4ca5592462,1
1694,Apache,HIVE,14345,release-1.1.0,rel/storage-release-2.2.0,apache/hive,e60744d017ef79f1b17f474c0b969d4ca5592462,1
1695,Apache,HIVE,14659,release-1.1.0,rel/storage-release-2.2.0,apache/hive,e60744d017ef79f1b17f474c0b969d4ca5592462,1
1696,Apache,HIVE,13610,release-1.1.0,rel/storage-release-2.2.0,apache/hive,e60744d017ef79f1b17f474c0b969d4ca5592462,1
1697,Apache,HIVE,14538,release-1.1.0,rel/storage-release-2.2.0,apache/hive,e60744d017ef79f1b17f474c0b969d4ca5592462,2
1698,Apache,HIVE,14714,release-1.1.0,rel/storage-release-2.2.0,apache/hive,e60744d017ef79f1b17f474c0b969d4ca5592462,1
1699,Apache,HIVE,14784,release-1.1.0,rel/storage-release-2.2.0,apache/hive,e60744d017ef79f1b17f474c0b969d4ca5592462,1
1700,Apache,HIVE,15061,release-1.1.0,rel/storage-release-2.2.0,apache/hive,e60744d017ef79f1b17f474c0b969d4ca5592462,2
1701,Apache,HIVE,11208,release-1.1.0,rel/storage-release-2.2.0,apache/hive,e60744d017ef79f1b17f474c0b969d4ca5592462,6
1702,Apache,HIVE,13539,release-1.1.0,rel/storage-release-2.2.0,apache/hive,e60744d017ef79f1b17f474c0b969d4ca5592462,1
1703,Apache,HIVE,12506,release-1.1.1,release-2.0.0,apache/hive,3e8d832a1a8e2b12029adcb55862cf040098ef0f,2
1704,Apache,HIVE,12664,release-1.1.1,release-2.0.0,apache/hive,3e8d832a1a8e2b12029adcb55862cf040098ef0f,1
1705,Apache,HIVE,12788,release-1.1.1,release-2.0.0,apache/hive,3e8d832a1a8e2b12029adcb55862cf040098ef0f,1
1706,Apache,HIVE,12650,release-1.1.1,rel/release-2.1.0,apache/hive,3e8d832a1a8e2b12029adcb55862cf040098ef0f,5
1707,Apache,HIVE,13883,release-1.1.1,rel/storage-release-2.2.0,apache/hive,3e8d832a1a8e2b12029adcb55862cf040098ef0f,1
1708,Apache,HIVE,14964,release-1.1.1,rel/release-1.2.2,apache/hive,3e8d832a1a8e2b12029adcb55862cf040098ef0f,2
1709,Apache,HIVE,10444,release-1.2.0,release-2.0.0,apache/hive,7f237de447bcd726bb3d0ba332cbb733f39fc02f,2
1710,Apache,HIVE,10971,release-1.2.0,release-1.2.1,apache/hive,7f237de447bcd726bb3d0ba332cbb733f39fc02f,1
1711,Apache,HIVE,11112,release-1.2.0,release-2.0.0,apache/hive,7f237de447bcd726bb3d0ba332cbb733f39fc02f,1
1712,Apache,HIVE,10880,release-1.2.0,release-2.0.0,apache/hive,7f237de447bcd726bb3d0ba332cbb733f39fc02f,1
1713,Apache,HIVE,11498,release-1.2.0,release-1.2.1,apache/hive,7f237de447bcd726bb3d0ba332cbb733f39fc02f,1
1714,Apache,HIVE,11502,release-1.2.0,release-2.0.0,apache/hive,7f237de447bcd726bb3d0ba332cbb733f39fc02f,1
1715,Apache,HIVE,11123,release-1.2.0,release-2.0.0,apache/hive,7f237de447bcd726bb3d0ba332cbb733f39fc02f,1
1716,Apache,HIVE,11587,release-1.2.0,release-2.0.0,apache/hive,7f237de447bcd726bb3d0ba332cbb733f39fc02f,6
1717,Apache,HIVE,11920,release-1.2.0,release-2.0.0,apache/hive,7f237de447bcd726bb3d0ba332cbb733f39fc02f,1
1718,Apache,HIVE,10755,release-1.2.0,release-2.0.0,apache/hive,7f237de447bcd726bb3d0ba332cbb733f39fc02f,3
1719,Apache,HIVE,12277,release-1.2.0,release-2.0.0,apache/hive,7f237de447bcd726bb3d0ba332cbb733f39fc02f,1
1720,Apache,HIVE,12450,release-1.2.0,release-2.0.0,apache/hive,7f237de447bcd726bb3d0ba332cbb733f39fc02f,2
1721,Apache,HIVE,12406,release-1.2.0,release-2.0.0,apache/hive,7f237de447bcd726bb3d0ba332cbb733f39fc02f,3
1722,Apache,HIVE,12563,release-1.2.0,release-2.0.0,apache/hive,7f237de447bcd726bb3d0ba332cbb733f39fc02f,1
1723,Apache,HIVE,12951,release-1.2.0,rel/release-2.1.0,apache/hive,7f237de447bcd726bb3d0ba332cbb733f39fc02f,1
1724,Apache,HIVE,12999,release-1.2.0,rel/release-2.1.0,apache/hive,7f237de447bcd726bb3d0ba332cbb733f39fc02f,1
1725,Apache,HIVE,13020,release-1.2.0,rel/release-2.1.0,apache/hive,7f237de447bcd726bb3d0ba332cbb733f39fc02f,1
1726,Apache,HIVE,13063,release-1.2.0,rel/release-2.1.0,apache/hive,7f237de447bcd726bb3d0ba332cbb733f39fc02f,1
1727,Apache,HIVE,13216,release-1.2.0,rel/release-2.1.0,apache/hive,7f237de447bcd726bb3d0ba332cbb733f39fc02f,1
1728,Apache,HIVE,13141,release-1.2.0,rel/release-2.1.0,apache/hive,7f237de447bcd726bb3d0ba332cbb733f39fc02f,1
1729,Apache,HIVE,13493,release-1.2.0,rel/release-2.1.0,apache/hive,7f237de447bcd726bb3d0ba332cbb733f39fc02f,4
1730,Apache,HIVE,13561,release-1.2.0,rel/release-2.1.0,apache/hive,7f237de447bcd726bb3d0ba332cbb733f39fc02f,2
1731,Apache,HIVE,14113,release-1.2.0,rel/storage-release-2.2.0,apache/hive,7f237de447bcd726bb3d0ba332cbb733f39fc02f,1
1732,Apache,HIVE,14581,release-1.2.0,rel/release-2.1.0,apache/hive,7f237de447bcd726bb3d0ba332cbb733f39fc02f,1
1733,Apache,HIVE,14773,release-1.2.0,rel/storage-release-2.2.0,apache/hive,7f237de447bcd726bb3d0ba332cbb733f39fc02f,2
1734,Apache,HIVE,9486,release-1.2.1,release-1.2.0,apache/hive,243e7c1ac39cb7ac8b65c5bc6988f5cc3162f558,31
1735,Apache,HIVE,12006,release-1.2.1,release-2.0.0,apache/hive,243e7c1ac39cb7ac8b65c5bc6988f5cc3162f558,3
1736,Apache,HIVE,12218,release-1.2.1,release-2.0.0,apache/hive,243e7c1ac39cb7ac8b65c5bc6988f5cc3162f558,1
1737,Apache,HIVE,12280,release-1.2.1,release-2.0.0,apache/hive,243e7c1ac39cb7ac8b65c5bc6988f5cc3162f558,1
1738,Apache,HIVE,11616,release-1.2.1,release-2.0.0,apache/hive,243e7c1ac39cb7ac8b65c5bc6988f5cc3162f558,6
1739,Apache,HIVE,12249,release-1.2.1,release-2.0.0,apache/hive,243e7c1ac39cb7ac8b65c5bc6988f5cc3162f558,5
1740,Apache,HIVE,12238,release-1.2.1,release-2.0.0,apache/hive,243e7c1ac39cb7ac8b65c5bc6988f5cc3162f558,2
1741,Apache,HIVE,12346,release-1.2.1,release-2.0.0,apache/hive,243e7c1ac39cb7ac8b65c5bc6988f5cc3162f558,1
1742,Apache,HIVE,12263,release-1.2.1,release-2.0.0,apache/hive,243e7c1ac39cb7ac8b65c5bc6988f5cc3162f558,1
1743,Apache,HIVE,12311,release-1.2.1,release-2.0.0,apache/hive,243e7c1ac39cb7ac8b65c5bc6988f5cc3162f558,1
1744,Apache,HIVE,12312,release-1.2.1,release-2.0.0,apache/hive,243e7c1ac39cb7ac8b65c5bc6988f5cc3162f558,1
1745,Apache,HIVE,12365,release-1.2.1,release-2.0.0,apache/hive,243e7c1ac39cb7ac8b65c5bc6988f5cc3162f558,1
1746,Apache,HIVE,12466,release-1.2.1,rel/release-2.1.0,apache/hive,243e7c1ac39cb7ac8b65c5bc6988f5cc3162f558,3
1747,Apache,HIVE,12463,release-1.2.1,release-2.0.0,apache/hive,243e7c1ac39cb7ac8b65c5bc6988f5cc3162f558,2
1748,Apache,HIVE,12184,release-1.2.1,release-2.0.0,apache/hive,243e7c1ac39cb7ac8b65c5bc6988f5cc3162f558,1
1749,Apache,HIVE,11241,release-1.2.1,release-2.0.0,apache/hive,243e7c1ac39cb7ac8b65c5bc6988f5cc3162f558,1
1750,Apache,HIVE,12444,release-1.2.1,release-2.0.0,apache/hive,243e7c1ac39cb7ac8b65c5bc6988f5cc3162f558,1
1751,Apache,HIVE,12505,release-1.2.1,release-2.0.0,apache/hive,243e7c1ac39cb7ac8b65c5bc6988f5cc3162f558,2
1752,Apache,HIVE,12473,release-1.2.1,release-2.0.0,apache/hive,243e7c1ac39cb7ac8b65c5bc6988f5cc3162f558,7
1753,Apache,HIVE,12610,release-1.2.1,release-2.0.0,apache/hive,243e7c1ac39cb7ac8b65c5bc6988f5cc3162f558,1
1754,Apache,HIVE,12742,release-1.2.1,release-2.0.0,apache/hive,243e7c1ac39cb7ac8b65c5bc6988f5cc3162f558,1
1755,Apache,HIVE,12744,release-1.2.1,release-2.0.0,apache/hive,243e7c1ac39cb7ac8b65c5bc6988f5cc3162f558,2
1756,Apache,HIVE,12785,release-1.2.1,release-2.0.0,apache/hive,243e7c1ac39cb7ac8b65c5bc6988f5cc3162f558,1
1757,Apache,HIVE,12682,release-1.2.1,release-2.0.0,apache/hive,243e7c1ac39cb7ac8b65c5bc6988f5cc3162f558,1
1758,Apache,HIVE,12867,release-1.2.1,rel/release-2.1.0,apache/hive,243e7c1ac39cb7ac8b65c5bc6988f5cc3162f558,8
1759,Apache,HIVE,13017,release-1.2.1,rel/release-2.1.0,apache/hive,243e7c1ac39cb7ac8b65c5bc6988f5cc3162f558,1
1760,Apache,HIVE,13056,release-1.2.1,rel/release-2.1.0,apache/hive,243e7c1ac39cb7ac8b65c5bc6988f5cc3162f558,1
1761,Apache,HIVE,12981,release-1.2.1,rel/release-1.2.2,apache/hive,243e7c1ac39cb7ac8b65c5bc6988f5cc3162f558,1
1762,Apache,HIVE,13021,release-1.2.1,rel/release-2.1.0,apache/hive,243e7c1ac39cb7ac8b65c5bc6988f5cc3162f558,3
1763,Apache,HIVE,12808,release-1.2.1,rel/release-2.1.0,apache/hive,243e7c1ac39cb7ac8b65c5bc6988f5cc3162f558,4
1764,Apache,HIVE,13160,release-1.2.1,rel/release-2.1.0,apache/hive,243e7c1ac39cb7ac8b65c5bc6988f5cc3162f558,1
1765,Apache,HIVE,13108,release-1.2.1,rel/release-2.1.0,apache/hive,243e7c1ac39cb7ac8b65c5bc6988f5cc3162f558,1
1766,Apache,HIVE,13144,release-1.2.1,rel/release-2.1.0,apache/hive,243e7c1ac39cb7ac8b65c5bc6988f5cc3162f558,1
1767,Apache,HIVE,13217,release-1.2.1,rel/release-2.1.0,apache/hive,243e7c1ac39cb7ac8b65c5bc6988f5cc3162f558,1
1768,Apache,HIVE,12367,release-1.2.1,rel/release-2.1.0,apache/hive,243e7c1ac39cb7ac8b65c5bc6988f5cc3162f558,2
1769,Apache,HIVE,13115,release-1.2.1,rel/release-1.2.2,apache/hive,243e7c1ac39cb7ac8b65c5bc6988f5cc3162f558,2
1770,Apache,HIVE,12992,release-1.2.1,rel/release-1.2.2,apache/hive,243e7c1ac39cb7ac8b65c5bc6988f5cc3162f558,2
1771,Apache,HIVE,12937,release-1.2.1,rel/release-1.2.2,apache/hive,243e7c1ac39cb7ac8b65c5bc6988f5cc3162f558,2
1772,Apache,HIVE,13372,release-1.2.1,rel/release-2.1.0,apache/hive,243e7c1ac39cb7ac8b65c5bc6988f5cc3162f558,1
1773,Apache,HIVE,13394,release-1.2.1,rel/release-1.2.2,apache/hive,243e7c1ac39cb7ac8b65c5bc6988f5cc3162f558,1
1774,Apache,HIVE,13320,release-1.2.1,rel/release-2.1.0,apache/hive,243e7c1ac39cb7ac8b65c5bc6988f5cc3162f558,6
1775,Apache,HIVE,13439,release-1.2.1,rel/release-2.1.0,apache/hive,243e7c1ac39cb7ac8b65c5bc6988f5cc3162f558,2
1776,Apache,HIVE,13240,release-1.2.1,rel/release-2.1.0,apache/hive,243e7c1ac39cb7ac8b65c5bc6988f5cc3162f558,2
1777,Apache,HIVE,13390,release-1.2.1,rel/release-1.2.2,apache/hive,243e7c1ac39cb7ac8b65c5bc6988f5cc3162f558,4
1778,Apache,HIVE,13602,rel/release-1.2.2,rel/release-2.1.0,apache/hive,395368fc6478c7e2a1e84a5a2a8aac45e4399a9e,4
1779,Apache,HIVE,13264,release-1.2.1,rel/storage-release-2.2.0,apache/hive,243e7c1ac39cb7ac8b65c5bc6988f5cc3162f558,2
1780,Apache,HIVE,14019,release-1.2.1,release-2.0.0,apache/hive,243e7c1ac39cb7ac8b65c5bc6988f5cc3162f558,1
1781,Apache,HIVE,14178,release-1.2.1,rel/storage-release-2.2.0,apache/hive,243e7c1ac39cb7ac8b65c5bc6988f5cc3162f558,1
1782,Apache,HIVE,14027,release-1.2.1,rel/storage-release-2.2.0,apache/hive,243e7c1ac39cb7ac8b65c5bc6988f5cc3162f558,2
1783,Apache,HIVE,14175,release-1.2.1,rel/storage-release-2.2.0,apache/hive,243e7c1ac39cb7ac8b65c5bc6988f5cc3162f558,2
1784,Apache,HIVE,14210,release-1.2.1,rel/release-1.2.2,apache/hive,243e7c1ac39cb7ac8b65c5bc6988f5cc3162f558,1
1785,Apache,HIVE,14222,release-1.2.1,rel/storage-release-2.2.0,apache/hive,243e7c1ac39cb7ac8b65c5bc6988f5cc3162f558,1
1786,Apache,HIVE,14349,release-1.2.1,rel/storage-release-2.2.0,apache/hive,243e7c1ac39cb7ac8b65c5bc6988f5cc3162f558,1
1787,Apache,HIVE,14294,release-1.2.1,rel/storage-release-2.2.0,apache/hive,243e7c1ac39cb7ac8b65c5bc6988f5cc3162f558,2
1788,Apache,HIVE,14390,release-1.2.1,rel/storage-release-2.2.0,apache/hive,243e7c1ac39cb7ac8b65c5bc6988f5cc3162f558,1
1789,Apache,HIVE,14436,release-1.2.1,rel/storage-release-2.2.0,apache/hive,243e7c1ac39cb7ac8b65c5bc6988f5cc3162f558,1
1790,Apache,HIVE,13756,release-1.2.1,rel/storage-release-2.2.0,apache/hive,243e7c1ac39cb7ac8b65c5bc6988f5cc3162f558,1
1791,Apache,HIVE,13754,release-1.2.1,rel/storage-release-2.2.0,apache/hive,243e7c1ac39cb7ac8b65c5bc6988f5cc3162f558,6
1792,Apache,HIVE,14591,release-1.2.1,rel/storage-release-2.2.0,apache/hive,243e7c1ac39cb7ac8b65c5bc6988f5cc3162f558,4
1793,Apache,HIVE,14686,release-1.2.1,rel/storage-release-2.2.0,apache/hive,243e7c1ac39cb7ac8b65c5bc6988f5cc3162f558,1
1794,Apache,HIVE,12222,release-1.2.1,rel/storage-release-2.2.0,apache/hive,243e7c1ac39cb7ac8b65c5bc6988f5cc3162f558,4
1795,Apache,HIVE,14966,release-1.2.1,rel/storage-release-2.2.0,apache/hive,243e7c1ac39cb7ac8b65c5bc6988f5cc3162f558,4
1796,Apache,HIVE,15099,release-1.2.1,rel/storage-release-2.2.0,apache/hive,243e7c1ac39cb7ac8b65c5bc6988f5cc3162f558,1
1797,Apache,HIVE,13947,release-1.2.1,rel/storage-release-2.2.0,apache/hive,243e7c1ac39cb7ac8b65c5bc6988f5cc3162f558,1
1798,Apache,HIVE,12784,release-2.0.0,rel/release-2.1.0,apache/hive,7f9f1fcb8697fb33f0edc2c391930a3728d247d7,1
1799,Apache,HIVE,12933,release-2.0.0,rel/release-2.1.0,apache/hive,7f9f1fcb8697fb33f0edc2c391930a3728d247d7,1
1800,Apache,HIVE,12993,release-2.0.0,rel/release-2.1.0,apache/hive,7f9f1fcb8697fb33f0edc2c391930a3728d247d7,2
1801,Apache,HIVE,13036,release-2.0.0,rel/release-2.1.0,apache/hive,7f9f1fcb8697fb33f0edc2c391930a3728d247d7,3
1802,Apache,HIVE,12927,release-2.0.0,rel/release-2.1.0,apache/hive,7f9f1fcb8697fb33f0edc2c391930a3728d247d7,2
1803,Apache,HIVE,13105,release-2.0.0,rel/release-2.1.0,apache/hive,7f9f1fcb8697fb33f0edc2c391930a3728d247d7,1
1804,Apache,HIVE,13082,release-2.0.0,rel/release-2.1.0,apache/hive,7f9f1fcb8697fb33f0edc2c391930a3728d247d7,1
1805,Apache,HIVE,13126,release-2.0.0,rel/release-2.1.0,apache/hive,7f9f1fcb8697fb33f0edc2c391930a3728d247d7,1
1806,Apache,HIVE,13174,release-2.0.0,rel/release-2.1.0,apache/hive,7f9f1fcb8697fb33f0edc2c391930a3728d247d7,1
1807,Apache,HIVE,13163,release-2.0.0,rel/release-2.1.0,apache/hive,7f9f1fcb8697fb33f0edc2c391930a3728d247d7,1
1808,Apache,HIVE,13186,release-2.0.0,rel/release-2.1.0,apache/hive,7f9f1fcb8697fb33f0edc2c391930a3728d247d7,2
1809,Apache,HIVE,13096,release-2.0.0,rel/release-2.1.0,apache/hive,7f9f1fcb8697fb33f0edc2c391930a3728d247d7,1
1810,Apache,HIVE,13236,release-2.0.0,rel/release-2.1.0,apache/hive,7f9f1fcb8697fb33f0edc2c391930a3728d247d7,1
1811,Apache,HIVE,13201,release-2.0.0,rel/release-2.1.0,apache/hive,7f9f1fcb8697fb33f0edc2c391930a3728d247d7,2
1812,Apache,HIVE,13260,release-2.0.0,rel/release-2.1.0,apache/hive,7f9f1fcb8697fb33f0edc2c391930a3728d247d7,1
1813,Apache,HIVE,13299,release-2.0.0,rel/release-2.1.0,apache/hive,7f9f1fcb8697fb33f0edc2c391930a3728d247d7,2
1814,Apache,HIVE,13125,release-2.0.0,rel/release-2.1.0,apache/hive,7f9f1fcb8697fb33f0edc2c391930a3728d247d7,8
1815,Apache,HIVE,13286,release-2.0.0,rel/release-2.1.0,apache/hive,7f9f1fcb8697fb33f0edc2c391930a3728d247d7,4
1816,Apache,HIVE,13300,release-2.0.0,rel/release-2.1.0,apache/hive,7f9f1fcb8697fb33f0edc2c391930a3728d247d7,1
1817,Apache,HIVE,13151,release-2.0.0,rel/release-2.1.0,apache/hive,7f9f1fcb8697fb33f0edc2c391930a3728d247d7,6
1818,Apache,HIVE,13326,release-2.0.0,rel/release-2.1.0,apache/hive,7f9f1fcb8697fb33f0edc2c391930a3728d247d7,10
1819,Apache,HIVE,13376,release-2.0.0,rel/release-2.1.0,apache/hive,7f9f1fcb8697fb33f0edc2c391930a3728d247d7,1
1820,Apache,HIVE,13333,release-2.0.0,rel/release-2.1.0,apache/hive,7f9f1fcb8697fb33f0edc2c391930a3728d247d7,1
1821,Apache,HIVE,13428,release-2.0.0,rel/release-2.1.0,apache/hive,7f9f1fcb8697fb33f0edc2c391930a3728d247d7,1
1822,Apache,HIVE,13405,release-2.0.0,rel/release-2.1.0,apache/hive,7f9f1fcb8697fb33f0edc2c391930a3728d247d7,1
1823,Apache,HIVE,13410,release-2.0.0,rel/release-2.1.0,apache/hive,7f9f1fcb8697fb33f0edc2c391930a3728d247d7,4
1824,Apache,HIVE,13553,release-2.0.0,rel/release-2.1.0,apache/hive,7f9f1fcb8697fb33f0edc2c391930a3728d247d7,1
1825,Apache,HIVE,13570,release-2.0.0,rel/release-2.1.0,apache/hive,7f9f1fcb8697fb33f0edc2c391930a3728d247d7,1
1826,Apache,HIVE,13463,release-2.0.0,rel/release-2.1.0,apache/hive,7f9f1fcb8697fb33f0edc2c391930a3728d247d7,1
1827,Apache,HIVE,13512,release-2.0.0,rel/release-2.1.0,apache/hive,7f9f1fcb8697fb33f0edc2c391930a3728d247d7,1
1828,Apache,HIVE,13619,release-2.0.0,rel/release-2.1.0,apache/hive,7f9f1fcb8697fb33f0edc2c391930a3728d247d7,1
1829,Apache,HIVE,13542,release-2.0.0,rel/release-2.1.0,apache/hive,7f9f1fcb8697fb33f0edc2c391930a3728d247d7,1
1830,Apache,HIVE,13618,release-2.0.0,rel/release-2.1.0,apache/hive,7f9f1fcb8697fb33f0edc2c391930a3728d247d7,1
1831,Apache,HIVE,12996,release-2.0.0,rel/release-2.1.0,apache/hive,7f9f1fcb8697fb33f0edc2c391930a3728d247d7,2
1832,Apache,HIVE,13293,release-2.0.0,rel/release-2.1.0,apache/hive,7f9f1fcb8697fb33f0edc2c391930a3728d247d7,2
1833,Apache,HIVE,13608,release-2.0.0,rel/release-2.1.0,apache/hive,7f9f1fcb8697fb33f0edc2c391930a3728d247d7,2
1834,Apache,HIVE,13699,release-2.0.0,rel/release-2.1.0,apache/hive,7f9f1fcb8697fb33f0edc2c391930a3728d247d7,1
1835,Apache,HIVE,12643,release-2.0.0,rel/release-2.1.0,apache/hive,7f9f1fcb8697fb33f0edc2c391930a3728d247d7,5
1836,Apache,HIVE,13837,release-2.0.0,rel/release-2.1.0,apache/hive,7f9f1fcb8697fb33f0edc2c391930a3728d247d7,1
1837,Apache,HIVE,13844,release-2.0.0,rel/release-2.1.0,apache/hive,7f9f1fcb8697fb33f0edc2c391930a3728d247d7,1
1838,Apache,HIVE,13858,release-2.0.0,rel/release-2.1.0,apache/hive,7f9f1fcb8697fb33f0edc2c391930a3728d247d7,6
1839,Apache,HIVE,13838,release-2.0.0,rel/release-2.1.0,apache/hive,7f9f1fcb8697fb33f0edc2c391930a3728d247d7,1
1840,Apache,HIVE,13833,release-2.0.0,rel/release-2.1.0,apache/hive,7f9f1fcb8697fb33f0edc2c391930a3728d247d7,1
1841,Apache,HIVE,14006,release-2.0.0,rel/release-2.1.0,apache/hive,7f9f1fcb8697fb33f0edc2c391930a3728d247d7,1
1842,Apache,HIVE,13809,release-2.0.0,rel/storage-release-2.2.0,apache/hive,7f9f1fcb8697fb33f0edc2c391930a3728d247d7,3
1843,Apache,HIVE,13159,release-2.0.0,rel/storage-release-2.2.0,apache/hive,7f9f1fcb8697fb33f0edc2c391930a3728d247d7,1
1844,Apache,HIVE,14132,release-2.0.0,rel/storage-release-2.2.0,apache/hive,7f9f1fcb8697fb33f0edc2c391930a3728d247d7,1
1845,Apache,HIVE,13191,release-2.0.0,rel/storage-release-2.2.0,apache/hive,7f9f1fcb8697fb33f0edc2c391930a3728d247d7,2
1846,Apache,HIVE,14236,release-2.0.0,rel/storage-release-2.2.0,apache/hive,7f9f1fcb8697fb33f0edc2c391930a3728d247d7,7
1847,Apache,HIVE,11918,release-2.0.0,rel/release-2.1.0,apache/hive,7f9f1fcb8697fb33f0edc2c391930a3728d247d7,2
1848,Apache,HIVE,14229,release-2.0.0,rel/storage-release-2.2.0,apache/hive,7f9f1fcb8697fb33f0edc2c391930a3728d247d7,5
1849,Apache,HIVE,14296,release-2.0.0,rel/storage-release-2.2.0,apache/hive,7f9f1fcb8697fb33f0edc2c391930a3728d247d7,2
1850,Apache,HIVE,14367,release-2.0.0,rel/storage-release-2.2.0,apache/hive,7f9f1fcb8697fb33f0edc2c391930a3728d247d7,5
1851,Apache,HIVE,14322,release-2.0.0,rel/storage-release-2.2.0,apache/hive,7f9f1fcb8697fb33f0edc2c391930a3728d247d7,1
1852,Apache,HIVE,13383,release-2.0.0,rel/storage-release-2.2.0,apache/hive,7f9f1fcb8697fb33f0edc2c391930a3728d247d7,1
1853,Apache,HIVE,14251,release-2.0.0,rel/storage-release-2.2.0,apache/hive,7f9f1fcb8697fb33f0edc2c391930a3728d247d7,3
1854,Apache,HIVE,13423,release-2.0.0,rel/storage-release-2.2.0,apache/hive,7f9f1fcb8697fb33f0edc2c391930a3728d247d7,1
1855,Apache,HIVE,15054,release-2.0.0,rel/storage-release-2.2.0,apache/hive,7f9f1fcb8697fb33f0edc2c391930a3728d247d7,1
1856,Apache,HIVE,13066,release-2.0.0,rel/storage-release-2.2.0,apache/hive,7f9f1fcb8697fb33f0edc2c391930a3728d247d7,1
1857,Apache,HIVE,15096,release-2.0.0,rel/storage-release-2.2.0,apache/hive,7f9f1fcb8697fb33f0edc2c391930a3728d247d7,1
1858,Apache,HIVE,13621,release-2.0.1,rel/release-2.1.0,apache/hive,e3cfeebcefe9a19c5055afdcbb00646908340694,3
1859,Apache,HIVE,13904,release-2.0.1,rel/release-2.1.0,apache/hive,e3cfeebcefe9a19c5055afdcbb00646908340694,1
1860,Apache,HIVE,13987,release-2.0.1,rel/storage-release-2.2.0,apache/hive,e3cfeebcefe9a19c5055afdcbb00646908340694,1
1861,Apache,HIVE,14074,release-2.0.1,rel/storage-release-2.2.0,apache/hive,e3cfeebcefe9a19c5055afdcbb00646908340694,1
1862,Apache,HIVE,14433,release-2.0.1,rel/storage-release-2.2.0,apache/hive,e3cfeebcefe9a19c5055afdcbb00646908340694,5
1863,Apache,HIVE,14805,release-2.0.1,rel/storage-release-2.2.0,apache/hive,e3cfeebcefe9a19c5055afdcbb00646908340694,2
1864,Apache,HIVE,14820,release-2.0.1,rel/storage-release-2.2.0,apache/hive,e3cfeebcefe9a19c5055afdcbb00646908340694,2
1865,Apache,HIVE,12644,rel/release-2.1.0,release-2.0.0,apache/hive,9265bc24d75ac945bde9ce1a0999fddd8f2aae29,2
1866,Apache,HIVE,13645,rel/release-2.1.0,rel/release-1.2.2,apache/hive,9265bc24d75ac945bde9ce1a0999fddd8f2aae29,1
1867,Apache,HIVE,13882,rel/release-2.1.0,rel/storage-release-2.2.0,apache/hive,9265bc24d75ac945bde9ce1a0999fddd8f2aae29,8
1868,Apache,HIVE,14003,rel/release-2.1.0,rel/release-2.1.1,apache/hive,9265bc24d75ac945bde9ce1a0999fddd8f2aae29,8
1869,Apache,HIVE,14059,rel/release-2.1.0,rel/storage-release-2.2.0,apache/hive,9265bc24d75ac945bde9ce1a0999fddd8f2aae29,2
1870,Apache,HIVE,14060,rel/release-2.1.0,rel/storage-release-2.2.0,apache/hive,9265bc24d75ac945bde9ce1a0999fddd8f2aae29,1
1871,Apache,HIVE,14062,rel/release-2.1.0,rel/storage-release-2.2.0,apache/hive,9265bc24d75ac945bde9ce1a0999fddd8f2aae29,4
1872,Apache,HIVE,13872,rel/release-2.1.0,rel/storage-release-2.2.0,apache/hive,9265bc24d75ac945bde9ce1a0999fddd8f2aae29,10
1873,Apache,HIVE,13997,rel/release-2.1.0,rel/storage-release-2.2.0,apache/hive,9265bc24d75ac945bde9ce1a0999fddd8f2aae29,2
1874,Apache,HIVE,14073,rel/release-2.1.0,rel/storage-release-2.2.0,apache/hive,9265bc24d75ac945bde9ce1a0999fddd8f2aae29,2
1875,Apache,HIVE,14126,rel/release-2.1.0,rel/storage-release-2.2.0,apache/hive,9265bc24d75ac945bde9ce1a0999fddd8f2aae29,1
1876,Apache,HIVE,14122,rel/release-2.1.0,rel/storage-release-2.2.0,apache/hive,9265bc24d75ac945bde9ce1a0999fddd8f2aae29,1
1877,Apache,HIVE,13945,rel/release-2.1.0,rel/storage-release-2.2.0,apache/hive,9265bc24d75ac945bde9ce1a0999fddd8f2aae29,23
1878,Apache,HIVE,14197,rel/release-2.1.0,rel/storage-release-2.2.0,apache/hive,9265bc24d75ac945bde9ce1a0999fddd8f2aae29,1
1879,Apache,HIVE,14176,rel/release-2.1.0,rel/storage-release-2.2.0,apache/hive,9265bc24d75ac945bde9ce1a0999fddd8f2aae29,2
1880,Apache,HIVE,14115,rel/release-2.1.0,rel/storage-release-2.2.0,apache/hive,9265bc24d75ac945bde9ce1a0999fddd8f2aae29,1
1881,Apache,HIVE,13887,rel/release-2.1.0,rel/storage-release-2.2.0,apache/hive,9265bc24d75ac945bde9ce1a0999fddd8f2aae29,5
1882,Apache,HIVE,14141,rel/release-2.1.0,rel/storage-release-2.2.0,apache/hive,9265bc24d75ac945bde9ce1a0999fddd8f2aae29,1
1883,Apache,HIVE,13258,rel/release-2.1.0,rel/storage-release-2.2.0,apache/hive,9265bc24d75ac945bde9ce1a0999fddd8f2aae29,11
1884,Apache,HIVE,14144,rel/release-2.1.0,rel/storage-release-2.2.0,apache/hive,9265bc24d75ac945bde9ce1a0999fddd8f2aae29,2
1885,Apache,HIVE,14254,rel/release-2.1.0,rel/storage-release-2.2.0,apache/hive,9265bc24d75ac945bde9ce1a0999fddd8f2aae29,2
1886,Apache,HIVE,13934,rel/release-2.1.0,rel/storage-release-2.2.0,apache/hive,9265bc24d75ac945bde9ce1a0999fddd8f2aae29,6
1887,Apache,HIVE,14308,rel/release-2.1.0,rel/storage-release-2.2.0,apache/hive,9265bc24d75ac945bde9ce1a0999fddd8f2aae29,1
1888,Apache,HIVE,14326,rel/release-2.1.0,rel/storage-release-2.2.0,apache/hive,9265bc24d75ac945bde9ce1a0999fddd8f2aae29,1
1889,Apache,HIVE,14293,rel/release-2.1.0,rel/storage-release-2.2.0,apache/hive,9265bc24d75ac945bde9ce1a0999fddd8f2aae29,2
1890,Apache,HIVE,14338,rel/release-2.1.0,rel/storage-release-2.2.0,apache/hive,9265bc24d75ac945bde9ce1a0999fddd8f2aae29,2
1891,Apache,HIVE,14355,rel/release-2.1.0,rel/storage-release-2.2.0,apache/hive,9265bc24d75ac945bde9ce1a0999fddd8f2aae29,7
1892,Apache,HIVE,14357,rel/release-2.1.1,rel/storage-release-2.2.0,apache/hive,1af77bbf8356e86cabbed92cfa8cc2e1470a1d5c,2
1893,Apache,HIVE,14397,rel/release-2.1.0,rel/storage-release-2.2.0,apache/hive,9265bc24d75ac945bde9ce1a0999fddd8f2aae29,3
1894,Apache,HIVE,14402,rel/release-2.1.0,rel/release-2.1.1,apache/hive,9265bc24d75ac945bde9ce1a0999fddd8f2aae29,1
1895,Apache,HIVE,14424,rel/release-2.1.0,rel/storage-release-2.2.0,apache/hive,9265bc24d75ac945bde9ce1a0999fddd8f2aae29,1
1896,Apache,HIVE,14483,rel/release-2.1.0,rel/storage-release-2.2.0,apache/hive,9265bc24d75ac945bde9ce1a0999fddd8f2aae29,1
1897,Apache,HIVE,14463,rel/release-2.1.0,rel/storage-release-2.2.0,apache/hive,9265bc24d75ac945bde9ce1a0999fddd8f2aae29,1
1898,Apache,HIVE,12656,rel/release-2.1.0,rel/storage-release-2.2.0,apache/hive,9265bc24d75ac945bde9ce1a0999fddd8f2aae29,1
1899,Apache,HIVE,14563,rel/release-2.1.0,rel/storage-release-2.2.0,apache/hive,9265bc24d75ac945bde9ce1a0999fddd8f2aae29,4
1900,Apache,HIVE,14617,rel/release-2.1.0,rel/storage-release-2.2.0,apache/hive,9265bc24d75ac945bde9ce1a0999fddd8f2aae29,1
1901,Apache,HIVE,14652,rel/release-2.1.0,rel/storage-release-2.2.0,apache/hive,9265bc24d75ac945bde9ce1a0999fddd8f2aae29,2
1902,Apache,HIVE,14530,rel/release-2.1.0,rel/storage-release-2.2.0,apache/hive,9265bc24d75ac945bde9ce1a0999fddd8f2aae29,1
1903,Apache,HIVE,14697,rel/release-2.1.0,rel/storage-release-2.2.0,apache/hive,9265bc24d75ac945bde9ce1a0999fddd8f2aae29,1
1904,Apache,HIVE,14726,rel/release-2.1.0,rel/storage-release-2.2.0,apache/hive,9265bc24d75ac945bde9ce1a0999fddd8f2aae29,1
1905,Apache,HIVE,14098,rel/release-2.1.0,rel/storage-release-2.2.0,apache/hive,9265bc24d75ac945bde9ce1a0999fddd8f2aae29,4
1906,Apache,HIVE,14766,rel/release-2.1.1,rel/storage-release-2.2.0,apache/hive,1af77bbf8356e86cabbed92cfa8cc2e1470a1d5c,1
1907,Apache,HIVE,14865,rel/release-2.1.1,rel/storage-release-2.2.0,apache/hive,1af77bbf8356e86cabbed92cfa8cc2e1470a1d5c,1
1908,Apache,HIVE,14873,rel/release-2.1.0,rel/storage-release-2.2.0,apache/hive,9265bc24d75ac945bde9ce1a0999fddd8f2aae29,2
1909,Apache,HIVE,14839,rel/release-2.1.0,rel/storage-release-2.2.0,apache/hive,9265bc24d75ac945bde9ce1a0999fddd8f2aae29,1
1910,Apache,HIVE,14959,rel/release-2.1.0,rel/storage-release-2.2.0,apache/hive,9265bc24d75ac945bde9ce1a0999fddd8f2aae29,2
1911,Apache,HIVE,15029,rel/release-2.1.0,rel/storage-release-2.2.0,apache/hive,9265bc24d75ac945bde9ce1a0999fddd8f2aae29,1
1912,Apache,HIVE,15030,rel/release-2.1.0,rel/storage-release-2.2.0,apache/hive,9265bc24d75ac945bde9ce1a0999fddd8f2aae29,2
1913,Apache,HIVE,14924,rel/release-2.1.0,rel/storage-release-2.2.0,apache/hive,9265bc24d75ac945bde9ce1a0999fddd8f2aae29,1
1914,Apache,HIVE,15137,rel/release-2.1.1,rel/storage-release-2.2.0,apache/hive,1af77bbf8356e86cabbed92cfa8cc2e1470a1d5c,1
1915,Commons,CODEC,111,CODEC_1_2,commons-codec-1.5,apache/commons-codec,2c0905a09d5d04db7e572172bf2ead04293477a2,1
1916,Commons,CODEC,61,CODEC_1_3,CODEC_1_4,apache/commons-codec,1af8f98c3bd96501d558bbe980a2a9f7eb188367,1
1917,Commons,CODEC,68,CODEC_1_3,CODEC_1_4,apache/commons-codec,1af8f98c3bd96501d558bbe980a2a9f7eb188367,1
1918,Commons,CODEC,89,CODEC_1_4,commons-codec-1.5,apache/commons-codec,f375d169f8e030169d63d9da00bb14ae2da2ac34,3
1919,Commons,CODEC,101,CODEC_1_4,commons-codec-1.5,apache/commons-codec,f375d169f8e030169d63d9da00bb14ae2da2ac34,3
1920,Commons,CODEC,99,CODEC_1_4,commons-codec-1.5,apache/commons-codec,f375d169f8e030169d63d9da00bb14ae2da2ac34,2
1921,Commons,CODEC,105,CODEC_1_4,commons-codec-1.5,apache/commons-codec,f375d169f8e030169d63d9da00bb14ae2da2ac34,3
1922,Commons,CODEC,112,CODEC_1_4,commons-codec-1.5,apache/commons-codec,f375d169f8e030169d63d9da00bb14ae2da2ac34,2
1923,Commons,CODEC,113,CODEC_1_4,commons-codec-1.5,apache/commons-codec,f375d169f8e030169d63d9da00bb14ae2da2ac34,1
1924,Commons,CODEC,114,CODEC_1_4,commons-codec-1.5,apache/commons-codec,f375d169f8e030169d63d9da00bb14ae2da2ac34,1
1925,Commons,CODEC,115,CODEC_1_4,commons-codec-1.5,apache/commons-codec,f375d169f8e030169d63d9da00bb14ae2da2ac34,1
1926,Commons,CODEC,117,CODEC_1_4,commons-codec-1.5,apache/commons-codec,f375d169f8e030169d63d9da00bb14ae2da2ac34,2
1927,Commons,CODEC,185,CODEC_1_4,1.10,apache/commons-codec,f375d169f8e030169d63d9da00bb14ae2da2ac34,1
1928,Commons,CODEC,123,commons-codec-1.5,1_6,apache/commons-codec,2ce6791741d501bb2e332f6c23ed319d9cf69368,1
1929,Commons,CODEC,130,commons-codec-1.5,1.7,apache/commons-codec,2ce6791741d501bb2e332f6c23ed319d9cf69368,3
1930,Commons,CODEC,121,commons-codec-1.5,1.10,apache/commons-codec,2ce6791741d501bb2e332f6c23ed319d9cf69368,2
1931,Commons,CODEC,132,1_6,1.7,apache/commons-codec,23f2aa4fb66aa5b026184ed17b6ad070da183794,4
1932,Commons,CODEC,152,1_6,1.7,apache/commons-codec,23f2aa4fb66aa5b026184ed17b6ad070da183794,1
1933,Commons,CODEC,156,1_6,1.7,apache/commons-codec,23f2aa4fb66aa5b026184ed17b6ad070da183794,2
1934,Commons,CODEC,184,1.9,1.10,apache/commons-codec,52cfc73491e417366c77c226a7b01b40f7677f9a,3
1935,Commons,CODEC,187,1.9,1.10,apache/commons-codec,52cfc73491e417366c77c226a7b01b40f7677f9a,7
1936,Commons,CODEC,191,1.9,1.10,apache/commons-codec,52cfc73491e417366c77c226a7b01b40f7677f9a,2
1965,Commons,COMPRESS,81,commons-compress-1.0,commons-compress-1.1,apache/commons-compress,4b5962d0fc3082e456a7dd249fc25e5aa7b1d350,1
1966,Commons,COMPRESS,86,commons-compress-1.0,commons-compress-1.1,apache/commons-compress,4b5962d0fc3082e456a7dd249fc25e5aa7b1d350,1
1967,Commons,COMPRESS,87,commons-compress-1.0,commons-compress-1.1,apache/commons-compress,4b5962d0fc3082e456a7dd249fc25e5aa7b1d350,1
1968,Commons,COMPRESS,94,commons-compress-1.0,commons-compress-1.1,apache/commons-compress,4b5962d0fc3082e456a7dd249fc25e5aa7b1d350,2
1969,Commons,COMPRESS,96,commons-compress-1.0,commons-compress-1.1,apache/commons-compress,4b5962d0fc3082e456a7dd249fc25e5aa7b1d350,1
1970,Commons,COMPRESS,73,commons-compress-1.0,commons-compress-1.1,apache/commons-compress,4b5962d0fc3082e456a7dd249fc25e5aa7b1d350,5
1971,Commons,COMPRESS,85,commons-compress-1.0,commons-compress-1.1,apache/commons-compress,4b5962d0fc3082e456a7dd249fc25e5aa7b1d350,3
1972,Commons,COMPRESS,74,commons-compress-1.0,commons-compress-1.1,apache/commons-compress,4b5962d0fc3082e456a7dd249fc25e5aa7b1d350,1
1973,Commons,COMPRESS,101,commons-compress-1.0,commons-compress-1.1,apache/commons-compress,4b5962d0fc3082e456a7dd249fc25e5aa7b1d350,3
1974,Commons,COMPRESS,105,commons-compress-1.0,commons-compress-1.1,apache/commons-compress,4b5962d0fc3082e456a7dd249fc25e5aa7b1d350,2
1975,Commons,COMPRESS,110,commons-compress-1.0,commons-compress-1.1,apache/commons-compress,4b5962d0fc3082e456a7dd249fc25e5aa7b1d350,2
1976,Commons,COMPRESS,107,commons-compress-1.0,commons-compress-1.1,apache/commons-compress,4b5962d0fc3082e456a7dd249fc25e5aa7b1d350,1
1977,Commons,COMPRESS,114,commons-compress-1.0,commons-compress-1.1,apache/commons-compress,4b5962d0fc3082e456a7dd249fc25e5aa7b1d350,2
1978,Commons,COMPRESS,75,commons-compress-1.0,commons-compress-1.1,apache/commons-compress,4b5962d0fc3082e456a7dd249fc25e5aa7b1d350,1
1979,Commons,COMPRESS,113,commons-compress-1.0,commons-compress-1.1,apache/commons-compress,4b5962d0fc3082e456a7dd249fc25e5aa7b1d350,2
1980,Commons,COMPRESS,119,commons-compress-1.1,COMPRESS_1.2,apache/commons-compress,9ee24a3d6a84c7e09abb5a9b4940bc91e2ab23d6,2
1981,Commons,COMPRESS,125,commons-compress-1.1,COMPRESS_1.2,apache/commons-compress,9ee24a3d6a84c7e09abb5a9b4940bc91e2ab23d6,1
1982,Commons,COMPRESS,117,commons-compress-1.1,COMPRESS_1.2,apache/commons-compress,9ee24a3d6a84c7e09abb5a9b4940bc91e2ab23d6,2
1983,Commons,COMPRESS,139,commons-compress-1.1,COMPRESS_1.2,apache/commons-compress,9ee24a3d6a84c7e09abb5a9b4940bc91e2ab23d6,1
1984,Commons,COMPRESS,129,commons-compress-1.1,COMPRESS_1.2,apache/commons-compress,9ee24a3d6a84c7e09abb5a9b4940bc91e2ab23d6,3
1985,Commons,COMPRESS,131,commons-compress-1.1,COMPRESS_1.4,apache/commons-compress,9ee24a3d6a84c7e09abb5a9b4940bc91e2ab23d6,1
1986,Commons,COMPRESS,332,COMPRESS-1.10,rel/1.11,apache/commons-compress,121b7e00017b95d1498c4f511ceb4dd21811257a,1
1987,Commons,COMPRESS,331,COMPRESS-1.10,rel/1.11,apache/commons-compress,121b7e00017b95d1498c4f511ceb4dd21811257a,2
1988,Commons,COMPRESS,334,COMPRESS-1.10,rel/1.11,apache/commons-compress,121b7e00017b95d1498c4f511ceb4dd21811257a,2
1989,Commons,COMPRESS,335,COMPRESS-1.10,rel/1.11,apache/commons-compress,121b7e00017b95d1498c4f511ceb4dd21811257a,2
1990,Commons,COMPRESS,336,COMPRESS-1.10,rel/1.11,apache/commons-compress,121b7e00017b95d1498c4f511ceb4dd21811257a,2
1991,Commons,COMPRESS,343,COMPRESS-1.10,rel/1.11,apache/commons-compress,121b7e00017b95d1498c4f511ceb4dd21811257a,1
1992,Commons,COMPRESS,330,COMPRESS-1.10,rel/1.11,apache/commons-compress,121b7e00017b95d1498c4f511ceb4dd21811257a,1
1993,Commons,COMPRESS,344,COMPRESS-1.10,rel/1.11,apache/commons-compress,121b7e00017b95d1498c4f511ceb4dd21811257a,1
1994,Commons,COMPRESS,348,rel/1.11,rel/1.12,apache/commons-compress,ff38bf57378c7cae8617b3c8df692a5ffbe7b83f,2
1995,Commons,COMPRESS,355,rel/1.11,rel/1.12,apache/commons-compress,ff38bf57378c7cae8617b3c8df692a5ffbe7b83f,2
1996,Commons,COMPRESS,356,rel/1.11,rel/1.12,apache/commons-compress,ff38bf57378c7cae8617b3c8df692a5ffbe7b83f,2
1997,Commons,COMPRESS,351,rel/1.11,rel/1.12,apache/commons-compress,ff38bf57378c7cae8617b3c8df692a5ffbe7b83f,5
1998,Commons,COMPRESS,363,rel/1.12,rel/1.13,apache/commons-compress,3623ee7dad07c74722baeeffcec6770015f915cf,2
1999,Commons,COMPRESS,366,rel/1.12,rel/1.13,apache/commons-compress,3623ee7dad07c74722baeeffcec6770015f915cf,1
2000,Commons,COMPRESS,152,COMPRESS_1.2,COMPRESS_1.3,apache/commons-compress,dc733d1ec84c72d68d8cbedc8d4d301eaf975cbf,2
2001,Commons,COMPRESS,160,COMPRESS_1.2,COMPRESS_1.3,apache/commons-compress,dc733d1ec84c72d68d8cbedc8d4d301eaf975cbf,1
2002,Commons,COMPRESS,171,COMPRESS_1.2,COMPRESS_1.4,apache/commons-compress,dc733d1ec84c72d68d8cbedc8d4d301eaf975cbf,1
2003,Commons,COMPRESS,159,COMPRESS_1.2,COMPRESS-1.5,apache/commons-compress,dc733d1ec84c72d68d8cbedc8d4d301eaf975cbf,2
2004,Commons,COMPRESS,164,COMPRESS_1.3,COMPRESS_1.4,apache/commons-compress,0874320927ef9427cf5da5973935a1d17201cdf7,2
2005,Commons,COMPRESS,163,COMPRESS_1.3,COMPRESS_1.4,apache/commons-compress,0874320927ef9427cf5da5973935a1d17201cdf7,3
2006,Commons,COMPRESS,169,COMPRESS_1.3,COMPRESS_1.4,apache/commons-compress,0874320927ef9427cf5da5973935a1d17201cdf7,1
2007,Commons,COMPRESS,175,COMPRESS_1.3,COMPRESS_1.4,apache/commons-compress,0874320927ef9427cf5da5973935a1d17201cdf7,1
2008,Commons,COMPRESS,177,COMPRESS_1.3,COMPRESS_1.4,apache/commons-compress,0874320927ef9427cf5da5973935a1d17201cdf7,1
2009,Commons,COMPRESS,178,COMPRESS_1.3,COMPRESS_1.4,apache/commons-compress,0874320927ef9427cf5da5973935a1d17201cdf7,2
2010,Commons,COMPRESS,176,COMPRESS_1.3,COMPRESS_1.4,apache/commons-compress,0874320927ef9427cf5da5973935a1d17201cdf7,2
2011,Commons,COMPRESS,187,COMPRESS_1.4,COMPRESS-1.5,apache/commons-compress,6e63432a2a15c8b9b7327edb5cd141661890e0e9,2
2012,Commons,COMPRESS,197,COMPRESS_1.4.1,COMPRESS-1.5,apache/commons-compress,30ea3746a0f3635c22b7a45f18c3617909f7595a,2
2013,Commons,COMPRESS,209,COMPRESS_1.4.1,COMPRESS-1.5,apache/commons-compress,30ea3746a0f3635c22b7a45f18c3617909f7595a,1
2014,Commons,COMPRESS,200,COMPRESS_1.4.1,COMPRESS-1.5,apache/commons-compress,30ea3746a0f3635c22b7a45f18c3617909f7595a,6
2015,Commons,COMPRESS,203,COMPRESS_1.4.1,COMPRESS-1.5,apache/commons-compress,30ea3746a0f3635c22b7a45f18c3617909f7595a,2
2016,Commons,COMPRESS,189,COMPRESS_1.4.1,COMPRESS-1.5,apache/commons-compress,30ea3746a0f3635c22b7a45f18c3617909f7595a,2
2017,Commons,COMPRESS,201,COMPRESS_1.4.1,COMPRESS-1.5,apache/commons-compress,30ea3746a0f3635c22b7a45f18c3617909f7595a,2
2018,Commons,COMPRESS,212,COMPRESS_1.4.1,COMPRESS-1.5,apache/commons-compress,30ea3746a0f3635c22b7a45f18c3617909f7595a,2
2019,Commons,COMPRESS,218,COMPRESS_1.4.1,COMPRESS-1.5,apache/commons-compress,30ea3746a0f3635c22b7a45f18c3617909f7595a,1
2020,Commons,COMPRESS,219,COMPRESS_1.4.1,COMPRESS-1.5,apache/commons-compress,30ea3746a0f3635c22b7a45f18c3617909f7595a,2
2021,Commons,COMPRESS,221,COMPRESS_1.4.1,COMPRESS-1.5,apache/commons-compress,30ea3746a0f3635c22b7a45f18c3617909f7595a,2
2022,Commons,COMPRESS,229,COMPRESS_1.4.1,COMPRESS-1.6,apache/commons-compress,30ea3746a0f3635c22b7a45f18c3617909f7595a,4
2023,Commons,COMPRESS,253,COMPRESS_1.4.1,COMPRESS-1.8,apache/commons-compress,30ea3746a0f3635c22b7a45f18c3617909f7595a,1
2024,Commons,COMPRESS,262,COMPRESS_1.4.1,COMPRESS-1.8,apache/commons-compress,30ea3746a0f3635c22b7a45f18c3617909f7595a,2
2025,Commons,COMPRESS,146,COMPRESS-1.5,COMPRESS_1.4,apache/commons-compress,163c4eee17c041cb7c1ccfedd983816038cc1eca,4
2026,Commons,COMPRESS,228,COMPRESS-1.5,COMPRESS-1.6,apache/commons-compress,163c4eee17c041cb7c1ccfedd983816038cc1eca,2
2027,Commons,COMPRESS,227,COMPRESS-1.5,COMPRESS-1.6,apache/commons-compress,163c4eee17c041cb7c1ccfedd983816038cc1eca,2
2028,Commons,COMPRESS,236,COMPRESS-1.5,COMPRESS-1.6,apache/commons-compress,163c4eee17c041cb7c1ccfedd983816038cc1eca,4
2029,Commons,COMPRESS,237,COMPRESS-1.5,COMPRESS-1.6,apache/commons-compress,163c4eee17c041cb7c1ccfedd983816038cc1eca,1
2030,Commons,COMPRESS,239,COMPRESS-1.5,COMPRESS-1.6,apache/commons-compress,163c4eee17c041cb7c1ccfedd983816038cc1eca,2
2031,Commons,COMPRESS,240,COMPRESS-1.5,COMPRESS-1.6,apache/commons-compress,163c4eee17c041cb7c1ccfedd983816038cc1eca,1
2032,Commons,COMPRESS,241,COMPRESS-1.6,COMPRESS-1.7,apache/commons-compress,c49e865f4eabd47e264063499e27e12eb549feb1,1
2033,Commons,COMPRESS,244,COMPRESS-1.6,COMPRESS-1.7,apache/commons-compress,c49e865f4eabd47e264063499e27e12eb549feb1,1
2034,Commons,COMPRESS,245,COMPRESS-1.6,COMPRESS-1.7,apache/commons-compress,c49e865f4eabd47e264063499e27e12eb549feb1,2
2035,Commons,COMPRESS,249,COMPRESS-1.6,COMPRESS-1.7,apache/commons-compress,c49e865f4eabd47e264063499e27e12eb549feb1,2
2036,Commons,COMPRESS,252,COMPRESS-1.6,COMPRESS-1.7,apache/commons-compress,c49e865f4eabd47e264063499e27e12eb549feb1,2
2037,Commons,COMPRESS,256,COMPRESS-1.6,COMPRESS-1.8,apache/commons-compress,c49e865f4eabd47e264063499e27e12eb549feb1,2
2038,Commons,COMPRESS,259,COMPRESS-1.7,COMPRESS-1.8,apache/commons-compress,4a4ba6bfdadc792c59a67935b6c4fe6ee8bfd325,1
2039,Commons,COMPRESS,264,COMPRESS-1.7,COMPRESS-1.8,apache/commons-compress,4a4ba6bfdadc792c59a67935b6c4fe6ee8bfd325,3
2040,Commons,COMPRESS,265,COMPRESS-1.7,COMPRESS-1.8,apache/commons-compress,4a4ba6bfdadc792c59a67935b6c4fe6ee8bfd325,2
2041,Commons,COMPRESS,267,COMPRESS-1.7,COMPRESS-1.8,apache/commons-compress,4a4ba6bfdadc792c59a67935b6c4fe6ee8bfd325,4
2042,Commons,COMPRESS,268,COMPRESS-1.7,COMPRESS-1.8,apache/commons-compress,4a4ba6bfdadc792c59a67935b6c4fe6ee8bfd325,3
2043,Commons,COMPRESS,272,COMPRESS-1.7,COMPRESS-1.8.1,apache/commons-compress,4a4ba6bfdadc792c59a67935b6c4fe6ee8bfd325,3
2044,Commons,COMPRESS,279,COMPRESS-1.7,COMPRESS-1.8.1,apache/commons-compress,4a4ba6bfdadc792c59a67935b6c4fe6ee8bfd325,2
2045,Commons,COMPRESS,270,COMPRESS-1.8,COMPRESS-1.8.1,apache/commons-compress,5048d93858a3a7d976ace35f83868215ce5dfe2c,4
2046,Commons,COMPRESS,277,COMPRESS-1.8,COMPRESS-1.8.1,apache/commons-compress,5048d93858a3a7d976ace35f83868215ce5dfe2c,1
2047,Commons,COMPRESS,276,COMPRESS-1.8,COMPRESS-1.8.1,apache/commons-compress,5048d93858a3a7d976ace35f83868215ce5dfe2c,7
2048,Commons,COMPRESS,274,COMPRESS-1.8,COMPRESS-1.8.1,apache/commons-compress,5048d93858a3a7d976ace35f83868215ce5dfe2c,1
2049,Commons,COMPRESS,273,COMPRESS-1.8,COMPRESS-1.8.1,apache/commons-compress,5048d93858a3a7d976ace35f83868215ce5dfe2c,4
2050,Commons,COMPRESS,278,COMPRESS-1.8,COMPRESS-1.8.1,apache/commons-compress,5048d93858a3a7d976ace35f83868215ce5dfe2c,2
2051,Commons,COMPRESS,286,COMPRESS-1.8,COMPRESS-1.9,apache/commons-compress,5048d93858a3a7d976ace35f83868215ce5dfe2c,7
2052,Commons,COMPRESS,287,COMPRESS-1.8.1,COMPRESS-1.9,apache/commons-compress,3547741ac1f953e94b147ecec009a7460369c190,1
2053,Commons,COMPRESS,289,COMPRESS-1.8.1,COMPRESS-1.9,apache/commons-compress,3547741ac1f953e94b147ecec009a7460369c190,2
2054,Commons,COMPRESS,297,COMPRESS-1.8.1,COMPRESS-1.10,apache/commons-compress,3547741ac1f953e94b147ecec009a7460369c190,1
2055,Commons,COMPRESS,303,COMPRESS-1.9,COMPRESS-1.10,apache/commons-compress,3a5c8403d892ff1bc245f5ccc6a00bbc860529eb,1
2056,Commons,COMPRESS,302,COMPRESS-1.9,COMPRESS-1.10,apache/commons-compress,3a5c8403d892ff1bc245f5ccc6a00bbc860529eb,1
2057,Commons,COMPRESS,306,COMPRESS-1.9,COMPRESS-1.10,apache/commons-compress,3a5c8403d892ff1bc245f5ccc6a00bbc860529eb,10
2058,Commons,COMPRESS,312,COMPRESS-1.9,COMPRESS-1.10,apache/commons-compress,3a5c8403d892ff1bc245f5ccc6a00bbc860529eb,1
2059,Commons,COMPRESS,315,COMPRESS-1.9,COMPRESS-1.10,apache/commons-compress,3a5c8403d892ff1bc245f5ccc6a00bbc860529eb,2
2060,Commons,COMPRESS,314,COMPRESS-1.9,COMPRESS-1.10,apache/commons-compress,3a5c8403d892ff1bc245f5ccc6a00bbc860529eb,2
2061,Commons,COMPRESS,321,COMPRESS-1.9,rel/1.11,apache/commons-compress,3a5c8403d892ff1bc245f5ccc6a00bbc860529eb,2
2062,Commons,COMPRESS,357,COMPRESS-1.9,rel/1.12,apache/commons-compress,3a5c8403d892ff1bc245f5ccc6a00bbc860529eb,1
2063,Commons,CONFIGURATION,214,CONFIGURATION_1_2,CONFIGURATION_1_3,apache/commons-configuration,4c9cc64655258b6af313a593f981de4c94ccc28e,3
2064,Commons,CONFIGURATION,220,CONFIGURATION_1_2,CONFIGURATION_1_3,apache/commons-configuration,4c9cc64655258b6af313a593f981de4c94ccc28e,2
2065,Commons,CONFIGURATION,228,CONFIGURATION_1_2,CONFIGURATION_1_4,apache/commons-configuration,4c9cc64655258b6af313a593f981de4c94ccc28e,2
2066,Commons,CONFIGURATION,227,CONFIGURATION_1_2,CONFIGURATION_1_3,apache/commons-configuration,4c9cc64655258b6af313a593f981de4c94ccc28e,1
2067,Commons,CONFIGURATION,230,CONFIGURATION_1_3,CONFIGURATION_1_4,apache/commons-configuration,663be0ea1296075b919b41c7e3af4c10054c84aa,3
2068,Commons,CONFIGURATION,233,CONFIGURATION_1_3,CONFIGURATION_1_4,apache/commons-configuration,663be0ea1296075b919b41c7e3af4c10054c84aa,2
2069,Commons,CONFIGURATION,235,CONFIGURATION_1_3,CONFIGURATION_1_4,apache/commons-configuration,663be0ea1296075b919b41c7e3af4c10054c84aa,2
2070,Commons,CONFIGURATION,229,CONFIGURATION_1_3,CONFIGURATION_1_4,apache/commons-configuration,663be0ea1296075b919b41c7e3af4c10054c84aa,2
2071,Commons,CONFIGURATION,242,CONFIGURATION_1_3,CONFIGURATION_1_4,apache/commons-configuration,663be0ea1296075b919b41c7e3af4c10054c84aa,3
2072,Commons,CONFIGURATION,241,CONFIGURATION_1_3,CONFIGURATION_1_4,apache/commons-configuration,663be0ea1296075b919b41c7e3af4c10054c84aa,2
2073,Commons,CONFIGURATION,232,CONFIGURATION_1_3,CONFIGURATION_1_4,apache/commons-configuration,663be0ea1296075b919b41c7e3af4c10054c84aa,3
2074,Commons,CONFIGURATION,252,CONFIGURATION_1_3,CONFIGURATION_1_4,apache/commons-configuration,663be0ea1296075b919b41c7e3af4c10054c84aa,2
2075,Commons,CONFIGURATION,254,CONFIGURATION_1_3,CONFIGURATION_1_4,apache/commons-configuration,663be0ea1296075b919b41c7e3af4c10054c84aa,2
2076,Commons,CONFIGURATION,255,CONFIGURATION_1_3,CONFIGURATION_1_4,apache/commons-configuration,663be0ea1296075b919b41c7e3af4c10054c84aa,2
2077,Commons,CONFIGURATION,256,CONFIGURATION_1_3,CONFIGURATION_1_4,apache/commons-configuration,663be0ea1296075b919b41c7e3af4c10054c84aa,14
2078,Commons,CONFIGURATION,259,CONFIGURATION_1_3,CONFIGURATION_1_4,apache/commons-configuration,663be0ea1296075b919b41c7e3af4c10054c84aa,1
2079,Commons,CONFIGURATION,253,CONFIGURATION_1_3,CONFIGURATION_1_5,apache/commons-configuration,663be0ea1296075b919b41c7e3af4c10054c84aa,2
2080,Commons,CONFIGURATION,263,CONFIGURATION_1_4,CONFIGURATION_1_5,apache/commons-configuration,2ca32d357e00554c999837c52319e8122fcb26d9,2
2081,Commons,CONFIGURATION,264,CONFIGURATION_1_4,CONFIGURATION_1_5,apache/commons-configuration,2ca32d357e00554c999837c52319e8122fcb26d9,3
2082,Commons,CONFIGURATION,265,CONFIGURATION_1_4,CONFIGURATION_1_5,apache/commons-configuration,2ca32d357e00554c999837c52319e8122fcb26d9,6
2083,Commons,CONFIGURATION,267,CONFIGURATION_1_4,CONFIGURATION_1_5,apache/commons-configuration,2ca32d357e00554c999837c52319e8122fcb26d9,1
2084,Commons,CONFIGURATION,268,CONFIGURATION_1_4,CONFIGURATION_1_5,apache/commons-configuration,2ca32d357e00554c999837c52319e8122fcb26d9,4
2085,Commons,CONFIGURATION,270,CONFIGURATION_1_4,CONFIGURATION_1_5,apache/commons-configuration,2ca32d357e00554c999837c52319e8122fcb26d9,2
2086,Commons,CONFIGURATION,269,CONFIGURATION_1_4,CONFIGURATION_1_5,apache/commons-configuration,2ca32d357e00554c999837c52319e8122fcb26d9,3
2087,Commons,CONFIGURATION,274,CONFIGURATION_1_4,CONFIGURATION_1_5,apache/commons-configuration,2ca32d357e00554c999837c52319e8122fcb26d9,2
2088,Commons,CONFIGURATION,279,CONFIGURATION_1_4,CONFIGURATION_1_5,apache/commons-configuration,2ca32d357e00554c999837c52319e8122fcb26d9,2
2089,Commons,CONFIGURATION,280,CONFIGURATION_1_4,CONFIGURATION_1_5,apache/commons-configuration,2ca32d357e00554c999837c52319e8122fcb26d9,2
2090,Commons,CONFIGURATION,277,CONFIGURATION_1_4,CONFIGURATION_1_5,apache/commons-configuration,2ca32d357e00554c999837c52319e8122fcb26d9,1
2091,Commons,CONFIGURATION,283,CONFIGURATION_1_4,CONFIGURATION_1_5,apache/commons-configuration,2ca32d357e00554c999837c52319e8122fcb26d9,3
2092,Commons,CONFIGURATION,282,CONFIGURATION_1_4,CONFIGURATION_1_5,apache/commons-configuration,2ca32d357e00554c999837c52319e8122fcb26d9,1
2093,Commons,CONFIGURATION,285,CONFIGURATION_1_4,CONFIGURATION_1_5,apache/commons-configuration,2ca32d357e00554c999837c52319e8122fcb26d9,2
2094,Commons,CONFIGURATION,287,CONFIGURATION_1_4,CONFIGURATION_1_5,apache/commons-configuration,2ca32d357e00554c999837c52319e8122fcb26d9,3
2095,Commons,CONFIGURATION,291,CONFIGURATION_1_4,CONFIGURATION_1_5,apache/commons-configuration,2ca32d357e00554c999837c52319e8122fcb26d9,2
2096,Commons,CONFIGURATION,294,CONFIGURATION_1_4,CONFIGURATION_1_5,apache/commons-configuration,2ca32d357e00554c999837c52319e8122fcb26d9,2
2097,Commons,CONFIGURATION,295,CONFIGURATION_1_4,CONFIGURATION_1_5,apache/commons-configuration,2ca32d357e00554c999837c52319e8122fcb26d9,2
2098,Commons,CONFIGURATION,296,CONFIGURATION_1_4,CONFIGURATION_1_5,apache/commons-configuration,2ca32d357e00554c999837c52319e8122fcb26d9,2
2099,Commons,CONFIGURATION,299,CONFIGURATION_1_4,CONFIGURATION_1_5,apache/commons-configuration,2ca32d357e00554c999837c52319e8122fcb26d9,2
2100,Commons,CONFIGURATION,300,CONFIGURATION_1_4,CONFIGURATION_1_6,apache/commons-configuration,2ca32d357e00554c999837c52319e8122fcb26d9,3
2101,Commons,CONFIGURATION,302,CONFIGURATION_1_5,CONFIGURATION_1_6,apache/commons-configuration,6925324fa47ea463e8e7f7833dd2acc4c57ff170,2
2102,Commons,CONFIGURATION,306,CONFIGURATION_1_5,CONFIGURATION_1_6,apache/commons-configuration,6925324fa47ea463e8e7f7833dd2acc4c57ff170,2
2103,Commons,CONFIGURATION,315,CONFIGURATION_1_5,CONFIGURATION_1_6,apache/commons-configuration,6925324fa47ea463e8e7f7833dd2acc4c57ff170,2
2104,Commons,CONFIGURATION,316,CONFIGURATION_1_5,CONFIGURATION_1_6,apache/commons-configuration,6925324fa47ea463e8e7f7833dd2acc4c57ff170,2
2105,Commons,CONFIGURATION,318,CONFIGURATION_1_5,CONFIGURATION_1_6,apache/commons-configuration,6925324fa47ea463e8e7f7833dd2acc4c57ff170,3
2106,Commons,CONFIGURATION,320,CONFIGURATION_1_5,CONFIGURATION_1_6,apache/commons-configuration,6925324fa47ea463e8e7f7833dd2acc4c57ff170,2
2107,Commons,CONFIGURATION,322,CONFIGURATION_1_5,CONFIGURATION_1_6,apache/commons-configuration,6925324fa47ea463e8e7f7833dd2acc4c57ff170,3
2108,Commons,CONFIGURATION,328,CONFIGURATION_1_5,CONFIGURATION_1_6,apache/commons-configuration,6925324fa47ea463e8e7f7833dd2acc4c57ff170,2
2109,Commons,CONFIGURATION,332,CONFIGURATION_1_5,CONFIGURATION_1_6,apache/commons-configuration,6925324fa47ea463e8e7f7833dd2acc4c57ff170,2
2110,Commons,CONFIGURATION,334,CONFIGURATION_1_5,CONFIGURATION_1_6,apache/commons-configuration,6925324fa47ea463e8e7f7833dd2acc4c57ff170,2
2111,Commons,CONFIGURATION,339,CONFIGURATION_1_5,CONFIGURATION_1_6,apache/commons-configuration,6925324fa47ea463e8e7f7833dd2acc4c57ff170,2
2112,Commons,CONFIGURATION,341,CONFIGURATION_1_5,CONFIGURATION_1_6,apache/commons-configuration,6925324fa47ea463e8e7f7833dd2acc4c57ff170,2
2113,Commons,CONFIGURATION,346,CONFIGURATION_1_5,CONFIGURATION_1_6,apache/commons-configuration,6925324fa47ea463e8e7f7833dd2acc4c57ff170,2
2114,Commons,CONFIGURATION,336,CONFIGURATION_1_5,CONFIGURATION_1_6,apache/commons-configuration,6925324fa47ea463e8e7f7833dd2acc4c57ff170,4
2115,Commons,CONFIGURATION,347,CONFIGURATION_1_5,CONFIGURATION_1_6,apache/commons-configuration,6925324fa47ea463e8e7f7833dd2acc4c57ff170,2
2116,Commons,CONFIGURATION,344,CONFIGURATION_1_5,CONFIGURATION_1_6,apache/commons-configuration,6925324fa47ea463e8e7f7833dd2acc4c57ff170,3
2117,Commons,CONFIGURATION,348,CONFIGURATION_1_5,CONFIGURATION_1_6,apache/commons-configuration,6925324fa47ea463e8e7f7833dd2acc4c57ff170,2
2118,Commons,CONFIGURATION,345,CONFIGURATION_1_5,CONFIGURATION_1_6,apache/commons-configuration,6925324fa47ea463e8e7f7833dd2acc4c57ff170,2
2119,Commons,CONFIGURATION,349,CONFIGURATION_1_5,CONFIGURATION_1_6,apache/commons-configuration,6925324fa47ea463e8e7f7833dd2acc4c57ff170,2
2120,Commons,CONFIGURATION,335,CONFIGURATION_1_5,CONFIGURATION_1_6,apache/commons-configuration,6925324fa47ea463e8e7f7833dd2acc4c57ff170,2
2121,Commons,CONFIGURATION,321,CONFIGURATION_1_5,CONFIGURATION_1_6,apache/commons-configuration,6925324fa47ea463e8e7f7833dd2acc4c57ff170,2
2122,Commons,CONFIGURATION,357,CONFIGURATION_1_5,CONFIGURATION_1_7,apache/commons-configuration,6925324fa47ea463e8e7f7833dd2acc4c57ff170,2
2123,Commons,CONFIGURATION,404,CONFIGURATION_1_5,CONFIGURATION_1_7,apache/commons-configuration,6925324fa47ea463e8e7f7833dd2acc4c57ff170,3
2124,Commons,CONFIGURATION,368,CONFIGURATION_1_6,CONFIGURATION_1_7,apache/commons-configuration,46a1e1cf462d7f3cb89015287cb5cbe67a1ce22b,4
2125,Commons,CONFIGURATION,369,CONFIGURATION_1_6,CONFIGURATION_1_7,apache/commons-configuration,46a1e1cf462d7f3cb89015287cb5cbe67a1ce22b,5
2126,Commons,CONFIGURATION,385,CONFIGURATION_1_6,CONFIGURATION_1_7,apache/commons-configuration,46a1e1cf462d7f3cb89015287cb5cbe67a1ce22b,2
2127,Commons,CONFIGURATION,362,CONFIGURATION_1_6,CONFIGURATION_1_7,apache/commons-configuration,46a1e1cf462d7f3cb89015287cb5cbe67a1ce22b,2
2128,Commons,CONFIGURATION,388,CONFIGURATION_1_6,CONFIGURATION_1_7,apache/commons-configuration,46a1e1cf462d7f3cb89015287cb5cbe67a1ce22b,2
2129,Commons,CONFIGURATION,393,CONFIGURATION_1_6,CONFIGURATION_1_7,apache/commons-configuration,46a1e1cf462d7f3cb89015287cb5cbe67a1ce22b,2
2130,Commons,CONFIGURATION,396,CONFIGURATION_1_6,CONFIGURATION_1_7,apache/commons-configuration,46a1e1cf462d7f3cb89015287cb5cbe67a1ce22b,2
2131,Commons,CONFIGURATION,399,CONFIGURATION_1_6,CONFIGURATION_1_7,apache/commons-configuration,46a1e1cf462d7f3cb89015287cb5cbe67a1ce22b,2
2132,Commons,CONFIGURATION,403,CONFIGURATION_1_6,CONFIGURATION_1_7,apache/commons-configuration,46a1e1cf462d7f3cb89015287cb5cbe67a1ce22b,2
2133,Commons,CONFIGURATION,405,CONFIGURATION_1_6,CONFIGURATION_1_7,apache/commons-configuration,46a1e1cf462d7f3cb89015287cb5cbe67a1ce22b,2
2134,Commons,CONFIGURATION,407,CONFIGURATION_1_6,CONFIGURATION_1_7,apache/commons-configuration,46a1e1cf462d7f3cb89015287cb5cbe67a1ce22b,2
2135,Commons,CONFIGURATION,409,CONFIGURATION_1_6,CONFIGURATION_1_7,apache/commons-configuration,46a1e1cf462d7f3cb89015287cb5cbe67a1ce22b,2
2136,Commons,CONFIGURATION,408,CONFIGURATION_1_6,CONFIGURATION_1_7,apache/commons-configuration,46a1e1cf462d7f3cb89015287cb5cbe67a1ce22b,1
2137,Commons,CONFIGURATION,413,CONFIGURATION_1_6,CONFIGURATION_1_7,apache/commons-configuration,46a1e1cf462d7f3cb89015287cb5cbe67a1ce22b,1
2138,Commons,CONFIGURATION,415,CONFIGURATION_1_6,CONFIGURATION_1_7,apache/commons-configuration,46a1e1cf462d7f3cb89015287cb5cbe67a1ce22b,3
2139,Commons,CONFIGURATION,423,CONFIGURATION_1_6,CONFIGURATION_1_7,apache/commons-configuration,46a1e1cf462d7f3cb89015287cb5cbe67a1ce22b,1
2140,Commons,CONFIGURATION,428,CONFIGURATION_1_6,CONFIGURATION_1_7,apache/commons-configuration,46a1e1cf462d7f3cb89015287cb5cbe67a1ce22b,4
2141,Commons,CONFIGURATION,433,CONFIGURATION_1_6,CONFIGURATION_1_7,apache/commons-configuration,46a1e1cf462d7f3cb89015287cb5cbe67a1ce22b,2
2142,Commons,CONFIGURATION,432,CONFIGURATION_1_6,CONFIGURATION_1_7,apache/commons-configuration,46a1e1cf462d7f3cb89015287cb5cbe67a1ce22b,3
2143,Commons,CONFIGURATION,434,CONFIGURATION_1_6,CONFIGURATION_1_7,apache/commons-configuration,46a1e1cf462d7f3cb89015287cb5cbe67a1ce22b,2
2144,Commons,CONFIGURATION,446,CONFIGURATION_1_6,CONFIGURATION_1_7,apache/commons-configuration,46a1e1cf462d7f3cb89015287cb5cbe67a1ce22b,2
2145,Commons,CONFIGURATION,448,CONFIGURATION_1_6,CONFIGURATION_1_7,apache/commons-configuration,46a1e1cf462d7f3cb89015287cb5cbe67a1ce22b,2
2146,Commons,CONFIGURATION,458,CONFIGURATION_1_6,CONFIGURATION_1_7,apache/commons-configuration,46a1e1cf462d7f3cb89015287cb5cbe67a1ce22b,2
2147,Commons,CONFIGURATION,455,CONFIGURATION_1_6,CONFIGURATION_1_7,apache/commons-configuration,46a1e1cf462d7f3cb89015287cb5cbe67a1ce22b,2
2148,Commons,CONFIGURATION,456,CONFIGURATION_1_6,CONFIGURATION_1_7,apache/commons-configuration,46a1e1cf462d7f3cb89015287cb5cbe67a1ce22b,3
2149,Commons,CONFIGURATION,452,CONFIGURATION_1_6,CONFIGURATION_1_7,apache/commons-configuration,46a1e1cf462d7f3cb89015287cb5cbe67a1ce22b,2
2150,Commons,CONFIGURATION,460,CONFIGURATION_1_6,CONFIGURATION_1_7,apache/commons-configuration,46a1e1cf462d7f3cb89015287cb5cbe67a1ce22b,3
2151,Commons,CONFIGURATION,463,CONFIGURATION_1_6,CONFIGURATION_1_8,apache/commons-configuration,46a1e1cf462d7f3cb89015287cb5cbe67a1ce22b,1
2152,Commons,CONFIGURATION,483,CONFIGURATION_1_6,CONFIGURATION_1_9,apache/commons-configuration,46a1e1cf462d7f3cb89015287cb5cbe67a1ce22b,1
2153,Commons,CONFIGURATION,476,CONFIGURATION_1_7,CONFIGURATION_1_8,apache/commons-configuration,3bbf2a42b3db2878651a0968574ec375658f8590,2
2154,Commons,CONFIGURATION,471,CONFIGURATION_1_7,CONFIGURATION_1_8,apache/commons-configuration,3bbf2a42b3db2878651a0968574ec375658f8590,2
2155,Commons,CONFIGURATION,474,CONFIGURATION_1_7,CONFIGURATION_1_8,apache/commons-configuration,3bbf2a42b3db2878651a0968574ec375658f8590,2
2156,Commons,CONFIGURATION,465,CONFIGURATION_1_7,CONFIGURATION_1_8,apache/commons-configuration,3bbf2a42b3db2878651a0968574ec375658f8590,1
2157,Commons,CONFIGURATION,481,CONFIGURATION_1_7,CONFIGURATION_1_9,apache/commons-configuration,3bbf2a42b3db2878651a0968574ec375658f8590,3
2158,Commons,CONFIGURATION,487,CONFIGURATION_1_8,CONFIGURATION_1_9,apache/commons-configuration,fa910376536ea5a906d3a49a9d87603b11cf5133,3
2159,Commons,CONFIGURATION,495,CONFIGURATION_1_8,CONFIGURATION_1_9,apache/commons-configuration,fa910376536ea5a906d3a49a9d87603b11cf5133,3
2160,Commons,CONFIGURATION,501,CONFIGURATION_1_8,CONFIGURATION_1_9,apache/commons-configuration,fa910376536ea5a906d3a49a9d87603b11cf5133,2
2161,Commons,CONFIGURATION,610,CONFIGURATION_2_0_alpha1,CONFIGURATION_2_0,apache/commons-configuration,3addf1100809fe7e1a7d66b3ebd40a5ea6b7b80a,3
2162,Commons,CONFIGURATION,618,CONFIGURATION_2_0_beta2,CONFIGURATION_2_0,apache/commons-configuration,ac2596d0c630f105e3cbb9a745ef6a0715fb342f,2
2163,Commons,CONFIGURATION,634,CONFIGURATION_2_0,CONFIGURATION_2_1,apache/commons-configuration,25c16206e0452a3b68abf4158c4d8f2ea38305da,2
2167,Commons,CSV,145,1.1,csv-1.2,apache/commons-csv,23d1fa4c7f29a757e5536e953071608ca4fd7869,2
2168,Commons,CSV,156,1.1,csv-1.2,apache/commons-csv,23d1fa4c7f29a757e5536e953071608ca4fd7869,1
2174,Commons,IO,243,IO_1_0,commons-io-2.0,apache/commons-io,c2970b4a557e45a1f6e3cf85b5d163a5de9f80dd,2
2175,Commons,IO,83,IO_1_2,IO_1_3,apache/commons-io,d65ff7fec954c84deb0c3b22731b0ee8f395805e,2
2176,Commons,IO,90,IO_1_2,IO_1_3,apache/commons-io,d65ff7fec954c84deb0c3b22731b0ee8f395805e,2
2177,Commons,IO,91,IO_1_2,IO_1_3,apache/commons-io,d65ff7fec954c84deb0c3b22731b0ee8f395805e,2
2178,Commons,IO,93,IO_1_2,IO_1_3,apache/commons-io,d65ff7fec954c84deb0c3b22731b0ee8f395805e,2
2179,Commons,IO,96,IO_1_2,IO_1_3,apache/commons-io,d65ff7fec954c84deb0c3b22731b0ee8f395805e,1
2180,Commons,IO,84,IO_1_2,IO_1_3,apache/commons-io,d65ff7fec954c84deb0c3b22731b0ee8f395805e,6
2181,Commons,IO,100,IO_1_2,IO_1_3,apache/commons-io,d65ff7fec954c84deb0c3b22731b0ee8f395805e,1
2182,Commons,IO,101,IO_1_2,IO_1_3,apache/commons-io,d65ff7fec954c84deb0c3b22731b0ee8f395805e,2
2183,Commons,IO,99,IO_1_2,IO_1_3,apache/commons-io,d65ff7fec954c84deb0c3b22731b0ee8f395805e,2
2184,Commons,IO,187,IO_1_2,commons-io-2.0,apache/commons-io,d65ff7fec954c84deb0c3b22731b0ee8f395805e,1
2185,Commons,IO,112,IO_1_3,IO_1_3_1,apache/commons-io,5a6f8945b08bcb6a4c47cc148a8cbb2f42271880,3
2186,Commons,IO,113,IO_1_3,IO_1_3_1,apache/commons-io,5a6f8945b08bcb6a4c47cc148a8cbb2f42271880,1
2187,Commons,IO,223,IO_1_3,commons-io-2.0,apache/commons-io,5a6f8945b08bcb6a4c47cc148a8cbb2f42271880,1
2188,Commons,IO,117,IO_1_3_1,commons-io-1.3.2,apache/commons-io,51aa1d250035dd89db576cd8458b26c58d78dea8,2
2189,Commons,IO,136,commons-io-1.3.2,commons-io-1.4,apache/commons-io,04dda36003d8d5115a4210e228deb52deba2f2c6,1
2190,Commons,IO,147,commons-io-1.3.2,commons-io-1.4,apache/commons-io,04dda36003d8d5115a4210e228deb52deba2f2c6,2
2191,Commons,IO,141,commons-io-1.3.2,commons-io-1.4,apache/commons-io,04dda36003d8d5115a4210e228deb52deba2f2c6,2
2192,Commons,IO,160,commons-io-1.3.2,commons-io-2.0,apache/commons-io,04dda36003d8d5115a4210e228deb52deba2f2c6,2
2193,Commons,IO,179,commons-io-1.3.2,commons-io-2.0,apache/commons-io,04dda36003d8d5115a4210e228deb52deba2f2c6,2
2194,Commons,IO,163,commons-io-1.4,commons-io-2.0,apache/commons-io,6923a01ae1edf0510dd257f72867c282224ee23f,2
2195,Commons,IO,167,commons-io-1.4,commons-io-2.0,apache/commons-io,6923a01ae1edf0510dd257f72867c282224ee23f,6
2196,Commons,IO,180,commons-io-1.4,commons-io-2.0,apache/commons-io,6923a01ae1edf0510dd257f72867c282224ee23f,1
2197,Commons,IO,161,commons-io-1.4,commons-io-2.0,apache/commons-io,6923a01ae1edf0510dd257f72867c282224ee23f,2
2198,Commons,IO,202,commons-io-1.4,commons-io-2.0,apache/commons-io,6923a01ae1edf0510dd257f72867c282224ee23f,1
2199,Commons,IO,212,commons-io-1.4,commons-io-2.0,apache/commons-io,6923a01ae1edf0510dd257f72867c282224ee23f,1
2200,Commons,IO,231,commons-io-1.4,commons-io-2.0,apache/commons-io,6923a01ae1edf0510dd257f72867c282224ee23f,2
2201,Commons,IO,207,commons-io-1.4,commons-io-2.0,apache/commons-io,6923a01ae1edf0510dd257f72867c282224ee23f,1
2202,Commons,IO,216,commons-io-1.4,commons-io-2.0,apache/commons-io,6923a01ae1edf0510dd257f72867c282224ee23f,1
2203,Commons,IO,168,commons-io-1.4,commons-io-2.0,apache/commons-io,6923a01ae1edf0510dd257f72867c282224ee23f,1
2204,Commons,IO,217,commons-io-1.4,commons-io-2.0,apache/commons-io,6923a01ae1edf0510dd257f72867c282224ee23f,2
2205,Commons,IO,166,commons-io-1.4,commons-io-2.0,apache/commons-io,6923a01ae1edf0510dd257f72867c282224ee23f,2
2206,Commons,IO,246,commons-io-1.4,commons-io-2.0,apache/commons-io,6923a01ae1edf0510dd257f72867c282224ee23f,2
2207,Commons,IO,185,commons-io-1.4,commons-io-2.0,apache/commons-io,6923a01ae1edf0510dd257f72867c282224ee23f,2
2208,Commons,IO,190,commons-io-1.4,commons-io-2.0,apache/commons-io,6923a01ae1edf0510dd257f72867c282224ee23f,2
2209,Commons,IO,248,commons-io-1.4,commons-io-2.0,apache/commons-io,6923a01ae1edf0510dd257f72867c282224ee23f,2
2210,Commons,IO,209,commons-io-1.4,commons-io-2.0,apache/commons-io,6923a01ae1edf0510dd257f72867c282224ee23f,2
2211,Commons,IO,201,commons-io-1.4,commons-io-2.0,apache/commons-io,6923a01ae1edf0510dd257f72867c282224ee23f,2
2212,Commons,IO,257,commons-io-2.0,commons-io-2.0.1,apache/commons-io,27add961ae6f94fa20124d24486a6e5fb47587c9,2
2213,Commons,IO,258,commons-io-2.0,commons-io-2.0.1,apache/commons-io,27add961ae6f94fa20124d24486a6e5fb47587c9,2
2214,Commons,IO,264,commons-io-2.0,commons-io-2.1,apache/commons-io,27add961ae6f94fa20124d24486a6e5fb47587c9,1
2215,Commons,IO,260,commons-io-2.0.1,commons-io-2.1,apache/commons-io,d5ac035b851c687b11031e694c40318db09bc634,2
2216,Commons,IO,263,commons-io-2.0.1,commons-io-2.1,apache/commons-io,d5ac035b851c687b11031e694c40318db09bc634,2
2217,Commons,IO,266,commons-io-2.0.1,commons-io-2.1,apache/commons-io,d5ac035b851c687b11031e694c40318db09bc634,1
2218,Commons,IO,274,commons-io-2.0.1,commons-io-2.1,apache/commons-io,d5ac035b851c687b11031e694c40318db09bc634,2
2219,Commons,IO,277,commons-io-2.0.1,commons-io-2.1,apache/commons-io,d5ac035b851c687b11031e694c40318db09bc634,4
2220,Commons,IO,368,commons-io-2.0.1,2.5,apache/commons-io,d5ac035b851c687b11031e694c40318db09bc634,1
2221,Commons,IO,299,commons-io-2.0.1,2.5,apache/commons-io,d5ac035b851c687b11031e694c40318db09bc634,2
2222,Commons,IO,428,commons-io-2.0.1,2.5,apache/commons-io,d5ac035b851c687b11031e694c40318db09bc634,2
2223,Commons,IO,303,commons-io-2.1,2.2,apache/commons-io,0e68a33a9b8f27e592f79a563a5c9a9644c8b21d,2
2224,Commons,IO,302,commons-io-2.1,2.2,apache/commons-io,0e68a33a9b8f27e592f79a563a5c9a9644c8b21d,2
2225,Commons,IO,304,commons-io-2.1,2.2,apache/commons-io,0e68a33a9b8f27e592f79a563a5c9a9644c8b21d,1
2226,Commons,IO,298,commons-io-2.1,2.2,apache/commons-io,0e68a33a9b8f27e592f79a563a5c9a9644c8b21d,1
2227,Commons,IO,306,commons-io-2.1,2.2,apache/commons-io,0e68a33a9b8f27e592f79a563a5c9a9644c8b21d,2
2228,Commons,IO,307,commons-io-2.1,2.2,apache/commons-io,0e68a33a9b8f27e592f79a563a5c9a9644c8b21d,1
2229,Commons,IO,319,commons-io-2.1,2.4,apache/commons-io,0e68a33a9b8f27e592f79a563a5c9a9644c8b21d,2
2230,Commons,IO,453,commons-io-2.1,2.5,apache/commons-io,0e68a33a9b8f27e592f79a563a5c9a9644c8b21d,1
2231,Commons,IO,329,2.3,2.4,apache/commons-io,c07589baa429c2ab306466643cef3dec31d1788b,1
2232,Commons,IO,331,2.3,2.4,apache/commons-io,c07589baa429c2ab306466643cef3dec31d1788b,6
2233,Commons,IO,336,2.3,2.4,apache/commons-io,c07589baa429c2ab306466643cef3dec31d1788b,1
2234,Commons,IO,355,2.3,2.5,apache/commons-io,c07589baa429c2ab306466643cef3dec31d1788b,1
2235,Commons,IO,323,2.3,2.5,apache/commons-io,c07589baa429c2ab306466643cef3dec31d1788b,1
2236,Commons,IO,354,2.3,2.5,apache/commons-io,c07589baa429c2ab306466643cef3dec31d1788b,2
2237,Commons,IO,197,2.4,commons-io-2.0,apache/commons-io,e36d53170875d26d59ca94bd376bf40bc5690ee6,1
2238,Commons,IO,362,2.4,2.5,apache/commons-io,e36d53170875d26d59ca94bd376bf40bc5690ee6,2
2239,Commons,IO,374,2.4,2.5,apache/commons-io,e36d53170875d26d59ca94bd376bf40bc5690ee6,1
2240,Commons,IO,343,2.4,2.5,apache/commons-io,e36d53170875d26d59ca94bd376bf40bc5690ee6,17
2241,Commons,IO,356,2.4,2.5,apache/commons-io,e36d53170875d26d59ca94bd376bf40bc5690ee6,2
2242,Commons,IO,383,2.4,2.5,apache/commons-io,e36d53170875d26d59ca94bd376bf40bc5690ee6,1
2243,Commons,IO,390,2.4,2.5,apache/commons-io,e36d53170875d26d59ca94bd376bf40bc5690ee6,2
2244,Commons,IO,436,2.4,2.5,apache/commons-io,e36d53170875d26d59ca94bd376bf40bc5690ee6,1
2245,Commons,IO,462,2.4,2.5,apache/commons-io,e36d53170875d26d59ca94bd376bf40bc5690ee6,4
2246,Commons,IO,481,2.4,2.5,apache/commons-io,e36d53170875d26d59ca94bd376bf40bc5690ee6,1
2247,Commons,IO,484,2.4,2.5,apache/commons-io,e36d53170875d26d59ca94bd376bf40bc5690ee6,2
2248,Commons,IO,492,2.4,2.5,apache/commons-io,e36d53170875d26d59ca94bd376bf40bc5690ee6,1
2249,Commons,IO,494,2.4,2.5,apache/commons-io,e36d53170875d26d59ca94bd376bf40bc5690ee6,1
2250,Commons,LANG,315,LANG_2_0,LANG_2_3,apache/commons-lang,da5d64110a8b7182d04359958f40fadfbe1ed6ff,2
2251,Commons,LANG,261,LANG_2_1,LANG_2_2,apache/commons-lang,81f1077a922523a1f6a76376215a1b3de1e49b67,2
2252,Commons,LANG,100,LANG_2_1,LANG_2_2,apache/commons-lang,81f1077a922523a1f6a76376215a1b3de1e49b67,2
2253,Commons,LANG,59,LANG_2_1,LANG_2_2,apache/commons-lang,81f1077a922523a1f6a76376215a1b3de1e49b67,2
2254,Commons,LANG,259,LANG_2_1,LANG_2_2,apache/commons-lang,81f1077a922523a1f6a76376215a1b3de1e49b67,3
2255,Commons,LANG,277,LANG_2_1,LANG_2_2,apache/commons-lang,81f1077a922523a1f6a76376215a1b3de1e49b67,2
2256,Commons,LANG,278,LANG_2_1,LANG_2_2,apache/commons-lang,81f1077a922523a1f6a76376215a1b3de1e49b67,2
2257,Commons,LANG,281,LANG_2_1,LANG_2_3,apache/commons-lang,81f1077a922523a1f6a76376215a1b3de1e49b67,2
2258,Commons,LANG,313,LANG_2_1,LANG_2_3,apache/commons-lang,81f1077a922523a1f6a76376215a1b3de1e49b67,1
2259,Commons,LANG,69,LANG_2_1,LANG_2_3,apache/commons-lang,81f1077a922523a1f6a76376215a1b3de1e49b67,3
2260,Commons,LANG,294,LANG_2_2,LANG_2_3,apache/commons-lang,bdf2ede50ed073d91389be55ec3a9cff565c58a5,2
2261,Commons,LANG,299,LANG_2_2,LANG_2_3,apache/commons-lang,bdf2ede50ed073d91389be55ec3a9cff565c58a5,2
2262,Commons,LANG,300,LANG_2_2,LANG_2_3,apache/commons-lang,bdf2ede50ed073d91389be55ec3a9cff565c58a5,3
2263,Commons,LANG,304,LANG_2_2,LANG_2_3,apache/commons-lang,bdf2ede50ed073d91389be55ec3a9cff565c58a5,2
2264,Commons,LANG,303,LANG_2_2,LANG_2_3,apache/commons-lang,bdf2ede50ed073d91389be55ec3a9cff565c58a5,2
2265,Commons,LANG,102,LANG_2_2,LANG_2_3,apache/commons-lang,bdf2ede50ed073d91389be55ec3a9cff565c58a5,1
2266,Commons,LANG,346,LANG_2_2,LANG_2_4,apache/commons-lang,bdf2ede50ed073d91389be55ec3a9cff565c58a5,2
2267,Commons,LANG,367,LANG_2_2,LANG_2_4,apache/commons-lang,bdf2ede50ed073d91389be55ec3a9cff565c58a5,1
2268,Commons,LANG,414,LANG_2_2,LANG_2_4,apache/commons-lang,bdf2ede50ed073d91389be55ec3a9cff565c58a5,2
2269,Commons,LANG,302,LANG_2_2,LANG_2_6,apache/commons-lang,bdf2ede50ed073d91389be55ec3a9cff565c58a5,1
2270,Commons,LANG,328,LANG_2_3,LANG_2_4,apache/commons-lang,4e55808486a0227a72c70350a76d33660cc94af8,2
2271,Commons,LANG,361,LANG_2_3,LANG_2_4,apache/commons-lang,4e55808486a0227a72c70350a76d33660cc94af8,1
2272,Commons,LANG,364,LANG_2_3,LANG_2_4,apache/commons-lang,4e55808486a0227a72c70350a76d33660cc94af8,1
2273,Commons,LANG,363,LANG_2_3,LANG_2_4,apache/commons-lang,4e55808486a0227a72c70350a76d33660cc94af8,2
2274,Commons,LANG,380,LANG_2_3,LANG_2_4,apache/commons-lang,4e55808486a0227a72c70350a76d33660cc94af8,2
2275,Commons,LANG,381,LANG_2_3,LANG_2_4,apache/commons-lang,4e55808486a0227a72c70350a76d33660cc94af8,2
2276,Commons,LANG,393,LANG_2_3,LANG_2_4,apache/commons-lang,4e55808486a0227a72c70350a76d33660cc94af8,2
2277,Commons,LANG,412,LANG_2_3,LANG_2_4,apache/commons-lang,4e55808486a0227a72c70350a76d33660cc94af8,2
2278,Commons,LANG,421,LANG_2_4,LANG_2_5,apache/commons-lang,aa9727e15966bac899aa18733ef85c4aded19f0c,2
2279,Commons,LANG,419,LANG_2_4,LANG_2_5,apache/commons-lang,aa9727e15966bac899aa18733ef85c4aded19f0c,2
2280,Commons,LANG,459,LANG_2_4,LANG_2_5,apache/commons-lang,aa9727e15966bac899aa18733ef85c4aded19f0c,1
2281,Commons,LANG,460,LANG_2_4,LANG_2_5,apache/commons-lang,aa9727e15966bac899aa18733ef85c4aded19f0c,1
2282,Commons,LANG,477,LANG_2_4,LANG_2_5,apache/commons-lang,aa9727e15966bac899aa18733ef85c4aded19f0c,2
2283,Commons,LANG,509,LANG_2_4,LANG_2_5,apache/commons-lang,aa9727e15966bac899aa18733ef85c4aded19f0c,2
2284,Commons,LANG,535,LANG_2_4,LANG_2_5,apache/commons-lang,aa9727e15966bac899aa18733ef85c4aded19f0c,2
2285,Commons,LANG,432,LANG_2_4,LANG_2_5,apache/commons-lang,aa9727e15966bac899aa18733ef85c4aded19f0c,3
2286,Commons,LANG,467,LANG_2_4,LANG_2_5,apache/commons-lang,aa9727e15966bac899aa18733ef85c4aded19f0c,2
2287,Commons,LANG,473,LANG_2_4,LANG_2_5,apache/commons-lang,aa9727e15966bac899aa18733ef85c4aded19f0c,2
2288,Commons,LANG,720,LANG_3_0,LANG_3_0_1,apache/commons-lang,c21484b730221bc87ca26553155350292aa30f0d,2
2289,Commons,LANG,734,LANG_3_0,LANG_3_0_1,apache/commons-lang,c21484b730221bc87ca26553155350292aa30f0d,1
2290,Commons,LANG,727,LANG_3_0,LANG_3_0_1,apache/commons-lang,c21484b730221bc87ca26553155350292aa30f0d,1
2291,Commons,LANG,736,LANG_3_0,LANG_3_1,apache/commons-lang,c21484b730221bc87ca26553155350292aa30f0d,1
2292,Commons,LANG,746,LANG_3_0,LANG_3_1,apache/commons-lang,c21484b730221bc87ca26553155350292aa30f0d,2
2293,Commons,LANG,613,LANG_3_0,LANG_3_3,apache/commons-lang,c21484b730221bc87ca26553155350292aa30f0d,2
2294,Commons,LANG,744,LANG_3_0_1,LANG_3_1,apache/commons-lang,b901f0b449bc01358ac5b9e7fb8c82910a0b22e7,1
2295,Commons,LANG,772,LANG_3_0_1,LANG_3_2,apache/commons-lang,b901f0b449bc01358ac5b9e7fb8c82910a0b22e7,1
2296,Commons,LANG,764,LANG_3_0_1,LANG_3_2,apache/commons-lang,b901f0b449bc01358ac5b9e7fb8c82910a0b22e7,1
2297,Commons,LANG,819,LANG_3_0_1,LANG_3_3,apache/commons-lang,b901f0b449bc01358ac5b9e7fb8c82910a0b22e7,1
2298,Commons,LANG,773,LANG_3_1,LANG_3_2,apache/commons-lang,915946c9dcc80a6a16745b86540b82b2ddba1720,1
2299,Commons,LANG,775,LANG_3_1,LANG_3_2,apache/commons-lang,915946c9dcc80a6a16745b86540b82b2ddba1720,2
2300,Commons,LANG,776,LANG_3_1,LANG_3_2,apache/commons-lang,915946c9dcc80a6a16745b86540b82b2ddba1720,2
2301,Commons,LANG,783,LANG_3_1,LANG_3_2,apache/commons-lang,915946c9dcc80a6a16745b86540b82b2ddba1720,1
2302,Commons,LANG,788,LANG_3_1,LANG_3_2,apache/commons-lang,915946c9dcc80a6a16745b86540b82b2ddba1720,2
2303,Commons,LANG,800,LANG_3_1,LANG_3_2,apache/commons-lang,915946c9dcc80a6a16745b86540b82b2ddba1720,1
2304,Commons,LANG,802,LANG_3_1,LANG_3_2,apache/commons-lang,915946c9dcc80a6a16745b86540b82b2ddba1720,1
2305,Commons,LANG,813,LANG_3_1,LANG_3_2,apache/commons-lang,915946c9dcc80a6a16745b86540b82b2ddba1720,2
2306,Commons,LANG,814,LANG_3_1,LANG_3_2,apache/commons-lang,915946c9dcc80a6a16745b86540b82b2ddba1720,4
2307,Commons,LANG,817,LANG_3_1,LANG_3_2,apache/commons-lang,915946c9dcc80a6a16745b86540b82b2ddba1720,1
2308,Commons,LANG,810,LANG_3_1,LANG_3_2,apache/commons-lang,915946c9dcc80a6a16745b86540b82b2ddba1720,1
2309,Commons,LANG,799,LANG_3_1,LANG_3_2,apache/commons-lang,915946c9dcc80a6a16745b86540b82b2ddba1720,2
2310,Commons,LANG,838,LANG_3_1,LANG_3_2,apache/commons-lang,915946c9dcc80a6a16745b86540b82b2ddba1720,1
2311,Commons,LANG,822,LANG_3_1,LANG_3_2,apache/commons-lang,915946c9dcc80a6a16745b86540b82b2ddba1720,2
2312,Commons,LANG,857,LANG_3_1,LANG_3_2,apache/commons-lang,915946c9dcc80a6a16745b86540b82b2ddba1720,2
2313,Commons,LANG,865,LANG_3_1,LANG_3_2,apache/commons-lang,915946c9dcc80a6a16745b86540b82b2ddba1720,2
2314,Commons,LANG,881,LANG_3_1,LANG_3_2,apache/commons-lang,915946c9dcc80a6a16745b86540b82b2ddba1720,2
2315,Commons,LANG,882,LANG_3_1,LANG_3_2,apache/commons-lang,915946c9dcc80a6a16745b86540b82b2ddba1720,2
2316,Commons,LANG,862,LANG_3_1,LANG_3_2,apache/commons-lang,915946c9dcc80a6a16745b86540b82b2ddba1720,2
2317,Commons,LANG,879,LANG_3_1,LANG_3_2,apache/commons-lang,915946c9dcc80a6a16745b86540b82b2ddba1720,2
2318,Commons,LANG,920,LANG_3_1,LANG_3_2,apache/commons-lang,915946c9dcc80a6a16745b86540b82b2ddba1720,2
2319,Commons,LANG,921,LANG_3_1,LANG_3_2,apache/commons-lang,915946c9dcc80a6a16745b86540b82b2ddba1720,2
2320,Commons,LANG,902,LANG_3_1,LANG_3_2,apache/commons-lang,915946c9dcc80a6a16745b86540b82b2ddba1720,1
2321,Commons,LANG,915,LANG_3_1,LANG_3_3,apache/commons-lang,915946c9dcc80a6a16745b86540b82b2ddba1720,2
2322,Commons,LANG,951,LANG_3_1,LANG_3_3,apache/commons-lang,915946c9dcc80a6a16745b86540b82b2ddba1720,2
2323,Commons,LANG,943,LANG_3_1,LANG_3_3,apache/commons-lang,915946c9dcc80a6a16745b86540b82b2ddba1720,1
2324,Commons,LANG,936,LANG_3_1,LANG_3_3,apache/commons-lang,915946c9dcc80a6a16745b86540b82b2ddba1720,2
2325,Commons,LANG,883,LANG_3_1,LANG_3_4,apache/commons-lang,915946c9dcc80a6a16745b86540b82b2ddba1720,2
2326,Commons,LANG,794,LANG_3_1,LANG_3_4,apache/commons-lang,915946c9dcc80a6a16745b86540b82b2ddba1720,1
2327,Commons,LANG,1205,LANG_3_1,LANG_3_5,apache/commons-lang,915946c9dcc80a6a16745b86540b82b2ddba1720,2
2328,Commons,LANG,901,LANG_3_1,LANG_3_5,apache/commons-lang,915946c9dcc80a6a16745b86540b82b2ddba1720,2
2329,Commons,LANG,961,LANG_3_2,LANG_3_3,apache/commons-lang,0c14a39be2b8a8e9461921994033310fd567e8cb,3
2330,Commons,LANG,948,LANG_3_2,LANG_3_4,apache/commons-lang,0c14a39be2b8a8e9461921994033310fd567e8cb,2
2331,Commons,LANG,1251,LANG_3_2,LANG_3_5,apache/commons-lang,0c14a39be2b8a8e9461921994033310fd567e8cb,1
2332,Commons,LANG,954,LANG_3_2_1,LANG_3_3,apache/commons-lang,92e7e569ca9a6c92f24cc88c05e182d18ad62847,2
2333,Commons,LANG,946,LANG_3_2_1,LANG_3_3,apache/commons-lang,92e7e569ca9a6c92f24cc88c05e182d18ad62847,1
2334,Commons,LANG,969,LANG_3_2_1,LANG_3_3,apache/commons-lang,92e7e569ca9a6c92f24cc88c05e182d18ad62847,1
2335,Commons,LANG,972,LANG_3_2_1,LANG_3_3,apache/commons-lang,92e7e569ca9a6c92f24cc88c05e182d18ad62847,2
2336,Commons,LANG,971,LANG_3_2_1,LANG_3_3,apache/commons-lang,92e7e569ca9a6c92f24cc88c05e182d18ad62847,2
2337,Commons,LANG,977,LANG_3_2_1,LANG_3_3,apache/commons-lang,92e7e569ca9a6c92f24cc88c05e182d18ad62847,3
2338,Commons,LANG,978,LANG_3_3,LANG_3_3_1,apache/commons-lang,37f8fe84d934a92fe784c62e706b7aacf6fa4f97,1
2339,Commons,LANG,987,LANG_3_3,LANG_3_3_1,apache/commons-lang,37f8fe84d934a92fe784c62e706b7aacf6fa4f97,2
2340,Commons,LANG,995,LANG_3_3_2,LANG_3_4,apache/commons-lang,e8f924f51be5bc8bcd583ea96e5ef25f9b2ca72a,2
2341,Commons,LANG,1001,LANG_3_3_2,LANG_3_4,apache/commons-lang,e8f924f51be5bc8bcd583ea96e5ef25f9b2ca72a,6
2342,Commons,LANG,1003,LANG_3_3_2,LANG_3_4,apache/commons-lang,e8f924f51be5bc8bcd583ea96e5ef25f9b2ca72a,2
2343,Commons,LANG,1027,LANG_3_3_2,LANG_3_4,apache/commons-lang,e8f924f51be5bc8bcd583ea96e5ef25f9b2ca72a,2
2344,Commons,LANG,1004,LANG_3_3_2,LANG_3_4,apache/commons-lang,e8f924f51be5bc8bcd583ea96e5ef25f9b2ca72a,3
2345,Commons,LANG,1035,LANG_3_3_2,LANG_3_4,apache/commons-lang,e8f924f51be5bc8bcd583ea96e5ef25f9b2ca72a,1
2346,Commons,LANG,1000,LANG_3_3_2,LANG_3_4,apache/commons-lang,e8f924f51be5bc8bcd583ea96e5ef25f9b2ca72a,4
2347,Commons,LANG,1041,LANG_3_3_2,LANG_3_4,apache/commons-lang,e8f924f51be5bc8bcd583ea96e5ef25f9b2ca72a,1
2348,Commons,LANG,1072,LANG_3_3_2,LANG_3_4,apache/commons-lang,e8f924f51be5bc8bcd583ea96e5ef25f9b2ca72a,2
2349,Commons,LANG,1073,LANG_3_3_2,LANG_3_4,apache/commons-lang,e8f924f51be5bc8bcd583ea96e5ef25f9b2ca72a,1
2350,Commons,LANG,1071,LANG_3_3_2,LANG_3_4,apache/commons-lang,e8f924f51be5bc8bcd583ea96e5ef25f9b2ca72a,1
2351,Commons,LANG,1055,LANG_3_3_2,LANG_3_4,apache/commons-lang,e8f924f51be5bc8bcd583ea96e5ef25f9b2ca72a,3
2352,Commons,LANG,1081,LANG_3_3_2,LANG_3_4,apache/commons-lang,e8f924f51be5bc8bcd583ea96e5ef25f9b2ca72a,2
2353,Commons,LANG,1061,LANG_3_3_2,LANG_3_4,apache/commons-lang,e8f924f51be5bc8bcd583ea96e5ef25f9b2ca72a,1
2354,Commons,LANG,1092,LANG_3_3_2,LANG_3_4,apache/commons-lang,e8f924f51be5bc8bcd583ea96e5ef25f9b2ca72a,2
2355,Commons,LANG,1069,LANG_3_3_2,LANG_3_5,apache/commons-lang,e8f924f51be5bc8bcd583ea96e5ef25f9b2ca72a,2
2356,Commons,LANG,1002,LANG_3_3_2,LANG_3_5,apache/commons-lang,e8f924f51be5bc8bcd583ea96e5ef25f9b2ca72a,3
2357,Commons,LANG,1018,LANG_3_3_2,LANG_3_5,apache/commons-lang,e8f924f51be5bc8bcd583ea96e5ef25f9b2ca72a,2
2358,Commons,LANG,1112,LANG_3_4,LANG_3_5,apache/commons-lang,4777c3a5e4291af2420db57d008152c70c4a8f24,1
2359,Commons,LANG,1116,LANG_3_4,LANG_3_5,apache/commons-lang,4777c3a5e4291af2420db57d008152c70c4a8f24,3
2360,Commons,LANG,1132,LANG_3_4,LANG_3_5,apache/commons-lang,4777c3a5e4291af2420db57d008152c70c4a8f24,1
2361,Commons,LANG,1147,LANG_3_4,LANG_3_5,apache/commons-lang,4777c3a5e4291af2420db57d008152c70c4a8f24,2
2362,Commons,LANG,1141,LANG_3_4,LANG_3_5,apache/commons-lang,4777c3a5e4291af2420db57d008152c70c4a8f24,2
2363,Commons,LANG,1142,LANG_3_4,LANG_3_5,apache/commons-lang,4777c3a5e4291af2420db57d008152c70c4a8f24,2
2364,Commons,LANG,1162,LANG_3_4,LANG_3_5,apache/commons-lang,4777c3a5e4291af2420db57d008152c70c4a8f24,2
2365,Commons,LANG,1163,LANG_3_4,LANG_3_5,apache/commons-lang,4777c3a5e4291af2420db57d008152c70c4a8f24,2
2366,Commons,LANG,1182,LANG_3_4,LANG_3_5,apache/commons-lang,4777c3a5e4291af2420db57d008152c70c4a8f24,1
2367,Commons,LANG,1193,LANG_3_4,LANG_3_5,apache/commons-lang,4777c3a5e4291af2420db57d008152c70c4a8f24,2
2368,Commons,LANG,1200,LANG_3_4,LANG_3_5,apache/commons-lang,4777c3a5e4291af2420db57d008152c70c4a8f24,1
2369,Commons,LANG,1191,LANG_3_4,LANG_3_5,apache/commons-lang,4777c3a5e4291af2420db57d008152c70c4a8f24,2
2370,Commons,LANG,1207,LANG_3_4,LANG_3_5,apache/commons-lang,4777c3a5e4291af2420db57d008152c70c4a8f24,2
2371,Commons,LANG,1232,LANG_3_4,LANG_3_5,apache/commons-lang,4777c3a5e4291af2420db57d008152c70c4a8f24,1
2372,Commons,LANG,1178,LANG_3_4,LANG_3_5,apache/commons-lang,4777c3a5e4291af2420db57d008152c70c4a8f24,1
2373,Commons,LANG,1242,LANG_3_4,LANG_3_5,apache/commons-lang,4777c3a5e4291af2420db57d008152c70c4a8f24,1
2374,Commons,LANG,1199,LANG_3_4,LANG_3_5,apache/commons-lang,4777c3a5e4291af2420db57d008152c70c4a8f24,2
2375,Commons,LANG,1248,LANG_3_4,LANG_3_5,apache/commons-lang,4777c3a5e4291af2420db57d008152c70c4a8f24,1
2376,Commons,LANG,1202,LANG_3_4,LANG_3_5,apache/commons-lang,4777c3a5e4291af2420db57d008152c70c4a8f24,2
2377,Commons,LANG,1226,LANG_3_4,LANG_3_5,apache/commons-lang,4777c3a5e4291af2420db57d008152c70c4a8f24,2
2378,Commons,LANG,1190,LANG_3_4,LANG_3_5,apache/commons-lang,4777c3a5e4291af2420db57d008152c70c4a8f24,2
2379,Commons,LANG,1214,LANG_3_4,LANG_3_5,apache/commons-lang,4777c3a5e4291af2420db57d008152c70c4a8f24,2
2380,Commons,LANG,1262,LANG_3_4,LANG_3_5,apache/commons-lang,4777c3a5e4291af2420db57d008152c70c4a8f24,1
2381,Commons,LANG,1252,LANG_3_4,LANG_3_5,apache/commons-lang,4777c3a5e4291af2420db57d008152c70c4a8f24,3
2382,Commons,LANG,1197,LANG_3_4,LANG_3_5,apache/commons-lang,4777c3a5e4291af2420db57d008152c70c4a8f24,4
2383,Commons,LANG,1261,LANG_3_4,LANG_3_5,apache/commons-lang,4777c3a5e4291af2420db57d008152c70c4a8f24,2
2384,Commons,LANG,1216,LANG_3_4,LANG_3_5,apache/commons-lang,4777c3a5e4291af2420db57d008152c70c4a8f24,1
2385,Commons,MATH,197,MATH_1_0,MATH_2_0,apache/commons-math,96691abe5ed4a0f67b253cd2f6f789e868a77b22,2
2386,Commons,MATH,298,MATH_1_0,MATH_2_1,apache/commons-math,96691abe5ed4a0f67b253cd2f6f789e868a77b22,1
2387,Commons,MATH,309,MATH_1_0,MATH_2_1,apache/commons-math,96691abe5ed4a0f67b253cd2f6f789e868a77b22,2
2388,Commons,MATH,282,MATH_1_0,MATH_2_1,apache/commons-math,96691abe5ed4a0f67b253cd2f6f789e868a77b22,2
2389,Commons,MATH,153,MATH_1_1,MATH_1_2,apache/commons-math,bb50284d69ce651dc12e7acea2fe6e2db792874a,2
2390,Commons,MATH,166,MATH_1_1,MATH_1_2,apache/commons-math,bb50284d69ce651dc12e7acea2fe6e2db792874a,4
2391,Commons,MATH,175,MATH_1_1,MATH_1_2,apache/commons-math,bb50284d69ce651dc12e7acea2fe6e2db792874a,3
2392,Commons,MATH,184,MATH_1_1,MATH_1_2,apache/commons-math,bb50284d69ce651dc12e7acea2fe6e2db792874a,2
2393,Commons,MATH,306,MATH_1_1,MATH_2_1,apache/commons-math,bb50284d69ce651dc12e7acea2fe6e2db792874a,2
2394,Commons,MATH,201,MATH_1_2,MATH_2_0,apache/commons-math,0c602508d1591e212c55912a9066baa45e126957,1
2395,Commons,MATH,252,MATH_1_2,MATH_2_0,apache/commons-math,0c602508d1591e212c55912a9066baa45e126957,2
2396,Commons,MATH,294,MATH_1_2,MATH_2_1,apache/commons-math,0c602508d1591e212c55912a9066baa45e126957,2
2397,Commons,MATH,283,MATH_2_0,MATH_2_1,apache/commons-math,9f26e58bf9a73e1375b17dfdc2c5f395e4ffbdb6,2
2398,Commons,MATH,290,MATH_2_0,MATH_2_1,apache/commons-math,9f26e58bf9a73e1375b17dfdc2c5f395e4ffbdb6,2
2399,Commons,MATH,292,MATH_2_0,MATH_2_1,apache/commons-math,9f26e58bf9a73e1375b17dfdc2c5f395e4ffbdb6,1
2400,Commons,MATH,286,MATH_2_0,MATH_2_1,apache/commons-math,9f26e58bf9a73e1375b17dfdc2c5f395e4ffbdb6,4
2401,Commons,MATH,293,MATH_2_0,MATH_2_1,apache/commons-math,9f26e58bf9a73e1375b17dfdc2c5f395e4ffbdb6,2
2402,Commons,MATH,308,MATH_2_0,MATH_2_1,apache/commons-math,9f26e58bf9a73e1375b17dfdc2c5f395e4ffbdb6,2
2403,Commons,MATH,318,MATH_2_0,MATH_2_1,apache/commons-math,9f26e58bf9a73e1375b17dfdc2c5f395e4ffbdb6,2
2404,Commons,MATH,305,MATH_2_0,MATH_2_1,apache/commons-math,9f26e58bf9a73e1375b17dfdc2c5f395e4ffbdb6,2
2405,Commons,MATH,322,MATH_2_0,MATH_2_1,apache/commons-math,9f26e58bf9a73e1375b17dfdc2c5f395e4ffbdb6,1
2406,Commons,MATH,260,MATH_2_0,MATH_2_1,apache/commons-math,9f26e58bf9a73e1375b17dfdc2c5f395e4ffbdb6,1
2407,Commons,MATH,320,MATH_2_0,MATH_2_1,apache/commons-math,9f26e58bf9a73e1375b17dfdc2c5f395e4ffbdb6,3
2408,Commons,MATH,307,MATH_2_0,MATH_2_1,apache/commons-math,9f26e58bf9a73e1375b17dfdc2c5f395e4ffbdb6,1
2409,Commons,MATH,297,MATH_2_0,MATH_2_1,apache/commons-math,9f26e58bf9a73e1375b17dfdc2c5f395e4ffbdb6,1
2410,Commons,MATH,296,MATH_2_0,MATH_2_1,apache/commons-math,9f26e58bf9a73e1375b17dfdc2c5f395e4ffbdb6,3
2411,Commons,MATH,338,MATH_2_0,MATH_2_1,apache/commons-math,9f26e58bf9a73e1375b17dfdc2c5f395e4ffbdb6,5
2412,Commons,MATH,343,MATH_2_0,MATH_2_1,apache/commons-math,9f26e58bf9a73e1375b17dfdc2c5f395e4ffbdb6,2
2413,Commons,MATH,358,MATH_2_0,MATH_2_1,apache/commons-math,9f26e58bf9a73e1375b17dfdc2c5f395e4ffbdb6,6
2414,Commons,MATH,371,MATH_2_0,MATH_2_1,apache/commons-math,9f26e58bf9a73e1375b17dfdc2c5f395e4ffbdb6,2
2415,Commons,MATH,362,MATH_2_0,MATH_2_2,apache/commons-math,9f26e58bf9a73e1375b17dfdc2c5f395e4ffbdb6,3
2416,Commons,MATH,352,MATH_2_0,MATH_2_2,apache/commons-math,9f26e58bf9a73e1375b17dfdc2c5f395e4ffbdb6,2
2417,Commons,MATH,409,MATH_2_0,MATH_2_2,apache/commons-math,9f26e58bf9a73e1375b17dfdc2c5f395e4ffbdb6,4
2418,Commons,MATH,408,MATH_2_0,MATH_2_2,apache/commons-math,9f26e58bf9a73e1375b17dfdc2c5f395e4ffbdb6,1
2419,Commons,MATH,365,MATH_2_1,MATH_2_2,apache/commons-math,7d588288e35b38dd55e7bedb767d1b0d80096294,5
2420,Commons,MATH,368,MATH_2_1,MATH_2_2,apache/commons-math,7d588288e35b38dd55e7bedb767d1b0d80096294,1
2421,Commons,MATH,367,MATH_2_1,MATH_2_2,apache/commons-math,7d588288e35b38dd55e7bedb767d1b0d80096294,2
2422,Commons,MATH,377,MATH_2_1,MATH_2_2,apache/commons-math,7d588288e35b38dd55e7bedb767d1b0d80096294,4
2423,Commons,MATH,392,MATH_2_1,MATH_2_2,apache/commons-math,7d588288e35b38dd55e7bedb767d1b0d80096294,5
2424,Commons,MATH,410,MATH_2_1,MATH_2_2,apache/commons-math,7d588288e35b38dd55e7bedb767d1b0d80096294,1
2425,Commons,MATH,421,MATH_2_1,MATH_2_2,apache/commons-math,7d588288e35b38dd55e7bedb767d1b0d80096294,3
2426,Commons,MATH,391,MATH_2_1,MATH_2_2,apache/commons-math,7d588288e35b38dd55e7bedb767d1b0d80096294,4
2427,Commons,MATH,484,MATH_2_1,MATH_2_2,apache/commons-math,7d588288e35b38dd55e7bedb767d1b0d80096294,35
2428,Commons,MATH,770,MATH_3_0,MATH_3_1,apache/commons-math,174f17d5d4b8251c4ed2600947e69b736ace5877,2
2429,Commons,MATH,776,MATH_3_0,MATH_3_1,apache/commons-math,174f17d5d4b8251c4ed2600947e69b736ace5877,2
2430,Commons,MATH,775,MATH_3_0,MATH_3_1,apache/commons-math,174f17d5d4b8251c4ed2600947e69b736ace5877,5
2431,Commons,MATH,779,MATH_3_0,MATH_3_1,apache/commons-math,174f17d5d4b8251c4ed2600947e69b736ace5877,2
2432,Commons,MATH,782,MATH_3_0,MATH_3_1,apache/commons-math,174f17d5d4b8251c4ed2600947e69b736ace5877,2
2433,Commons,MATH,781,MATH_3_0,MATH_3_1,apache/commons-math,174f17d5d4b8251c4ed2600947e69b736ace5877,2
2434,Commons,MATH,802,MATH_3_0,MATH_3_1,apache/commons-math,174f17d5d4b8251c4ed2600947e69b736ace5877,1
2435,Commons,MATH,790,MATH_3_0,MATH_3_1,apache/commons-math,174f17d5d4b8251c4ed2600947e69b736ace5877,2
2436,Commons,MATH,798,MATH_3_0,MATH_3_1,apache/commons-math,174f17d5d4b8251c4ed2600947e69b736ace5877,3
2437,Commons,MATH,813,MATH_3_0,MATH_3_1,apache/commons-math,174f17d5d4b8251c4ed2600947e69b736ace5877,2
2438,Commons,MATH,812,MATH_3_0,MATH_3_1,apache/commons-math,174f17d5d4b8251c4ed2600947e69b736ace5877,3
2439,Commons,MATH,805,MATH_3_0,MATH_3_1,apache/commons-math,174f17d5d4b8251c4ed2600947e69b736ace5877,1
2440,Commons,MATH,835,MATH_3_0,MATH_3_1,apache/commons-math,174f17d5d4b8251c4ed2600947e69b736ace5877,2
2441,Commons,MATH,836,MATH_3_0,MATH_3_1,apache/commons-math,174f17d5d4b8251c4ed2600947e69b736ace5877,2
2442,Commons,MATH,840,MATH_3_0,MATH_3_1,apache/commons-math,174f17d5d4b8251c4ed2600947e69b736ace5877,1
2443,Commons,MATH,828,MATH_3_0,MATH_3_1,apache/commons-math,174f17d5d4b8251c4ed2600947e69b736ace5877,3
2444,Commons,MATH,844,MATH_3_0,MATH_3_1,apache/commons-math,174f17d5d4b8251c4ed2600947e69b736ace5877,3
2445,Commons,MATH,843,MATH_3_0,MATH_3_1,apache/commons-math,174f17d5d4b8251c4ed2600947e69b736ace5877,2
2446,Commons,MATH,855,MATH_3_0,MATH_3_1,apache/commons-math,174f17d5d4b8251c4ed2600947e69b736ace5877,2
2447,Commons,MATH,865,MATH_3_0,MATH_3_1,apache/commons-math,174f17d5d4b8251c4ed2600947e69b736ace5877,2
2448,Commons,MATH,864,MATH_3_0,MATH_3_1,apache/commons-math,174f17d5d4b8251c4ed2600947e69b736ace5877,2
2449,Commons,MATH,778,MATH_3_0,MATH_3_1,apache/commons-math,174f17d5d4b8251c4ed2600947e69b736ace5877,2
2450,Commons,MATH,880,MATH_3_0,MATH_3_1,apache/commons-math,174f17d5d4b8251c4ed2600947e69b736ace5877,2
2451,Commons,MATH,905,MATH_3_0,MATH_3_1,apache/commons-math,174f17d5d4b8251c4ed2600947e69b736ace5877,2
2452,Commons,MATH,904,MATH_3_0,MATH_3_1,apache/commons-math,174f17d5d4b8251c4ed2600947e69b736ace5877,2
2453,Commons,MATH,891,MATH_3_0,MATH_3_2,apache/commons-math,174f17d5d4b8251c4ed2600947e69b736ace5877,2
2454,Commons,MATH,821,MATH_3_0,MATH_3_3,apache/commons-math,174f17d5d4b8251c4ed2600947e69b736ace5877,1
2455,Commons,MATH,927,MATH_3_1,MATH_3_1_1,apache/commons-math,b090abb2cf03cf4d0afc6fbadc7cff62c35077cd,2
2456,Commons,MATH,929,MATH_3_1_1,MATH_3_2,apache/commons-math,6c63f441a7da0d22f69ba557721474dc9b9b1ba5,2
2457,Commons,MATH,930,MATH_3_1_1,MATH_3_2,apache/commons-math,6c63f441a7da0d22f69ba557721474dc9b9b1ba5,3
2458,Commons,MATH,962,MATH_3_1_1,MATH_3_3,apache/commons-math,6c63f441a7da0d22f69ba557721474dc9b9b1ba5,4
2459,Commons,MATH,996,MATH_3_1_1,MATH_3_3,apache/commons-math,6c63f441a7da0d22f69ba557721474dc9b9b1ba5,4
2460,Commons,MATH,985,MATH_3_1_1,MATH_3_3,apache/commons-math,6c63f441a7da0d22f69ba557721474dc9b9b1ba5,4
2461,Commons,MATH,993,MATH_3_2,MATH_3_3,apache/commons-math,7ec508828f62c2a3df31cde2a2f3aa32c5135fdb,1
2462,Commons,MATH,1005,MATH_3_2,MATH_3_3,apache/commons-math,7ec508828f62c2a3df31cde2a2f3aa32c5135fdb,2
2463,Commons,MATH,1022,MATH_3_2,MATH_3_3,apache/commons-math,7ec508828f62c2a3df31cde2a2f3aa32c5135fdb,2
2464,Commons,MATH,1033,MATH_3_2,MATH_3_3,apache/commons-math,7ec508828f62c2a3df31cde2a2f3aa32c5135fdb,1
2465,Commons,MATH,1045,MATH_3_2,MATH_3_3,apache/commons-math,7ec508828f62c2a3df31cde2a2f3aa32c5135fdb,3
2466,Commons,MATH,1051,MATH_3_2,MATH_3_3,apache/commons-math,7ec508828f62c2a3df31cde2a2f3aa32c5135fdb,2
2467,Commons,MATH,1058,MATH_3_2,MATH_3_3,apache/commons-math,7ec508828f62c2a3df31cde2a2f3aa32c5135fdb,6
2468,Commons,MATH,1056,MATH_3_2,MATH_3_3,apache/commons-math,7ec508828f62c2a3df31cde2a2f3aa32c5135fdb,1
2469,Commons,MATH,1067,MATH_3_2,MATH_3_3,apache/commons-math,7ec508828f62c2a3df31cde2a2f3aa32c5135fdb,2
2470,Commons,MATH,1070,MATH_3_2,MATH_3_3,apache/commons-math,7ec508828f62c2a3df31cde2a2f3aa32c5135fdb,2
2471,Commons,MATH,1088,MATH_3_2,MATH_3_3,apache/commons-math,7ec508828f62c2a3df31cde2a2f3aa32c5135fdb,2
2472,Commons,MATH,1065,MATH_3_2,MATH_3_3,apache/commons-math,7ec508828f62c2a3df31cde2a2f3aa32c5135fdb,2
2473,Commons,MATH,1111,MATH_3_2,MATH_3_3,apache/commons-math,7ec508828f62c2a3df31cde2a2f3aa32c5135fdb,1
2474,Commons,MATH,1110,MATH_3_2,MATH_3_3,apache/commons-math,7ec508828f62c2a3df31cde2a2f3aa32c5135fdb,2
2475,Commons,MATH,1129,MATH_3_2,MATH_3_4,apache/commons-math,7ec508828f62c2a3df31cde2a2f3aa32c5135fdb,2
2476,Commons,MATH,1118,MATH_3_2,MATH_3_6,apache/commons-math,7ec508828f62c2a3df31cde2a2f3aa32c5135fdb,4
2477,Commons,MATH,1116,MATH_3_2,MATH_3_6,apache/commons-math,7ec508828f62c2a3df31cde2a2f3aa32c5135fdb,3
2478,Commons,MATH,1135,MATH_3_3,MATH_3_4,apache/commons-math,38a48e20867f4cd91b7540be4bbba1e9dc7a8b02,2
2479,Commons,MATH,1149,MATH_3_3,MATH_3_4,apache/commons-math,38a48e20867f4cd91b7540be4bbba1e9dc7a8b02,1
2480,Commons,MATH,1145,MATH_3_3,MATH_3_4,apache/commons-math,38a48e20867f4cd91b7540be4bbba1e9dc7a8b02,2
2481,Commons,MATH,1131,MATH_3_3,MATH_3_4,apache/commons-math,38a48e20867f4cd91b7540be4bbba1e9dc7a8b02,3
2482,Commons,MATH,1148,MATH_3_3,MATH_3_4,apache/commons-math,38a48e20867f4cd91b7540be4bbba1e9dc7a8b02,4
2483,Commons,MATH,1152,MATH_3_3,MATH_3_4,apache/commons-math,38a48e20867f4cd91b7540be4bbba1e9dc7a8b02,1
2484,Commons,MATH,1138,MATH_3_3,MATH_3_4,apache/commons-math,38a48e20867f4cd91b7540be4bbba1e9dc7a8b02,9
2485,Commons,MATH,1165,MATH_3_3,MATH_3_4,apache/commons-math,38a48e20867f4cd91b7540be4bbba1e9dc7a8b02,2
2486,Commons,MATH,1167,MATH_3_3,MATH_3_4,apache/commons-math,38a48e20867f4cd91b7540be4bbba1e9dc7a8b02,1
2487,Commons,MATH,1174,MATH_3_3,MATH_3_4,apache/commons-math,38a48e20867f4cd91b7540be4bbba1e9dc7a8b02,1
2488,Commons,MATH,1146,MATH_3_3,MATH_3_4,apache/commons-math,38a48e20867f4cd91b7540be4bbba1e9dc7a8b02,8
2489,Commons,MATH,1134,MATH_3_3,MATH_3_4,apache/commons-math,38a48e20867f4cd91b7540be4bbba1e9dc7a8b02,3
2490,Jboss,JBMETA,336,7.0.0.Beta6,7.0.0.Beta11,jboss/metadata,e409b95bd12d617276c1f88859e797168b8ac6e8,5
2491,Jboss,JBMETA,338,7.0.0.Beta12,7.0.0.Beta13,jboss/metadata,988d59adad2807989be41a323187b77d43d51e69,2
2492,Jboss,JBMETA,348,7.0.0.Beta30,7.0.0.Beta31,jboss/metadata,d4006a0a68017f2e9a667a401469945b03eaf307,1
2493,Jboss,JBMETA,351,7.0.0.Beta31,7.0.0.Beta32,jboss/metadata,ab0bf7f0a247f06c41aa3a6263b9ccd1cc6a20c1,2
2494,Jboss,JBMETA,355,7.0.0.Final,7.0.2.Final,jboss/metadata,e98c947be21561dce6b6c2e2ebf4c265b9ac120b,2
2495,Jboss,JBMETA,354,7.0.0.Final,8.1.2.Final,jboss/metadata,e98c947be21561dce6b6c2e2ebf4c265b9ac120b,4
2496,Jboss,JBMETA,371,7.0.4.Final,8.0.0.Final,jboss/metadata,5e94a4843896d868f2a83a94b2c82a9b5ac9633a,2
2497,Jboss,JBMETA,364,7.0.4.Final,8.0.0.Alpha1,jboss/metadata,5e94a4843896d868f2a83a94b2c82a9b5ac9633a,1
2498,Jboss,JBMETA,377,7.1.1.Final,8.1.1.Final,jboss/metadata,80709fe3c01a27296b1032fd2797018915cf718f,2
2499,Jboss,JBMETA,379,8.0.0.Final,8.1.1.Final,jboss/metadata,5dafb293db76c14cf92361f995261ba1b45c9075,2
2500,Jboss,JBMETA,386,8.1.1.Final,10.0.0.Beta2,jboss/metadata,2c66096030ee6dc0b54119ba8be9a9945b46f823,3
2501,Spring,AMQP,99,1.0.0.M2,1.0.0.M3,spring-projects/spring-amqp,36652ba392e858c7bf70ef44284effea38a2e0b9,3
2502,Spring,AMQP,109,1.0.0.M3,1.0.0.RC1,spring-projects/spring-amqp,f45dea87bb0389aa714e08c03e1be3cd2dd4f463,1
2503,Spring,AMQP,121,1.0.0.M3,1.0.0.RC1,spring-projects/spring-amqp,f45dea87bb0389aa714e08c03e1be3cd2dd4f463,1
2504,Spring,AMQP,124,1.0.0.M1,1.0.0.RC1,spring-projects/spring-amqp,d8d102c331231fdecdd47d097bd583121e269598,2
2505,Spring,AMQP,125,1.0.0.M3,1.0.0.RC1,spring-projects/spring-amqp,f45dea87bb0389aa714e08c03e1be3cd2dd4f463,5
2506,Spring,AMQP,148,1.0.0.M3,1.0.0.RC2,spring-projects/spring-amqp,f45dea87bb0389aa714e08c03e1be3cd2dd4f463,3
2507,Spring,AMQP,151,1.0.0.RC1,1.0.0.RC2,spring-projects/spring-amqp,c0c6de692219f28ec9c9374bfd9ca7ade27a3d22,2
2508,Spring,AMQP,150,1.0.0.RC1,1.0.0.RC2,spring-projects/spring-amqp,c0c6de692219f28ec9c9374bfd9ca7ade27a3d22,6
2509,Spring,AMQP,164,1.0.0.RELEASE,1.0.0.RC2,spring-projects/spring-amqp,8ae9f4fd5a1a90ad912a2aa1dce147f993202655,5
2510,Spring,AMQP,165,1.0.0.RC1,1.0.0.RC2,spring-projects/spring-amqp,c0c6de692219f28ec9c9374bfd9ca7ade27a3d22,1
2511,Spring,AMQP,168,1.0.0.RC1,1.0.0.RC2,spring-projects/spring-amqp,c0c6de692219f28ec9c9374bfd9ca7ade27a3d22,8
2512,Spring,AMQP,170,1.0.0.RC1,1.0.0.RC2,spring-projects/spring-amqp,c0c6de692219f28ec9c9374bfd9ca7ade27a3d22,1
2513,Spring,AMQP,179,1.0.0.RC2,1.0.0.RC3,spring-projects/spring-amqp,8840a2a06dc9f06be010eae010f109c50505d1e4,1
2514,Spring,AMQP,223,1.0.0.RELEASE,1.1.0.RELEASE,spring-projects/spring-amqp,8ae9f4fd5a1a90ad912a2aa1dce147f993202655,1
2515,Spring,AMQP,231,1.1.0.RELEASE,1.1.1.RELEASE,spring-projects/spring-amqp,04ff5d29d28f34b8808aa4fc62c21d039c7c1bb3,4
2516,Spring,AMQP,233,1.1.0.RELEASE,1.1.1.RELEASE,spring-projects/spring-amqp,04ff5d29d28f34b8808aa4fc62c21d039c7c1bb3,4
2517,Spring,AMQP,232,1.1.0.RELEASE,1.1.1.RELEASE,spring-projects/spring-amqp,04ff5d29d28f34b8808aa4fc62c21d039c7c1bb3,3
2518,Spring,AMQP,243,1.1.1.RELEASE,v1.1.2.RELEASE,spring-projects/spring-amqp,38630d84a2624ec5de3963b96728ec78d25bdd91,1
2519,Spring,AMQP,242,1.1.1.RELEASE,v1.1.2.RELEASE,spring-projects/spring-amqp,38630d84a2624ec5de3963b96728ec78d25bdd91,1
2520,Spring,AMQP,250,1.1.1.RELEASE,v1.1.2.RELEASE,spring-projects/spring-amqp,38630d84a2624ec5de3963b96728ec78d25bdd91,2
2521,Spring,AMQP,249,1.1.1.RELEASE,v1.1.2.RELEASE,spring-projects/spring-amqp,38630d84a2624ec5de3963b96728ec78d25bdd91,2
2522,Spring,AMQP,252,1.1.1.RELEASE,v1.1.2.RELEASE,spring-projects/spring-amqp,38630d84a2624ec5de3963b96728ec78d25bdd91,1
2523,Spring,AMQP,260,1.1.1.RELEASE,v1.1.2.RELEASE,spring-projects/spring-amqp,38630d84a2624ec5de3963b96728ec78d25bdd91,3
2524,Spring,AMQP,262,1.1.1.RELEASE,v1.1.2.RELEASE,spring-projects/spring-amqp,38630d84a2624ec5de3963b96728ec78d25bdd91,2
2525,Spring,AMQP,282,1.1.1.RELEASE,v1.2.0.M1,spring-projects/spring-amqp,38630d84a2624ec5de3963b96728ec78d25bdd91,3
2526,Spring,AMQP,272,v1.1.2.RELEASE,v1.2.0.M1,spring-projects/spring-amqp,a3d12dde907a674fc34779d1bc58afc2a3ce9b58,1
2527,Spring,AMQP,274,v1.1.2.RELEASE,v1.1.3.RELEASE,spring-projects/spring-amqp,a3d12dde907a674fc34779d1bc58afc2a3ce9b58,5
2528,Spring,AMQP,268,v1.1.2.RELEASE,v1.2.0.M1,spring-projects/spring-amqp,a3d12dde907a674fc34779d1bc58afc2a3ce9b58,3
2529,Spring,AMQP,290,v1.1.2.RELEASE,v1.2.1.RELEASE,spring-projects/spring-amqp,a3d12dde907a674fc34779d1bc58afc2a3ce9b58,4
2530,Spring,AMQP,281,v1.1.3.RELEASE,v1.2.0.M1,spring-projects/spring-amqp,8db7e654a6d77f4cae575f71c69a956e1b25108f,2
2531,Spring,AMQP,286,v1.1.3.RELEASE,v1.2.0.RC1,spring-projects/spring-amqp,8db7e654a6d77f4cae575f71c69a956e1b25108f,16
2532,Spring,AMQP,331,v1.2.0.RELEASE,v1.2.1.RELEASE,spring-projects/spring-amqp,7ef2bd6808a4670bfc6690933ab9b9983d76aba6,1
2533,Spring,AMQP,330,v1.2.0.RELEASE,v1.2.1.RELEASE,spring-projects/spring-amqp,7ef2bd6808a4670bfc6690933ab9b9983d76aba6,4
2534,Spring,AMQP,332,v1.2.0.RELEASE,v1.2.1.RELEASE,spring-projects/spring-amqp,7ef2bd6808a4670bfc6690933ab9b9983d76aba6,3
2535,Spring,AMQP,338,v1.2.0.RELEASE,v1.2.1.RELEASE,spring-projects/spring-amqp,7ef2bd6808a4670bfc6690933ab9b9983d76aba6,3
2536,Spring,AMQP,340,v1.2.0.RELEASE,v1.2.1.RELEASE,spring-projects/spring-amqp,7ef2bd6808a4670bfc6690933ab9b9983d76aba6,3
2537,Spring,AMQP,355,v1.2.0.RELEASE,v1.3.0.M1,spring-projects/spring-amqp,7ef2bd6808a4670bfc6690933ab9b9983d76aba6,1
2538,Spring,AMQP,359,v1.2.1.RELEASE,v1.3.0.M2,spring-projects/spring-amqp,e618e4a7919c45256bbdf183c5cda2c56f455a4c,1
2539,Spring,AMQP,363,v1.2.1.RELEASE,v1.3.0.M2,spring-projects/spring-amqp,e618e4a7919c45256bbdf183c5cda2c56f455a4c,2
2540,Spring,AMQP,365,v1.2.1.RELEASE,v1.3.0.M2,spring-projects/spring-amqp,e618e4a7919c45256bbdf183c5cda2c56f455a4c,5
2541,Spring,AMQP,385,v1.2.1.RELEASE,v1.2.2.RELEASE,spring-projects/spring-amqp,e618e4a7919c45256bbdf183c5cda2c56f455a4c,2
2542,Spring,AMQP,369,v1.3.0.M1,v1.3.0.M2,spring-projects/spring-amqp,c79539958f226bdb8377ca103e6f1cfa6d26add2,4
2543,Spring,AMQP,384,v1.3.0.RC1,v1.3.0.RELEASE,spring-projects/spring-amqp,e0cd8f8e5fad329d8fdc13308592031cb5645422,2
2544,Spring,AMQP,396,v1.3.3.RELEASE,v1.3.4.RELEASE,spring-projects/spring-amqp,263cb14a026ba2ea499930852b910e7c682c521d,2
2545,Spring,AMQP,398,v1.3.4.RELEASE,v1.3.5.RELEASE,spring-projects/spring-amqp,08943df145080cda4e189c4b0286fb3986427f69,2
2546,Spring,AMQP,421,v1.3.5.RELEASE,v1.4.0.M1,spring-projects/spring-amqp,6026a3fd6728403d9467197d4e0dba142a6472a0,2
2547,Spring,AMQP,432,v1.3.6.RELEASE,v1.3.7.RELEASE,spring-projects/spring-amqp,30b930f1631575346fb51f54fb77fbc4db4e48d8,1
2548,Spring,AMQP,463,v1.3.7.RELEASE,v1.3.8.RELEASE,spring-projects/spring-amqp,1c8c0c01387e3c6fcd1a262ad998cc255366eef2,3
2549,Spring,AMQP,479,v1.3.8.RELEASE,v1.5.2.RELEASE,spring-projects/spring-amqp,987ea897d41e317530a1a04bcf8b7416d553d1ef,2
2550,Spring,AMQP,446,v1.4.0.RELEASE,v1.4.1.RELEASE,spring-projects/spring-amqp,80b6cc4c86dc810141752aef2ee68dacfdb1daa9,2
2551,Spring,AMQP,447,v1.4.0.RELEASE,v1.5.0.M1,spring-projects/spring-amqp,80b6cc4c86dc810141752aef2ee68dacfdb1daa9,2
2552,Spring,AMQP,470,v1.4.2.RELEASE,v1.3.9.RELEASE,spring-projects/spring-amqp,8ba13f5fc1c42c66075cbc5af19598d8ca75ed8a,2
2553,Spring,AMQP,487,v1.4.2.RELEASE,v1.5.0.M1,spring-projects/spring-amqp,8ba13f5fc1c42c66075cbc5af19598d8ca75ed8a,2
2554,Spring,AMQP,481,v1.4.3.RELEASE,v1.5.0.M1,spring-projects/spring-amqp,f50c18b717e51cabba27e90949faaa766bdb0276,3
2555,Spring,AMQP,490,v1.4.4.RELEASE,v1.5.0.M1,spring-projects/spring-amqp,44f5e93d2f1d83ad05675cb94e22a7650d954ce4,2
2556,Spring,AMQP,498,v1.4.5.RELEASE,v1.5.0.RC1,spring-projects/spring-amqp,bb085e08687f6e4adb09404706914416156c973c,3
2557,Spring,AMQP,496,v1.4.5.RELEASE,v1.5.0.RC1,spring-projects/spring-amqp,bb085e08687f6e4adb09404706914416156c973c,2
2558,Spring,AMQP,506,v1.4.5.RELEASE,v1.5.0.RC1,spring-projects/spring-amqp,bb085e08687f6e4adb09404706914416156c973c,3
2559,Spring,AMQP,508,v1.4.5.RELEASE,v1.5.0.RC1,spring-projects/spring-amqp,bb085e08687f6e4adb09404706914416156c973c,4
2560,Spring,AMQP,532,v1.4.5.RELEASE,v1.4.6.RELEASE,spring-projects/spring-amqp,bb085e08687f6e4adb09404706914416156c973c,4
2561,Spring,AMQP,502,v1.5.0.M1,v1.5.0.RC1,spring-projects/spring-amqp,c1f4c1aec82aef12f49f2f63c6d8a61f7052d250,2
2562,Spring,AMQP,516,v1.5.0.M1,v1.5.0.RC1,spring-projects/spring-amqp,c1f4c1aec82aef12f49f2f63c6d8a61f7052d250,2
2563,Spring,AMQP,546,v1.5.0.RELEASE,v1.5.3.RELEASE,spring-projects/spring-amqp,5e982feb1fcc9ca750aff1c61c7e219f29369c53,1
2564,Spring,AMQP,540,v1.5.1.RELEASE,v1.5.2.RELEASE,spring-projects/spring-amqp,cf70e7f8f03d072c850390fc8a99a0a90f2f83a3,2
2565,Spring,AMQP,542,v1.5.1.RELEASE,v1.5.2.RELEASE,spring-projects/spring-amqp,cf70e7f8f03d072c850390fc8a99a0a90f2f83a3,6
2566,Spring,AMQP,541,v1.5.1.RELEASE,v1.5.2.RELEASE,spring-projects/spring-amqp,cf70e7f8f03d072c850390fc8a99a0a90f2f83a3,2
2567,Spring,AMQP,551,v1.5.2.RELEASE,v1.5.3.RELEASE,spring-projects/spring-amqp,438ce17f05510c7a77d73bf39701e594a6e0c673,8
2568,Spring,AMQP,556,v1.5.2.RELEASE,v1.5.3.RELEASE,spring-projects/spring-amqp,438ce17f05510c7a77d73bf39701e594a6e0c673,2
2569,Spring,AMQP,561,v1.5.2.RELEASE,v1.5.4.RELEASE,spring-projects/spring-amqp,438ce17f05510c7a77d73bf39701e594a6e0c673,3
2570,Spring,AMQP,565,v1.5.3.RELEASE,v1.5.4.RELEASE,spring-projects/spring-amqp,881a95c45aae15ea55d5ce0720f78746996cca7b,2
2571,Spring,AMQP,570,v1.5.3.RELEASE,v1.5.4.RELEASE,spring-projects/spring-amqp,881a95c45aae15ea55d5ce0720f78746996cca7b,2
2572,Spring,AMQP,572,v1.5.3.RELEASE,v1.6.0.RC1,spring-projects/spring-amqp,881a95c45aae15ea55d5ce0720f78746996cca7b,2
2573,Spring,AMQP,594,v1.5.4.RELEASE,v1.6.0.M2,spring-projects/spring-amqp,b6c74d7fd46e13d98ef0cb3c82518fca1cc11e84,1
2574,Spring,AMQP,598,v1.5.5.RELEASE,v1.6.0.RC1,spring-projects/spring-amqp,5f117e7244f2a38e7a800f6455af753395da84f5,2
2575,Spring,AMQP,621,v1.6.0.RELEASE,v1.6.1.RELEASE,spring-projects/spring-amqp,c91e85daba9c6ce59476e95741b46308b6b92be3,4
2576,Spring,AMQP,625,1.5.6.RELEASE,v1.6.2.RELEASE,spring-projects/spring-amqp,7b0f9b545f7aedf9c07a2fdd0b5c1d77dd06a9a5,2
2577,Spring,AMQP,633,v1.6.1.RELEASE,v1.6.2.RELEASE,spring-projects/spring-amqp,ad15ea91f0cb291aa3889d50f92c997b064c9c1a,2
2578,Spring,AMQP,648,v1.6.2.RELEASE,v1.2.0.M1,spring-projects/spring-amqp,92c4c554c8b58acab965ac28211306435b1b127e,2
2579,Spring,AMQP,661,v1.6.3.RELEASE,v1.2.0.M1,spring-projects/spring-amqp,727c8307f2fca1ed94bfbef16cfd23b00c7fe565,2
2580,Spring,AMQP,668,v1.6.4.RELEASE,v1.2.0.M1,spring-projects/spring-amqp,4f89f884567ee6f4eae2f86157611635d3430cf9,1
2581,Spring,ANDROID,55,v1.0.0.M4,v1.0.0.RC1,spring-projects/spring-android,f93e4dbb56a16a040a8afa2452a0f9ad3aae8c86,1
2582,Spring,ANDROID,59,v1.0.0.M4,v1.0.0.RC1,spring-projects/spring-android,f93e4dbb56a16a040a8afa2452a0f9ad3aae8c86,6
2583,Spring,ANDROID,85,v1.0.0.RC1,v1.0.0.RELEASE,spring-projects/spring-android,ad8bc30f2820984cee41260c04ce79abb5ec8a52,3
2584,Spring,ANDROID,76,v1.0.0.RC1,v1.0.0.RELEASE,spring-projects/spring-android,ad8bc30f2820984cee41260c04ce79abb5ec8a52,8
2585,Spring,ANDROID,109,v1.0.0.RELEASE,v1.0.1.RELEASE,spring-projects/spring-android,eeadb5c6a60a1bb54ae05abb67847ec174b76e9c,1
2586,Spring,ANDROID,102,v1.0.0.RELEASE,v1.0.1.RELEASE,spring-projects/spring-android,eeadb5c6a60a1bb54ae05abb67847ec174b76e9c,2
2587,Spring,ANDROID,101,v1.0.0.RELEASE,v1.0.1.RELEASE,spring-projects/spring-android,eeadb5c6a60a1bb54ae05abb67847ec174b76e9c,1
2588,Spring,ANDROID,129,v1.0.1.RELEASE,v2.0.0.M1,spring-projects/spring-android,8316812d17379794dcdd834f3c9022622e001d88,3
2589,Spring,BATCH,252,2.1.0.M3,spring-batch-1.0.0.m4,spring-projects/spring-batch,f7a05147400b2eed64bde9dea214e3dfe2ab818f,1
2590,Spring,BATCH,350,spring-batch-1.0.0.m4,spring-batch-1.0.0.m5,spring-projects/spring-batch,f037243d9532924656bf0f44324e23240ee8a69b,1
2591,Spring,BATCH,373,spring-batch-1.0.0.m4,spring-batch-1.0.0.m5,spring-projects/spring-batch,f037243d9532924656bf0f44324e23240ee8a69b,1
2592,Spring,BATCH,400,spring-batch-1.0.0.m4,spring-batch-1.0.0.m5,spring-projects/spring-batch,f037243d9532924656bf0f44324e23240ee8a69b,1
2593,Spring,BATCH,393,spring-batch-1.0.0.m4,spring-batch-1.0.0.m5,spring-projects/spring-batch,f037243d9532924656bf0f44324e23240ee8a69b,3
2594,Spring,BATCH,198,2.1.0.M3,spring-batch-1.0.1.RELEASE,spring-projects/spring-batch,f7a05147400b2eed64bde9dea214e3dfe2ab818f,5
2595,Spring,BATCH,616,spring-batch-1.0.1.RELEASE,spring-batch-1.1.0.RELEASE,spring-projects/spring-batch,4358b89de3387f3052a4a315b9ae239a6f78a03d,3
2596,Spring,BATCH,625,spring-batch-1.0.1.RELEASE,spring-batch-1.1.0.RELEASE,spring-projects/spring-batch,4358b89de3387f3052a4a315b9ae239a6f78a03d,3
2597,Spring,BATCH,638,spring-batch-1.0.1.RELEASE,spring-batch-1.1.0.RELEASE,spring-projects/spring-batch,4358b89de3387f3052a4a315b9ae239a6f78a03d,3
2598,Spring,BATCH,623,spring-batch-1.0.1.RELEASE,spring-batch-1.1.0.RELEASE,spring-projects/spring-batch,4358b89de3387f3052a4a315b9ae239a6f78a03d,1
2599,Spring,BATCH,660,spring-batch-1.0.1.RELEASE,spring-batch-1.1.0.RELEASE,spring-projects/spring-batch,4358b89de3387f3052a4a315b9ae239a6f78a03d,2
2600,Spring,BATCH,661,spring-batch-1.0.1.RELEASE,spring-batch-1.1.0.RELEASE,spring-projects/spring-batch,4358b89de3387f3052a4a315b9ae239a6f78a03d,2
2601,Spring,BATCH,665,spring-batch-1.0.1.RELEASE,spring-batch-1.1.0.RELEASE,spring-projects/spring-batch,4358b89de3387f3052a4a315b9ae239a6f78a03d,1
2602,Spring,BATCH,654,spring-batch-1.0.1.RELEASE,spring-batch-1.1.0.RELEASE,spring-projects/spring-batch,4358b89de3387f3052a4a315b9ae239a6f78a03d,7
2603,Spring,BATCH,687,spring-batch-1.0.1.RELEASE,spring-batch-1.1.0.RELEASE,spring-projects/spring-batch,4358b89de3387f3052a4a315b9ae239a6f78a03d,2
2604,Spring,BATCH,703,spring-batch-1.0.1.RELEASE,spring-batch-1.1.0.RELEASE,spring-projects/spring-batch,4358b89de3387f3052a4a315b9ae239a6f78a03d,1
2605,Spring,BATCH,705,spring-batch-1.0.1.RELEASE,spring-batch-1.1.0.RELEASE,spring-projects/spring-batch,4358b89de3387f3052a4a315b9ae239a6f78a03d,1
2606,Spring,BATCH,737,spring-batch-1.0.1.RELEASE,1.1.1.RELEASE,spring-projects/spring-batch,4358b89de3387f3052a4a315b9ae239a6f78a03d,2
2607,Spring,BATCH,682,spring-batch-1.0.1.RELEASE,spring-batch-2.0.0.M2,spring-projects/spring-batch,4358b89de3387f3052a4a315b9ae239a6f78a03d,1
2608,Spring,BATCH,618,spring-batch-1.0.1.RELEASE,2.0.0.RC1,spring-projects/spring-batch,4358b89de3387f3052a4a315b9ae239a6f78a03d,2
2609,Spring,BATCH,732,spring-batch-1.1.0.RELEASE,spring-batch-2.0.0.M1,spring-projects/spring-batch,2840fc89276ad19c1ec1585f0f4609165948b2e2,2
2610,Spring,BATCH,741,spring-batch-1.1.0.RELEASE,1.1.1.RELEASE,spring-projects/spring-batch,2840fc89276ad19c1ec1585f0f4609165948b2e2,1
2611,Spring,BATCH,744,spring-batch-1.1.0.RELEASE,spring-batch-2.0.0.M1,spring-projects/spring-batch,2840fc89276ad19c1ec1585f0f4609165948b2e2,2
2612,Spring,BATCH,751,spring-batch-1.1.0.RELEASE,1.1.1.RELEASE,spring-projects/spring-batch,2840fc89276ad19c1ec1585f0f4609165948b2e2,2
2613,Spring,BATCH,752,spring-batch-1.1.0.RELEASE,1.1.1.RELEASE,spring-projects/spring-batch,2840fc89276ad19c1ec1585f0f4609165948b2e2,2
2614,Spring,BATCH,734,spring-batch-1.1.0.RELEASE,spring-batch-1.1.2.RELEASE,spring-projects/spring-batch,2840fc89276ad19c1ec1585f0f4609165948b2e2,9
2615,Spring,BATCH,761,spring-batch-1.1.0.RELEASE,spring-batch-1.1.2.RELEASE,spring-projects/spring-batch,2840fc89276ad19c1ec1585f0f4609165948b2e2,1
2616,Spring,BATCH,766,1.1.1.RELEASE,spring-batch-1.1.2.RELEASE,spring-projects/spring-batch,77d2bf2bc7af4a0f8675f7b6a03ddaf740795d45,4
2617,Spring,BATCH,870,1.1.1.RELEASE,spring-batch-1.1.3.RELEASE,spring-projects/spring-batch,77d2bf2bc7af4a0f8675f7b6a03ddaf740795d45,4
2618,Spring,BATCH,831,spring-batch-1.1.2.RELEASE,spring-batch-1.1.3.RELEASE,spring-projects/spring-batch,6f7b3cc6bcd166271a6981d1c444c2716824195c,1
2619,Spring,BATCH,838,spring-batch-1.1.2.RELEASE,spring-batch-1.1.3.RELEASE,spring-projects/spring-batch,6f7b3cc6bcd166271a6981d1c444c2716824195c,3
2620,Spring,BATCH,833,spring-batch-1.1.2.RELEASE,spring-batch-1.1.3.RELEASE,spring-projects/spring-batch,6f7b3cc6bcd166271a6981d1c444c2716824195c,1
2621,Spring,BATCH,866,spring-batch-1.1.2.RELEASE,spring-batch-1.1.3.RELEASE,spring-projects/spring-batch,6f7b3cc6bcd166271a6981d1c444c2716824195c,2
2622,Spring,BATCH,892,spring-batch-1.1.2.RELEASE,spring-batch-1.1.3.RELEASE,spring-projects/spring-batch,6f7b3cc6bcd166271a6981d1c444c2716824195c,1
2623,Spring,BATCH,836,spring-batch-1.1.2.RELEASE,2.1.3.RELEASE,spring-projects/spring-batch,6f7b3cc6bcd166271a6981d1c444c2716824195c,2
2624,Spring,BATCH,950,spring-batch-1.1.3.RELEASE,spring-batch-1.1.4.RELEASE,spring-projects/spring-batch,1848e47aaea8fa53c4660950f08baeaf33335de7,1
2625,Spring,BATCH,1122,spring-batch-1.1.4.RELEASE,2.0.0.RC2,spring-projects/spring-batch,237404318e6f9c9e16a384451ceab787ef4433ce,1
2626,Spring,BATCH,1245,spring-batch-1.1.4.RELEASE,2.0.1.RELEASE,spring-projects/spring-batch,237404318e6f9c9e16a384451ceab787ef4433ce,1
2627,Spring,BATCH,795,spring-batch-2.0.0.M1,spring-batch-2.0.0.M2,spring-projects/spring-batch,cbe4204e1e2662799daad1c9306fb84f780ab6e3,4
2628,Spring,BATCH,843,spring-batch-2.0.0.M1,spring-batch-2.0.0.M2,spring-projects/spring-batch,cbe4204e1e2662799daad1c9306fb84f780ab6e3,2
2629,Spring,BATCH,865,spring-batch-2.0.0.M1,spring-batch-2.0.0.M2,spring-projects/spring-batch,cbe4204e1e2662799daad1c9306fb84f780ab6e3,2
2630,Spring,BATCH,887,spring-batch-2.0.0.M2,spring-batch-2.0.0.M3,spring-projects/spring-batch,7c66f6bbd1c2e1535af4d3434f961bc3d9fc6568,2
2631,Spring,BATCH,912,spring-batch-2.0.0.M2,spring-batch-2.0.0.M3,spring-projects/spring-batch,7c66f6bbd1c2e1535af4d3434f961bc3d9fc6568,1
2632,Spring,BATCH,946,spring-batch-2.0.0.M3,spring-batch-2.0.0.M4,spring-projects/spring-batch,408ef095e57723fe401a49c4e9ee5d7a1a62f3f2,2
2633,Spring,BATCH,948,spring-batch-2.0.0.M3,spring-batch-2.0.0.M4,spring-projects/spring-batch,408ef095e57723fe401a49c4e9ee5d7a1a62f3f2,2
2634,Spring,BATCH,951,spring-batch-2.0.0.M3,spring-batch-2.0.0.M4,spring-projects/spring-batch,408ef095e57723fe401a49c4e9ee5d7a1a62f3f2,2
2635,Spring,BATCH,954,spring-batch-2.0.0.M3,spring-batch-2.0.0.M4,spring-projects/spring-batch,408ef095e57723fe401a49c4e9ee5d7a1a62f3f2,8
2636,Spring,BATCH,969,spring-batch-2.0.0.M3,spring-batch-2.0.0.M4,spring-projects/spring-batch,408ef095e57723fe401a49c4e9ee5d7a1a62f3f2,6
2637,Spring,BATCH,994,spring-batch-2.0.0.M3,spring-batch-2.0.0.M4,spring-projects/spring-batch,408ef095e57723fe401a49c4e9ee5d7a1a62f3f2,2
2638,Spring,BATCH,952,spring-batch-2.0.0.M3,spring-batch-2.0.0.M4,spring-projects/spring-batch,408ef095e57723fe401a49c4e9ee5d7a1a62f3f2,2
2639,Spring,BATCH,995,spring-batch-2.0.0.M3,spring-batch-2.0.0.M4,spring-projects/spring-batch,408ef095e57723fe401a49c4e9ee5d7a1a62f3f2,1
2640,Spring,BATCH,1002,spring-batch-2.0.0.M3,spring-batch-2.0.0.M4,spring-projects/spring-batch,408ef095e57723fe401a49c4e9ee5d7a1a62f3f2,2
2641,Spring,BATCH,1001,spring-batch-2.0.0.M3,spring-batch-2.0.0.M4,spring-projects/spring-batch,408ef095e57723fe401a49c4e9ee5d7a1a62f3f2,1
2642,Spring,BATCH,1021,spring-batch-2.0.0.M3,spring-batch-2.0.0.M4,spring-projects/spring-batch,408ef095e57723fe401a49c4e9ee5d7a1a62f3f2,4
2643,Spring,BATCH,1031,spring-batch-2.0.0.M3,spring-batch-2.0.0.M4,spring-projects/spring-batch,408ef095e57723fe401a49c4e9ee5d7a1a62f3f2,2
2644,Spring,BATCH,1007,spring-batch-2.0.0.M3,spring-batch-2.0.0.M4,spring-projects/spring-batch,408ef095e57723fe401a49c4e9ee5d7a1a62f3f2,1
2645,Spring,BATCH,1030,spring-batch-2.0.0.M3,2.0.0.RC1,spring-projects/spring-batch,408ef095e57723fe401a49c4e9ee5d7a1a62f3f2,4
2646,Spring,BATCH,1061,spring-batch-2.0.0.M4,2.0.0.RC1,spring-projects/spring-batch,814c2edd91ccd65f1b3cfed54e304baa069ff316,1
2647,Spring,BATCH,1082,spring-batch-2.0.0.M3,2.0.0.RC1,spring-projects/spring-batch,408ef095e57723fe401a49c4e9ee5d7a1a62f3f2,2
2648,Spring,BATCH,1086,spring-batch-2.0.0.M4,2.0.0.RC1,spring-projects/spring-batch,814c2edd91ccd65f1b3cfed54e304baa069ff316,5
2649,Spring,BATCH,1091,spring-batch-2.0.0.M3,2.0.0.RC2,spring-projects/spring-batch,408ef095e57723fe401a49c4e9ee5d7a1a62f3f2,4
2650,Spring,BATCH,1107,spring-batch-2.0.0.M3,2.0.0.RC2,spring-projects/spring-batch,408ef095e57723fe401a49c4e9ee5d7a1a62f3f2,2
2651,Spring,BATCH,1111,2.0.0.RC1,2.0.0.RC2,spring-projects/spring-batch,611dd8c43b5d7d410f29e4ee58bfeefcfbd0730f,5
2652,Spring,BATCH,1113,2.0.0.RC1,2.0.0.RC2,spring-projects/spring-batch,611dd8c43b5d7d410f29e4ee58bfeefcfbd0730f,1
2653,Spring,BATCH,1119,2.0.0.RC1,2.0.0.RC2,spring-projects/spring-batch,611dd8c43b5d7d410f29e4ee58bfeefcfbd0730f,3
2654,Spring,BATCH,1123,2.0.0.RC1,2.0.0.RC2,spring-projects/spring-batch,611dd8c43b5d7d410f29e4ee58bfeefcfbd0730f,1
2655,Spring,BATCH,1128,2.0.0.RC1,2.0.0.RC2,spring-projects/spring-batch,611dd8c43b5d7d410f29e4ee58bfeefcfbd0730f,2
2656,Spring,BATCH,1130,2.0.0.RC1,2.0.0.RC2,spring-projects/spring-batch,611dd8c43b5d7d410f29e4ee58bfeefcfbd0730f,5
2657,Spring,BATCH,1143,2.0.0.RC1,2.0.0.RC2,spring-projects/spring-batch,611dd8c43b5d7d410f29e4ee58bfeefcfbd0730f,3
2658,Spring,BATCH,1147,2.0.0.RC1,2.0.0.RC2,spring-projects/spring-batch,611dd8c43b5d7d410f29e4ee58bfeefcfbd0730f,4
2659,Spring,BATCH,1131,2.0.0.RC1,2.0.0.RC2,spring-projects/spring-batch,611dd8c43b5d7d410f29e4ee58bfeefcfbd0730f,5
2660,Spring,BATCH,1159,2.0.0.RC1,2.0.0.RC2,spring-projects/spring-batch,611dd8c43b5d7d410f29e4ee58bfeefcfbd0730f,2
2661,Spring,BATCH,1160,2.0.0.RC1,2.0.0.RC2,spring-projects/spring-batch,611dd8c43b5d7d410f29e4ee58bfeefcfbd0730f,2
2662,Spring,BATCH,1171,2.0.0.RC2,2.0.0.RC3,spring-projects/spring-batch,15ae0fa7062721ee9bfcb99e7db6c2d1987b675c,4
2663,Spring,BATCH,1174,2.0.0.RC2,2.0.0.RC3,spring-projects/spring-batch,15ae0fa7062721ee9bfcb99e7db6c2d1987b675c,2
2664,Spring,BATCH,1178,2.0.0.RC2,2.0.0.RC3,spring-projects/spring-batch,15ae0fa7062721ee9bfcb99e7db6c2d1987b675c,2
2665,Spring,BATCH,1180,2.0.0.RC2,2.0.0.RC3,spring-projects/spring-batch,15ae0fa7062721ee9bfcb99e7db6c2d1987b675c,7
2666,Spring,BATCH,1185,2.0.0.RC2,2.0.0.RELEASE,spring-projects/spring-batch,15ae0fa7062721ee9bfcb99e7db6c2d1987b675c,4
2667,Spring,BATCH,1197,2.0.0.RC3,2.0.0.RELEASE,spring-projects/spring-batch,1955fd8f803508738ecdee926295d12fcf7f98a7,2
2668,Spring,BATCH,1198,2.0.0.RC3,2.0.0.RELEASE,spring-projects/spring-batch,1955fd8f803508738ecdee926295d12fcf7f98a7,2
2669,Spring,BATCH,1196,2.0.0.RC2,2.0.0.RELEASE,spring-projects/spring-batch,15ae0fa7062721ee9bfcb99e7db6c2d1987b675c,5
2670,Spring,BATCH,1201,2.0.0.RC3,2.0.0.RELEASE,spring-projects/spring-batch,1955fd8f803508738ecdee926295d12fcf7f98a7,2
2671,Spring,BATCH,1172,2.0.0.RC2,2.0.1.RELEASE,spring-projects/spring-batch,15ae0fa7062721ee9bfcb99e7db6c2d1987b675c,3
2672,Spring,BATCH,1205,2.0.0.RELEASE,2.0.1.RELEASE,spring-projects/spring-batch,fcbbc3080943943b39c5c13c5d26891851066956,1
2673,Spring,BATCH,1214,2.0.0.RELEASE,2.0.1.RELEASE,spring-projects/spring-batch,fcbbc3080943943b39c5c13c5d26891851066956,1
2674,Spring,BATCH,1230,2.0.0.RELEASE,2.0.1.RELEASE,spring-projects/spring-batch,fcbbc3080943943b39c5c13c5d26891851066956,3
2675,Spring,BATCH,1208,2.0.0.RELEASE,2.0.1.RELEASE,spring-projects/spring-batch,fcbbc3080943943b39c5c13c5d26891851066956,4
2676,Spring,BATCH,1218,2.0.0.RELEASE,2.0.1.RELEASE,spring-projects/spring-batch,fcbbc3080943943b39c5c13c5d26891851066956,4
2677,Spring,BATCH,1240,2.0.0.RELEASE,2.0.1.RELEASE,spring-projects/spring-batch,fcbbc3080943943b39c5c13c5d26891851066956,1
2678,Spring,BATCH,1255,2.0.0.RELEASE,2.0.1.RELEASE,spring-projects/spring-batch,fcbbc3080943943b39c5c13c5d26891851066956,3
2679,Spring,BATCH,1284,2.0.0.RELEASE,2.0.2.RELEASE,spring-projects/spring-batch,fcbbc3080943943b39c5c13c5d26891851066956,2
2680,Spring,BATCH,1232,2.0.0.RELEASE,2.0.2.RELEASE,spring-projects/spring-batch,fcbbc3080943943b39c5c13c5d26891851066956,4
2681,Spring,BATCH,1304,2.0.0.RELEASE,2.0.2.RELEASE,spring-projects/spring-batch,fcbbc3080943943b39c5c13c5d26891851066956,3
2682,Spring,BATCH,1311,2.0.0.RELEASE,2.0.2.RELEASE,spring-projects/spring-batch,fcbbc3080943943b39c5c13c5d26891851066956,2
2683,Spring,BATCH,1341,2.0.0.RC2,2.0.3.RELEASE,spring-projects/spring-batch,15ae0fa7062721ee9bfcb99e7db6c2d1987b675c,1
2684,Spring,BATCH,1363,2.0.0.RELEASE,2.0.3.RELEASE,spring-projects/spring-batch,fcbbc3080943943b39c5c13c5d26891851066956,4
2685,Spring,BATCH,1390,2.0.0.RELEASE,2.1.0.M1,spring-projects/spring-batch,fcbbc3080943943b39c5c13c5d26891851066956,2
2686,Spring,BATCH,1452,2.0.0.RELEASE,2.1.0.M3,spring-projects/spring-batch,fcbbc3080943943b39c5c13c5d26891851066956,9
2687,Spring,BATCH,1526,2.0.0.RELEASE,2.1.1.RELEASE,spring-projects/spring-batch,fcbbc3080943943b39c5c13c5d26891851066956,1
2688,Spring,BATCH,1602,2.0.0.RELEASE,2.1.3.RELEASE,spring-projects/spring-batch,fcbbc3080943943b39c5c13c5d26891851066956,3
2689,Spring,BATCH,1601,2.0.0.RELEASE,2.1.3.RELEASE,spring-projects/spring-batch,fcbbc3080943943b39c5c13c5d26891851066956,1
2690,Spring,BATCH,1709,2.0.0.RELEASE,2.1.7.RELEASE,spring-projects/spring-batch,fcbbc3080943943b39c5c13c5d26891851066956,2
2691,Spring,BATCH,1264,2.0.1.RELEASE,2.0.2.RELEASE,spring-projects/spring-batch,4148ba11868443eacade0bdb4e842fdf85d5e55d,2
2692,Spring,BATCH,1285,2.0.1.RELEASE,2.0.2.RELEASE,spring-projects/spring-batch,4148ba11868443eacade0bdb4e842fdf85d5e55d,3
2693,Spring,BATCH,1289,2.0.1.RELEASE,2.0.2.RELEASE,spring-projects/spring-batch,4148ba11868443eacade0bdb4e842fdf85d5e55d,1
2694,Spring,BATCH,1301,2.0.1.RELEASE,2.0.2.RELEASE,spring-projects/spring-batch,4148ba11868443eacade0bdb4e842fdf85d5e55d,4
2695,Spring,BATCH,1313,2.0.1.RELEASE,2.0.2.RELEASE,spring-projects/spring-batch,4148ba11868443eacade0bdb4e842fdf85d5e55d,3
2696,Spring,BATCH,1314,2.0.1.RELEASE,2.0.2.RELEASE,spring-projects/spring-batch,4148ba11868443eacade0bdb4e842fdf85d5e55d,3
2697,Spring,BATCH,1345,2.0.2.RELEASE,2.0.3.RELEASE,spring-projects/spring-batch,f1075669731c8b906f3e23171021a95cecf110b6,1
2698,Spring,BATCH,1351,2.0.2.RELEASE,2.0.3.RELEASE,spring-projects/spring-batch,f1075669731c8b906f3e23171021a95cecf110b6,3
2699,Spring,BATCH,1354,2.0.2.RELEASE,2.0.3.RELEASE,spring-projects/spring-batch,f1075669731c8b906f3e23171021a95cecf110b6,6
2700,Spring,BATCH,1378,2.0.2.RELEASE,2.0.3.RELEASE,spring-projects/spring-batch,f1075669731c8b906f3e23171021a95cecf110b6,2
2701,Spring,BATCH,1397,2.0.2.RELEASE,2.1.0.M1,spring-projects/spring-batch,f1075669731c8b906f3e23171021a95cecf110b6,2
2702,Spring,BATCH,1392,2.0.3.RELEASE,2.1.0.M1,spring-projects/spring-batch,902009a5908ad389b1a8d27083130eef48d5a591,3
2703,Spring,BATCH,1417,2.0.3.RELEASE,2.1.0.M1,spring-projects/spring-batch,902009a5908ad389b1a8d27083130eef48d5a591,2
2704,Spring,BATCH,1423,2.0.3.RELEASE,2.0.4.RELEASE,spring-projects/spring-batch,902009a5908ad389b1a8d27083130eef48d5a591,1
2705,Spring,BATCH,1418,2.0.3.RELEASE,2.1.0.RC1,spring-projects/spring-batch,902009a5908ad389b1a8d27083130eef48d5a591,3
2706,Spring,BATCH,1547,2.0.3.RELEASE,2.1.1.RELEASE,spring-projects/spring-batch,902009a5908ad389b1a8d27083130eef48d5a591,2
2707,Spring,BATCH,1444,2.0.4.RELEASE,2.1.0.M3,spring-projects/spring-batch,5ceae9c01a407a93bd871079501bbd684b90d102,2
2708,Spring,BATCH,1453,2.0.4.RELEASE,2.1.0.M3,spring-projects/spring-batch,5ceae9c01a407a93bd871079501bbd684b90d102,3
2709,Spring,BATCH,1499,2.0.4.RELEASE,2.1.0.RELEASE,spring-projects/spring-batch,5ceae9c01a407a93bd871079501bbd684b90d102,2
2710,Spring,BATCH,1497,2.0.4.RELEASE,2.1.0.RELEASE,spring-projects/spring-batch,5ceae9c01a407a93bd871079501bbd684b90d102,2
2711,Spring,BATCH,1503,2.0.4.RELEASE,2.1.1.RELEASE,spring-projects/spring-batch,5ceae9c01a407a93bd871079501bbd684b90d102,3
2712,Spring,BATCH,1471,2.1.0.M4,2.1.0.RC1,spring-projects/spring-batch,9ef0fffc7387f431decb98e2f64ef3f788f48b16,1
2713,Spring,BATCH,1476,2.1.0.M4,2.1.0.RC1,spring-projects/spring-batch,9ef0fffc7387f431decb98e2f64ef3f788f48b16,3
2714,Spring,BATCH,1477,2.1.0.M4,2.1.0.RC1,spring-projects/spring-batch,9ef0fffc7387f431decb98e2f64ef3f788f48b16,1
2715,Spring,BATCH,1490,2.1.0.RC1,2.1.0.RELEASE,spring-projects/spring-batch,7632b5a370fd023eca0ad4125f2556bcb9ac2e28,2
2716,Spring,BATCH,1498,2.1.0.RC1,2.1.0.RELEASE,spring-projects/spring-batch,7632b5a370fd023eca0ad4125f2556bcb9ac2e28,9
2717,Spring,BATCH,1502,2.1.0.RC1,2.1.0.RELEASE,spring-projects/spring-batch,7632b5a370fd023eca0ad4125f2556bcb9ac2e28,1
2718,Spring,BATCH,1507,2.1.0.RELEASE,2.1.1.RELEASE,spring-projects/spring-batch,1488906b1ad2a79bcf5ac2e5d54227e0156d266b,4
2719,Spring,BATCH,1513,2.1.0.RELEASE,2.1.1.RELEASE,spring-projects/spring-batch,1488906b1ad2a79bcf5ac2e5d54227e0156d266b,1
2720,Spring,BATCH,1510,2.1.0.RELEASE,2.1.1.RELEASE,spring-projects/spring-batch,1488906b1ad2a79bcf5ac2e5d54227e0156d266b,7
2721,Spring,BATCH,1525,2.1.0.RELEASE,2.1.1.RELEASE,spring-projects/spring-batch,1488906b1ad2a79bcf5ac2e5d54227e0156d266b,2
2722,Spring,BATCH,1528,2.1.0.RELEASE,2.1.1.RELEASE,spring-projects/spring-batch,1488906b1ad2a79bcf5ac2e5d54227e0156d266b,3
2723,Spring,BATCH,1545,2.1.0.RELEASE,2.1.1.RELEASE,spring-projects/spring-batch,1488906b1ad2a79bcf5ac2e5d54227e0156d266b,1
2724,Spring,BATCH,1551,2.1.0.RELEASE,2.1.1.RELEASE,spring-projects/spring-batch,1488906b1ad2a79bcf5ac2e5d54227e0156d266b,2
2725,Spring,BATCH,1574,2.1.0.RELEASE,2.1.2.RELEASE,spring-projects/spring-batch,1488906b1ad2a79bcf5ac2e5d54227e0156d266b,3
2726,Spring,BATCH,1543,2.1.0.RELEASE,2.1.2.RELEASE,spring-projects/spring-batch,1488906b1ad2a79bcf5ac2e5d54227e0156d266b,2
2727,Spring,BATCH,1597,2.1.0.RELEASE,2.1.3.RELEASE,spring-projects/spring-batch,1488906b1ad2a79bcf5ac2e5d54227e0156d266b,2
2728,Spring,BATCH,1620,2.1.0.RELEASE,2.1.3.RELEASE,spring-projects/spring-batch,1488906b1ad2a79bcf5ac2e5d54227e0156d266b,7
2729,Spring,BATCH,1598,2.1.0.RELEASE,2.1.3.RELEASE,spring-projects/spring-batch,1488906b1ad2a79bcf5ac2e5d54227e0156d266b,2
2730,Spring,BATCH,1632,2.1.0.RELEASE,2.1.4.RELEASE,spring-projects/spring-batch,1488906b1ad2a79bcf5ac2e5d54227e0156d266b,1
2731,Spring,BATCH,1640,2.1.0.RELEASE,2.1.4.RELEASE,spring-projects/spring-batch,1488906b1ad2a79bcf5ac2e5d54227e0156d266b,2
2732,Spring,BATCH,1717,2.1.0.RELEASE,2.1.7.RELEASE,spring-projects/spring-batch,1488906b1ad2a79bcf5ac2e5d54227e0156d266b,1
2733,Spring,BATCH,1725,2.1.0.RELEASE,2.1.8.RELEASE,spring-projects/spring-batch,1488906b1ad2a79bcf5ac2e5d54227e0156d266b,1
2734,Spring,BATCH,1727,2.1.0.RELEASE,2.1.8.RELEASE,spring-projects/spring-batch,1488906b1ad2a79bcf5ac2e5d54227e0156d266b,2
2735,Spring,BATCH,1569,2.1.1.RELEASE,2.1.2.RELEASE,spring-projects/spring-batch,f13202d753f9c11d9d8d97910b5917799788cc8e,2
2736,Spring,BATCH,1573,2.1.1.RELEASE,2.1.2.RELEASE,spring-projects/spring-batch,f13202d753f9c11d9d8d97910b5917799788cc8e,1
2737,Spring,BATCH,1582,2.1.1.RELEASE,2.1.2.RELEASE,spring-projects/spring-batch,f13202d753f9c11d9d8d97910b5917799788cc8e,2
2738,Spring,BATCH,1587,2.1.1.RELEASE,2.1.2.RELEASE,spring-projects/spring-batch,f13202d753f9c11d9d8d97910b5917799788cc8e,1
2739,Spring,BATCH,1588,2.1.1.RELEASE,2.1.2.RELEASE,spring-projects/spring-batch,f13202d753f9c11d9d8d97910b5917799788cc8e,2
2740,Spring,BATCH,1594,2.1.1.RELEASE,2.1.2.RELEASE,spring-projects/spring-batch,f13202d753f9c11d9d8d97910b5917799788cc8e,5
2741,Spring,BATCH,1600,2.1.1.RELEASE,2.1.3.RELEASE,spring-projects/spring-batch,f13202d753f9c11d9d8d97910b5917799788cc8e,2
2742,Spring,BATCH,1616,2.1.1.RELEASE,2.1.3.RELEASE,spring-projects/spring-batch,f13202d753f9c11d9d8d97910b5917799788cc8e,3
2743,Spring,BATCH,1605,2.1.1.RELEASE,2.1.3.RELEASE,spring-projects/spring-batch,f13202d753f9c11d9d8d97910b5917799788cc8e,2
2744,Spring,BATCH,1572,2.1.1.RELEASE,2.1.4.RELEASE,spring-projects/spring-batch,f13202d753f9c11d9d8d97910b5917799788cc8e,7
2745,Spring,BATCH,1659,2.1.1.RELEASE,2.1.6.RELEASE,spring-projects/spring-batch,f13202d753f9c11d9d8d97910b5917799788cc8e,4
2746,Spring,BATCH,1603,2.1.2.RELEASE,2.1.3.RELEASE,spring-projects/spring-batch,a7968b16841c199a2e7d1eefc9d502eaa5751b6c,6
2747,Spring,BATCH,1618,2.1.2.RELEASE,2.1.3.RELEASE,spring-projects/spring-batch,a7968b16841c199a2e7d1eefc9d502eaa5751b6c,1
2748,Spring,BATCH,1623,2.1.2.RELEASE,2.1.3.RELEASE,spring-projects/spring-batch,a7968b16841c199a2e7d1eefc9d502eaa5751b6c,2
2749,Spring,BATCH,1615,2.1.2.RELEASE,2.1.3.RELEASE,spring-projects/spring-batch,a7968b16841c199a2e7d1eefc9d502eaa5751b6c,4
2750,Spring,BATCH,1629,2.1.3.RELEASE,2.1.4.RELEASE,spring-projects/spring-batch,d390f7ffe87546824f092ceb37220af10cfc2f29,1
2751,Spring,BATCH,1633,2.1.3.RELEASE,2.1.4.RELEASE,spring-projects/spring-batch,d390f7ffe87546824f092ceb37220af10cfc2f29,3
2752,Spring,BATCH,1639,2.1.3.RELEASE,2.1.4.RELEASE,spring-projects/spring-batch,d390f7ffe87546824f092ceb37220af10cfc2f29,4
2753,Spring,BATCH,1643,2.1.3.RELEASE,2.1.4.RELEASE,spring-projects/spring-batch,d390f7ffe87546824f092ceb37220af10cfc2f29,3
2754,Spring,BATCH,1635,2.1.3.RELEASE,2.1.6.RELEASE,spring-projects/spring-batch,d390f7ffe87546824f092ceb37220af10cfc2f29,4
2755,Spring,BATCH,1707,2.1.3.RELEASE,2.1.7.RELEASE,spring-projects/spring-batch,d390f7ffe87546824f092ceb37220af10cfc2f29,2
2756,Spring,BATCH,1671,2.1.4.RELEASE,2.1.6.RELEASE,spring-projects/spring-batch,a8ccf34fc13940a52bb5575755993e41cf44b1ec,1
2757,Spring,BATCH,1656,2.1.5.RELEASE,2.1.6.RELEASE,spring-projects/spring-batch,e4bce335d8e201e0d77be64b0884bce90c7d0c5d,4
2758,Spring,BATCH,1670,2.1.5.RELEASE,2.1.6.RELEASE,spring-projects/spring-batch,e4bce335d8e201e0d77be64b0884bce90c7d0c5d,1
2759,Spring,BATCH,1681,2.1.5.RELEASE,2.1.6.RELEASE,spring-projects/spring-batch,e4bce335d8e201e0d77be64b0884bce90c7d0c5d,2
2760,Spring,BATCH,1826,2.1.5.RELEASE,2.1.9.RELEASE,spring-projects/spring-batch,e4bce335d8e201e0d77be64b0884bce90c7d0c5d,2
2761,Spring,BATCH,1705,2.1.6.RELEASE,2.1.7.RELEASE,spring-projects/spring-batch,f4c69638873ab172a4f9ca685dc85342775d8bbc,2
2762,Spring,BATCH,1703,2.1.6.RELEASE,2.1.8.RELEASE,spring-projects/spring-batch,f4c69638873ab172a4f9ca685dc85342775d8bbc,2
2763,Spring,BATCH,1849,2.1.6.RELEASE,2.2.1.RELEASE,spring-projects/spring-batch,f4c69638873ab172a4f9ca685dc85342775d8bbc,2
2764,Spring,BATCH,1738,2.1.7.RELEASE,2.1.8.RELEASE,spring-projects/spring-batch,d52470cbf54e26aa29118431def74ce6294bb6b7,3
2765,Spring,BATCH,1742,2.1.7.RELEASE,2.1.8.RELEASE,spring-projects/spring-batch,d52470cbf54e26aa29118431def74ce6294bb6b7,2
2766,Spring,BATCH,1743,2.1.7.RELEASE,2.1.8.RELEASE,spring-projects/spring-batch,d52470cbf54e26aa29118431def74ce6294bb6b7,3
2767,Spring,BATCH,1739,2.1.7.RELEASE,2.1.8.RELEASE,spring-projects/spring-batch,d52470cbf54e26aa29118431def74ce6294bb6b7,7
2768,Spring,BATCH,1744,2.1.7.RELEASE,2.1.8.RELEASE,spring-projects/spring-batch,d52470cbf54e26aa29118431def74ce6294bb6b7,2
2769,Spring,BATCH,1756,2.1.7.RELEASE,2.1.9.RELEASE,spring-projects/spring-batch,d52470cbf54e26aa29118431def74ce6294bb6b7,2
2770,Spring,BATCH,1753,2.1.7.RELEASE,2.1.9.RELEASE,spring-projects/spring-batch,d52470cbf54e26aa29118431def74ce6294bb6b7,1
2772,Spring,BATCH,1775,2.1.8.RELEASE,2.1.9.RELEASE,spring-projects/spring-batch,8f0c510fc7a6da9b71b3646ccb911a79e04490e9,2
2773,Spring,BATCH,1798,2.1.8.RELEASE,2.1.9.RELEASE,spring-projects/spring-batch,8f0c510fc7a6da9b71b3646ccb911a79e04490e9,2
2774,Spring,BATCH,1783,2.1.8.RELEASE,2.1.9.RELEASE,spring-projects/spring-batch,8f0c510fc7a6da9b71b3646ccb911a79e04490e9,3
2775,Spring,BATCH,1841,2.1.8.RELEASE,2.1.9.RELEASE,spring-projects/spring-batch,8f0c510fc7a6da9b71b3646ccb911a79e04490e9,2
2776,Spring,BATCH,1804,2.1.8.RELEASE,2.1.9.RELEASE,spring-projects/spring-batch,8f0c510fc7a6da9b71b3646ccb911a79e04490e9,2
2777,Spring,BATCH,1761,2.1.8.RELEASE,2.1.9.RELEASE,spring-projects/spring-batch,8f0c510fc7a6da9b71b3646ccb911a79e04490e9,5
2778,Spring,BATCH,1813,2.1.8.RELEASE,2.1.9.RELEASE,spring-projects/spring-batch,8f0c510fc7a6da9b71b3646ccb911a79e04490e9,1
2779,Spring,BATCH,1848,2.1.8.RELEASE,2.1.9.RELEASE,spring-projects/spring-batch,8f0c510fc7a6da9b71b3646ccb911a79e04490e9,5
2780,Spring,BATCH,1822,2.1.8.RELEASE,2.1.9.RELEASE,spring-projects/spring-batch,8f0c510fc7a6da9b71b3646ccb911a79e04490e9,5
2781,Spring,BATCH,1780,2.1.8.RELEASE,2.2.0.RELEASE,spring-projects/spring-batch,8f0c510fc7a6da9b71b3646ccb911a79e04490e9,5
2782,Spring,BATCH,1916,2.1.8.RELEASE,2.2.0.RELEASE,spring-projects/spring-batch,8f0c510fc7a6da9b71b3646ccb911a79e04490e9,1
2783,Spring,BATCH,1959,2.1.8.RELEASE,2.2.0.RELEASE,spring-projects/spring-batch,8f0c510fc7a6da9b71b3646ccb911a79e04490e9,3
2784,Spring,BATCH,1865,2.1.8.RELEASE,2.2.0.RELEASE,spring-projects/spring-batch,8f0c510fc7a6da9b71b3646ccb911a79e04490e9,1
2786,Spring,BATCH,2172,2.1.8.RELEASE,2.2.6.RELEASE,spring-projects/spring-batch,8f0c510fc7a6da9b71b3646ccb911a79e04490e9,2
2787,Spring,BATCH,1863,2.1.8.RELEASE,3.0.2.RELEASE,spring-projects/spring-batch,8f0c510fc7a6da9b71b3646ccb911a79e04490e9,1
2788,Spring,BATCH,1903,2.1.9.RELEASE,2.2.0.RELEASE,spring-projects/spring-batch,4257b3f83c091e3a43a08c8a776793f5a1acdf41,1
2789,Spring,BATCH,1908,2.1.9.RELEASE,2.2.0.RELEASE,spring-projects/spring-batch,4257b3f83c091e3a43a08c8a776793f5a1acdf41,15
2790,Spring,BATCH,1924,2.1.9.RELEASE,2.2.0.RELEASE,spring-projects/spring-batch,4257b3f83c091e3a43a08c8a776793f5a1acdf41,5
2791,Spring,BATCH,2038,2.1.9.RELEASE,2.2.1.RELEASE,spring-projects/spring-batch,4257b3f83c091e3a43a08c8a776793f5a1acdf41,2
2792,Spring,BATCH,2156,2.1.9.RELEASE,3.0.0.RELEASE,spring-projects/spring-batch,4257b3f83c091e3a43a08c8a776793f5a1acdf41,1
2793,Spring,BATCH,2347,2.1.9.RELEASE,3.0.4.RELEASE,spring-projects/spring-batch,4257b3f83c091e3a43a08c8a776793f5a1acdf41,2
2794,Spring,BATCH,1995,2.2.0.RC1,2.2.0.RC2,spring-projects/spring-batch,b683ddcf66c33e3bd1b72b949f7e9536d53ef5e9,2
2795,Spring,BATCH,2019,2.2.0.RC1,2.2.0.RC2,spring-projects/spring-batch,b683ddcf66c33e3bd1b72b949f7e9536d53ef5e9,3
2796,Spring,BATCH,2023,2.2.0.RC1,2.2.0.RC2,spring-projects/spring-batch,b683ddcf66c33e3bd1b72b949f7e9536d53ef5e9,2
2797,Spring,BATCH,2031,2.2.0.RC2,2.2.0.RELEASE,spring-projects/spring-batch,b28feac263437d02c31a84d95dcbb903eb48b22d,2
2798,Spring,BATCH,2035,2.2.0.RC2,3.0.0.RELEASE,spring-projects/spring-batch,b28feac263437d02c31a84d95dcbb903eb48b22d,1
2799,Spring,BATCH,2034,2.2.0.RC2,3.0.0.RELEASE,spring-projects/spring-batch,b28feac263437d02c31a84d95dcbb903eb48b22d,2
2800,Spring,BATCH,2054,2.2.0.RELEASE,2.2.1.RELEASE,spring-projects/spring-batch,958ec860baca9950d182380a9ccad984afe21c53,4
2801,Spring,BATCH,2050,2.2.0.RELEASE,2.2.1.RELEASE,spring-projects/spring-batch,958ec860baca9950d182380a9ccad984afe21c53,6
2802,Spring,BATCH,2086,2.2.0.RELEASE,2.2.2.RELEASE,spring-projects/spring-batch,958ec860baca9950d182380a9ccad984afe21c53,4
2803,Spring,BATCH,2040,2.2.0.RC2,2.2.2.RELEASE,spring-projects/spring-batch,b28feac263437d02c31a84d95dcbb903eb48b22d,3
2804,Spring,BATCH,2045,2.2.0.RELEASE,3.0.0.RELEASE,spring-projects/spring-batch,958ec860baca9950d182380a9ccad984afe21c53,2
2805,Spring,BATCH,2011,2.2.0.RC1,2.2.6.RELEASE,spring-projects/spring-batch,b683ddcf66c33e3bd1b72b949f7e9536d53ef5e9,1
2806,Spring,BATCH,2204,2.2.0.RC1,2.2.6.RELEASE,spring-projects/spring-batch,b683ddcf66c33e3bd1b72b949f7e9536d53ef5e9,2
2807,Spring,BATCH,2096,2.2.1.RELEASE,2.2.2.RELEASE,spring-projects/spring-batch,6669780a74a5340edaf39113959822e3194291e0,2
2808,Spring,BATCH,2141,2.2.2.RELEASE,2.2.3.RELEASE,spring-projects/spring-batch,fc0435c617590f65563ab5abfda7236ea551388c,1
2809,Spring,BATCH,2126,2.2.2.RELEASE,3.0.0.RELEASE,spring-projects/spring-batch,fc0435c617590f65563ab5abfda7236ea551388c,1
2810,Spring,BATCH,2151,2.2.3.RELEASE,2.2.4.RELEASE,spring-projects/spring-batch,ef88dc196e2fa8d467863da9930670b40a7502b4,2
2811,Spring,BATCH,2179,2.2.4.RELEASE,3.0.0.RELEASE,spring-projects/spring-batch,660d3c10664e57a6572a3a13ad545ff7ce79526e,2
2812,Spring,BATCH,2189,2.2.5.RELEASE,2.2.6.RELEASE,spring-projects/spring-batch,9a4251fbd646c152112e84bfcaffde60084a8aba,2
2813,Spring,BATCH,2206,2.2.5.RELEASE,2.2.7.RELEASE,spring-projects/spring-batch,9a4251fbd646c152112e84bfcaffde60084a8aba,2
2814,Spring,BATCH,2205,2.2.5.RELEASE,3.0.4.RELEASE,spring-projects/spring-batch,9a4251fbd646c152112e84bfcaffde60084a8aba,2
2815,Spring,BATCH,2235,2.2.6.RELEASE,2.2.7.RELEASE,spring-projects/spring-batch,993d0e52edce2f36a55a30480b76aa9dc3af0adc,1
2816,Spring,BATCH,2313,3.0.1.RELEASE,3.0.6.RELEASE,spring-projects/spring-batch,f17e8a2689776245abd3d7557fb03fbec9279996,1
2817,Spring,BATCH,2352,3.0.3.RELEASE,3.0.4.RELEASE,spring-projects/spring-batch,311ae18ea5bffe023bca0b4fa1eab05c9e7adb2f,1
2818,Spring,BATCH,2359,3.0.3.RELEASE,3.0.4.RELEASE,spring-projects/spring-batch,311ae18ea5bffe023bca0b4fa1eab05c9e7adb2f,2
2819,Spring,BATCHADM,29,1.0.0.RELEASE,1.0.0.M3,spring-projects/spring-batch-admin,b120414344f5079653606c06997b38be3ed4561c,5
2820,Spring,BATCHADM,44,1.0.0.M1,1.0.0.M3,spring-projects/spring-batch-admin,ab7f7158c666314bab0d2479062dbe5b784bf676,1
2821,Spring,BATCHADM,52,1.0.0.RELEASE,1.2.0.M1,spring-projects/spring-batch-admin,b120414344f5079653606c06997b38be3ed4561c,2
2822,Spring,BATCHADM,71,1.0.0.RELEASE,1.2.0.M1,spring-projects/spring-batch-admin,b120414344f5079653606c06997b38be3ed4561c,2
2823,Spring,BATCHADM,73,1.0.0.RELEASE,1.2.0.M1,spring-projects/spring-batch-admin,b120414344f5079653606c06997b38be3ed4561c,2
2824,Spring,BATCHADM,78,1.0.0.RELEASE,1.2.0.M1,spring-projects/spring-batch-admin,b120414344f5079653606c06997b38be3ed4561c,2
2825,Spring,BATCHADM,91,1.2.0.RELEASE,1.2.1.RELEASE,spring-projects/spring-batch-admin,99e5fb90b853972ea145207661f49746f304fbd1,2
2826,Spring,BATCHADM,92,1.2.0.RELEASE,1.2.1.RELEASE,spring-projects/spring-batch-admin,99e5fb90b853972ea145207661f49746f304fbd1,1
2827,Spring,BATCHADM,99,1.2.0.RELEASE,1.2.1.RELEASE,spring-projects/spring-batch-admin,99e5fb90b853972ea145207661f49746f304fbd1,1
2828,Spring,BATCHADM,115,1.2.0.RELEASE,1.2.1.RELEASE,spring-projects/spring-batch-admin,99e5fb90b853972ea145207661f49746f304fbd1,2
2829,Spring,BATCHADM,137,1.2.1.RELEASE,1.3.0.RELEASE,spring-projects/spring-batch-admin,14ea5ca8848b6e383e89408f1e948d467fd3029c,1
2830,Spring,DATACMNS,23,1.0.0.M5,1.0.0.M6,spring-projects/spring-data-commons,22243d05ce1dd182410b7a75c76c021c7ede3230,3
2831,Spring,DATACMNS,44,1.1.0.M1,1.1.0.M2,spring-projects/spring-data-commons,dff80c6f3d06c5656b5a48ca139104b540532734,1
2832,Spring,DATACMNS,45,1.1.0.M1,1.1.0.M2,spring-projects/spring-data-commons,dff80c6f3d06c5656b5a48ca139104b540532734,4
2833,Spring,DATACMNS,52,1.1.0.M2,1.1.0.RC1,spring-projects/spring-data-commons,c3406a7ebe4334006e36d273d486d19adc32b293,4
2834,Spring,DATACMNS,55,1.1.0.RELEASE,1.2.0.M1,spring-projects/spring-data-commons,4f90182607e31d31c0e28abca6ca05440c981a92,2
2835,Spring,DATACMNS,57,1.1.0.RELEASE,1.2.0.M1,spring-projects/spring-data-commons,4f90182607e31d31c0e28abca6ca05440c981a92,2
2836,Spring,DATACMNS,65,1.1.0.RELEASE,1.2.0.M1,spring-projects/spring-data-commons,4f90182607e31d31c0e28abca6ca05440c981a92,1
2837,Spring,DATACMNS,68,1.1.0.RELEASE,1.2.0.M1,spring-projects/spring-data-commons,4f90182607e31d31c0e28abca6ca05440c981a92,2
2838,Spring,DATACMNS,69,1.1.0.RELEASE,1.2.0.M1,spring-projects/spring-data-commons,4f90182607e31d31c0e28abca6ca05440c981a92,1
2839,Spring,DATACMNS,70,1.1.0.RELEASE,1.2.0.M1,spring-projects/spring-data-commons,4f90182607e31d31c0e28abca6ca05440c981a92,1
2840,Spring,DATACMNS,98,1.1.0.RELEASE,1.2.0.RC1,spring-projects/spring-data-commons,4f90182607e31d31c0e28abca6ca05440c981a92,10
2841,Spring,DATACMNS,153,1.1.0.RELEASE,1.3.0.RC2,spring-projects/spring-data-commons,4f90182607e31d31c0e28abca6ca05440c981a92,1
2842,Spring,DATACMNS,736,1.10.1.RELEASE,1.10.2.RELEASE,spring-projects/spring-data-commons,79007c7ebc188c9ea8682b4a6d69ebf68c957d1a,3
2843,Spring,DATACMNS,748,1.11.0.RC1,1.11.0.RELEASE,spring-projects/spring-data-commons,3013b63c2b7fc9932e38d66fa7593159ada73d4e,1
2844,Spring,DATACMNS,750,1.10.2.RELEASE,1.11.0.RELEASE,spring-projects/spring-data-commons,5fc096d2d4cb6fda3ac9518bcd3e3be06ffe82c8,2
2845,Spring,DATACMNS,755,1.10.2.RELEASE,1.11.0.RELEASE,spring-projects/spring-data-commons,5fc096d2d4cb6fda3ac9518bcd3e3be06ffe82c8,2
2846,Spring,DATACMNS,761,1.10.2.RELEASE,1.11.1.RELEASE,spring-projects/spring-data-commons,5fc096d2d4cb6fda3ac9518bcd3e3be06ffe82c8,2
2847,Spring,DATACMNS,763,1.11.0.RELEASE,1.11.1.RELEASE,spring-projects/spring-data-commons,6ef8cc86fc71518449a1554d7bd35d1499ab0230,2
2848,Spring,DATACMNS,772,1.11.0.RELEASE,1.12.0.M1,spring-projects/spring-data-commons,6ef8cc86fc71518449a1554d7bd35d1499ab0230,4
2849,Spring,DATACMNS,769,1.11.0.RELEASE,1.11.1.RELEASE,spring-projects/spring-data-commons,6ef8cc86fc71518449a1554d7bd35d1499ab0230,2
2850,Spring,DATACMNS,773,1.11.0.RELEASE,1.12.0.M1,spring-projects/spring-data-commons,6ef8cc86fc71518449a1554d7bd35d1499ab0230,4
2851,Spring,DATACMNS,779,1.11.0.RELEASE,1.11.1.RELEASE,spring-projects/spring-data-commons,6ef8cc86fc71518449a1554d7bd35d1499ab0230,1
2852,Spring,DATACMNS,789,1.10.2.RELEASE,1.11.2.RELEASE,spring-projects/spring-data-commons,5fc096d2d4cb6fda3ac9518bcd3e3be06ffe82c8,1
2853,Spring,DATACMNS,843,1.10.2.RELEASE,1.11.5.RELEASE,spring-projects/spring-data-commons,5fc096d2d4cb6fda3ac9518bcd3e3be06ffe82c8,2
2854,Spring,DATACMNS,804,1.11.2.RELEASE,1.12.0.M1,spring-projects/spring-data-commons,e932e801e2dc081e20f70aeb16cf5cbb794c3514,2
2855,Spring,DATACMNS,812,1.11.4.RELEASE,1.12.0.RC1,spring-projects/spring-data-commons,81f5f0699b1e759359f03af05f6924592ac8e65b,1
2856,Spring,DATACMNS,829,1.11.4.RELEASE,1.12.0.RC1,spring-projects/spring-data-commons,81f5f0699b1e759359f03af05f6924592ac8e65b,2
2857,Spring,DATACMNS,854,1.11.4.RELEASE,1.11.5.RELEASE,spring-projects/spring-data-commons,81f5f0699b1e759359f03af05f6924592ac8e65b,2
2858,Spring,DATACMNS,831,1.11.4.RELEASE,1.11.5.RELEASE,spring-projects/spring-data-commons,81f5f0699b1e759359f03af05f6924592ac8e65b,1
2859,Spring,DATACMNS,863,1.11.4.RELEASE,1.11.5.RELEASE,spring-projects/spring-data-commons,81f5f0699b1e759359f03af05f6924592ac8e65b,2
2860,Spring,DATACMNS,883,1.11.4.RELEASE,1.13.0.M1,spring-projects/spring-data-commons,81f5f0699b1e759359f03af05f6924592ac8e65b,6
2861,Spring,DATACMNS,896,1.11.4.RELEASE,1.11.5.RELEASE,spring-projects/spring-data-commons,81f5f0699b1e759359f03af05f6924592ac8e65b,2
2862,Spring,DATACMNS,909,1.11.4.RELEASE,1.11.5.RELEASE,spring-projects/spring-data-commons,81f5f0699b1e759359f03af05f6924592ac8e65b,1
2863,Spring,DATACMNS,828,1.12.0.M1,1.12.0.RC1,spring-projects/spring-data-commons,021bb8ffb2606899a0c89ea0a4f8edd7ede42aa4,2
2864,Spring,DATACMNS,934,1.11.6.RELEASE,1.13.0.RC1,spring-projects/spring-data-commons,4ee81636c10e68d218abd1dbb5c51fca74ac9121,2
2865,Spring,DATACMNS,859,1.12.1.RELEASE,1.12.2.RELEASE,spring-projects/spring-data-commons,08c7d46ea2b98e35aeda99bd602d4c98af150fc9,2
2866,Spring,DATACMNS,860,1.12.1.RELEASE,1.12.2.RELEASE,spring-projects/spring-data-commons,08c7d46ea2b98e35aeda99bd602d4c98af150fc9,2
2867,Spring,DATACMNS,856,1.12.1.RELEASE,1.11.5.RELEASE,spring-projects/spring-data-commons,08c7d46ea2b98e35aeda99bd602d4c98af150fc9,1
2868,Spring,DATACMNS,862,1.12.1.RELEASE,1.12.2.RELEASE,spring-projects/spring-data-commons,08c7d46ea2b98e35aeda99bd602d4c98af150fc9,2
2869,Spring,DATACMNS,951,1.12.1.RELEASE,1.13.0.RC1,spring-projects/spring-data-commons,08c7d46ea2b98e35aeda99bd602d4c98af150fc9,2
2870,Spring,DATACMNS,874,1.12.2.RELEASE,1.13.0.M1,spring-projects/spring-data-commons,f3bf3a2598167feefcc2cf6cea52d4f47540c372,2
2871,Spring,DATACMNS,880,1.12.2.RELEASE,1.13.0.M1,spring-projects/spring-data-commons,f3bf3a2598167feefcc2cf6cea52d4f47540c372,2
2872,Spring,DATACMNS,900,1.12.2.RELEASE,1.12.3.RELEASE,spring-projects/spring-data-commons,f3bf3a2598167feefcc2cf6cea52d4f47540c372,3
2873,Spring,DATACMNS,912,1.12.2.RELEASE,1.11.5.RELEASE,spring-projects/spring-data-commons,f3bf3a2598167feefcc2cf6cea52d4f47540c372,2
2874,Spring,DATACMNS,921,1.12.3.RELEASE,1.12.4.RELEASE,spring-projects/spring-data-commons,7be0416eb8372a552d17cec844995a1e2434ea90,2
2875,Spring,DATACMNS,939,1.12.5.RELEASE,1.13.0.RC1,spring-projects/spring-data-commons,711cef7e021ec2335b8688ebfff964a807d19eea,1
2876,Spring,DATACMNS,943,1.12.5.RELEASE,1.13.0.RC1,spring-projects/spring-data-commons,711cef7e021ec2335b8688ebfff964a807d19eea,2
2877,Spring,DATACMNS,963,1.12.5.RELEASE,1.13.0.RC1,spring-projects/spring-data-commons,711cef7e021ec2335b8688ebfff964a807d19eea,2
2878,Spring,DATACMNS,916,1.13.0.M1,1.13.0.RC1,spring-projects/spring-data-commons,856724f3aa3dfbc38c4bebd54a4d3e0184989fb3,3
2879,Spring,DATACMNS,81,1.2.0.M1,1.2.0.M2,spring-projects/spring-data-commons,04f4e9f2b8dc911be8168ddc5d641aa18ed17c75,1
2880,Spring,DATACMNS,108,1.2.0.M2,1.2.0.RC1,spring-projects/spring-data-commons,c3e04eefea4cc9a93a1427bd3b811e82d153b345,3
2881,Spring,DATACMNS,109,1.2.0.M2,1.11.2.RELEASE,spring-projects/spring-data-commons,c3e04eefea4cc9a93a1427bd3b811e82d153b345,1
2882,Spring,DATACMNS,125,1.11.2.RELEASE,1.2.1.RELEASE,spring-projects/spring-data-commons,e932e801e2dc081e20f70aeb16cf5cbb794c3514,2
2883,Spring,DATACMNS,120,1.11.2.RELEASE,1.3.0.RC1,spring-projects/spring-data-commons,e932e801e2dc081e20f70aeb16cf5cbb794c3514,1
2884,Spring,DATACMNS,132,1.3.0.M1,1.3.0.RC1,spring-projects/spring-data-commons,257d8af077ce142abe9e6dc012dbb22d7b885d7e,2
2885,Spring,DATACMNS,139,1.2.1.RELEASE,1.3.0.RC1,spring-projects/spring-data-commons,7d40124bd5b7003103b7c54ff703ace4f3fb3754,2
2886,Spring,DATACMNS,154,1.3.0.RC1,1.3.0.RC2,spring-projects/spring-data-commons,703b28596215e341ac12c608b7c2e60b86555461,2
2887,Spring,DATACMNS,157,1.3.0.RC1,1.3.0.RC2,spring-projects/spring-data-commons,703b28596215e341ac12c608b7c2e60b86555461,2
2888,Spring,DATACMNS,160,1.3.0.RC1,1.3.0.RC2,spring-projects/spring-data-commons,703b28596215e341ac12c608b7c2e60b86555461,2
2889,Spring,DATACMNS,170,1.3.0.RC2,1.3.0.RELEASE,spring-projects/spring-data-commons,a1a60f39f450668d1aad6afd6d449e225e6e2832,1
2890,Spring,DATACMNS,133,1.2.1.RELEASE,1.3.0.RC1,spring-projects/spring-data-commons,7d40124bd5b7003103b7c54ff703ace4f3fb3754,3
2891,Spring,DATACMNS,176,1.3.0.RC1,1.11.4.RELEASE,spring-projects/spring-data-commons,703b28596215e341ac12c608b7c2e60b86555461,1
2892,Spring,DATACMNS,226,1.3.2.RELEASE,1.11.4.RELEASE,spring-projects/spring-data-commons,eb38b05d6965e780f17aa626d701d2da89ec9fa7,8
2893,Spring,DATACMNS,221,1.4.0.RC1,1.11.4.RELEASE,spring-projects/spring-data-commons,11da3c3dab13546413c66f2c8f1381c655995037,4
2894,Spring,DATACMNS,228,1.4.0.RC1,1.11.4.RELEASE,spring-projects/spring-data-commons,11da3c3dab13546413c66f2c8f1381c655995037,2
2895,Spring,DATACMNS,233,1.3.2.RELEASE,1.11.4.RELEASE,spring-projects/spring-data-commons,eb38b05d6965e780f17aa626d701d2da89ec9fa7,2
2896,Spring,DATACMNS,239,1.4.0.RC1,1.11.4.RELEASE,spring-projects/spring-data-commons,11da3c3dab13546413c66f2c8f1381c655995037,1
2897,Spring,DATACMNS,257,1.11.4.RELEASE,1.4.1.RELEASE,spring-projects/spring-data-commons,81f5f0699b1e759359f03af05f6924592ac8e65b,2
2898,Spring,DATACMNS,263,1.11.4.RELEASE,1.11.5.RELEASE,spring-projects/spring-data-commons,81f5f0699b1e759359f03af05f6924592ac8e65b,1
2899,Spring,DATACMNS,271,1.11.4.RELEASE,1.11.5.RELEASE,spring-projects/spring-data-commons,81f5f0699b1e759359f03af05f6924592ac8e65b,1
2900,Spring,DATACMNS,276,1.11.4.RELEASE,1.4.1.RELEASE,spring-projects/spring-data-commons,81f5f0699b1e759359f03af05f6924592ac8e65b,1
2901,Spring,DATACMNS,283,1.11.5.RELEASE,1.5.1.RELEASE,spring-projects/spring-data-commons,7502b3daeef244f5142cc6720bd282a04c9b723b,3
2902,Spring,DATACMNS,281,1.11.5.RELEASE,1.6.0.M1,spring-projects/spring-data-commons,7502b3daeef244f5142cc6720bd282a04c9b723b,2
2903,Spring,DATACMNS,300,1.11.5.RELEASE,1.5.1.RELEASE,spring-projects/spring-data-commons,7502b3daeef244f5142cc6720bd282a04c9b723b,2
2904,Spring,DATACMNS,309,1.11.5.RELEASE,1.5.1.RELEASE,spring-projects/spring-data-commons,7502b3daeef244f5142cc6720bd282a04c9b723b,2
2905,Spring,DATACMNS,323,1.11.5.RELEASE,1.6.0.M1,spring-projects/spring-data-commons,7502b3daeef244f5142cc6720bd282a04c9b723b,2
2906,Spring,DATACMNS,320,1.5.1.RELEASE,1.6.0.M1,spring-projects/spring-data-commons,696a14e3ab0002715c771ea98229dda2e46b3f46,2
2907,Spring,DATACMNS,333,1.5.1.RELEASE,1.6.0.M1,spring-projects/spring-data-commons,696a14e3ab0002715c771ea98229dda2e46b3f46,3
2908,Spring,DATACMNS,327,1.5.1.RELEASE,1.6.0.M1,spring-projects/spring-data-commons,696a14e3ab0002715c771ea98229dda2e46b3f46,2
2909,Spring,DATACMNS,345,1.5.1.RELEASE,1.5.2.RELEASE,spring-projects/spring-data-commons,696a14e3ab0002715c771ea98229dda2e46b3f46,2
2910,Spring,DATACMNS,341,1.5.1.RELEASE,1.11.6.RELEASE,spring-projects/spring-data-commons,696a14e3ab0002715c771ea98229dda2e46b3f46,3
2911,Spring,DATACMNS,360,1.5.2.RELEASE,1.11.6.RELEASE,spring-projects/spring-data-commons,c067a43661c9cca15a985a5eb95b8859ff42203a,7
2912,Spring,DATACMNS,362,1.5.2.RELEASE,1.11.6.RELEASE,spring-projects/spring-data-commons,c067a43661c9cca15a985a5eb95b8859ff42203a,1
2913,Spring,DATACMNS,363,1.5.2.RELEASE,1.7.0.M1,spring-projects/spring-data-commons,c067a43661c9cca15a985a5eb95b8859ff42203a,2
2914,Spring,DATACMNS,390,1.5.2.RELEASE,1.7.0.M1,spring-projects/spring-data-commons,c067a43661c9cca15a985a5eb95b8859ff42203a,2
2915,Spring,DATACMNS,352,1.6.0.RC1,1.11.6.RELEASE,spring-projects/spring-data-commons,c27b8cdce892205eec54e38ad12f4ee6ddbc6679,3
2916,Spring,DATACMNS,358,1.6.0.RC1,1.11.6.RELEASE,spring-projects/spring-data-commons,c27b8cdce892205eec54e38ad12f4ee6ddbc6679,1
2917,Spring,DATACMNS,376,1.5.3.RELEASE,1.6.2.RELEASE,spring-projects/spring-data-commons,8c3bde5f35b2f2f52cb470731c73b1c878f5e958,2
2918,Spring,DATACMNS,385,1.6.1.RELEASE,1.6.2.RELEASE,spring-projects/spring-data-commons,735124476bd54252b1aaa05b50a3d87fa3af5c9f,2
2919,Spring,DATACMNS,408,1.6.1.RELEASE,1.6.3.RELEASE,spring-projects/spring-data-commons,735124476bd54252b1aaa05b50a3d87fa3af5c9f,4
2920,Spring,DATACMNS,377,1.6.1.RELEASE,1.7.0.M1,spring-projects/spring-data-commons,735124476bd54252b1aaa05b50a3d87fa3af5c9f,4
2921,Spring,DATACMNS,379,1.6.1.RELEASE,1.6.3.RELEASE,spring-projects/spring-data-commons,735124476bd54252b1aaa05b50a3d87fa3af5c9f,2
2922,Spring,DATACMNS,429,1.6.1.RELEASE,1.7.0.RC1,spring-projects/spring-data-commons,735124476bd54252b1aaa05b50a3d87fa3af5c9f,2
2923,Spring,DATACMNS,387,1.6.2.RELEASE,1.7.0.M1,spring-projects/spring-data-commons,df528ab3066e229cf65ce468ea8acbef32241cf1,13
2924,Spring,DATACMNS,410,1.6.2.RELEASE,1.7.0.RC1,spring-projects/spring-data-commons,df528ab3066e229cf65ce468ea8acbef32241cf1,3
2925,Spring,DATACMNS,518,1.6.2.RELEASE,1.8.1.RELEASE,spring-projects/spring-data-commons,df528ab3066e229cf65ce468ea8acbef32241cf1,1
2926,Spring,DATACMNS,415,1.6.3.RELEASE,1.7.0.RC1,spring-projects/spring-data-commons,f5f60d7318da3423608cf6473935c3cfcd48a1cf,3
2927,Spring,DATACMNS,412,1.6.3.RELEASE,1.7.0.RC1,spring-projects/spring-data-commons,f5f60d7318da3423608cf6473935c3cfcd48a1cf,1
2928,Spring,DATACMNS,432,1.6.3.RELEASE,1.6.4.RELEASE,spring-projects/spring-data-commons,f5f60d7318da3423608cf6473935c3cfcd48a1cf,3
2929,Spring,DATACMNS,436,1.6.3.RELEASE,1.6.4.RELEASE,spring-projects/spring-data-commons,f5f60d7318da3423608cf6473935c3cfcd48a1cf,2
2930,Spring,DATACMNS,441,1.7.0.RC1,1.7.0.RELEASE,spring-projects/spring-data-commons,e00763bc4489c69eb5f802a4fd9a16a904a5ec0a,2
2931,Spring,DATACMNS,453,1.7.0.RELEASE,1.7.1.RELEASE,spring-projects/spring-data-commons,a9fb7070c8e2c8a689cdd7e3b69da20b2f1024b3,2
2932,Spring,DATACMNS,477,1.7.1.RELEASE,1.8.0.M1,spring-projects/spring-data-commons,ce114422bee5bdcdead1ddb57bb21a89c039d51b,3
2933,Spring,DATACMNS,479,1.7.1.RELEASE,1.8.0.M1,spring-projects/spring-data-commons,ce114422bee5bdcdead1ddb57bb21a89c039d51b,3
2934,Spring,DATACMNS,501,1.7.2.RELEASE,1.8.0.RELEASE,spring-projects/spring-data-commons,5701ca4df02e05025b1f46e43040cc39d6f977b2,2
2935,Spring,DATACMNS,502,1.7.2.RELEASE,1.8.0.RELEASE,spring-projects/spring-data-commons,5701ca4df02e05025b1f46e43040cc39d6f977b2,2
2936,Spring,DATACMNS,519,1.7.2.RELEASE,1.9.0.M1,spring-projects/spring-data-commons,5701ca4df02e05025b1f46e43040cc39d6f977b2,3
2937,Spring,DATACMNS,509,1.8.0.RC1,1.8.0.RELEASE,spring-projects/spring-data-commons,d6163c0a3d682f3d1b17a3e3981dc4bbf1e09212,4
2938,Spring,DATACMNS,511,1.8.0.RELEASE,1.7.3.RELEASE,spring-projects/spring-data-commons,403f4bb56ee45e1f78d6d1873dc0120a62e8ead4,1
2939,Spring,DATACMNS,566,1.7.3.RELEASE,1.8.4.RELEASE,spring-projects/spring-data-commons,f9166f7cf965ca743f8abd4205251e7c014af460,3
2940,Spring,DATACMNS,562,1.8.2.RELEASE,1.8.4.RELEASE,spring-projects/spring-data-commons,11bd4c090f123662aafba135f96ca96be32f64c2,2
2941,Spring,DATACMNS,583,1.8.4.RELEASE,1.9.1.RELEASE,spring-projects/spring-data-commons,783c3ef85c123fa2ae5c127ef4bc04abf6a292a0,2
2942,Spring,DATACMNS,695,1.8.5.RELEASE,1.11.0.M1,spring-projects/spring-data-commons,684cf491cbdb16d91d2b53adad069e64f561889d,2
2943,Spring,DATACMNS,715,1.8.5.RELEASE,1.9.3.RELEASE,spring-projects/spring-data-commons,684cf491cbdb16d91d2b53adad069e64f561889d,4
2944,Spring,DATACMNS,717,1.8.5.RELEASE,1.9.3.RELEASE,spring-projects/spring-data-commons,684cf491cbdb16d91d2b53adad069e64f561889d,1
2945,Spring,DATACMNS,719,1.8.5.RELEASE,1.9.3.RELEASE,spring-projects/spring-data-commons,684cf491cbdb16d91d2b53adad069e64f561889d,2
2946,Spring,DATACMNS,565,1.9.0.RC1,1.9.0.RELEASE,spring-projects/spring-data-commons,d8e9808dd49cec9323d02bb7d690d99998ce894b,3
2947,Spring,DATACMNS,590,1.9.1.RELEASE,1.10.0.M1,spring-projects/spring-data-commons,b728ea297e4711b0241483e3924eccf3a529cbc7,9
2948,Spring,DATACMNS,594,1.9.1.RELEASE,1.10.0.M1,spring-projects/spring-data-commons,b728ea297e4711b0241483e3924eccf3a529cbc7,5
2949,Spring,DATACMNS,609,1.9.1.RELEASE,1.10.0.M1,spring-projects/spring-data-commons,b728ea297e4711b0241483e3924eccf3a529cbc7,2
2950,Spring,DATACMNS,616,1.9.1.RELEASE,1.8.5.RELEASE,spring-projects/spring-data-commons,b728ea297e4711b0241483e3924eccf3a529cbc7,1
2951,Spring,DATACMNS,640,1.9.2.RELEASE,1.10.0.RC1,spring-projects/spring-data-commons,020b7fcd21d8619182c88cf6db6a8f57fc820ddf,2
2952,Spring,DATACMNS,648,1.9.2.RELEASE,1.9.3.RELEASE,spring-projects/spring-data-commons,020b7fcd21d8619182c88cf6db6a8f57fc820ddf,1
2953,Spring,DATACMNS,663,1.10.0.RELEASE,1.11.0.M1,spring-projects/spring-data-commons,49981eb3859a7c59b0ec084128bb3e94b19728a3,1
2954,Spring,DATACMNS,683,1.10.0.RELEASE,1.11.0.M1,spring-projects/spring-data-commons,49981eb3859a7c59b0ec084128bb3e94b19728a3,2
2955,Spring,DATACMNS,692,1.10.0.RELEASE,1.11.0.M1,spring-projects/spring-data-commons,49981eb3859a7c59b0ec084128bb3e94b19728a3,2
2956,Spring,DATACMNS,697,1.10.0.RELEASE,1.11.0.M1,spring-projects/spring-data-commons,49981eb3859a7c59b0ec084128bb3e94b19728a3,2
2957,Spring,DATACMNS,711,1.10.0.RELEASE,1.10.1.RELEASE,spring-projects/spring-data-commons,49981eb3859a7c59b0ec084128bb3e94b19728a3,2
2958,Spring,DATACMNS,720,1.10.0.RELEASE,1.10.1.RELEASE,spring-projects/spring-data-commons,49981eb3859a7c59b0ec084128bb3e94b19728a3,4
2959,Spring,DATACMNS,722,1.10.0.RELEASE,1.10.1.RELEASE,spring-projects/spring-data-commons,49981eb3859a7c59b0ec084128bb3e94b19728a3,2
2960,Spring,DATAGRAPH,860,4.1.1.RELEASE,4.1.2.RELEASE,spring-projects/spring-data-neo4j,da8dfc03dbb09420ef8ba7d1a32c21df15cf485e,3
2961,Spring,DATAGRAPH,861,4.1.1.RELEASE,4.1.2.RELEASE,spring-projects/spring-data-neo4j,da8dfc03dbb09420ef8ba7d1a32c21df15cf485e,3
2962,Spring,DATAGRAPH,865,4.1.1.RELEASE,4.1.3.RELEASE,spring-projects/spring-data-neo4j,da8dfc03dbb09420ef8ba7d1a32c21df15cf485e,1
2963,Spring,DATAGRAPH,893,4.2.0.M1,4.2.0.RC1,spring-projects/spring-data-neo4j,d80eda04911c67bae746e0c4525ad2c1942838e3,6
2964,Spring,DATAGRAPH,895,4.2.0.M1,4.2.0.RC1,spring-projects/spring-data-neo4j,d80eda04911c67bae746e0c4525ad2c1942838e3,3
2965,Spring,DATAGRAPH,896,4.2.0.M1,4.2.0.RC1,spring-projects/spring-data-neo4j,d80eda04911c67bae746e0c4525ad2c1942838e3,4
2966,Spring,DATAGRAPH,920,4.2.0.M1,4.2.0.RC1,spring-projects/spring-data-neo4j,d80eda04911c67bae746e0c4525ad2c1942838e3,2
2967,Spring,DATAJPA,23,1.0.0.M1,1.0.0.M2,spring-projects/spring-data-jpa,81619300a6ad679f4037eddf012d43e8fa88c7f2,3
2968,Spring,DATAJPA,44,1.0.0.M2,1.0.0.RC1,spring-projects/spring-data-jpa,b2223bd5ef127e1adb3d2adcad7d34dcda608365,8
2969,Spring,DATAJPA,58,1.0.0.M2,1.0.0.RC1,spring-projects/spring-data-jpa,b2223bd5ef127e1adb3d2adcad7d34dcda608365,1
2970,Spring,DATAJPA,68,1.0.0.M2,1.0.0.RC1,spring-projects/spring-data-jpa,b2223bd5ef127e1adb3d2adcad7d34dcda608365,2
2971,Spring,DATAJPA,77,1.0.0.RC1,1.0.0.RELEASE,spring-projects/spring-data-jpa,1d79c1bfeb59c91a5ef86e3409b1267bbf1cc503,2
2972,Spring,DATAJPA,94,1.0.0.RELEASE,1.0.1.RELEASE,spring-projects/spring-data-jpa,c2e3984545b75f51c58ea663d8215c3edd2d631c,3
2973,Spring,DATAJPA,96,1.0.0.RELEASE,1.0.1.RELEASE,spring-projects/spring-data-jpa,c2e3984545b75f51c58ea663d8215c3edd2d631c,1
2974,Spring,DATAJPA,86,1.0.0.RC1,1.0.1.RELEASE,spring-projects/spring-data-jpa,1d79c1bfeb59c91a5ef86e3409b1267bbf1cc503,10
2975,Spring,DATAJPA,110,1.0.1.RELEASE,1.0.2.RELEASE,spring-projects/spring-data-jpa,e5d94df855726e7c1fbd1256039c63e7807c2189,2
2976,Spring,DATAJPA,111,1.0.1.RELEASE,1.0.2.RELEASE,spring-projects/spring-data-jpa,e5d94df855726e7c1fbd1256039c63e7807c2189,2
2977,Spring,DATAJPA,120,1.0.1.RELEASE,1.0.2.RELEASE,spring-projects/spring-data-jpa,e5d94df855726e7c1fbd1256039c63e7807c2189,1
2978,Spring,DATAJPA,138,1.0.1.RELEASE,1.0.3.RELEASE,spring-projects/spring-data-jpa,e5d94df855726e7c1fbd1256039c63e7807c2189,2
2979,Spring,DATAJPA,141,1.0.2.RELEASE,1.1.0.RC1,spring-projects/spring-data-jpa,f8c7d3ffc705f0db27b381a80b66fe36f035a855,2
2980,Spring,DATAJPA,142,1.0.2.RELEASE,1.1.0.RC1,spring-projects/spring-data-jpa,f8c7d3ffc705f0db27b381a80b66fe36f035a855,5
2981,Spring,DATAJPA,137,1.0.2.RELEASE,1.1.0.RC1,spring-projects/spring-data-jpa,f8c7d3ffc705f0db27b381a80b66fe36f035a855,3
2982,Spring,DATAJPA,148,1.0.2.RELEASE,1.3.3.RELEASE,spring-projects/spring-data-jpa,f8c7d3ffc705f0db27b381a80b66fe36f035a855,2
2983,Spring,DATAJPA,169,1.1.0.RC1,1.1.0.RELEASE,spring-projects/spring-data-jpa,4e17ad321131124c97b602755c8ef2b8086c9bcf,3
2984,Spring,DATAJPA,189,1.0.3.RELEASE,1.1.0.RELEASE,spring-projects/spring-data-jpa,057b06162ec180b6a97479ac1809059ae3969ba7,2
2985,Spring,DATAJPA,186,1.1.0.RC1,1.0.3.RELEASE,spring-projects/spring-data-jpa,4e17ad321131124c97b602755c8ef2b8086c9bcf,1
2986,Spring,DATAJPA,201,1.1.0.RC1,1.1.0.RELEASE,spring-projects/spring-data-jpa,4e17ad321131124c97b602755c8ef2b8086c9bcf,3
2987,Spring,DATAJPA,232,1.1.0.RELEASE,1.1.1.RELEASE,spring-projects/spring-data-jpa,202ca09fd905f5c5102a8e51d8cb4b6e5f8a7bd2,4
2988,Spring,DATAJPA,268,1.1.0.RELEASE,1.2.1.RELEASE,spring-projects/spring-data-jpa,202ca09fd905f5c5102a8e51d8cb4b6e5f8a7bd2,1
2989,Spring,DATAJPA,885,1.10.1.RELEASE,1.10.2.RELEASE,spring-projects/spring-data-jpa,3308240f73f5792635d69f6e7c25b02e1891d3ee,6
2990,Spring,DATAJPA,909,1.10.1.RELEASE,1.10.2.RELEASE,spring-projects/spring-data-jpa,3308240f73f5792635d69f6e7c25b02e1891d3ee,2
2991,Spring,DATAJPA,913,1.10.1.RELEASE,1.10.2.RELEASE,spring-projects/spring-data-jpa,3308240f73f5792635d69f6e7c25b02e1891d3ee,6
2992,Spring,DATAJPA,938,1.10.1.RELEASE,1.10.3.RELEASE,spring-projects/spring-data-jpa,3308240f73f5792635d69f6e7c25b02e1891d3ee,2
2993,Spring,DATAJPA,905,1.10.1.RELEASE,1.10.2.RELEASE,spring-projects/spring-data-jpa,3308240f73f5792635d69f6e7c25b02e1891d3ee,3
2994,Spring,DATAJPA,937,1.10.2.RELEASE,1.11.0.M1,spring-projects/spring-data-jpa,7a8e366ef4dc55cd39e18fe2862164985c9c17b3,2
2995,Spring,DATAJPA,929,1.10.2.RELEASE,1.11.0.M1,spring-projects/spring-data-jpa,7a8e366ef4dc55cd39e18fe2862164985c9c17b3,8
2996,Spring,DATAJPA,951,1.10.2.RELEASE,1.10.3.RELEASE,spring-projects/spring-data-jpa,7a8e366ef4dc55cd39e18fe2862164985c9c17b3,2
2997,Spring,DATAJPA,956,1.10.2.RELEASE,1.10.3.RELEASE,spring-projects/spring-data-jpa,7a8e366ef4dc55cd39e18fe2862164985c9c17b3,2
2998,Spring,DATAJPA,974,1.10.3.RELEASE,1.11.0.RC1,spring-projects/spring-data-jpa,3ea69cb7c74757612fd1b410f71adc514c4720fb,3
2999,Spring,DATAJPA,984,1.10.4.RELEASE,1.10.5.RELEASE,spring-projects/spring-data-jpa,9a30f9702c2b6b4635be15a8ec797530e7438751,1
3000,Spring,DATAJPA,1000,1.10.4.RELEASE,1.11.0.RC1,spring-projects/spring-data-jpa,9a30f9702c2b6b4635be15a8ec797530e7438751,2
3001,Spring,DATAJPA,1024,1.10.5.RELEASE,1.10.6.RELEASE,spring-projects/spring-data-jpa,42d355099671a52c290763a6b929fd69f443b7e0,2
3002,Spring,DATAJPA,1023,1.10.5.RELEASE,1.11.0.RC1,spring-projects/spring-data-jpa,42d355099671a52c290763a6b929fd69f443b7e0,2
3003,Spring,DATAJPA,243,1.2.0.M1,1.2.0.RC1,spring-projects/spring-data-jpa,648a73dc2df6c5ba1f274d2ce5aca3b38b626e7e,2
3004,Spring,DATAJPA,277,1.1.2.RELEASE,1.2.1.RELEASE,spring-projects/spring-data-jpa,6ad094cc33baf9e31faeec73c550dbc82e5a06a9,3
3005,Spring,DATAJPA,287,1.1.2.RELEASE,1.11.3.RELEASE,spring-projects/spring-data-jpa,6ad094cc33baf9e31faeec73c550dbc82e5a06a9,1
3006,Spring,DATAJPA,266,1.1.2.RELEASE,1.2.1.RELEASE,spring-projects/spring-data-jpa,6ad094cc33baf9e31faeec73c550dbc82e5a06a9,6
3007,Spring,DATAJPA,280,1.1.2.RELEASE,1.11.3.RELEASE,spring-projects/spring-data-jpa,6ad094cc33baf9e31faeec73c550dbc82e5a06a9,1
3008,Spring,DATAJPA,269,1.1.2.RELEASE,1.4.0.RC1,spring-projects/spring-data-jpa,6ad094cc33baf9e31faeec73c550dbc82e5a06a9,1
3009,Spring,DATAJPA,296,1.11.3.RELEASE,1.4.0.M1,spring-projects/spring-data-jpa,ac6af891e00c400189e8c4831f8b18fc9ee73295,5
3010,Spring,DATAJPA,327,1.11.3.RELEASE,1.4.0.M1,spring-projects/spring-data-jpa,ac6af891e00c400189e8c4831f8b18fc9ee73295,5
3011,Spring,DATAJPA,342,1.11.3.RELEASE,1.4.0.M1,spring-projects/spring-data-jpa,ac6af891e00c400189e8c4831f8b18fc9ee73295,3
3012,Spring,DATAJPA,403,1.2.1.RELEASE,1.3.5.RELEASE,spring-projects/spring-data-jpa,e938b4d2e80423c724f2089715a62994025a4736,1
3013,Spring,DATAJPA,341,1.3.1.RELEASE,1.4.0.M1,spring-projects/spring-data-jpa,508836a495fa49e726d20d1a21a84e959263133e,2
3014,Spring,DATAJPA,353,1.3.1.RELEASE,1.4.0.RC1,spring-projects/spring-data-jpa,508836a495fa49e726d20d1a21a84e959263133e,2
3015,Spring,DATAJPA,350,1.3.2.RELEASE,1.4.0.M1,spring-projects/spring-data-jpa,716fc14a183200d4ee2d9e8ecaaddd00d8a6f3cc,3
3016,Spring,DATAJPA,359,1.3.2.RELEASE,1.3.3.RELEASE,spring-projects/spring-data-jpa,716fc14a183200d4ee2d9e8ecaaddd00d8a6f3cc,3
3017,Spring,DATAJPA,348,1.3.2.RELEASE,1.3.3.RELEASE,spring-projects/spring-data-jpa,716fc14a183200d4ee2d9e8ecaaddd00d8a6f3cc,2
3018,Spring,DATAJPA,363,1.3.2.RELEASE,1.3.3.RELEASE,spring-projects/spring-data-jpa,716fc14a183200d4ee2d9e8ecaaddd00d8a6f3cc,1
3019,Spring,DATAJPA,362,1.3.2.RELEASE,1.6.2.RELEASE,spring-projects/spring-data-jpa,716fc14a183200d4ee2d9e8ecaaddd00d8a6f3cc,1
3020,Spring,DATAJPA,373,1.3.3.RELEASE,1.3.4.RELEASE,spring-projects/spring-data-jpa,576dae6f81329daee8f55d98a23d12fd880b98cb,2
3021,Spring,DATAJPA,377,1.3.4.RELEASE,1.4.0.RC1,spring-projects/spring-data-jpa,3345660226e9afe00de8bccd6b5db65c190f0a5b,2
3022,Spring,DATAJPA,375,1.3.4.RELEASE,1.4.0.RELEASE,spring-projects/spring-data-jpa,3345660226e9afe00de8bccd6b5db65c190f0a5b,2
3023,Spring,DATAJPA,396,1.3.4.RELEASE,1.4.2.RELEASE,spring-projects/spring-data-jpa,3345660226e9afe00de8bccd6b5db65c190f0a5b,1
3024,Spring,DATAJPA,352,1.4.0.M1,1.4.0.RC1,spring-projects/spring-data-jpa,1a294caa8857004f76ca550f754e28d1c1f8aacd,2
3025,Spring,DATAJPA,346,1.4.0.M1,1.4.0.RC1,spring-projects/spring-data-jpa,1a294caa8857004f76ca550f754e28d1c1f8aacd,3
3026,Spring,DATAJPA,407,1.4.0.RC1,1.4.2.RELEASE,spring-projects/spring-data-jpa,5505f9cd6087aa3d727d5bfbc83186caa7c3d032,2
3027,Spring,DATAJPA,415,1.4.1.RELEASE,1.5.0.M1,spring-projects/spring-data-jpa,1b1549a68bdcc1a9ea3a5932c6b58d3d7817a6d3,7
3028,Spring,DATAJPA,405,1.4.1.RELEASE,1.5.0.M1,spring-projects/spring-data-jpa,1b1549a68bdcc1a9ea3a5932c6b58d3d7817a6d3,4
3029,Spring,DATAJPA,424,1.4.2.RELEASE,1.5.0.M1,spring-projects/spring-data-jpa,06a8980a373688ba2ef7389bd18a503e8a053de6,4
3030,Spring,DATAJPA,427,1.4.2.RELEASE,1.4.3.RELEASE,spring-projects/spring-data-jpa,06a8980a373688ba2ef7389bd18a503e8a053de6,5
3031,Spring,DATAJPA,430,1.4.2.RELEASE,1.4.3.RELEASE,spring-projects/spring-data-jpa,06a8980a373688ba2ef7389bd18a503e8a053de6,2
3032,Spring,DATAJPA,420,1.4.2.RELEASE,1.4.3.RELEASE,spring-projects/spring-data-jpa,06a8980a373688ba2ef7389bd18a503e8a053de6,2
3033,Spring,DATAJPA,444,1.4.3.RELEASE,1.5.0.RC1,spring-projects/spring-data-jpa,1962540c12342c286c627d4b0706a635564767e0,1
3034,Spring,DATAJPA,442,1.4.3.RELEASE,1.5.0.RC1,spring-projects/spring-data-jpa,1962540c12342c286c627d4b0706a635564767e0,3
3035,Spring,DATAJPA,454,1.4.3.RELEASE,1.4.4.RELEASE,spring-projects/spring-data-jpa,1962540c12342c286c627d4b0706a635564767e0,5
3036,Spring,DATAJPA,473,1.4.4.RELEASE,1.5.0.RELEASE,spring-projects/spring-data-jpa,6ae7ba153ed239345de4f12ea45c24afa9958a70,2
3037,Spring,DATAJPA,483,1.5.0.RELEASE,1.5.1.RELEASE,spring-projects/spring-data-jpa,bbb5cae6cd845519669b7e59841daeff2297a762,2
3038,Spring,DATAJPA,492,1.5.0.RELEASE,1.4.5.RELEASE,spring-projects/spring-data-jpa,bbb5cae6cd845519669b7e59841daeff2297a762,1
3039,Spring,DATAJPA,496,1.5.0.RELEASE,1.5.1.RELEASE,spring-projects/spring-data-jpa,bbb5cae6cd845519669b7e59841daeff2297a762,5
3040,Spring,DATAJPA,476,1.5.0.RELEASE,1.4.5.RELEASE,spring-projects/spring-data-jpa,bbb5cae6cd845519669b7e59841daeff2297a762,2
3041,Spring,DATAJPA,500,1.5.1.RELEASE,1.6.0.M1,spring-projects/spring-data-jpa,b8ce5c5dc321b08dc45f11dfc1c4e12e97f22617,1
3042,Spring,DATAJPA,504,1.5.1.RELEASE,1.6.0.M1,spring-projects/spring-data-jpa,b8ce5c5dc321b08dc45f11dfc1c4e12e97f22617,1
3043,Spring,DATAJPA,505,1.5.1.RELEASE,1.6.0.M1,spring-projects/spring-data-jpa,b8ce5c5dc321b08dc45f11dfc1c4e12e97f22617,3
3044,Spring,DATAJPA,509,1.5.1.RELEASE,1.5.2.RELEASE,spring-projects/spring-data-jpa,b8ce5c5dc321b08dc45f11dfc1c4e12e97f22617,6
3045,Spring,DATAJPA,513,1.5.1.RELEASE,1.5.2.RELEASE,spring-projects/spring-data-jpa,b8ce5c5dc321b08dc45f11dfc1c4e12e97f22617,2
3046,Spring,DATAJPA,499,1.5.1.RELEASE,1.6.0.RC1,spring-projects/spring-data-jpa,b8ce5c5dc321b08dc45f11dfc1c4e12e97f22617,1
3047,Spring,DATAJPA,510,1.5.1.RELEASE,1.5.3.RELEASE,spring-projects/spring-data-jpa,b8ce5c5dc321b08dc45f11dfc1c4e12e97f22617,2
3048,Spring,DATAJPA,545,1.5.2.RELEASE,1.5.3.RELEASE,spring-projects/spring-data-jpa,f52c47d668e36508f39d7b59e5f136f114d4cf64,2
3049,Spring,DATAJPA,519,1.5.2.RELEASE,1.6.1.RELEASE,spring-projects/spring-data-jpa,f52c47d668e36508f39d7b59e5f136f114d4cf64,2
3050,Spring,DATAJPA,523,1.5.2.RELEASE,1.8.0.M1,spring-projects/spring-data-jpa,f52c47d668e36508f39d7b59e5f136f114d4cf64,3
3051,Spring,DATAJPA,517,1.6.0.M1,1.6.0.RC1,spring-projects/spring-data-jpa,6cc0f9f8354a9776bb011405d6f4aa48d41e3b6a,1
3052,Spring,DATAJPA,561,1.6.0.RELEASE,1.6.1.RELEASE,spring-projects/spring-data-jpa,4bb061eb7904d654b2426a465d00759cd3688132,2
3053,Spring,DATAJPA,611,1.6.0.RELEASE,1.8.0.M1,spring-projects/spring-data-jpa,4bb061eb7904d654b2426a465d00759cd3688132,2
3054,Spring,DATAJPA,568,1.6.1.RELEASE,1.7.0.M1,spring-projects/spring-data-jpa,d2f73196f8ad41467c0eb74fc39648efb84f45fd,3
3055,Spring,DATAJPA,567,1.6.1.RELEASE,1.7.0.M1,spring-projects/spring-data-jpa,d2f73196f8ad41467c0eb74fc39648efb84f45fd,3
3056,Spring,DATAJPA,585,1.6.1.RELEASE,1.9.1.RELEASE,spring-projects/spring-data-jpa,d2f73196f8ad41467c0eb74fc39648efb84f45fd,2
3057,Spring,DATAJPA,608,1.6.4.RELEASE,1.8.0.M1,spring-projects/spring-data-jpa,5b877ec1ea7923385c55b4514687552dbc70b62a,2
3058,Spring,DATAJPA,617,1.6.4.RELEASE,1.7.1.RELEASE,spring-projects/spring-data-jpa,5b877ec1ea7923385c55b4514687552dbc70b62a,4
3059,Spring,DATAJPA,605,1.6.4.RELEASE,1.8.0.M1,spring-projects/spring-data-jpa,5b877ec1ea7923385c55b4514687552dbc70b62a,2
3060,Spring,DATAJPA,627,1.6.4.RELEASE,1.8.0.M1,spring-projects/spring-data-jpa,5b877ec1ea7923385c55b4514687552dbc70b62a,1
3061,Spring,DATAJPA,652,1.6.4.RELEASE,1.8.0.RC1,spring-projects/spring-data-jpa,5b877ec1ea7923385c55b4514687552dbc70b62a,3
3062,Spring,DATAJPA,681,1.6.5.RELEASE,1.8.0.RC1,spring-projects/spring-data-jpa,425ccc4ba6f0300bc546efe06e0aaf833eb85675,3
3063,Spring,DATAJPA,593,1.7.0.RC1,1.7.0.RELEASE,spring-projects/spring-data-jpa,5c3186f0b034f216476e01bef98e87a80e303a8d,2
3064,Spring,DATAJPA,620,1.7.0.RELEASE,1.7.1.RELEASE,spring-projects/spring-data-jpa,11f2866510d873a8cb6483720c76dfe3f5e11cc0,1
3065,Spring,DATAJPA,656,1.7.0.RELEASE,1.8.0.RC1,spring-projects/spring-data-jpa,11f2866510d873a8cb6483720c76dfe3f5e11cc0,2
3066,Spring,DATAJPA,629,1.7.1.RELEASE,1.8.0.M1,spring-projects/spring-data-jpa,6f66632718dad8d0304c32aeec4130343f60869b,3
3067,Spring,DATAJPA,712,1.7.2.RELEASE,1.9.0.M1,spring-projects/spring-data-jpa,13e87574f919f6eb82625a1cd60e80e30b456680,2
3068,Spring,DATAJPA,798,1.7.3.RELEASE,1.9.1.RELEASE,spring-projects/spring-data-jpa,0e3517cf618c578fff4d0ae1ed3da4962441a7b3,2
3069,Spring,DATAJPA,736,1.8.0.RELEASE,1.8.1.RELEASE,spring-projects/spring-data-jpa,dde7b03d4cc87e63add3e964f75b86fb380e1e6d,2
3070,Spring,DATAJPA,759,1.8.1.RELEASE,1.8.2.RELEASE,spring-projects/spring-data-jpa,2a5e229a6fc389061fe202ff4be5d585f170cdb3,1
3071,Spring,DATAJPA,758,1.8.1.RELEASE,1.8.2.RELEASE,spring-projects/spring-data-jpa,2a5e229a6fc389061fe202ff4be5d585f170cdb3,4
3072,Spring,DATAJPA,763,1.8.1.RELEASE,1.8.2.RELEASE,spring-projects/spring-data-jpa,2a5e229a6fc389061fe202ff4be5d585f170cdb3,3
3073,Spring,DATAJPA,805,1.8.2.RELEASE,1.9.1.RELEASE,spring-projects/spring-data-jpa,2e0b6b192d2a844f1633ac8892928911690a87d1,1
3074,Spring,DATAJPA,742,1.8.2.RELEASE,1.9.1.RELEASE,spring-projects/spring-data-jpa,2e0b6b192d2a844f1633ac8892928911690a87d1,1
3075,Spring,DATAJPA,815,1.8.2.RELEASE,1.9.1.RELEASE,spring-projects/spring-data-jpa,2e0b6b192d2a844f1633ac8892928911690a87d1,2
3076,Spring,DATAJPA,820,1.9.0.RELEASE,1.9.1.RELEASE,spring-projects/spring-data-jpa,8e6880c9915e584941533cb4899cfca3f42fe4ec,7
3077,Spring,DATAJPA,830,1.8.2.RELEASE,1.9.2.RELEASE,spring-projects/spring-data-jpa,2e0b6b192d2a844f1633ac8892928911690a87d1,4
3078,Spring,DATAJPA,813,1.9.0.RELEASE,1.10.0.RC1,spring-projects/spring-data-jpa,8e6880c9915e584941533cb4899cfca3f42fe4ec,3
3079,Spring,DATAJPA,790,1.9.0.RELEASE,1.10.5.RELEASE,spring-projects/spring-data-jpa,8e6880c9915e584941533cb4899cfca3f42fe4ec,3
3080,Spring,DATAJPA,848,1.9.2.RELEASE,1.10.0.M1,spring-projects/spring-data-jpa,9609b722314eb12c635996689a3e52b10ba8366d,3
3081,Spring,DATAJPA,858,1.9.2.RELEASE,1.10.0.M1,spring-projects/spring-data-jpa,9609b722314eb12c635996689a3e52b10ba8366d,2
3082,Spring,DATAJPA,920,1.9.2.RELEASE,1.11.0.RC1,spring-projects/spring-data-jpa,9609b722314eb12c635996689a3e52b10ba8366d,12
3083,Spring,DATAJPA,903,1.9.4.RELEASE,1.10.2.RELEASE,spring-projects/spring-data-jpa,8bb2aebe37ed642109112cb7125497569da5ec0d,1
3084,Spring,DATAJPA,904,1.9.4.RELEASE,1.10.2.RELEASE,spring-projects/spring-data-jpa,8bb2aebe37ed642109112cb7125497569da5ec0d,2
3085,Spring,DATAJPA,960,1.9.4.RELEASE,1.9.5.RELEASE,spring-projects/spring-data-jpa,8bb2aebe37ed642109112cb7125497569da5ec0d,2
3086,Spring,DATAJPA,965,1.9.4.RELEASE,1.9.5.RELEASE,spring-projects/spring-data-jpa,8bb2aebe37ed642109112cb7125497569da5ec0d,4
3087,Spring,DATAJPA,970,1.9.5.RELEASE,1.9.6.RELEASE,spring-projects/spring-data-jpa,8b2321321c125f8e26d436e1e7cd3c248e536744,2
3088,Spring,DATAMONGO,369,1.0.0.RELEASE,1.0.1.RELEASE,spring-projects/spring-data-mongodb,9cd33763b6789313765dc7bd7c03ff1ed27e5a7a,2
3089,Spring,DATAMONGO,376,1.0.0.RELEASE,1.0.1.RELEASE,spring-projects/spring-data-mongodb,9cd33763b6789313765dc7bd7c03ff1ed27e5a7a,2
3090,Spring,DATAMONGO,368,1.0.0.RELEASE,1.0.1.RELEASE,spring-projects/spring-data-mongodb,9cd33763b6789313765dc7bd7c03ff1ed27e5a7a,2
3091,Spring,DATAMONGO,387,1.0.0.RELEASE,1.0.1.RELEASE,spring-projects/spring-data-mongodb,9cd33763b6789313765dc7bd7c03ff1ed27e5a7a,5
3092,Spring,DATAMONGO,358,1.0.0.RELEASE,1.0.1.RELEASE,spring-projects/spring-data-mongodb,9cd33763b6789313765dc7bd7c03ff1ed27e5a7a,2
3093,Spring,DATAMONGO,385,1.1.0.RC1,1.0.0.RELEASE,spring-projects/spring-data-mongodb,22d5d4c01946f92e83408b94ae187e513241d331,1
3094,Spring,DATAMONGO,401,1.0.0.RELEASE,1.0.1.RELEASE,spring-projects/spring-data-mongodb,9cd33763b6789313765dc7bd7c03ff1ed27e5a7a,2
3095,Spring,DATAMONGO,382,1.0.0.RELEASE,1.0.2.RELEASE,spring-projects/spring-data-mongodb,9cd33763b6789313765dc7bd7c03ff1ed27e5a7a,2
3096,Spring,DATAMONGO,378,1.1.0.RC1,1.0.2.RELEASE,spring-projects/spring-data-mongodb,22d5d4c01946f92e83408b94ae187e513241d331,2
3097,Spring,DATAMONGO,380,1.0.0.RELEASE,1.0.1.RELEASE,spring-projects/spring-data-mongodb,9cd33763b6789313765dc7bd7c03ff1ed27e5a7a,2
3098,Spring,DATAMONGO,392,1.1.0.RC1,1.3.0.RC1,spring-projects/spring-data-mongodb,22d5d4c01946f92e83408b94ae187e513241d331,3
3099,Spring,DATAMONGO,354,1.1.0.RC1,1.4.0.RELEASE,spring-projects/spring-data-mongodb,22d5d4c01946f92e83408b94ae187e513241d331,3
3100,Spring,DATAMONGO,411,1.0.1.RELEASE,1.0.2.RELEASE,spring-projects/spring-data-mongodb,edd71cac7880d6c995bf2db92c575f9f930f0475,1
3101,Spring,DATAMONGO,360,1.0.1.RELEASE,1.0.2.RELEASE,spring-projects/spring-data-mongodb,edd71cac7880d6c995bf2db92c575f9f930f0475,5
3102,Spring,DATAMONGO,412,1.0.1.RELEASE,1.0.2.RELEASE,spring-projects/spring-data-mongodb,edd71cac7880d6c995bf2db92c575f9f930f0475,2
3103,Spring,DATAMONGO,402,1.0.1.RELEASE,1.1.0.M1,spring-projects/spring-data-mongodb,edd71cac7880d6c995bf2db92c575f9f930f0475,2
3104,Spring,DATAMONGO,413,1.0.1.RELEASE,1.0.2.RELEASE,spring-projects/spring-data-mongodb,edd71cac7880d6c995bf2db92c575f9f930f0475,3
3105,Spring,DATAMONGO,422,1.0.1.RELEASE,1.0.2.RELEASE,spring-projects/spring-data-mongodb,edd71cac7880d6c995bf2db92c575f9f930f0475,5
3106,Spring,DATAMONGO,425,1.0.1.RELEASE,1.0.2.RELEASE,spring-projects/spring-data-mongodb,edd71cac7880d6c995bf2db92c575f9f930f0475,5
3107,Spring,DATAMONGO,423,1.0.1.RELEASE,1.0.2.RELEASE,spring-projects/spring-data-mongodb,edd71cac7880d6c995bf2db92c575f9f930f0475,3
3108,Spring,DATAMONGO,450,1.0.1.RELEASE,1.0.2.RELEASE,spring-projects/spring-data-mongodb,edd71cac7880d6c995bf2db92c575f9f930f0475,1
3109,Spring,DATAMONGO,447,1.0.1.RELEASE,1.0.2.RELEASE,spring-projects/spring-data-mongodb,edd71cac7880d6c995bf2db92c575f9f930f0475,6
3110,Spring,DATAMONGO,428,1.0.1.RELEASE,1.0.2.RELEASE,spring-projects/spring-data-mongodb,edd71cac7880d6c995bf2db92c575f9f930f0475,1
3111,Spring,DATAMONGO,424,1.0.1.RELEASE,1.1.0.M2,spring-projects/spring-data-mongodb,edd71cac7880d6c995bf2db92c575f9f930f0475,2
3112,Spring,DATAMONGO,462,1.0.1.RELEASE,1.0.2.RELEASE,spring-projects/spring-data-mongodb,edd71cac7880d6c995bf2db92c575f9f930f0475,4
3113,Spring,DATAMONGO,445,1.0.1.RELEASE,1.3.0.RELEASE,spring-projects/spring-data-mongodb,edd71cac7880d6c995bf2db92c575f9f930f0475,6
3114,Spring,DATAMONGO,420,1.0.1.RELEASE,1.5.2.RELEASE,spring-projects/spring-data-mongodb,edd71cac7880d6c995bf2db92c575f9f930f0475,2
3115,Spring,DATAMONGO,475,1.0.2.RELEASE,1.0.3.RELEASE,spring-projects/spring-data-mongodb,80ee7d95530e61b6f869affc420a40f2a4582d45,1
3116,Spring,DATAMONGO,483,1.0.2.RELEASE,1.0.3.RELEASE,spring-projects/spring-data-mongodb,80ee7d95530e61b6f869affc420a40f2a4582d45,2
3117,Spring,DATAMONGO,480,1.0.2.RELEASE,1.0.3.RELEASE,spring-projects/spring-data-mongodb,80ee7d95530e61b6f869affc420a40f2a4582d45,2
3118,Spring,DATAMONGO,489,1.0.2.RELEASE,1.0.3.RELEASE,spring-projects/spring-data-mongodb,80ee7d95530e61b6f869affc420a40f2a4582d45,2
3119,Spring,DATAMONGO,474,1.0.2.RELEASE,1.0.3.RELEASE,spring-projects/spring-data-mongodb,80ee7d95530e61b6f869affc420a40f2a4582d45,2
3120,Spring,DATAMONGO,481,1.0.2.RELEASE,1.0.3.RELEASE,spring-projects/spring-data-mongodb,80ee7d95530e61b6f869affc420a40f2a4582d45,2
3121,Spring,DATAMONGO,472,1.0.2.RELEASE,1.1.0.RC1,spring-projects/spring-data-mongodb,80ee7d95530e61b6f869affc420a40f2a4582d45,3
3122,Spring,DATAMONGO,469,1.0.2.RELEASE,1.0.3.RELEASE,spring-projects/spring-data-mongodb,80ee7d95530e61b6f869affc420a40f2a4582d45,2
3123,Spring,DATAMONGO,495,1.0.3.RELEASE,1.0.4.RELEASE,spring-projects/spring-data-mongodb,9375e7b9818c06f38429c5f9c0cd18d0d430551b,1
3124,Spring,DATAMONGO,521,1.0.3.RELEASE,1.1.0.RELEASE,spring-projects/spring-data-mongodb,9375e7b9818c06f38429c5f9c0cd18d0d430551b,3
3125,Spring,DATAMONGO,539,1.0.3.RELEASE,1.1.0.RELEASE,spring-projects/spring-data-mongodb,9375e7b9818c06f38429c5f9c0cd18d0d430551b,2
3126,Spring,DATAMONGO,540,1.0.3.RELEASE,1.2.2.RELEASE,spring-projects/spring-data-mongodb,9375e7b9818c06f38429c5f9c0cd18d0d430551b,1
3127,Spring,DATAMONGO,458,1.1.0.M1,1.1.0.M2,spring-projects/spring-data-mongodb,4be229312c49e2f02c04b6412c968d952e8643ce,2
3128,Spring,DATAMONGO,497,1.1.0.M2,1.1.0.RC1,spring-projects/spring-data-mongodb,91b818b8c1ece2f481bf4a1390832db1333e4483,2
3129,Spring,DATAMONGO,508,1.1.0.M2,1.1.0.RC1,spring-projects/spring-data-mongodb,91b818b8c1ece2f481bf4a1390832db1333e4483,2
3130,Spring,DATAMONGO,505,1.1.0.M2,1.1.0.RC1,spring-projects/spring-data-mongodb,91b818b8c1ece2f481bf4a1390832db1333e4483,2
3131,Spring,DATAMONGO,517,1.1.0.M2,1.1.0.RC1,spring-projects/spring-data-mongodb,91b818b8c1ece2f481bf4a1390832db1333e4483,2
3132,Spring,DATAMONGO,523,1.0.4.RELEASE,1.1.0.RELEASE,spring-projects/spring-data-mongodb,beeed68873c50c3dca4fb40723ec6904de450c44,1
3133,Spring,DATAMONGO,527,1.0.4.RELEASE,1.1.0.RELEASE,spring-projects/spring-data-mongodb,beeed68873c50c3dca4fb40723ec6904de450c44,2
3134,Spring,DATAMONGO,532,1.0.4.RELEASE,1.1.0.RELEASE,spring-projects/spring-data-mongodb,beeed68873c50c3dca4fb40723ec6904de450c44,1
3135,Spring,DATAMONGO,530,1.1.0.RC1,1.1.0.RELEASE,spring-projects/spring-data-mongodb,22d5d4c01946f92e83408b94ae187e513241d331,2
3136,Spring,DATAMONGO,535,1.0.4.RELEASE,1.1.0.RELEASE,spring-projects/spring-data-mongodb,beeed68873c50c3dca4fb40723ec6904de450c44,2
3137,Spring,DATAMONGO,549,1.1.0.RELEASE,1.1.1.RELEASE,spring-projects/spring-data-mongodb,3001e2941f7de4ece98d0a81308b1aa3cf506d04,2
3138,Spring,DATAMONGO,550,1.1.0.RELEASE,1.1.1.RELEASE,spring-projects/spring-data-mongodb,3001e2941f7de4ece98d0a81308b1aa3cf506d04,2
3139,Spring,DATAMONGO,551,1.1.0.RELEASE,1.1.1.RELEASE,spring-projects/spring-data-mongodb,3001e2941f7de4ece98d0a81308b1aa3cf506d04,2
3140,Spring,DATAMONGO,553,1.1.0.RELEASE,1.1.1.RELEASE,spring-projects/spring-data-mongodb,3001e2941f7de4ece98d0a81308b1aa3cf506d04,6
3141,Spring,DATAMONGO,570,1.1.0.RELEASE,1.1.2.RELEASE,spring-projects/spring-data-mongodb,3001e2941f7de4ece98d0a81308b1aa3cf506d04,2
3142,Spring,DATAMONGO,585,1.1.0.RELEASE,1.1.2.RELEASE,spring-projects/spring-data-mongodb,3001e2941f7de4ece98d0a81308b1aa3cf506d04,1
3143,Spring,DATAMONGO,534,1.1.0.RC1,1.4.0.M1,spring-projects/spring-data-mongodb,22d5d4c01946f92e83408b94ae187e513241d331,2
3144,Spring,DATAMONGO,562,1.1.1.RELEASE,1.1.2.RELEASE,spring-projects/spring-data-mongodb,6323a86560dea0334c6f9b71c9905ab9d4ed67b9,2
3145,Spring,DATAMONGO,588,1.1.1.RELEASE,1.1.2.RELEASE,spring-projects/spring-data-mongodb,6323a86560dea0334c6f9b71c9905ab9d4ed67b9,2
3146,Spring,DATAMONGO,583,1.1.1.RELEASE,1.1.2.RELEASE,spring-projects/spring-data-mongodb,6323a86560dea0334c6f9b71c9905ab9d4ed67b9,1
3147,Spring,DATAMONGO,592,1.1.1.RELEASE,1.1.2.RELEASE,spring-projects/spring-data-mongodb,6323a86560dea0334c6f9b71c9905ab9d4ed67b9,2
3148,Spring,DATAMONGO,601,1.1.1.RELEASE,1.1.2.RELEASE,spring-projects/spring-data-mongodb,6323a86560dea0334c6f9b71c9905ab9d4ed67b9,1
3149,Spring,DATAMONGO,603,1.1.1.RELEASE,1.1.2.RELEASE,spring-projects/spring-data-mongodb,6323a86560dea0334c6f9b71c9905ab9d4ed67b9,6
3150,Spring,DATAMONGO,568,1.1.1.RELEASE,1.1.2.RELEASE,spring-projects/spring-data-mongodb,6323a86560dea0334c6f9b71c9905ab9d4ed67b9,2
3151,Spring,DATAMONGO,629,1.1.1.RELEASE,1.2.1.RELEASE,spring-projects/spring-data-mongodb,6323a86560dea0334c6f9b71c9905ab9d4ed67b9,4
3152,Spring,DATAMONGO,642,1.1.1.RELEASE,1.2.1.RELEASE,spring-projects/spring-data-mongodb,6323a86560dea0334c6f9b71c9905ab9d4ed67b9,2
3153,Spring,DATAMONGO,594,1.1.1.RELEASE,1.2.1.RELEASE,spring-projects/spring-data-mongodb,6323a86560dea0334c6f9b71c9905ab9d4ed67b9,2
3154,Spring,DATAMONGO,571,1.1.1.RELEASE,1.2.1.RELEASE,spring-projects/spring-data-mongodb,6323a86560dea0334c6f9b71c9905ab9d4ed67b9,2
3155,Spring,DATAMONGO,602,1.1.1.RELEASE,1.3.0.RELEASE,spring-projects/spring-data-mongodb,6323a86560dea0334c6f9b71c9905ab9d4ed67b9,1
3156,Spring,DATAMONGO,746,1.1.1.RELEASE,1.3.2.RELEASE,spring-projects/spring-data-mongodb,6323a86560dea0334c6f9b71c9905ab9d4ed67b9,2
3157,Spring,DATAMONGO,647,1.1.1.RELEASE,1.4.3.RELEASE,spring-projects/spring-data-mongodb,6323a86560dea0334c6f9b71c9905ab9d4ed67b9,1
3158,Spring,DATAMONGO,622,1.1.2.RELEASE,1.2.1.RELEASE,spring-projects/spring-data-mongodb,43d9f2f94811283986b4e8ad92094e391cede4e9,2
3159,Spring,DATAMONGO,621,1.1.2.RELEASE,1.2.1.RELEASE,spring-projects/spring-data-mongodb,43d9f2f94811283986b4e8ad92094e391cede4e9,2
3160,Spring,DATAMONGO,620,1.1.2.RELEASE,1.2.1.RELEASE,spring-projects/spring-data-mongodb,43d9f2f94811283986b4e8ad92094e391cede4e9,3
3161,Spring,DATAMONGO,617,1.1.2.RELEASE,1.2.1.RELEASE,spring-projects/spring-data-mongodb,43d9f2f94811283986b4e8ad92094e391cede4e9,2
3162,Spring,DATAMONGO,646,1.1.2.RELEASE,1.2.1.RELEASE,spring-projects/spring-data-mongodb,43d9f2f94811283986b4e8ad92094e391cede4e9,2
3163,Spring,DATAMONGO,633,1.2.1.RELEASE,1.3.0.M1,spring-projects/spring-data-mongodb,928b5a77422fc7347f8bf3511f37de51b93ec3de,1
3164,Spring,DATAMONGO,663,1.2.1.RELEASE,1.3.0.M1,spring-projects/spring-data-mongodb,928b5a77422fc7347f8bf3511f37de51b93ec3de,1
3165,Spring,DATAMONGO,669,1.2.1.RELEASE,1.3.0.M1,spring-projects/spring-data-mongodb,928b5a77422fc7347f8bf3511f37de51b93ec3de,1
3166,Spring,DATAMONGO,679,1.2.1.RELEASE,1.3.0.M1,spring-projects/spring-data-mongodb,928b5a77422fc7347f8bf3511f37de51b93ec3de,2
3167,Spring,DATAMONGO,683,1.2.1.RELEASE,1.3.0.M1,spring-projects/spring-data-mongodb,928b5a77422fc7347f8bf3511f37de51b93ec3de,2
3168,Spring,DATAMONGO,676,1.2.1.RELEASE,1.3.0.M1,spring-projects/spring-data-mongodb,928b5a77422fc7347f8bf3511f37de51b93ec3de,3
3169,Spring,DATAMONGO,706,1.2.1.RELEASE,1.2.2.RELEASE,spring-projects/spring-data-mongodb,928b5a77422fc7347f8bf3511f37de51b93ec3de,2
3170,Spring,DATAMONGO,688,1.2.1.RELEASE,1.3.0.RC1,spring-projects/spring-data-mongodb,928b5a77422fc7347f8bf3511f37de51b93ec3de,4
3171,Spring,DATAMONGO,702,1.2.1.RELEASE,1.3.0.RC1,spring-projects/spring-data-mongodb,928b5a77422fc7347f8bf3511f37de51b93ec3de,2
3172,Spring,DATAMONGO,717,1.2.1.RELEASE,1.2.2.RELEASE,spring-projects/spring-data-mongodb,928b5a77422fc7347f8bf3511f37de51b93ec3de,1
3173,Spring,DATAMONGO,721,1.2.1.RELEASE,1.3.0.RC1,spring-projects/spring-data-mongodb,928b5a77422fc7347f8bf3511f37de51b93ec3de,1
3174,Spring,DATAMONGO,737,1.2.1.RELEASE,1.3.0.RELEASE,spring-projects/spring-data-mongodb,928b5a77422fc7347f8bf3511f37de51b93ec3de,2
3175,Spring,DATAMONGO,686,1.2.1.RELEASE,1.4.0.RC1,spring-projects/spring-data-mongodb,928b5a77422fc7347f8bf3511f37de51b93ec3de,3
3176,Spring,DATAMONGO,675,1.2.1.RELEASE,1.2.2.RELEASE,spring-projects/spring-data-mongodb,928b5a77422fc7347f8bf3511f37de51b93ec3de,3
3177,Spring,DATAMONGO,752,1.2.3.RELEASE,1.3.2.RELEASE,spring-projects/spring-data-mongodb,11d9f04fd11aae87c7d1fc179ad1fc91c22b1bb7,2
3178,Spring,DATAMONGO,745,1.2.3.RELEASE,1.4.3.RELEASE,spring-projects/spring-data-mongodb,11d9f04fd11aae87c7d1fc179ad1fc91c22b1bb7,3
3179,Spring,DATAMONGO,741,1.3.0.RC1,1.3.0.RELEASE,spring-projects/spring-data-mongodb,9dd866e34ad596a4fae37dad4faf7381c46bc836,6
3180,Spring,DATAMONGO,829,1.2.4.RELEASE,1.3.5.RELEASE,spring-projects/spring-data-mongodb,0edf6c06ed97ab7349b21b7d55518372216c5e5b,2
3181,Spring,DATAMONGO,753,1.3.1.RELEASE,1.3.2.RELEASE,spring-projects/spring-data-mongodb,b17ec4700397db530f07426c9982294a78add25b,8
3182,Spring,DATAMONGO,761,1.3.1.RELEASE,1.3.2.RELEASE,spring-projects/spring-data-mongodb,b17ec4700397db530f07426c9982294a78add25b,2
3183,Spring,DATAMONGO,789,1.3.1.RELEASE,1.4.0.M1,spring-projects/spring-data-mongodb,b17ec4700397db530f07426c9982294a78add25b,10
3184,Spring,DATAMONGO,788,1.3.2.RELEASE,1.4.0.M1,spring-projects/spring-data-mongodb,c2aacc03ff415baacc808b64c9426bd3f3c83e1a,7
3185,Spring,DATAMONGO,806,1.3.2.RELEASE,1.3.3.RELEASE,spring-projects/spring-data-mongodb,c2aacc03ff415baacc808b64c9426bd3f3c83e1a,5
3186,Spring,DATAMONGO,805,1.3.2.RELEASE,1.4.0.RC1,spring-projects/spring-data-mongodb,c2aacc03ff415baacc808b64c9426bd3f3c83e1a,3
3187,Spring,DATAMONGO,807,1.3.2.RELEASE,1.4.0.RC1,spring-projects/spring-data-mongodb,c2aacc03ff415baacc808b64c9426bd3f3c83e1a,3
3188,Spring,DATAMONGO,816,1.3.3.RELEASE,1.4.0.RC1,spring-projects/spring-data-mongodb,f79636240c0668f54a21f9853267e677f5e131ce,2
3189,Spring,DATAMONGO,830,1.3.3.RELEASE,1.3.4.RELEASE,spring-projects/spring-data-mongodb,f79636240c0668f54a21f9853267e677f5e131ce,1
3190,Spring,DATAMONGO,833,1.3.3.RELEASE,1.4.1.RELEASE,spring-projects/spring-data-mongodb,f79636240c0668f54a21f9853267e677f5e131ce,2
3191,Spring,DATAMONGO,821,1.3.3.RELEASE,1.4.1.RELEASE,spring-projects/spring-data-mongodb,f79636240c0668f54a21f9853267e677f5e131ce,5
3192,Spring,DATAMONGO,862,1.3.4.RELEASE,1.4.1.RELEASE,spring-projects/spring-data-mongodb,61e87be30699f5743f33af8057ea6f28e1a76437,3
3193,Spring,DATAMONGO,868,1.3.4.RELEASE,1.4.1.RELEASE,spring-projects/spring-data-mongodb,61e87be30699f5743f33af8057ea6f28e1a76437,2
3194,Spring,DATAMONGO,877,1.3.4.RELEASE,1.3.5.RELEASE,spring-projects/spring-data-mongodb,61e87be30699f5743f33af8057ea6f28e1a76437,1
3195,Spring,DATAMONGO,804,1.4.0.M1,1.3.3.RELEASE,spring-projects/spring-data-mongodb,2b5e2361a80ada89e4e379613f66b6b376ec43c1,1
3196,Spring,DATAMONGO,828,1.4.0.M1,1.3.4.RELEASE,spring-projects/spring-data-mongodb,2b5e2361a80ada89e4e379613f66b6b376ec43c1,2
3197,Spring,DATAMONGO,852,1.4.0.RC1,1.4.0.RELEASE,spring-projects/spring-data-mongodb,f9e20d12b280d9496bec3677eb842baa8ec3cb76,4
3198,Spring,DATAMONGO,863,1.4.0.RELEASE,1.4.1.RELEASE,spring-projects/spring-data-mongodb,294616432d87773530c1a3692c58fcfc7b5b88e7,3
3199,Spring,DATAMONGO,843,1.4.0.RC1,1.4.1.RELEASE,spring-projects/spring-data-mongodb,f9e20d12b280d9496bec3677eb842baa8ec3cb76,15
3200,Spring,DATAMONGO,970,1.4.0.RC1,1.5.1.RELEASE,spring-projects/spring-data-mongodb,f9e20d12b280d9496bec3677eb842baa8ec3cb76,2
3201,Spring,DATAMONGO,880,1.4.1.RELEASE,1.5.0.M1,spring-projects/spring-data-mongodb,f02ac5ea44d68010777c9a1c95ee26feb2d99acc,6
3202,Spring,DATAMONGO,887,1.4.1.RELEASE,1.5.0.M1,spring-projects/spring-data-mongodb,f02ac5ea44d68010777c9a1c95ee26feb2d99acc,1
3203,Spring,DATAMONGO,884,1.4.1.RELEASE,1.5.0.M1,spring-projects/spring-data-mongodb,f02ac5ea44d68010777c9a1c95ee26feb2d99acc,3
3204,Spring,DATAMONGO,888,1.4.1.RELEASE,1.4.2.RELEASE,spring-projects/spring-data-mongodb,f02ac5ea44d68010777c9a1c95ee26feb2d99acc,3
3205,Spring,DATAMONGO,908,1.4.1.RELEASE,1.4.2.RELEASE,spring-projects/spring-data-mongodb,f02ac5ea44d68010777c9a1c95ee26feb2d99acc,2
3206,Spring,DATAMONGO,897,1.4.1.RELEASE,1.4.2.RELEASE,spring-projects/spring-data-mongodb,f02ac5ea44d68010777c9a1c95ee26feb2d99acc,2
3207,Spring,DATAMONGO,892,1.4.1.RELEASE,1.4.2.RELEASE,spring-projects/spring-data-mongodb,f02ac5ea44d68010777c9a1c95ee26feb2d99acc,2
3208,Spring,DATAMONGO,893,1.4.1.RELEASE,1.4.2.RELEASE,spring-projects/spring-data-mongodb,f02ac5ea44d68010777c9a1c95ee26feb2d99acc,6
3209,Spring,DATAMONGO,912,1.4.1.RELEASE,1.5.0.RC1,spring-projects/spring-data-mongodb,f02ac5ea44d68010777c9a1c95ee26feb2d99acc,3
3210,Spring,DATAMONGO,914,1.4.2.RELEASE,1.5.0.RC1,spring-projects/spring-data-mongodb,b1068687bb71bd0caa018e3631f28902f91a5823,1
3211,Spring,DATAMONGO,913,1.4.2.RELEASE,1.5.0.RC1,spring-projects/spring-data-mongodb,b1068687bb71bd0caa018e3631f28902f91a5823,2
3212,Spring,DATAMONGO,917,1.4.2.RELEASE,1.5.0.RC1,spring-projects/spring-data-mongodb,b1068687bb71bd0caa018e3631f28902f91a5823,1
3213,Spring,DATAMONGO,924,1.4.2.RELEASE,1.5.0.RC1,spring-projects/spring-data-mongodb,b1068687bb71bd0caa018e3631f28902f91a5823,4
3214,Spring,DATAMONGO,948,1.4.2.RELEASE,1.4.3.RELEASE,spring-projects/spring-data-mongodb,b1068687bb71bd0caa018e3631f28902f91a5823,2
3215,Spring,DATAMONGO,952,1.4.2.RELEASE,1.4.3.RELEASE,spring-projects/spring-data-mongodb,b1068687bb71bd0caa018e3631f28902f91a5823,1
3216,Spring,DATAMONGO,901,1.5.0.M1,1.5.0.RC1,spring-projects/spring-data-mongodb,22933e4493bf6c0d3ea459e468ffd073160069fb,2
3217,Spring,DATAMONGO,928,1.5.0.RC1,1.5.0.RELEASE,spring-projects/spring-data-mongodb,4777dd2e5ea3ae1872c07ae16c602f65534297a4,2
3218,Spring,DATAMONGO,926,1.5.0.RC1,1.5.0.RELEASE,spring-projects/spring-data-mongodb,4777dd2e5ea3ae1872c07ae16c602f65534297a4,2
3219,Spring,DATAMONGO,938,1.5.0.RELEASE,1.4.3.RELEASE,spring-projects/spring-data-mongodb,c7e65cbc40e5b776ab292d1fd291edd99915bcd7,2
3220,Spring,DATAMONGO,963,1.5.0.RELEASE,1.5.1.RELEASE,spring-projects/spring-data-mongodb,c7e65cbc40e5b776ab292d1fd291edd99915bcd7,3
3221,Spring,DATAMONGO,949,1.5.0.RELEASE,1.5.1.RELEASE,spring-projects/spring-data-mongodb,c7e65cbc40e5b776ab292d1fd291edd99915bcd7,2
3222,Spring,DATAMONGO,962,1.5.0.RELEASE,1.5.1.RELEASE,spring-projects/spring-data-mongodb,c7e65cbc40e5b776ab292d1fd291edd99915bcd7,2
3223,Spring,DATAMONGO,969,1.5.0.RELEASE,1.6.0.M1,spring-projects/spring-data-mongodb,c7e65cbc40e5b776ab292d1fd291edd99915bcd7,3
3224,Spring,DATAMONGO,987,1.5.0.RELEASE,1.5.2.RELEASE,spring-projects/spring-data-mongodb,c7e65cbc40e5b776ab292d1fd291edd99915bcd7,2
3225,Spring,DATAMONGO,1001,1.5.0.RELEASE,1.5.2.RELEASE,spring-projects/spring-data-mongodb,c7e65cbc40e5b776ab292d1fd291edd99915bcd7,6
3226,Spring,DATAMONGO,1002,1.5.1.RELEASE,1.5.2.RELEASE,spring-projects/spring-data-mongodb,ad25751dbb29ef71db5dc9076e3df33267fa007d,2
3227,Spring,DATAMONGO,1050,1.5.1.RELEASE,1.7.0.M1,spring-projects/spring-data-mongodb,ad25751dbb29ef71db5dc9076e3df33267fa007d,4
3228,Spring,DATAMONGO,1025,1.5.2.RELEASE,1.5.4.RELEASE,spring-projects/spring-data-mongodb,b2d59f2539f1c6209802cdba208b453fbaf587c3,6
3229,Spring,DATAMONGO,1027,1.5.2.RELEASE,1.5.4.RELEASE,spring-projects/spring-data-mongodb,b2d59f2539f1c6209802cdba208b453fbaf587c3,6
3230,Spring,DATAMONGO,1030,1.5.2.RELEASE,1.5.4.RELEASE,spring-projects/spring-data-mongodb,b2d59f2539f1c6209802cdba208b453fbaf587c3,3
3231,Spring,DATAMONGO,1072,1.5.2.RELEASE,1.6.1.RELEASE,spring-projects/spring-data-mongodb,b2d59f2539f1c6209802cdba208b453fbaf587c3,4
3232,Spring,DATAMONGO,1043,1.5.2.RELEASE,1.7.0.M1,spring-projects/spring-data-mongodb,b2d59f2539f1c6209802cdba208b453fbaf587c3,2
3233,Spring,DATAMONGO,1040,1.5.4.RELEASE,1.6.0.RELEASE,spring-projects/spring-data-mongodb,a7c3ef2aa8dbe0925af1405a9421f2a6cb716a73,2
3234,Spring,DATAMONGO,1070,1.5.4.RELEASE,1.6.1.RELEASE,spring-projects/spring-data-mongodb,a7c3ef2aa8dbe0925af1405a9421f2a6cb716a73,7
3235,Spring,DATAMONGO,1068,1.5.4.RELEASE,1.6.1.RELEASE,spring-projects/spring-data-mongodb,a7c3ef2aa8dbe0925af1405a9421f2a6cb716a73,2
3236,Spring,DATAMONGO,1077,1.5.4.RELEASE,1.6.1.RELEASE,spring-projects/spring-data-mongodb,a7c3ef2aa8dbe0925af1405a9421f2a6cb716a73,3
3237,Spring,DATAMONGO,1080,1.5.4.RELEASE,1.6.1.RELEASE,spring-projects/spring-data-mongodb,a7c3ef2aa8dbe0925af1405a9421f2a6cb716a73,2
3238,Spring,DATAMONGO,1139,1.5.4.RELEASE,1.5.5.RELEASE,spring-projects/spring-data-mongodb,a7c3ef2aa8dbe0925af1405a9421f2a6cb716a73,3
3239,Spring,DATAMONGO,1216,1.5.5.RELEASE,1.8.0.M1,spring-projects/spring-data-mongodb,ccfab5d91a7173744633247f90fd59700e471a25,2
3240,Spring,DATAMONGO,996,1.6.0.M1,1.6.0.RC1,spring-projects/spring-data-mongodb,d861fecdb86162c6cc27865cd8bda86b8ef4c771,2
3241,Spring,DATAMONGO,995,1.6.0.M1,1.5.2.RELEASE,spring-projects/spring-data-mongodb,d861fecdb86162c6cc27865cd8bda86b8ef4c771,2
3242,Spring,DATAMONGO,1049,1.6.0.M1,1.6.1.RELEASE,spring-projects/spring-data-mongodb,d861fecdb86162c6cc27865cd8bda86b8ef4c771,4
3243,Spring,DATAMONGO,1062,1.6.0.RELEASE,1.6.1.RELEASE,spring-projects/spring-data-mongodb,51607c5ed8534bd92b30193ca7a5c82c2a93ea35,1
3244,Spring,DATAMONGO,1058,1.6.0.RELEASE,1.6.1.RELEASE,spring-projects/spring-data-mongodb,51607c5ed8534bd92b30193ca7a5c82c2a93ea35,3
3245,Spring,DATAMONGO,1057,1.6.0.RELEASE,1.6.1.RELEASE,spring-projects/spring-data-mongodb,51607c5ed8534bd92b30193ca7a5c82c2a93ea35,3
3246,Spring,DATAMONGO,1053,1.6.0.M1,1.6.1.RELEASE,spring-projects/spring-data-mongodb,d861fecdb86162c6cc27865cd8bda86b8ef4c771,2
3247,Spring,DATAMONGO,1063,1.6.0.RELEASE,1.6.1.RELEASE,spring-projects/spring-data-mongodb,51607c5ed8534bd92b30193ca7a5c82c2a93ea35,3
3248,Spring,DATAMONGO,1076,1.6.0.RELEASE,1.6.1.RELEASE,spring-projects/spring-data-mongodb,51607c5ed8534bd92b30193ca7a5c82c2a93ea35,2
3249,Spring,DATAMONGO,1096,1.6.1.RELEASE,1.7.0.M1,spring-projects/spring-data-mongodb,eae463622c9517e804e97f60c9bcdc7b9a8e5bc8,1
3250,Spring,DATAMONGO,1094,1.6.1.RELEASE,1.7.0.M1,spring-projects/spring-data-mongodb,eae463622c9517e804e97f60c9bcdc7b9a8e5bc8,2
3251,Spring,DATAMONGO,1120,1.6.1.RELEASE,1.6.2.RELEASE,spring-projects/spring-data-mongodb,eae463622c9517e804e97f60c9bcdc7b9a8e5bc8,5
3252,Spring,DATAMONGO,1118,1.6.1.RELEASE,1.5.5.RELEASE,spring-projects/spring-data-mongodb,eae463622c9517e804e97f60c9bcdc7b9a8e5bc8,3
3253,Spring,DATAMONGO,1123,1.6.1.RELEASE,1.5.5.RELEASE,spring-projects/spring-data-mongodb,eae463622c9517e804e97f60c9bcdc7b9a8e5bc8,1
3254,Spring,DATAMONGO,1121,1.6.1.RELEASE,1.5.5.RELEASE,spring-projects/spring-data-mongodb,eae463622c9517e804e97f60c9bcdc7b9a8e5bc8,2
3255,Spring,DATAMONGO,1126,1.6.1.RELEASE,1.6.2.RELEASE,spring-projects/spring-data-mongodb,eae463622c9517e804e97f60c9bcdc7b9a8e5bc8,5
3256,Spring,DATAMONGO,1180,1.6.2.RELEASE,1.7.0.RELEASE,spring-projects/spring-data-mongodb,afa05122d278e19883856786fd9987cb7d9cfa69,2
3257,Spring,DATAMONGO,1166,1.6.2.RELEASE,1.6.3.RELEASE,spring-projects/spring-data-mongodb,afa05122d278e19883856786fd9987cb7d9cfa69,2
3258,Spring,DATAMONGO,1232,1.6.2.RELEASE,1.6.3.RELEASE,spring-projects/spring-data-mongodb,afa05122d278e19883856786fd9987cb7d9cfa69,2
3259,Spring,DATAMONGO,1236,1.6.2.RELEASE,1.6.3.RELEASE,spring-projects/spring-data-mongodb,afa05122d278e19883856786fd9987cb7d9cfa69,2
3260,Spring,DATAMONGO,1250,1.6.3.RELEASE,1.7.2.RELEASE,spring-projects/spring-data-mongodb,a96253f9a430c3d68f752a03f2ea4aa762d6f6b2,2
3261,Spring,DATAMONGO,1254,1.6.3.RELEASE,1.7.2.RELEASE,spring-projects/spring-data-mongodb,a96253f9a430c3d68f752a03f2ea4aa762d6f6b2,2
3262,Spring,DATAMONGO,1263,1.6.3.RELEASE,1.8.0.RC1,spring-projects/spring-data-mongodb,a96253f9a430c3d68f752a03f2ea4aa762d6f6b2,2
3263,Spring,DATAMONGO,1297,1.6.3.RELEASE,1.8.1.RELEASE,spring-projects/spring-data-mongodb,a96253f9a430c3d68f752a03f2ea4aa762d6f6b2,2
3264,Spring,DATAMONGO,1208,1.7.0.RELEASE,1.8.0.M1,spring-projects/spring-data-mongodb,3f16b3063194a729036b86707167bb7941da33ab,2
3265,Spring,DATAMONGO,1193,1.7.0.RELEASE,1.8.0.M1,spring-projects/spring-data-mongodb,3f16b3063194a729036b86707167bb7941da33ab,2
3266,Spring,DATAMONGO,1229,1.7.0.RELEASE,1.6.3.RELEASE,spring-projects/spring-data-mongodb,3f16b3063194a729036b86707167bb7941da33ab,2
3267,Spring,DATAMONGO,1204,1.7.0.RELEASE,1.8.2.RELEASE,spring-projects/spring-data-mongodb,3f16b3063194a729036b86707167bb7941da33ab,2
3268,Spring,DATAMONGO,1425,1.6.4.RELEASE,1.9.2.RELEASE,spring-projects/spring-data-mongodb,296ca28efaf7b758c31ad7f3107d679d619a9fc8,4
3269,Spring,DATAMONGO,1251,1.7.1.RELEASE,1.7.2.RELEASE,spring-projects/spring-data-mongodb,b442abeef95d057e974766ef85ea1d23a7871bd8,2
3270,Spring,DATAMONGO,1257,1.7.1.RELEASE,1.7.2.RELEASE,spring-projects/spring-data-mongodb,b442abeef95d057e974766ef85ea1d23a7871bd8,2
3271,Spring,DATAMONGO,1269,1.7.1.RELEASE,1.8.0.RELEASE,spring-projects/spring-data-mongodb,b442abeef95d057e974766ef85ea1d23a7871bd8,3
3272,Spring,DATAMONGO,1244,1.8.0.M1,1.8.0.RC1,spring-projects/spring-data-mongodb,01468b640ab19cbf89e09e4079ae3b400b5b5ff6,2
3273,Spring,DATAMONGO,1276,1.7.2.RELEASE,1.8.1.RELEASE,spring-projects/spring-data-mongodb,144000ed46f9d1519e19096193d9102192123ab5,1
3274,Spring,DATAMONGO,1293,1.8.0.RELEASE,1.8.1.RELEASE,spring-projects/spring-data-mongodb,77dce53c7a7b0f2fcd07a6bf53a2f680b9649b2e,2
3275,Spring,DATAMONGO,1335,1.7.2.RELEASE,1.8.2.RELEASE,spring-projects/spring-data-mongodb,144000ed46f9d1519e19096193d9102192123ab5,2
3276,Spring,DATAMONGO,1342,1.7.2.RELEASE,1.8.2.RELEASE,spring-projects/spring-data-mongodb,144000ed46f9d1519e19096193d9102192123ab5,2
3277,Spring,DATAMONGO,1401,1.8.0.RELEASE,1.9.0.RELEASE,spring-projects/spring-data-mongodb,77dce53c7a7b0f2fcd07a6bf53a2f680b9649b2e,2
3278,Spring,DATAMONGO,1406,1.7.2.RELEASE,1.8.5.RELEASE,spring-projects/spring-data-mongodb,144000ed46f9d1519e19096193d9102192123ab5,2
3279,Spring,DATAMONGO,1334,1.8.1.RELEASE,1.8.2.RELEASE,spring-projects/spring-data-mongodb,f68effe155aa1ce87bed069475e6bf57ad69e2cd,4
3280,Spring,DATAMONGO,1394,1.8.1.RELEASE,1.10.0.M1,spring-projects/spring-data-mongodb,f68effe155aa1ce87bed069475e6bf57ad69e2cd,2
3281,Spring,DATAMONGO,1360,1.8.2.RELEASE,1.9.0.M1,spring-projects/spring-data-mongodb,437a48ff4adb5fd02a8fb6c7bab15d89115a4c40,3
3282,Spring,DATAMONGO,1361,1.8.2.RELEASE,1.9.0.M1,spring-projects/spring-data-mongodb,437a48ff4adb5fd02a8fb6c7bab15d89115a4c40,1
3283,Spring,DATAMONGO,1387,1.8.2.RELEASE,1.9.0.RC1,spring-projects/spring-data-mongodb,437a48ff4adb5fd02a8fb6c7bab15d89115a4c40,2
3284,Spring,DATAMONGO,1397,1.8.4.RELEASE,1.9.0.RC1,spring-projects/spring-data-mongodb,1e6632846f9f80a4c71a46330c5b4d5bf1b05449,1
3285,Spring,DATAMONGO,1423,1.8.4.RELEASE,1.9.2.RELEASE,spring-projects/spring-data-mongodb,1e6632846f9f80a4c71a46330c5b4d5bf1b05449,2
3286,Spring,DATAMONGO,1453,1.8.4.RELEASE,1.10.0.M1,spring-projects/spring-data-mongodb,1e6632846f9f80a4c71a46330c5b4d5bf1b05449,2
3287,Spring,DATAMONGO,1485,1.8.4.RELEASE,1.8.5.RELEASE,spring-projects/spring-data-mongodb,1e6632846f9f80a4c71a46330c5b4d5bf1b05449,2
3288,Spring,DATAMONGO,1497,1.8.5.RELEASE,1.9.4.RELEASE,spring-projects/spring-data-mongodb,1cbce6f0937810eb07844cd494411b1086570689,2
3289,Spring,DATAMONGO,1513,1.8.6.RELEASE,1.10.0.RC1,spring-projects/spring-data-mongodb,5ff2277a6c0ec846184a1ffcf6a996b14688b9df,2
3290,Spring,DATAMONGO,1416,1.9.1.RELEASE,1.9.2.RELEASE,spring-projects/spring-data-mongodb,2354ced1bf58819a9f68977b1e22abed1c0878e7,2
3291,Spring,DATAMONGO,1471,1.9.2.RELEASE,1.8.5.RELEASE,spring-projects/spring-data-mongodb,cd35b9ed2aa65edef72024bbb13259df51a266f8,4
3292,Spring,DATAMONGO,1465,1.9.2.RELEASE,1.8.5.RELEASE,spring-projects/spring-data-mongodb,cd35b9ed2aa65edef72024bbb13259df51a266f8,2
3293,Spring,DATAMONGO,1486,1.9.2.RELEASE,1.9.3.RELEASE,spring-projects/spring-data-mongodb,cd35b9ed2aa65edef72024bbb13259df51a266f8,2
3294,Spring,DATAMONGO,1498,1.9.3.RELEASE,1.10.0.RC1,spring-projects/spring-data-mongodb,557a52869002b7f3a227d4162590f54ec336bb21,3
3295,Spring,DATAMONGO,1500,1.9.3.RELEASE,1.10.0.RC1,spring-projects/spring-data-mongodb,557a52869002b7f3a227d4162590f54ec336bb21,2
3296,Spring,DATAMONGO,1521,1.9.4.RELEASE,1.10.0.RC1,spring-projects/spring-data-mongodb,eef17dd000b17aaf00ab2b0b3c16cb0a98545b0e,3
3297,Spring,DATAMONGO,1534,1.9.4.RELEASE,1.10.0.RC1,spring-projects/spring-data-mongodb,eef17dd000b17aaf00ab2b0b3c16cb0a98545b0e,2
3298,Spring,DATAMONGO,1565,1.9.5.RELEASE,1.10.0.RC1,spring-projects/spring-data-mongodb,6882fa9d10800ade0400f5a63f0412bb0271b884,2
3299,Spring,DATAMONGO,1476,1.10.0.M1,1.10.0.RC1,spring-projects/spring-data-mongodb,d7f70e219b00228c2ea4c0ba2ead2a6a02747558,1
3300,Spring,DATAREDIS,75,v1.0.0.M4,v1.0.0.RC1,spring-projects/spring-data-redis,69775f200cf9de04b666f09af7ef2bd7d5995fcf,2
3301,Spring,DATAREDIS,78,v1.0.0.RC1,v1.0.0.RELEASE,spring-projects/spring-data-redis,570da74f5da55dac1b89fa74168def8a5c666341,2
3302,Spring,DATAREDIS,79,v1.0.0.M4,v1.0.0.RELEASE,spring-projects/spring-data-redis,69775f200cf9de04b666f09af7ef2bd7d5995fcf,1
3303,Spring,DATAREDIS,83,v1.0.0.M4,v1.0.1.RELEASE,spring-projects/spring-data-redis,69775f200cf9de04b666f09af7ef2bd7d5995fcf,1
3304,Spring,DATAREDIS,81,v1.0.0.RELEASE,v1.0.1.RELEASE,spring-projects/spring-data-redis,c1eea479a3a6c514afe2236e341b81c24fdce9d8,2
3305,Spring,DATAREDIS,82,v1.0.0.RELEASE,v1.0.1.RELEASE,spring-projects/spring-data-redis,c1eea479a3a6c514afe2236e341b81c24fdce9d8,1
3306,Spring,DATAREDIS,246,v1.1.0.RELEASE,v1.2.0.RC1,spring-projects/spring-data-redis,5d3f913e51087fcdda89d484f7acdd360eb698ae,1
3307,Spring,DATAREDIS,283,v1.2.0.RELEASE,v1.2.1.RELEASE,spring-projects/spring-data-redis,887dbe9e0c7efc3023f7040717969745f7a521d1,2
3308,Spring,DATAREDIS,285,v1.2.0.RELEASE,v1.2.1.RELEASE,spring-projects/spring-data-redis,887dbe9e0c7efc3023f7040717969745f7a521d1,5
3309,Spring,DATAREDIS,294,v1.2.1.RELEASE,v1.3.0.M1,spring-projects/spring-data-redis,cfb50c6145d873a584d328336a81408e4d77b7db,2
3310,Spring,DATAREDIS,300,v1.3.0.RC1,v1.3.0.RELEASE,spring-projects/spring-data-redis,622c38335672e3e9d03a453c5dee987c3143b8fe,2
3311,Spring,DATAREDIS,317,v1.3.0.RELEASE,v1.3.1.RELEASE,spring-projects/spring-data-redis,53a3147517338dfbad9c8211472b242fc9af85b1,6
3312,Spring,DATAREDIS,310,v1.3.0.RELEASE,v1.3.1.RELEASE,spring-projects/spring-data-redis,53a3147517338dfbad9c8211472b242fc9af85b1,1
3313,Spring,DATAREDIS,333,v1.3.0.RELEASE,v1.4.0.RC1,spring-projects/spring-data-redis,53a3147517338dfbad9c8211472b242fc9af85b1,2
3314,Spring,DATAREDIS,328,v1.3.1.RELEASE,v1.5.0.RC1,spring-projects/spring-data-redis,ab6b0ab17bcd910b04eb5a8b4155b59d009ed162,3
3315,Spring,DATAREDIS,332,v1.3.1.RELEASE,v1.6.0.M1,spring-projects/spring-data-redis,ab6b0ab17bcd910b04eb5a8b4155b59d009ed162,2
3316,Spring,DATAREDIS,337,v1.3.2.RELEASE,v1.4.0.RC1,spring-projects/spring-data-redis,c77e7c23e414ed0d5ea3bf5c437adae528d25906,2
3317,Spring,DATAREDIS,347,v1.3.4.RELEASE,v1.4.1.RELEASE,spring-projects/spring-data-redis,0a5338ad03ea88630f9d407b7a71251239b02231,2
3318,Spring,DATAREDIS,375,v1.3.5.RELEASE,v1.5.0.RC1,spring-projects/spring-data-redis,9b8ffe485e18c0db5c23d8cc30ee467f0981623d,1
3319,Spring,DATAREDIS,354,v1.4.1.RELEASE,v1.5.0.M1,spring-projects/spring-data-redis,92d921e1454caa799757febacf9d50282681c062,2
3320,Spring,DATAREDIS,369,v1.4.1.RELEASE,v1.5.0.RC1,spring-projects/spring-data-redis,92d921e1454caa799757febacf9d50282681c062,1
3321,Spring,DATAREDIS,392,v1.5.0.RELEASE,1.6.0.RELEASE,spring-projects/spring-data-redis,13d4753688281195ad8f182d04379c776b82267f,1
3322,Spring,DATAREDIS,417,v1.5.0.RELEASE,1.6.1.RELEASE,spring-projects/spring-data-redis,13d4753688281195ad8f182d04379c776b82267f,5
3323,Spring,DATAREDIS,448,1.4.4.RELEASE,1.6.2.RELEASE,spring-projects/spring-data-redis,a3cb041aa5f97af84fdbe2298a04874f457efa40,2
3324,Spring,DATAREDIS,435,1.6.0.RELEASE,1.6.1.RELEASE,spring-projects/spring-data-redis,11e47d03ef6bb79dcfe7f586e9fb9a343d01bfd8,1
3325,Spring,DATAREDIS,431,1.6.0.RELEASE,1.6.1.RELEASE,spring-projects/spring-data-redis,11e47d03ef6bb79dcfe7f586e9fb9a343d01bfd8,10
3326,Spring,DATAREDIS,469,1.6.2.RELEASE,1.7.2.RELEASE,spring-projects/spring-data-redis,aff425cd089df27fd7e9d5e6c5ee1c9c889ed69b,6
3327,Spring,DATAREDIS,548,1.6.4.RELEASE,1.6.5.RELEASE,spring-projects/spring-data-redis,8fa72046ef60da66c3ab992615be2b3ebfb17e46,4
3328,Spring,DATAREDIS,467,1.7.0.M1,1.7.0.RC1,spring-projects/spring-data-redis,b564d692d748238ebf4d4312096d3769daeb63f2,7
3329,Spring,DATAREDIS,472,1.7.0.M1,1.7.0.RC1,spring-projects/spring-data-redis,b564d692d748238ebf4d4312096d3769daeb63f2,2
3330,Spring,DATAREDIS,542,1.6.6.RELEASE,1.8.0.RC1,spring-projects/spring-data-redis,a9517e690c773e67db09703813c03963619a27d5,2
3331,Spring,DATAREDIS,498,1.7.1.RELEASE,1.7.2.RELEASE,spring-projects/spring-data-redis,de54dd117325f0dbc14bc208b36261971c8ba6c0,1
3332,Spring,DATAREDIS,489,1.7.1.RELEASE,1.7.2.RELEASE,spring-projects/spring-data-redis,de54dd117325f0dbc14bc208b36261971c8ba6c0,3
3333,Spring,DATAREDIS,492,1.7.1.RELEASE,1.7.2.RELEASE,spring-projects/spring-data-redis,de54dd117325f0dbc14bc208b36261971c8ba6c0,4
3334,Spring,DATAREDIS,501,1.7.1.RELEASE,1.7.2.RELEASE,spring-projects/spring-data-redis,de54dd117325f0dbc14bc208b36261971c8ba6c0,2
3335,Spring,DATAREDIS,509,1.7.1.RELEASE,1.7.2.RELEASE,spring-projects/spring-data-redis,de54dd117325f0dbc14bc208b36261971c8ba6c0,5
3336,Spring,DATAREDIS,513,1.7.1.RELEASE,1.7.2.RELEASE,spring-projects/spring-data-redis,de54dd117325f0dbc14bc208b36261971c8ba6c0,5
3337,Spring,DATAREDIS,510,1.7.1.RELEASE,1.7.2.RELEASE,spring-projects/spring-data-redis,de54dd117325f0dbc14bc208b36261971c8ba6c0,2
3338,Spring,DATAREDIS,500,1.7.1.RELEASE,1.8.0.M1,spring-projects/spring-data-redis,de54dd117325f0dbc14bc208b36261971c8ba6c0,2
3339,Spring,DATAREDIS,524,1.7.2.RELEASE,1.8.0.M1,spring-projects/spring-data-redis,32ce4b84f7d705fd49c027690d69c149f9ecf7e9,4
3340,Spring,DATAREDIS,531,1.7.2.RELEASE,1.8.0.RC1,spring-projects/spring-data-redis,32ce4b84f7d705fd49c027690d69c149f9ecf7e9,19
3341,Spring,DATAREDIS,547,1.7.2.RELEASE,1.7.3.RELEASE,spring-projects/spring-data-redis,32ce4b84f7d705fd49c027690d69c149f9ecf7e9,4
3342,Spring,DATAREDIS,551,1.7.2.RELEASE,1.7.3.RELEASE,spring-projects/spring-data-redis,32ce4b84f7d705fd49c027690d69c149f9ecf7e9,2
3343,Spring,DATAREST,23,1.0.0.RC1,1.0.0.RC2,spring-projects/spring-data-rest,6d8e960811aa20caf544d81d00619b5640ff8674,1
3344,Spring,DATAREST,38,1.0.0.RC2,1.0.0.RC3,spring-projects/spring-data-rest,27f154347c1e093405ec16e0acb1331f223a169e,1
3345,Spring,DATAREST,48,1.0.0.RC2,1.0.0.RC3,spring-projects/spring-data-rest,27f154347c1e093405ec16e0acb1331f223a169e,1
3346,Spring,DATAREST,44,1.0.0.RC2,1.0.0.RC3,spring-projects/spring-data-rest,27f154347c1e093405ec16e0acb1331f223a169e,1
3347,Spring,DATAREST,83,1.1.0.M1,2.0.0.M1,spring-projects/spring-data-rest,45206be145326c5550aaf81347659329cb3f352f,5
3348,Spring,DATAREST,199,2.0.0.M1,2.0.0.RC1,spring-projects/spring-data-rest,8fe3452065535704e17e87dc47b812630e9bc3b3,5
3349,Spring,DATAREST,200,2.0.0.M1,2.0.0.RC1,spring-projects/spring-data-rest,8fe3452065535704e17e87dc47b812630e9bc3b3,4
3350,Spring,DATAREST,188,2.0.0.M1,2.0.0.RC1,spring-projects/spring-data-rest,8fe3452065535704e17e87dc47b812630e9bc3b3,5
3351,Spring,DATAREST,213,2.0.0.M1,2.0.0.RC1,spring-projects/spring-data-rest,8fe3452065535704e17e87dc47b812630e9bc3b3,1
3352,Spring,DATAREST,198,2.0.0.M1,2.0.0.RC1,spring-projects/spring-data-rest,8fe3452065535704e17e87dc47b812630e9bc3b3,4
3353,Spring,DATAREST,222,2.0.0.M1,2.0.0.RC1,spring-projects/spring-data-rest,8fe3452065535704e17e87dc47b812630e9bc3b3,2
3354,Spring,DATAREST,246,2.0.0.RC1,2.0.0.RELEASE,spring-projects/spring-data-rest,3a87ad8d4945ae7dc1ea83078cb4816694496452,4
3355,Spring,DATAREST,216,2.0.0.M1,2.0.0.RELEASE,spring-projects/spring-data-rest,8fe3452065535704e17e87dc47b812630e9bc3b3,5
3356,Spring,DATAREST,238,2.0.0.M1,2.0.0.RELEASE,spring-projects/spring-data-rest,8fe3452065535704e17e87dc47b812630e9bc3b3,7
3357,Spring,DATAREST,143,2.0.0.M1,2.0.0.RELEASE,spring-projects/spring-data-rest,8fe3452065535704e17e87dc47b812630e9bc3b3,7
3358,Spring,DATAREST,254,2.0.0.RELEASE,2.0.1.RELEASE,spring-projects/spring-data-rest,fb73b52be7bac98dae5fce09a0c66fb9c3cd8904,4
3359,Spring,DATAREST,253,2.0.0.RELEASE,2.0.1.RELEASE,spring-projects/spring-data-rest,fb73b52be7bac98dae5fce09a0c66fb9c3cd8904,4
3360,Spring,DATAREST,261,2.0.0.RELEASE,2.0.1.RELEASE,spring-projects/spring-data-rest,fb73b52be7bac98dae5fce09a0c66fb9c3cd8904,4
3361,Spring,DATAREST,247,2.0.0.M1,2.0.1.RELEASE,spring-projects/spring-data-rest,8fe3452065535704e17e87dc47b812630e9bc3b3,5
3362,Spring,DATAREST,288,2.0.1.RELEASE,2.0.2.RELEASE,spring-projects/spring-data-rest,4aa1b6f10ef91448a3a388477ea5e471d43e92b7,2
3363,Spring,DATAREST,298,2.0.2.RELEASE,2.1.0.RC1,spring-projects/spring-data-rest,389212e1863f3ffbc10d6a7cb1e49e66867faa55,2
3364,Spring,DATAREST,311,2.0.2.RELEASE,2.0.3.RELEASE,spring-projects/spring-data-rest,389212e1863f3ffbc10d6a7cb1e49e66867faa55,3
3365,Spring,DATAREST,316,2.0.2.RELEASE,2.0.3.RELEASE,spring-projects/spring-data-rest,389212e1863f3ffbc10d6a7cb1e49e66867faa55,2
3366,Spring,DATAREST,301,2.1.0.RC1,2.0.3.RELEASE,spring-projects/spring-data-rest,5693af6f2afc126c8a22d2757f8b556400e44863,2
3367,Spring,DATAREST,307,2.1.0.RC1,2.1.0.RELEASE,spring-projects/spring-data-rest,5693af6f2afc126c8a22d2757f8b556400e44863,1
3368,Spring,DATAREST,325,2.0.3.RELEASE,2.1.1.RELEASE,spring-projects/spring-data-rest,c5b84075e81e61eb36cab9306ec4e5f77d867f03,3
3369,Spring,DATAREST,329,2.1.0.RELEASE,2.1.1.RELEASE,spring-projects/spring-data-rest,c67f79d5ae3d10bfbdcec185c3ff855e9936a763,2
3370,Spring,DATAREST,331,2.1.0.RELEASE,2.1.1.RELEASE,spring-projects/spring-data-rest,c67f79d5ae3d10bfbdcec185c3ff855e9936a763,2
3371,Spring,DATAREST,335,2.1.0.RELEASE,2.1.1.RELEASE,spring-projects/spring-data-rest,c67f79d5ae3d10bfbdcec185c3ff855e9936a763,2
3372,Spring,DATAREST,328,2.1.0.RELEASE,2.1.1.RELEASE,spring-projects/spring-data-rest,c67f79d5ae3d10bfbdcec185c3ff855e9936a763,1
3373,Spring,DATAREST,320,2.1.0.RELEASE,2.1.1.RELEASE,spring-projects/spring-data-rest,c67f79d5ae3d10bfbdcec185c3ff855e9936a763,1
3374,Spring,DATAREST,319,2.1.0.RELEASE,2.2.0.RC1,spring-projects/spring-data-rest,c67f79d5ae3d10bfbdcec185c3ff855e9936a763,1
3375,Spring,DATAREST,346,2.1.1.RELEASE,2.2.0.M1,spring-projects/spring-data-rest,e57ddb1695800ce6d9f5680159383492203b81aa,2
3376,Spring,DATAREST,377,2.1.2.RELEASE,2.3.2.RELEASE,spring-projects/spring-data-rest,deaf35511cd3c61e9a054d4c1465852683ab7abe,2
3377,Spring,DATAREST,394,2.1.4.RELEASE,2.3.0.M1,spring-projects/spring-data-rest,2d65e81f6a3fb6cadf8bec558a45aba06eb9cb42,2
3378,Spring,DATAREST,408,2.1.4.RELEASE,2.3.0.M1,spring-projects/spring-data-rest,2d65e81f6a3fb6cadf8bec558a45aba06eb9cb42,2
3379,Spring,DATAREST,445,2.1.4.RELEASE,2.1.5.RELEASE,spring-projects/spring-data-rest,2d65e81f6a3fb6cadf8bec558a45aba06eb9cb42,2
3380,Spring,DATAREST,460,2.1.4.RELEASE,2.1.5.RELEASE,spring-projects/spring-data-rest,2d65e81f6a3fb6cadf8bec558a45aba06eb9cb42,1
3381,Spring,DATAREST,353,2.2.0.M1,2.1.2.RELEASE,spring-projects/spring-data-rest,527d2391ce39296fd90f269cabc7e37d3eef011a,2
3382,Spring,DATAREST,381,2.2.0.RC1,2.2.1.RELEASE,spring-projects/spring-data-rest,37a5300e8764bd2441447ffbcb7de7f2577192ed,7
3383,Spring,DATAREST,388,2.2.0.RELEASE,2.1.5.RELEASE,spring-projects/spring-data-rest,31b689a5666ad11470cae8cb21748bf4d34100cb,23
3384,Spring,DATAREST,424,2.2.1.RELEASE,2.2.2.RELEASE,spring-projects/spring-data-rest,050b3140ba4a1bc79a10f44b02edd75e91877853,2
3385,Spring,DATAREST,434,2.2.1.RELEASE,2.2.2.RELEASE,spring-projects/spring-data-rest,050b3140ba4a1bc79a10f44b02edd75e91877853,1
3386,Spring,DATAREST,461,2.2.1.RELEASE,2.2.2.RELEASE,spring-projects/spring-data-rest,050b3140ba4a1bc79a10f44b02edd75e91877853,3
3387,Spring,DATAREST,485,2.2.2.RELEASE,2.3.0.RC1,spring-projects/spring-data-rest,fd7d3cf7d9357833a126b6c80f5881373d531abd,1
3388,Spring,DATAREST,491,2.2.2.RELEASE,2.2.3.RELEASE,spring-projects/spring-data-rest,fd7d3cf7d9357833a126b6c80f5881373d531abd,3
3389,Spring,DATAREST,502,2.2.2.RELEASE,2.4.0.M1,spring-projects/spring-data-rest,fd7d3cf7d9357833a126b6c80f5881373d531abd,7
3390,Spring,DATAREST,537,2.2.2.RELEASE,2.4.0.M1,spring-projects/spring-data-rest,fd7d3cf7d9357833a126b6c80f5881373d531abd,2
3391,Spring,DATAREST,556,2.2.2.RELEASE,2.4.0.M1,spring-projects/spring-data-rest,fd7d3cf7d9357833a126b6c80f5881373d531abd,2
3392,Spring,DATAREST,597,2.2.2.RELEASE,2.4.0.RC1,spring-projects/spring-data-rest,fd7d3cf7d9357833a126b6c80f5881373d531abd,3
3393,Spring,DATAREST,599,2.2.2.RELEASE,2.4.0.M1,spring-projects/spring-data-rest,fd7d3cf7d9357833a126b6c80f5881373d531abd,7
3394,Spring,DATAREST,423,2.3.0.M1,2.2.2.RELEASE,spring-projects/spring-data-rest,aa30ac65ecefb2fcbae3bd8f8aa62662451a1a2b,2
3395,Spring,DATAREST,448,2.3.0.M1,2.3.0.RC1,spring-projects/spring-data-rest,aa30ac65ecefb2fcbae3bd8f8aa62662451a1a2b,3
3396,Spring,DATAREST,492,2.3.0.RC1,2.2.3.RELEASE,spring-projects/spring-data-rest,c52b72047f853c72072ae60494a91678a10a50cd,1
3397,Spring,DATAREST,500,2.2.3.RELEASE,2.4.0.M1,spring-projects/spring-data-rest,65ba37f2669269fd7f86050be8b91adb2cf293e7,1
3398,Spring,DATAREST,519,2.2.3.RELEASE,2.4.0.M1,spring-projects/spring-data-rest,65ba37f2669269fd7f86050be8b91adb2cf293e7,2
3399,Spring,DATAREST,581,2.2.3.RELEASE,2.3.1.RELEASE,spring-projects/spring-data-rest,65ba37f2669269fd7f86050be8b91adb2cf293e7,3
3400,Spring,DATAREST,605,2.2.3.RELEASE,2.3.2.RELEASE,spring-projects/spring-data-rest,65ba37f2669269fd7f86050be8b91adb2cf293e7,5
3401,Spring,DATAREST,617,2.3.1.RELEASE,2.3.2.RELEASE,spring-projects/spring-data-rest,f6142d94004c76e83019df6ffc5486624d2f2f56,3
3402,Spring,DATAREST,655,2.3.2.RELEASE,2.2.4.RELEASE,spring-projects/spring-data-rest,bd70e6e1330d49ae281c041806b0af3899781e77,1
3403,Spring,DATAREST,662,2.3.2.RELEASE,2.2.4.RELEASE,spring-projects/spring-data-rest,bd70e6e1330d49ae281c041806b0af3899781e77,2
3404,Spring,DATAREST,665,2.2.4.RELEASE,2.4.1.RELEASE,spring-projects/spring-data-rest,39fee70e130e1c9155d1398d848a078a8df0be1f,3
3405,Spring,DATAREST,699,2.3.2.RELEASE,2.4.1.RELEASE,spring-projects/spring-data-rest,bd70e6e1330d49ae281c041806b0af3899781e77,2
3406,Spring,DATAREST,683,2.2.4.RELEASE,2.4.1.RELEASE,spring-projects/spring-data-rest,39fee70e130e1c9155d1398d848a078a8df0be1f,5
3407,Spring,DATAREST,701,2.2.4.RELEASE,2.4.1.RELEASE,spring-projects/spring-data-rest,39fee70e130e1c9155d1398d848a078a8df0be1f,2
3408,Spring,DATAREST,690,2.2.4.RELEASE,2.4.1.RELEASE,spring-projects/spring-data-rest,39fee70e130e1c9155d1398d848a078a8df0be1f,3
3409,Spring,DATAREST,705,2.2.4.RELEASE,2.4.2.RELEASE,spring-projects/spring-data-rest,39fee70e130e1c9155d1398d848a078a8df0be1f,2
3410,Spring,DATAREST,697,2.2.4.RELEASE,2.4.2.RELEASE,spring-projects/spring-data-rest,39fee70e130e1c9155d1398d848a078a8df0be1f,2
3411,Spring,DATAREST,565,2.4.0.M1,2.4.0.RC1,spring-projects/spring-data-rest,0604e7b876c906e98364d063f01b8563d94cf9dd,1
3412,Spring,DATAREST,847,2.3.2.RELEASE,2.6.0.M1,spring-projects/spring-data-rest,bd70e6e1330d49ae281c041806b0af3899781e77,1
3413,Spring,DATAREST,723,2.4.1.RELEASE,2.4.2.RELEASE,spring-projects/spring-data-rest,89a39035f20499aecbf29893df0aab4285d61f92,3
3414,Spring,DATAREST,716,2.4.1.RELEASE,2.4.2.RELEASE,spring-projects/spring-data-rest,89a39035f20499aecbf29893df0aab4285d61f92,2
3415,Spring,DATAREST,743,2.4.2.RELEASE,2.5.0.M1,spring-projects/spring-data-rest,3a495f9ce7d75a42d9f9f872bf35de944e4e0752,1
3416,Spring,DATAREST,747,2.4.2.RELEASE,2.5.0.M1,spring-projects/spring-data-rest,3a495f9ce7d75a42d9f9f872bf35de944e4e0752,2
3417,Spring,DATAREST,798,2.4.4.RELEASE,2.5.0.RELEASE,spring-projects/spring-data-rest,01661f97638bbb658979aaee3a0522d59f6e8bd8,4
3418,Spring,DATAREST,805,2.4.4.RELEASE,2.5.2.RELEASE,spring-projects/spring-data-rest,01661f97638bbb658979aaee3a0522d59f6e8bd8,1
3419,Spring,DATAREST,863,2.4.4.RELEASE,2.4.5.RELEASE,spring-projects/spring-data-rest,01661f97638bbb658979aaee3a0522d59f6e8bd8,2
3420,Spring,DATAREST,791,2.5.0.RC1,2.5.0.RELEASE,spring-projects/spring-data-rest,03a720d1c0d7598c5fcb05e76dc9b95b19a2c305,5
3421,Spring,DATAREST,792,2.5.0.RC1,2.5.0.RELEASE,spring-projects/spring-data-rest,03a720d1c0d7598c5fcb05e76dc9b95b19a2c305,2
3422,Spring,DATAREST,937,2.4.6.RELEASE,2.6.0.RC1,spring-projects/spring-data-rest,e902b09fe9e4e69bc3318387de4420b7df932c5f,2
3423,Spring,DATAREST,815,2.5.1.RELEASE,2.5.2.RELEASE,spring-projects/spring-data-rest,df7499608b658703938ca7aa70c8198358693769,2
3425,Spring,DATAREST,866,2.5.2.RELEASE,2.5.3.RELEASE,spring-projects/spring-data-rest,c0262db1d358df1573648fcb84357d1e9f5b0ac1,1
3427,Spring,DATAREST,898,2.5.2.RELEASE,2.5.3.RELEASE,spring-projects/spring-data-rest,c0262db1d358df1573648fcb84357d1e9f5b0ac1,1
3428,Spring,DATAREST,931,2.5.4.RELEASE,2.6.0.M1,spring-projects/spring-data-rest,e09b22bf943df25e5552033ae6c1840a05943f8a,3
3429,Spring,DATAREST,919,2.5.4.RELEASE,2.6.0.RC1,spring-projects/spring-data-rest,e09b22bf943df25e5552033ae6c1840a05943f8a,2
3430,Spring,DATAREST,925,2.5.4.RELEASE,2.6.0.RC1,spring-projects/spring-data-rest,e09b22bf943df25e5552033ae6c1840a05943f8a,9
3431,Spring,DATAREST,938,2.5.4.RELEASE,2.6.0.RC1,spring-projects/spring-data-rest,e09b22bf943df25e5552033ae6c1840a05943f8a,2
3432,Spring,DATAREST,953,2.5.5.RELEASE,2.6.0.RC1,spring-projects/spring-data-rest,6d20ab6df5f3a6bb93781a460aace4df8c7998a3,1
3433,Spring,DATAREST,956,2.5.5.RELEASE,2.6.0.RC1,spring-projects/spring-data-rest,6d20ab6df5f3a6bb93781a460aace4df8c7998a3,2
3434,Spring,LDAP,290,1.3.2.RELEASE,2.0.1.RELEASE,spring-projects/spring-ldap,8619f996ff04a38470b5f616174caed596c7216e,1
3435,Spring,LDAP,277,2.0.0.M1,2.0.0.RELEASE,spring-projects/spring-ldap,8d2598d53ebd1efbb0123fe06d2772915c943cdd,1
3436,Spring,LDAP,278,2.0.0.M1,2.0.0.RELEASE,spring-projects/spring-ldap,8d2598d53ebd1efbb0123fe06d2772915c943cdd,3
3437,Spring,LDAP,291,2.0.0.RELEASE,2.0.1.RELEASE,spring-projects/spring-ldap,006a8dc3bfcf6fa5c8b6c3523bf406f33a750a48,2
3438,Spring,LDAP,295,2.0.0.RELEASE,2.0.1.RELEASE,spring-projects/spring-ldap,006a8dc3bfcf6fa5c8b6c3523bf406f33a750a48,2
3439,Spring,LDAP,304,2.0.1.RELEASE,2.0.3.RELEASE,spring-projects/spring-ldap,58b3bb6e10aba7105d615a7e748a0868a88085a8,2
3440,Spring,LDAP,317,2.0.2.RELEASE,2.0.3.RELEASE,spring-projects/spring-ldap,43da1e6c9fecfd092e053102b0bd7496619b31de,2
3441,Spring,LDAP,314,2.0.2.RELEASE,2.0.3.RELEASE,spring-projects/spring-ldap,43da1e6c9fecfd092e053102b0bd7496619b31de,2
3442,Spring,LDAP,321,2.0.2.RELEASE,2.0.3.RELEASE,spring-projects/spring-ldap,43da1e6c9fecfd092e053102b0bd7496619b31de,1
3443,Spring,LDAP,335,2.0.3.RELEASE,2.0.4.RELEASE,spring-projects/spring-ldap,7803900e9c80f14e638556453da92a16efe475b5,1
3444,Spring,MOBILE,25,v1.0.0.M3,v1.0.0.RC1,spring-projects/spring-mobile,b9a57ad7c1d79f1fc9ec1211a19d837bc990e9b9,2
3445,Spring,MOBILE,21,v1.0.0.M3,v1.0.0.RC2,spring-projects/spring-mobile,b9a57ad7c1d79f1fc9ec1211a19d837bc990e9b9,3
3446,Spring,MOBILE,51,v1.0.0.RELEASE,v1.0.1.RELEASE,spring-projects/spring-mobile,8e48469d8a3c673b227b2e0f9474c9233e86d18a,3
3447,Spring,MOBILE,79,v1.0.1.RELEASE,v1.1.0.RC1,spring-projects/spring-mobile,d65531adc09d54b1911d70285c7566350ca7b570,3
3448,Spring,MOBILE,61,v1.1.0.M2,v1.1.0.M3,spring-projects/spring-mobile,4a91e81cf21c6a9a9eb1b58d5014bb8293b5dd0c,2
3449,Spring,MOBILE,62,v1.1.0.M2,v1.1.0.M3,spring-projects/spring-mobile,4a91e81cf21c6a9a9eb1b58d5014bb8293b5dd0c,2
3450,Spring,MOBILE,63,v1.1.0.M2,v1.1.0.M3,spring-projects/spring-mobile,4a91e81cf21c6a9a9eb1b58d5014bb8293b5dd0c,2
3451,Spring,MOBILE,68,v1.1.0.M2,v1.1.0.M3,spring-projects/spring-mobile,4a91e81cf21c6a9a9eb1b58d5014bb8293b5dd0c,2
3452,Spring,MOBILE,69,v1.1.0.M2,v1.1.0.M3,spring-projects/spring-mobile,4a91e81cf21c6a9a9eb1b58d5014bb8293b5dd0c,4
3453,Spring,MOBILE,70,v1.1.0.M2,v1.1.0.RC1,spring-projects/spring-mobile,4a91e81cf21c6a9a9eb1b58d5014bb8293b5dd0c,2
3454,Spring,MOBILE,95,v1.1.0.RELEASE,v1.1.1.RELEASE,spring-projects/spring-mobile,1b9f9874f620bb57ca5ecd54afa69d72a618e52e,3
3455,Spring,ROO,58,1.0.0.M1,1.0.0.M2,spring-projects/spring-roo,65b03654bbabf7383b3c0cd50c9e26bb243f6824,1
3456,Spring,ROO,57,1.0.0.M1,1.0.0.M2,spring-projects/spring-roo,65b03654bbabf7383b3c0cd50c9e26bb243f6824,1
3457,Spring,ROO,60,1.0.0.M1,1.0.0.M2,spring-projects/spring-roo,65b03654bbabf7383b3c0cd50c9e26bb243f6824,1
3458,Spring,ROO,61,1.0.0.M1,1.0.0.M2,spring-projects/spring-roo,65b03654bbabf7383b3c0cd50c9e26bb243f6824,2
3459,Spring,ROO,64,1.0.0.M1,1.0.0.M2,spring-projects/spring-roo,65b03654bbabf7383b3c0cd50c9e26bb243f6824,1
3460,Spring,ROO,50,1.0.0.M1,1.0.0.M2,spring-projects/spring-roo,65b03654bbabf7383b3c0cd50c9e26bb243f6824,1
3461,Spring,ROO,73,1.0.0.M1,1.0.0.M2,spring-projects/spring-roo,65b03654bbabf7383b3c0cd50c9e26bb243f6824,1
3462,Spring,ROO,63,1.0.0.M1,1.0.0.M2,spring-projects/spring-roo,65b03654bbabf7383b3c0cd50c9e26bb243f6824,1
3463,Spring,ROO,82,1.0.0.M1,1.0.0.M2,spring-projects/spring-roo,65b03654bbabf7383b3c0cd50c9e26bb243f6824,1
3464,Spring,ROO,78,1.0.0.M1,1.0.0.M2,spring-projects/spring-roo,65b03654bbabf7383b3c0cd50c9e26bb243f6824,7
3465,Spring,ROO,83,1.0.0.M1,1.0.0.M2,spring-projects/spring-roo,65b03654bbabf7383b3c0cd50c9e26bb243f6824,1
3466,Spring,ROO,86,1.0.0.M1,1.0.0.M2,spring-projects/spring-roo,65b03654bbabf7383b3c0cd50c9e26bb243f6824,1
3467,Spring,ROO,95,1.0.0.M1,1.0.0.M2,spring-projects/spring-roo,65b03654bbabf7383b3c0cd50c9e26bb243f6824,1
3468,Spring,ROO,85,1.0.0.M1,1.0.0.M2,spring-projects/spring-roo,65b03654bbabf7383b3c0cd50c9e26bb243f6824,1
3469,Spring,ROO,100,1.0.0.M1,1.0.0.M2,spring-projects/spring-roo,65b03654bbabf7383b3c0cd50c9e26bb243f6824,1
3470,Spring,ROO,104,1.0.0.M1,1.0.0.M2,spring-projects/spring-roo,65b03654bbabf7383b3c0cd50c9e26bb243f6824,1
3471,Spring,ROO,123,1.0.0.M2,1.0.0.RC1,spring-projects/spring-roo,fb43ef49cba1256a8ed3ea690712cf3d37aaf2f0,1
3472,Spring,ROO,116,1.0.0.M2,1.0.0.RC1,spring-projects/spring-roo,fb43ef49cba1256a8ed3ea690712cf3d37aaf2f0,5
3473,Spring,ROO,134,1.0.0.M2,1.0.0.RC1,spring-projects/spring-roo,fb43ef49cba1256a8ed3ea690712cf3d37aaf2f0,1
3474,Spring,ROO,124,1.0.0.M2,1.0.0.RC1,spring-projects/spring-roo,fb43ef49cba1256a8ed3ea690712cf3d37aaf2f0,2
3475,Spring,ROO,136,1.0.0.M2,1.0.0.RC1,spring-projects/spring-roo,fb43ef49cba1256a8ed3ea690712cf3d37aaf2f0,1
3476,Spring,ROO,96,1.0.0.M2,1.0.0.RC1,spring-projects/spring-roo,fb43ef49cba1256a8ed3ea690712cf3d37aaf2f0,1
3477,Spring,ROO,141,1.0.0.M2,1.0.0.RC1,spring-projects/spring-roo,fb43ef49cba1256a8ed3ea690712cf3d37aaf2f0,5
3478,Spring,ROO,106,1.0.0.M2,1.0.0.RC1,spring-projects/spring-roo,fb43ef49cba1256a8ed3ea690712cf3d37aaf2f0,7
3479,Spring,ROO,143,1.0.0.M2,1.0.0.RC1,spring-projects/spring-roo,fb43ef49cba1256a8ed3ea690712cf3d37aaf2f0,1
3480,Spring,ROO,142,1.0.0.M2,1.0.0.RC1,spring-projects/spring-roo,fb43ef49cba1256a8ed3ea690712cf3d37aaf2f0,2
3481,Spring,ROO,145,1.0.0.M2,1.0.0.RC1,spring-projects/spring-roo,fb43ef49cba1256a8ed3ea690712cf3d37aaf2f0,1
3482,Spring,ROO,122,1.0.0.M2,1.0.0.RC1,spring-projects/spring-roo,fb43ef49cba1256a8ed3ea690712cf3d37aaf2f0,1
3483,Spring,ROO,153,1.0.0.M1,1.0.0.RC1,spring-projects/spring-roo,65b03654bbabf7383b3c0cd50c9e26bb243f6824,1
3484,Spring,ROO,162,1.0.0.M2,1.0.0.RC2,spring-projects/spring-roo,fb43ef49cba1256a8ed3ea690712cf3d37aaf2f0,1
3485,Spring,ROO,171,1.0.0.RC1,1.0.0.RC2,spring-projects/spring-roo,6c7919642a375fcd34f8d1c3db85a84c3b863926,1
3486,Spring,ROO,172,1.0.0.RC1,1.0.0.RC2,spring-projects/spring-roo,6c7919642a375fcd34f8d1c3db85a84c3b863926,1
3487,Spring,ROO,190,1.0.0.RC1,1.0.0.RC2,spring-projects/spring-roo,6c7919642a375fcd34f8d1c3db85a84c3b863926,1
3488,Spring,ROO,186,1.0.0.RC1,1.0.0.RC2,spring-projects/spring-roo,6c7919642a375fcd34f8d1c3db85a84c3b863926,1
3489,Spring,ROO,205,1.0.0.RC1,1.0.0.RC2,spring-projects/spring-roo,6c7919642a375fcd34f8d1c3db85a84c3b863926,1
3490,Spring,ROO,206,1.0.0.RC1,1.0.0.RC2,spring-projects/spring-roo,6c7919642a375fcd34f8d1c3db85a84c3b863926,1
3491,Spring,ROO,194,1.0.0.RC1,1.0.0.RC2,spring-projects/spring-roo,6c7919642a375fcd34f8d1c3db85a84c3b863926,1
3492,Spring,ROO,184,1.0.0.RC1,1.0.0.RC2,spring-projects/spring-roo,6c7919642a375fcd34f8d1c3db85a84c3b863926,1
3493,Spring,ROO,203,1.0.0.RC1,1.0.0.RC2,spring-projects/spring-roo,6c7919642a375fcd34f8d1c3db85a84c3b863926,1
3494,Spring,ROO,217,1.0.0.RC1,1.0.0.RC2,spring-projects/spring-roo,6c7919642a375fcd34f8d1c3db85a84c3b863926,1
3495,Spring,ROO,229,1.0.0.RC1,1.0.0.RC2,spring-projects/spring-roo,6c7919642a375fcd34f8d1c3db85a84c3b863926,2
3496,Spring,ROO,238,1.0.0.RC1,1.0.0.RC2,spring-projects/spring-roo,6c7919642a375fcd34f8d1c3db85a84c3b863926,1
3497,Spring,ROO,242,1.0.0.RC1,1.0.0.RC2,spring-projects/spring-roo,6c7919642a375fcd34f8d1c3db85a84c3b863926,2
3498,Spring,ROO,244,1.0.0.RC1,1.0.0.RC2,spring-projects/spring-roo,6c7919642a375fcd34f8d1c3db85a84c3b863926,1
3499,Spring,ROO,204,1.0.0.RC1,1.0.0.RC2,spring-projects/spring-roo,6c7919642a375fcd34f8d1c3db85a84c3b863926,3
3500,Spring,ROO,262,1.0.0.RC2,1.0.0.RC3,spring-projects/spring-roo,eb027ba516b1a7b9c2fdd1e11a4851e48ed0d96d,2
3501,Spring,ROO,263,1.0.0.RC2,1.0.0.RC3,spring-projects/spring-roo,eb027ba516b1a7b9c2fdd1e11a4851e48ed0d96d,1
3502,Spring,ROO,261,1.0.0.RC2,1.0.0.RC3,spring-projects/spring-roo,eb027ba516b1a7b9c2fdd1e11a4851e48ed0d96d,1
3503,Spring,ROO,276,1.0.0.RC2,1.0.0.RC3,spring-projects/spring-roo,eb027ba516b1a7b9c2fdd1e11a4851e48ed0d96d,2
3504,Spring,ROO,277,1.0.0.RC2,1.0.0.RC3,spring-projects/spring-roo,eb027ba516b1a7b9c2fdd1e11a4851e48ed0d96d,1
3505,Spring,ROO,288,1.0.0.RC2,1.0.0.RC3,spring-projects/spring-roo,eb027ba516b1a7b9c2fdd1e11a4851e48ed0d96d,1
3506,Spring,ROO,291,1.0.0.RC2,1.0.0.RC3,spring-projects/spring-roo,eb027ba516b1a7b9c2fdd1e11a4851e48ed0d96d,3
3507,Spring,ROO,290,1.0.0.RC2,1.0.0.RC3,spring-projects/spring-roo,eb027ba516b1a7b9c2fdd1e11a4851e48ed0d96d,3
3508,Spring,ROO,286,1.0.0.RC2,1.0.0.RC3,spring-projects/spring-roo,eb027ba516b1a7b9c2fdd1e11a4851e48ed0d96d,3
3509,Spring,ROO,308,1.0.0.RC2,1.0.0.RC3,spring-projects/spring-roo,eb027ba516b1a7b9c2fdd1e11a4851e48ed0d96d,1
3510,Spring,ROO,303,1.0.0.RC2,1.0.0.RC3,spring-projects/spring-roo,eb027ba516b1a7b9c2fdd1e11a4851e48ed0d96d,3
3511,Spring,ROO,298,1.0.0.RC2,1.0.0.RC3,spring-projects/spring-roo,eb027ba516b1a7b9c2fdd1e11a4851e48ed0d96d,2
3512,Spring,ROO,305,1.0.0.RC2,1.0.0.RC3,spring-projects/spring-roo,eb027ba516b1a7b9c2fdd1e11a4851e48ed0d96d,1
3513,Spring,ROO,307,1.0.0.RC2,1.0.0.RC3,spring-projects/spring-roo,eb027ba516b1a7b9c2fdd1e11a4851e48ed0d96d,1
3514,Spring,ROO,327,1.0.0.RC2,1.0.0.RC3,spring-projects/spring-roo,eb027ba516b1a7b9c2fdd1e11a4851e48ed0d96d,2
3515,Spring,ROO,329,1.0.0.RC2,1.0.0.RC3,spring-projects/spring-roo,eb027ba516b1a7b9c2fdd1e11a4851e48ed0d96d,1
3516,Spring,ROO,328,1.0.0.RC2,1.0.0.RC3,spring-projects/spring-roo,eb027ba516b1a7b9c2fdd1e11a4851e48ed0d96d,1
3517,Spring,ROO,321,1.0.0.RC1,1.0.0.RC3,spring-projects/spring-roo,6c7919642a375fcd34f8d1c3db85a84c3b863926,1
3518,Spring,ROO,316,1.0.0.RC2,1.0.0.RC3,spring-projects/spring-roo,eb027ba516b1a7b9c2fdd1e11a4851e48ed0d96d,4
3519,Spring,ROO,331,1.0.0.RC2,1.0.0.RC3,spring-projects/spring-roo,eb027ba516b1a7b9c2fdd1e11a4851e48ed0d96d,1
3520,Spring,ROO,333,1.0.0.RC2,1.0.0.RC3,spring-projects/spring-roo,eb027ba516b1a7b9c2fdd1e11a4851e48ed0d96d,1
3521,Spring,ROO,334,1.0.0.RC2,1.0.0.RC3,spring-projects/spring-roo,eb027ba516b1a7b9c2fdd1e11a4851e48ed0d96d,1
3522,Spring,ROO,343,1.0.0.RC2,1.0.0.RC3,spring-projects/spring-roo,eb027ba516b1a7b9c2fdd1e11a4851e48ed0d96d,1
3523,Spring,ROO,347,1.0.0.RC2,1.0.0.RC3,spring-projects/spring-roo,eb027ba516b1a7b9c2fdd1e11a4851e48ed0d96d,1
3524,Spring,ROO,254,1.0.0.RC2,1.0.0.RC3,spring-projects/spring-roo,eb027ba516b1a7b9c2fdd1e11a4851e48ed0d96d,3
3525,Spring,ROO,354,1.0.0.RC2,1.0.0.RC3,spring-projects/spring-roo,eb027ba516b1a7b9c2fdd1e11a4851e48ed0d96d,1
3526,Spring,ROO,364,1.0.0.RC3,1.0.0.RC4,spring-projects/spring-roo,7490662c9861db865743d283e1fa188538ecd730,3
3527,Spring,ROO,367,1.0.0.RC3,1.0.0.RC4,spring-projects/spring-roo,7490662c9861db865743d283e1fa188538ecd730,2
3528,Spring,ROO,374,1.0.0.RC3,1.0.0.RC4,spring-projects/spring-roo,7490662c9861db865743d283e1fa188538ecd730,1
3529,Spring,ROO,377,1.0.0.RC3,1.0.0.RC4,spring-projects/spring-roo,7490662c9861db865743d283e1fa188538ecd730,2
3530,Spring,ROO,379,1.0.0.RC3,1.0.0.RC4,spring-projects/spring-roo,7490662c9861db865743d283e1fa188538ecd730,1
3531,Spring,ROO,378,1.0.0.RC3,1.0.0.RC4,spring-projects/spring-roo,7490662c9861db865743d283e1fa188538ecd730,2
3532,Spring,ROO,363,1.0.0.RC3,1.0.0.RC4,spring-projects/spring-roo,7490662c9861db865743d283e1fa188538ecd730,1
3533,Spring,ROO,387,1.0.0.RC3,1.0.0.RC4,spring-projects/spring-roo,7490662c9861db865743d283e1fa188538ecd730,1
3534,Spring,ROO,388,1.0.0.RC3,1.0.0.RC4,spring-projects/spring-roo,7490662c9861db865743d283e1fa188538ecd730,1
3535,Spring,ROO,390,1.0.0.RC3,1.0.0.RC4,spring-projects/spring-roo,7490662c9861db865743d283e1fa188538ecd730,1
3536,Spring,ROO,376,1.0.0.RC2,1.0.0.RC4,spring-projects/spring-roo,eb027ba516b1a7b9c2fdd1e11a4851e48ed0d96d,1
3537,Spring,ROO,404,1.0.0.RC3,1.0.0.RC4,spring-projects/spring-roo,7490662c9861db865743d283e1fa188538ecd730,1
3538,Spring,ROO,392,1.0.0.RC3,1.0.0.RC4,spring-projects/spring-roo,7490662c9861db865743d283e1fa188538ecd730,1
3539,Spring,ROO,419,1.0.0.RC3,1.0.0.RC4,spring-projects/spring-roo,7490662c9861db865743d283e1fa188538ecd730,2
3540,Spring,ROO,375,1.0.0.RC3,1.0.0.RC4,spring-projects/spring-roo,7490662c9861db865743d283e1fa188538ecd730,2
3541,Spring,ROO,396,1.0.0.RC3,1.0.0.RC4,spring-projects/spring-roo,7490662c9861db865743d283e1fa188538ecd730,2
3542,Spring,ROO,357,1.0.0.RC3,1.0.0.RC4,spring-projects/spring-roo,7490662c9861db865743d283e1fa188538ecd730,2
3543,Spring,ROO,422,1.0.0.RC3,1.0.0.RC4,spring-projects/spring-roo,7490662c9861db865743d283e1fa188538ecd730,2
3544,Spring,ROO,397,1.0.0.RC3,1.0.0.RC4,spring-projects/spring-roo,7490662c9861db865743d283e1fa188538ecd730,6
3545,Spring,ROO,406,1.0.0.RC3,1.0.0.RC4,spring-projects/spring-roo,7490662c9861db865743d283e1fa188538ecd730,1
3546,Spring,ROO,447,1.0.0.RC3,1.0.0.RC4,spring-projects/spring-roo,7490662c9861db865743d283e1fa188538ecd730,2
3547,Spring,ROO,451,1.0.0.RC2,1.0.0.RC4,spring-projects/spring-roo,eb027ba516b1a7b9c2fdd1e11a4851e48ed0d96d,2
3548,Spring,ROO,455,1.0.0.RC3,1.0.0.RC4,spring-projects/spring-roo,7490662c9861db865743d283e1fa188538ecd730,1
3549,Spring,ROO,459,1.0.0.RC3,1.0.0.RC4,spring-projects/spring-roo,7490662c9861db865743d283e1fa188538ecd730,1
3550,Spring,ROO,467,1.0.0.RC4,1.0.0.RELEASE,spring-projects/spring-roo,2bf8b38975056caf44ff3bf03ee3d0d6270585e4,1
3551,Spring,ROO,475,1.0.0.RC4,1.0.0.RELEASE,spring-projects/spring-roo,2bf8b38975056caf44ff3bf03ee3d0d6270585e4,1
3552,Spring,ROO,476,1.0.0.RC4,1.0.0.RELEASE,spring-projects/spring-roo,2bf8b38975056caf44ff3bf03ee3d0d6270585e4,2
3553,Spring,ROO,483,1.0.0.RC4,1.0.0.RELEASE,spring-projects/spring-roo,2bf8b38975056caf44ff3bf03ee3d0d6270585e4,1
3554,Spring,ROO,501,1.0.0.RC3,1.0.1.RELEASE,spring-projects/spring-roo,7490662c9861db865743d283e1fa188538ecd730,1
3555,Spring,ROO,512,1.0.0.RELEASE,1.0.1.RELEASE,spring-projects/spring-roo,df9b54c3a71cc522c16247a62a1c2952a1e0e6e7,1
3556,Spring,ROO,534,1.0.0.RELEASE,1.0.1.RELEASE,spring-projects/spring-roo,df9b54c3a71cc522c16247a62a1c2952a1e0e6e7,1
3557,Spring,ROO,533,1.0.0.RELEASE,1.0.1.RELEASE,spring-projects/spring-roo,df9b54c3a71cc522c16247a62a1c2952a1e0e6e7,1
3558,Spring,ROO,526,1.0.0.RELEASE,1.0.1.RELEASE,spring-projects/spring-roo,df9b54c3a71cc522c16247a62a1c2952a1e0e6e7,1
3559,Spring,ROO,541,1.0.0.RELEASE,1.0.1.RELEASE,spring-projects/spring-roo,df9b54c3a71cc522c16247a62a1c2952a1e0e6e7,27
3560,Spring,ROO,535,1.0.0.RELEASE,1.0.1.RELEASE,spring-projects/spring-roo,df9b54c3a71cc522c16247a62a1c2952a1e0e6e7,1
3561,Spring,ROO,548,1.0.0.RELEASE,1.0.1.RELEASE,spring-projects/spring-roo,df9b54c3a71cc522c16247a62a1c2952a1e0e6e7,1
3562,Spring,ROO,539,1.0.0.RELEASE,1.0.1.RELEASE,spring-projects/spring-roo,df9b54c3a71cc522c16247a62a1c2952a1e0e6e7,27
3563,Spring,ROO,536,1.0.0.RELEASE,1.0.1.RELEASE,spring-projects/spring-roo,df9b54c3a71cc522c16247a62a1c2952a1e0e6e7,1
3564,Spring,ROO,508,1.0.0.RELEASE,1.0.1.RELEASE,spring-projects/spring-roo,df9b54c3a71cc522c16247a62a1c2952a1e0e6e7,5
3565,Spring,ROO,517,1.0.0.RELEASE,1.0.1.RELEASE,spring-projects/spring-roo,df9b54c3a71cc522c16247a62a1c2952a1e0e6e7,1
3566,Spring,ROO,559,1.0.0.RELEASE,1.0.1.RELEASE,spring-projects/spring-roo,df9b54c3a71cc522c16247a62a1c2952a1e0e6e7,1
3567,Spring,ROO,562,1.0.0.RELEASE,1.0.1.RELEASE,spring-projects/spring-roo,df9b54c3a71cc522c16247a62a1c2952a1e0e6e7,1
3568,Spring,ROO,540,1.0.0.RELEASE,1.0.1.RELEASE,spring-projects/spring-roo,df9b54c3a71cc522c16247a62a1c2952a1e0e6e7,1
3569,Spring,ROO,543,1.0.0.RELEASE,1.0.1.RELEASE,spring-projects/spring-roo,df9b54c3a71cc522c16247a62a1c2952a1e0e6e7,1
3570,Spring,ROO,563,1.0.0.RELEASE,1.0.1.RELEASE,spring-projects/spring-roo,df9b54c3a71cc522c16247a62a1c2952a1e0e6e7,1
3571,Spring,ROO,574,1.0.0.RELEASE,1.0.2.RELEASE,spring-projects/spring-roo,df9b54c3a71cc522c16247a62a1c2952a1e0e6e7,1
3572,Spring,ROO,568,1.0.0.RELEASE,1.0.2.RELEASE,spring-projects/spring-roo,df9b54c3a71cc522c16247a62a1c2952a1e0e6e7,1
3573,Spring,ROO,1167,1.0.0.RC1,1.1.0.M3,spring-projects/spring-roo,6c7919642a375fcd34f8d1c3db85a84c3b863926,2
3574,Spring,ROO,173,1.0.0.RC1,1.1.0.RC1,spring-projects/spring-roo,6c7919642a375fcd34f8d1c3db85a84c3b863926,2
3575,Spring,ROO,570,1.0.1.RELEASE,1.0.2.RELEASE,spring-projects/spring-roo,87eae23388bafc8266179cf1fa9c57e8af656957,1
3576,Spring,ROO,578,1.0.1.RELEASE,1.0.2.RELEASE,spring-projects/spring-roo,87eae23388bafc8266179cf1fa9c57e8af656957,1
3577,Spring,ROO,575,1.0.1.RELEASE,1.0.2.RELEASE,spring-projects/spring-roo,87eae23388bafc8266179cf1fa9c57e8af656957,1
3578,Spring,ROO,615,1.0.1.RELEASE,1.0.2.RELEASE,spring-projects/spring-roo,87eae23388bafc8266179cf1fa9c57e8af656957,3
3579,Spring,ROO,619,1.0.1.RELEASE,1.0.2.RELEASE,spring-projects/spring-roo,87eae23388bafc8266179cf1fa9c57e8af656957,1
3580,Spring,ROO,618,1.0.1.RELEASE,1.0.2.RELEASE,spring-projects/spring-roo,87eae23388bafc8266179cf1fa9c57e8af656957,1
3581,Spring,ROO,589,1.0.1.RELEASE,1.0.2.RELEASE,spring-projects/spring-roo,87eae23388bafc8266179cf1fa9c57e8af656957,2
3582,Spring,ROO,576,1.0.1.RELEASE,1.0.2.RELEASE,spring-projects/spring-roo,87eae23388bafc8266179cf1fa9c57e8af656957,1
3583,Spring,ROO,946,1.0.2.RELEASE,1.1.0.M2,spring-projects/spring-roo,a3acbd527291583086e0e203fcd45eb55244fc63,1
3584,Spring,ROO,864,1.0.2.RELEASE,1.1.0.M2,spring-projects/spring-roo,a3acbd527291583086e0e203fcd45eb55244fc63,1
3585,Spring,ROO,1119,1.1.0.M2,1.1.0.M3,spring-projects/spring-roo,0b3543ee42f3c7edb3eb95d125969235d7e40a01,1
3586,Spring,ROO,1125,1.1.0.M2,1.1.0.M3,spring-projects/spring-roo,0b3543ee42f3c7edb3eb95d125969235d7e40a01,1
3587,Spring,ROO,1112,1.1.0.M2,1.1.0.M3,spring-projects/spring-roo,0b3543ee42f3c7edb3eb95d125969235d7e40a01,1
3588,Spring,ROO,1172,1.1.0.M2,1.1.0.M3,spring-projects/spring-roo,0b3543ee42f3c7edb3eb95d125969235d7e40a01,1
3589,Spring,ROO,1206,1.1.0.M2,1.1.0.M3,spring-projects/spring-roo,0b3543ee42f3c7edb3eb95d125969235d7e40a01,1
3590,Spring,ROO,1220,1.1.0.M2,1.1.0.M3,spring-projects/spring-roo,0b3543ee42f3c7edb3eb95d125969235d7e40a01,3
3591,Spring,ROO,1178,1.1.0.M2,1.1.0.M3,spring-projects/spring-roo,0b3543ee42f3c7edb3eb95d125969235d7e40a01,3
3592,Spring,ROO,1210,1.1.0.M2,1.1.0.M3,spring-projects/spring-roo,0b3543ee42f3c7edb3eb95d125969235d7e40a01,1
3593,Spring,ROO,1258,1.1.0.M2,1.1.0.M3,spring-projects/spring-roo,0b3543ee42f3c7edb3eb95d125969235d7e40a01,5
3594,Spring,ROO,1260,1.1.0.M3,1.1.0.RC1,spring-projects/spring-roo,e66e02932d6e0883f9a0d73a27d7c5bd0490daae,4
3595,Spring,ROO,1273,1.1.0.M3,1.1.0.RC1,spring-projects/spring-roo,e66e02932d6e0883f9a0d73a27d7c5bd0490daae,1
3596,Spring,ROO,1339,1.1.0.M3,1.1.0.RC1,spring-projects/spring-roo,e66e02932d6e0883f9a0d73a27d7c5bd0490daae,1
3597,Spring,ROO,1344,1.1.0.M3,1.1.0.RC1,spring-projects/spring-roo,e66e02932d6e0883f9a0d73a27d7c5bd0490daae,1
3598,Spring,ROO,1351,1.1.0.M3,1.1.0.RC1,spring-projects/spring-roo,e66e02932d6e0883f9a0d73a27d7c5bd0490daae,2
3599,Spring,ROO,1307,1.1.0.M2,1.1.0.RC1,spring-projects/spring-roo,0b3543ee42f3c7edb3eb95d125969235d7e40a01,1
3600,Spring,ROO,1385,1.1.0.M3,1.1.0.RC1,spring-projects/spring-roo,e66e02932d6e0883f9a0d73a27d7c5bd0490daae,1
3601,Spring,ROO,1404,1.1.0.M3,1.1.0.RC1,spring-projects/spring-roo,e66e02932d6e0883f9a0d73a27d7c5bd0490daae,1
3602,Spring,ROO,1418,1.1.0.M3,1.1.0.RC1,spring-projects/spring-roo,e66e02932d6e0883f9a0d73a27d7c5bd0490daae,1
3603,Spring,ROO,1415,1.1.0.M3,1.1.0.RC1,spring-projects/spring-roo,e66e02932d6e0883f9a0d73a27d7c5bd0490daae,1
3604,Spring,ROO,1357,1.1.0.M3,1.1.0.RC1,spring-projects/spring-roo,e66e02932d6e0883f9a0d73a27d7c5bd0490daae,2
3605,Spring,ROO,1387,1.1.0.M3,1.1.0.RC1,spring-projects/spring-roo,e66e02932d6e0883f9a0d73a27d7c5bd0490daae,1
3606,Spring,ROO,1423,1.1.0.M3,1.1.0.RC1,spring-projects/spring-roo,e66e02932d6e0883f9a0d73a27d7c5bd0490daae,1
3607,Spring,ROO,1353,1.1.0.M3,1.1.0.RC1,spring-projects/spring-roo,e66e02932d6e0883f9a0d73a27d7c5bd0490daae,1
3608,Spring,ROO,1451,1.1.0.M3,1.1.0.RC1,spring-projects/spring-roo,e66e02932d6e0883f9a0d73a27d7c5bd0490daae,1
3609,Spring,ROO,1510,1.1.0.M3,1.1.0.RC1,spring-projects/spring-roo,e66e02932d6e0883f9a0d73a27d7c5bd0490daae,2
3610,Spring,ROO,1512,1.1.0.M3,1.1.0.RC1,spring-projects/spring-roo,e66e02932d6e0883f9a0d73a27d7c5bd0490daae,1
3611,Spring,ROO,1479,1.1.0.M3,1.1.0.RC1,spring-projects/spring-roo,e66e02932d6e0883f9a0d73a27d7c5bd0490daae,1
3612,Spring,ROO,1515,1.1.0.M3,1.1.0.RC1,spring-projects/spring-roo,e66e02932d6e0883f9a0d73a27d7c5bd0490daae,1
3613,Spring,ROO,1517,1.1.0.M3,1.1.0.RC1,spring-projects/spring-roo,e66e02932d6e0883f9a0d73a27d7c5bd0490daae,2
3614,Spring,ROO,1525,1.1.0.M3,1.1.0.RC1,spring-projects/spring-roo,e66e02932d6e0883f9a0d73a27d7c5bd0490daae,4
3615,Spring,ROO,1536,1.1.0.M3,1.1.0.RC1,spring-projects/spring-roo,e66e02932d6e0883f9a0d73a27d7c5bd0490daae,4
3616,Spring,ROO,1548,1.1.0.M3,1.1.0.RC1,spring-projects/spring-roo,e66e02932d6e0883f9a0d73a27d7c5bd0490daae,1
3617,Spring,ROO,1555,1.1.0.M3,1.1.0.RC1,spring-projects/spring-roo,e66e02932d6e0883f9a0d73a27d7c5bd0490daae,3
3618,Spring,ROO,1559,1.1.0.RC1,1.1.0.RELEASE,spring-projects/spring-roo,51cb9761a60e4360a6f7bc85b5540415c98a8e44,1
3619,Spring,ROO,1537,1.1.0.M3,1.1.0.RELEASE,spring-projects/spring-roo,e66e02932d6e0883f9a0d73a27d7c5bd0490daae,3
3620,Spring,ROO,1562,1.1.0.RC1,1.1.0.RELEASE,spring-projects/spring-roo,51cb9761a60e4360a6f7bc85b5540415c98a8e44,2
3621,Spring,ROO,1563,1.1.0.RC1,1.1.0.RELEASE,spring-projects/spring-roo,51cb9761a60e4360a6f7bc85b5540415c98a8e44,1
3622,Spring,ROO,1581,1.1.0.RC1,1.1.0.RELEASE,spring-projects/spring-roo,51cb9761a60e4360a6f7bc85b5540415c98a8e44,1
3623,Spring,ROO,1582,1.1.0.RC1,1.1.0.RELEASE,spring-projects/spring-roo,51cb9761a60e4360a6f7bc85b5540415c98a8e44,5
3624,Spring,ROO,1572,1.1.0.RC1,1.1.0.RELEASE,spring-projects/spring-roo,51cb9761a60e4360a6f7bc85b5540415c98a8e44,1
3625,Spring,ROO,1585,1.1.0.RC1,1.1.0.RELEASE,spring-projects/spring-roo,51cb9761a60e4360a6f7bc85b5540415c98a8e44,4
3626,Spring,ROO,1565,1.1.0.RC1,1.1.0.RELEASE,spring-projects/spring-roo,51cb9761a60e4360a6f7bc85b5540415c98a8e44,1
3627,Spring,ROO,1590,1.1.0.RC1,1.1.0.RELEASE,spring-projects/spring-roo,51cb9761a60e4360a6f7bc85b5540415c98a8e44,3
3628,Spring,ROO,1599,1.1.0.M3,1.1.0.RELEASE,spring-projects/spring-roo,e66e02932d6e0883f9a0d73a27d7c5bd0490daae,1
3629,Spring,ROO,1617,1.1.0.RC1,1.1.0.RELEASE,spring-projects/spring-roo,51cb9761a60e4360a6f7bc85b5540415c98a8e44,1
3630,Spring,ROO,1624,1.1.0.RC1,1.1.0.RELEASE,spring-projects/spring-roo,51cb9761a60e4360a6f7bc85b5540415c98a8e44,1
3631,Spring,ROO,1601,1.1.0.RC1,1.1.0.RELEASE,spring-projects/spring-roo,51cb9761a60e4360a6f7bc85b5540415c98a8e44,1
3632,Spring,ROO,1643,1.1.0.RELEASE,1.1.1.RELEASE,spring-projects/spring-roo,793f2b0a7819f5f32d2e551225117e830f53823c,1
3633,Spring,ROO,1652,1.1.0.RELEASE,1.1.1.RELEASE,spring-projects/spring-roo,793f2b0a7819f5f32d2e551225117e830f53823c,2
3634,Spring,ROO,1662,1.1.0.RELEASE,1.1.1.RELEASE,spring-projects/spring-roo,793f2b0a7819f5f32d2e551225117e830f53823c,1
3635,Spring,ROO,1657,1.1.0.RELEASE,1.1.1.RELEASE,spring-projects/spring-roo,793f2b0a7819f5f32d2e551225117e830f53823c,1
3636,Spring,ROO,1667,1.1.0.RELEASE,1.1.1.RELEASE,spring-projects/spring-roo,793f2b0a7819f5f32d2e551225117e830f53823c,4
3637,Spring,ROO,1677,1.1.0.RELEASE,1.1.1.RELEASE,spring-projects/spring-roo,793f2b0a7819f5f32d2e551225117e830f53823c,1
3638,Spring,ROO,1719,1.1.0.RELEASE,1.1.1.RELEASE,spring-projects/spring-roo,793f2b0a7819f5f32d2e551225117e830f53823c,4
3639,Spring,ROO,1718,1.1.0.RELEASE,1.1.1.RELEASE,spring-projects/spring-roo,793f2b0a7819f5f32d2e551225117e830f53823c,4
3640,Spring,ROO,1687,1.1.0.RELEASE,1.1.1.RELEASE,spring-projects/spring-roo,793f2b0a7819f5f32d2e551225117e830f53823c,1
3641,Spring,ROO,1746,1.1.0.RELEASE,1.1.1.RELEASE,spring-projects/spring-roo,793f2b0a7819f5f32d2e551225117e830f53823c,3
3642,Spring,ROO,1747,1.1.0.RELEASE,1.1.1.RELEASE,spring-projects/spring-roo,793f2b0a7819f5f32d2e551225117e830f53823c,1
3643,Spring,ROO,1758,1.1.0.RELEASE,1.1.1.RELEASE,spring-projects/spring-roo,793f2b0a7819f5f32d2e551225117e830f53823c,1
3644,Spring,ROO,1661,1.1.0.RELEASE,1.1.1.RELEASE,spring-projects/spring-roo,793f2b0a7819f5f32d2e551225117e830f53823c,1
3645,Spring,ROO,1717,1.1.0.RELEASE,1.1.1.RELEASE,spring-projects/spring-roo,793f2b0a7819f5f32d2e551225117e830f53823c,2
3646,Spring,ROO,1763,1.1.0.RELEASE,1.1.1.RELEASE,spring-projects/spring-roo,793f2b0a7819f5f32d2e551225117e830f53823c,1
3647,Spring,ROO,1684,1.1.0.RELEASE,1.1.1.RELEASE,spring-projects/spring-roo,793f2b0a7819f5f32d2e551225117e830f53823c,4
3648,Spring,ROO,1714,1.1.0.RELEASE,1.1.1.RELEASE,spring-projects/spring-roo,793f2b0a7819f5f32d2e551225117e830f53823c,1
3649,Spring,ROO,1782,1.1.0.RELEASE,1.1.1.RELEASE,spring-projects/spring-roo,793f2b0a7819f5f32d2e551225117e830f53823c,3
3650,Spring,ROO,1787,1.1.0.RELEASE,1.1.1.RELEASE,spring-projects/spring-roo,793f2b0a7819f5f32d2e551225117e830f53823c,2
3651,Spring,ROO,1824,1.1.0.RELEASE,1.1.1.RELEASE,spring-projects/spring-roo,793f2b0a7819f5f32d2e551225117e830f53823c,1
3652,Spring,ROO,1829,1.1.0.RELEASE,1.1.1.RELEASE,spring-projects/spring-roo,793f2b0a7819f5f32d2e551225117e830f53823c,2
3653,Spring,ROO,1836,1.1.0.RELEASE,1.1.1.RELEASE,spring-projects/spring-roo,793f2b0a7819f5f32d2e551225117e830f53823c,1
3654,Spring,ROO,1750,1.1.0.RELEASE,1.1.1.RELEASE,spring-projects/spring-roo,793f2b0a7819f5f32d2e551225117e830f53823c,3
3655,Spring,ROO,1897,1.1.0.RELEASE,1.1.1.RELEASE,spring-projects/spring-roo,793f2b0a7819f5f32d2e551225117e830f53823c,2
3656,Spring,ROO,1905,1.1.0.RELEASE,1.1.1.RELEASE,spring-projects/spring-roo,793f2b0a7819f5f32d2e551225117e830f53823c,1
3657,Spring,ROO,1888,1.1.0.RELEASE,1.1.1.RELEASE,spring-projects/spring-roo,793f2b0a7819f5f32d2e551225117e830f53823c,1
3658,Spring,ROO,1918,1.1.0.RELEASE,1.1.1.RELEASE,spring-projects/spring-roo,793f2b0a7819f5f32d2e551225117e830f53823c,1
3659,Spring,ROO,1917,1.1.0.RELEASE,1.1.1.RELEASE,spring-projects/spring-roo,793f2b0a7819f5f32d2e551225117e830f53823c,1
3660,Spring,ROO,1919,1.1.0.RELEASE,1.1.1.RELEASE,spring-projects/spring-roo,793f2b0a7819f5f32d2e551225117e830f53823c,3
3661,Spring,ROO,1863,1.1.0.RELEASE,1.1.1.RELEASE,spring-projects/spring-roo,793f2b0a7819f5f32d2e551225117e830f53823c,1
3662,Spring,ROO,1686,1.1.0.RELEASE,1.1.1.RELEASE,spring-projects/spring-roo,793f2b0a7819f5f32d2e551225117e830f53823c,1
3663,Spring,ROO,1903,1.1.0.RELEASE,1.1.1.RELEASE,spring-projects/spring-roo,793f2b0a7819f5f32d2e551225117e830f53823c,1
3664,Spring,ROO,1694,1.1.0.RELEASE,1.1.1.RELEASE,spring-projects/spring-roo,793f2b0a7819f5f32d2e551225117e830f53823c,2
3665,Spring,ROO,1840,1.1.0.RELEASE,1.1.1.RELEASE,spring-projects/spring-roo,793f2b0a7819f5f32d2e551225117e830f53823c,2
3666,Spring,ROO,1906,1.1.0.RELEASE,1.1.1.RELEASE,spring-projects/spring-roo,793f2b0a7819f5f32d2e551225117e830f53823c,1
3667,Spring,ROO,1867,1.1.0.RELEASE,1.1.1.RELEASE,spring-projects/spring-roo,793f2b0a7819f5f32d2e551225117e830f53823c,1
3668,Spring,ROO,1927,1.1.0.RELEASE,1.1.1.RELEASE,spring-projects/spring-roo,793f2b0a7819f5f32d2e551225117e830f53823c,6
3669,Spring,ROO,1711,1.1.0.RELEASE,1.1.1.RELEASE,spring-projects/spring-roo,793f2b0a7819f5f32d2e551225117e830f53823c,1
3670,Spring,ROO,1929,1.1.0.RELEASE,1.1.1.RELEASE,spring-projects/spring-roo,793f2b0a7819f5f32d2e551225117e830f53823c,1
3671,Spring,ROO,1041,1.1.0.M2,1.1.1.RELEASE,spring-projects/spring-roo,0b3543ee42f3c7edb3eb95d125969235d7e40a01,3
3672,Spring,ROO,2063,1.1.0.RELEASE,1.1.2.RELEASE,spring-projects/spring-roo,793f2b0a7819f5f32d2e551225117e830f53823c,3
3673,Spring,ROO,1770,1.1.0.RELEASE,1.1.2.RELEASE,spring-projects/spring-roo,793f2b0a7819f5f32d2e551225117e830f53823c,1
3674,Spring,ROO,2005,1.1.0.RELEASE,1.1.2.RELEASE,spring-projects/spring-roo,793f2b0a7819f5f32d2e551225117e830f53823c,1
3675,Spring,ROO,1006,1.1.0.RELEASE,1.2.0.M1,spring-projects/spring-roo,793f2b0a7819f5f32d2e551225117e830f53823c,2
3676,Spring,ROO,1976,1.1.1.RELEASE,1.1.2.RELEASE,spring-projects/spring-roo,156ccd6bdbe81d6d63252d76eb5f9ed6d35e4d2d,1
3677,Spring,ROO,1966,1.1.1.RELEASE,1.1.2.RELEASE,spring-projects/spring-roo,156ccd6bdbe81d6d63252d76eb5f9ed6d35e4d2d,1
3678,Spring,ROO,1982,1.1.1.RELEASE,1.1.2.RELEASE,spring-projects/spring-roo,156ccd6bdbe81d6d63252d76eb5f9ed6d35e4d2d,1
3679,Spring,ROO,2012,1.1.1.RELEASE,1.1.2.RELEASE,spring-projects/spring-roo,156ccd6bdbe81d6d63252d76eb5f9ed6d35e4d2d,1
3680,Spring,ROO,2041,1.1.1.RELEASE,1.1.2.RELEASE,spring-projects/spring-roo,156ccd6bdbe81d6d63252d76eb5f9ed6d35e4d2d,1
3681,Spring,ROO,1983,1.1.1.RELEASE,1.1.2.RELEASE,spring-projects/spring-roo,156ccd6bdbe81d6d63252d76eb5f9ed6d35e4d2d,1
3682,Spring,ROO,2096,1.1.1.RELEASE,1.1.2.RELEASE,spring-projects/spring-roo,156ccd6bdbe81d6d63252d76eb5f9ed6d35e4d2d,1
3683,Spring,ROO,2104,1.1.1.RELEASE,1.1.2.RELEASE,spring-projects/spring-roo,156ccd6bdbe81d6d63252d76eb5f9ed6d35e4d2d,1
3684,Spring,ROO,2085,1.1.1.RELEASE,1.1.2.RELEASE,spring-projects/spring-roo,156ccd6bdbe81d6d63252d76eb5f9ed6d35e4d2d,1
3685,Spring,ROO,2114,1.1.1.RELEASE,1.1.2.RELEASE,spring-projects/spring-roo,156ccd6bdbe81d6d63252d76eb5f9ed6d35e4d2d,1
3686,Spring,ROO,2124,1.1.1.RELEASE,1.1.2.RELEASE,spring-projects/spring-roo,156ccd6bdbe81d6d63252d76eb5f9ed6d35e4d2d,1
3687,Spring,ROO,2105,1.1.1.RELEASE,1.1.2.RELEASE,spring-projects/spring-roo,156ccd6bdbe81d6d63252d76eb5f9ed6d35e4d2d,4
3688,Spring,ROO,2139,1.1.1.RELEASE,1.1.2.RELEASE,spring-projects/spring-roo,156ccd6bdbe81d6d63252d76eb5f9ed6d35e4d2d,1
3689,Spring,ROO,2154,1.1.1.RELEASE,1.1.2.RELEASE,spring-projects/spring-roo,156ccd6bdbe81d6d63252d76eb5f9ed6d35e4d2d,2
3690,Spring,ROO,2142,1.1.1.RELEASE,1.1.2.RELEASE,spring-projects/spring-roo,156ccd6bdbe81d6d63252d76eb5f9ed6d35e4d2d,1
3691,Spring,ROO,2157,1.1.1.RELEASE,1.1.2.RELEASE,spring-projects/spring-roo,156ccd6bdbe81d6d63252d76eb5f9ed6d35e4d2d,3
3692,Spring,ROO,2259,1.1.1.RELEASE,1.1.3.RELEASE,spring-projects/spring-roo,156ccd6bdbe81d6d63252d76eb5f9ed6d35e4d2d,4
3693,Spring,ROO,2443,1.1.1.RELEASE,1.1.5.RELEASE,spring-projects/spring-roo,156ccd6bdbe81d6d63252d76eb5f9ed6d35e4d2d,1
3694,Spring,ROO,2174,1.1.2.RELEASE,1.1.3.RELEASE,spring-projects/spring-roo,fbc33bb974ac456089e6730d6cdd19e0ecf4959f,1
3695,Spring,ROO,2200,1.1.2.RELEASE,1.1.3.RELEASE,spring-projects/spring-roo,fbc33bb974ac456089e6730d6cdd19e0ecf4959f,1
3696,Spring,ROO,2199,1.1.2.RELEASE,1.1.3.RELEASE,spring-projects/spring-roo,fbc33bb974ac456089e6730d6cdd19e0ecf4959f,1
3697,Spring,ROO,2209,1.1.2.RELEASE,1.1.3.RELEASE,spring-projects/spring-roo,fbc33bb974ac456089e6730d6cdd19e0ecf4959f,2
3698,Spring,ROO,2210,1.1.2.RELEASE,1.1.3.RELEASE,spring-projects/spring-roo,fbc33bb974ac456089e6730d6cdd19e0ecf4959f,5
3699,Spring,ROO,2218,1.1.2.RELEASE,1.1.3.RELEASE,spring-projects/spring-roo,fbc33bb974ac456089e6730d6cdd19e0ecf4959f,1
3700,Spring,ROO,2232,1.1.2.RELEASE,1.1.3.RELEASE,spring-projects/spring-roo,fbc33bb974ac456089e6730d6cdd19e0ecf4959f,1
3701,Spring,ROO,2226,1.1.2.RELEASE,1.1.3.RELEASE,spring-projects/spring-roo,fbc33bb974ac456089e6730d6cdd19e0ecf4959f,1
3702,Spring,ROO,2236,1.1.2.RELEASE,1.1.3.RELEASE,spring-projects/spring-roo,fbc33bb974ac456089e6730d6cdd19e0ecf4959f,2
3703,Spring,ROO,2238,1.1.2.RELEASE,1.1.3.RELEASE,spring-projects/spring-roo,fbc33bb974ac456089e6730d6cdd19e0ecf4959f,1
3704,Spring,ROO,2251,1.1.2.RELEASE,1.1.3.RELEASE,spring-projects/spring-roo,fbc33bb974ac456089e6730d6cdd19e0ecf4959f,1
3705,Spring,ROO,2256,1.1.2.RELEASE,1.1.3.RELEASE,spring-projects/spring-roo,fbc33bb974ac456089e6730d6cdd19e0ecf4959f,1
3706,Spring,ROO,2271,1.1.2.RELEASE,1.1.3.RELEASE,spring-projects/spring-roo,fbc33bb974ac456089e6730d6cdd19e0ecf4959f,1
3707,Spring,ROO,2270,1.1.2.RELEASE,1.1.3.RELEASE,spring-projects/spring-roo,fbc33bb974ac456089e6730d6cdd19e0ecf4959f,2
3708,Spring,ROO,2265,1.1.2.RELEASE,1.1.3.RELEASE,spring-projects/spring-roo,fbc33bb974ac456089e6730d6cdd19e0ecf4959f,2
3709,Spring,ROO,2294,1.1.2.RELEASE,1.1.3.RELEASE,spring-projects/spring-roo,fbc33bb974ac456089e6730d6cdd19e0ecf4959f,1
3710,Spring,ROO,2190,1.1.2.RELEASE,1.1.3.RELEASE,spring-projects/spring-roo,fbc33bb974ac456089e6730d6cdd19e0ecf4959f,1
3711,Spring,ROO,2302,1.1.2.RELEASE,1.1.3.RELEASE,spring-projects/spring-roo,fbc33bb974ac456089e6730d6cdd19e0ecf4959f,1
3712,Spring,ROO,2312,1.1.2.RELEASE,1.1.3.RELEASE,spring-projects/spring-roo,fbc33bb974ac456089e6730d6cdd19e0ecf4959f,2
3713,Spring,ROO,2225,1.1.2.RELEASE,1.1.3.RELEASE,spring-projects/spring-roo,fbc33bb974ac456089e6730d6cdd19e0ecf4959f,3
3714,Spring,ROO,2316,1.1.2.RELEASE,1.1.3.RELEASE,spring-projects/spring-roo,fbc33bb974ac456089e6730d6cdd19e0ecf4959f,1
3715,Spring,ROO,2320,1.1.2.RELEASE,1.1.3.RELEASE,spring-projects/spring-roo,fbc33bb974ac456089e6730d6cdd19e0ecf4959f,1
3716,Spring,ROO,2328,1.1.2.RELEASE,1.1.4.RELEASE,spring-projects/spring-roo,fbc33bb974ac456089e6730d6cdd19e0ecf4959f,1
3717,Spring,ROO,2386,1.1.2.RELEASE,1.1.4.RELEASE,spring-projects/spring-roo,fbc33bb974ac456089e6730d6cdd19e0ecf4959f,1
3718,Spring,ROO,2327,1.1.3.RELEASE,1.1.4.RELEASE,spring-projects/spring-roo,4404ffb1621bf74dc03d3d9070fa9edb7abab9bc,3
3719,Spring,ROO,2344,1.1.3.RELEASE,1.1.4.RELEASE,spring-projects/spring-roo,4404ffb1621bf74dc03d3d9070fa9edb7abab9bc,1
3720,Spring,ROO,2351,1.1.3.RELEASE,1.1.4.RELEASE,spring-projects/spring-roo,4404ffb1621bf74dc03d3d9070fa9edb7abab9bc,1
3721,Spring,ROO,2346,1.1.3.RELEASE,1.1.4.RELEASE,spring-projects/spring-roo,4404ffb1621bf74dc03d3d9070fa9edb7abab9bc,1
3722,Spring,ROO,2353,1.1.3.RELEASE,1.1.4.RELEASE,spring-projects/spring-roo,4404ffb1621bf74dc03d3d9070fa9edb7abab9bc,1
3723,Spring,ROO,2354,1.1.3.RELEASE,1.1.4.RELEASE,spring-projects/spring-roo,4404ffb1621bf74dc03d3d9070fa9edb7abab9bc,1
3724,Spring,ROO,2343,1.1.3.RELEASE,1.1.4.RELEASE,spring-projects/spring-roo,4404ffb1621bf74dc03d3d9070fa9edb7abab9bc,1
3725,Spring,ROO,2369,1.1.3.RELEASE,1.1.4.RELEASE,spring-projects/spring-roo,4404ffb1621bf74dc03d3d9070fa9edb7abab9bc,1
3726,Spring,ROO,2371,1.1.3.RELEASE,1.1.4.RELEASE,spring-projects/spring-roo,4404ffb1621bf74dc03d3d9070fa9edb7abab9bc,5
3727,Spring,ROO,2368,1.1.3.RELEASE,1.1.4.RELEASE,spring-projects/spring-roo,4404ffb1621bf74dc03d3d9070fa9edb7abab9bc,7
3728,Spring,ROO,2362,1.1.3.RELEASE,1.1.4.RELEASE,spring-projects/spring-roo,4404ffb1621bf74dc03d3d9070fa9edb7abab9bc,3
3729,Spring,ROO,2359,1.1.3.RELEASE,1.1.4.RELEASE,spring-projects/spring-roo,4404ffb1621bf74dc03d3d9070fa9edb7abab9bc,2
3730,Spring,ROO,2350,1.1.3.RELEASE,1.1.4.RELEASE,spring-projects/spring-roo,4404ffb1621bf74dc03d3d9070fa9edb7abab9bc,1
3731,Spring,ROO,2357,1.1.3.RELEASE,1.1.4.RELEASE,spring-projects/spring-roo,4404ffb1621bf74dc03d3d9070fa9edb7abab9bc,2
3732,Spring,ROO,2295,1.1.3.RELEASE,1.1.4.RELEASE,spring-projects/spring-roo,4404ffb1621bf74dc03d3d9070fa9edb7abab9bc,1
3733,Spring,ROO,2381,1.1.3.RELEASE,1.1.4.RELEASE,spring-projects/spring-roo,4404ffb1621bf74dc03d3d9070fa9edb7abab9bc,2
3734,Spring,ROO,2374,1.1.3.RELEASE,1.1.4.RELEASE,spring-projects/spring-roo,4404ffb1621bf74dc03d3d9070fa9edb7abab9bc,1
3735,Spring,ROO,2379,1.1.3.RELEASE,1.1.4.RELEASE,spring-projects/spring-roo,4404ffb1621bf74dc03d3d9070fa9edb7abab9bc,13
3736,Spring,ROO,2388,1.1.3.RELEASE,1.1.4.RELEASE,spring-projects/spring-roo,4404ffb1621bf74dc03d3d9070fa9edb7abab9bc,2
3737,Spring,ROO,2392,1.1.3.RELEASE,1.1.4.RELEASE,spring-projects/spring-roo,4404ffb1621bf74dc03d3d9070fa9edb7abab9bc,2
3738,Spring,ROO,2396,1.1.3.RELEASE,1.1.4.RELEASE,spring-projects/spring-roo,4404ffb1621bf74dc03d3d9070fa9edb7abab9bc,7
3739,Spring,ROO,2400,1.1.3.RELEASE,1.1.4.RELEASE,spring-projects/spring-roo,4404ffb1621bf74dc03d3d9070fa9edb7abab9bc,1
3740,Spring,ROO,2403,1.1.3.RELEASE,1.1.4.RELEASE,spring-projects/spring-roo,4404ffb1621bf74dc03d3d9070fa9edb7abab9bc,7
3741,Spring,ROO,2404,1.1.3.RELEASE,1.1.4.RELEASE,spring-projects/spring-roo,4404ffb1621bf74dc03d3d9070fa9edb7abab9bc,1
3742,Spring,ROO,2419,1.1.3.RELEASE,1.1.4.RELEASE,spring-projects/spring-roo,4404ffb1621bf74dc03d3d9070fa9edb7abab9bc,1
3743,Spring,ROO,2418,1.1.3.RELEASE,1.1.4.RELEASE,spring-projects/spring-roo,4404ffb1621bf74dc03d3d9070fa9edb7abab9bc,1
3744,Spring,ROO,2431,1.1.3.RELEASE,1.1.4.RELEASE,spring-projects/spring-roo,4404ffb1621bf74dc03d3d9070fa9edb7abab9bc,8
3745,Spring,ROO,2417,1.1.3.RELEASE,1.1.4.RELEASE,spring-projects/spring-roo,4404ffb1621bf74dc03d3d9070fa9edb7abab9bc,5
3746,Spring,ROO,2436,1.1.3.RELEASE,1.1.4.RELEASE,spring-projects/spring-roo,4404ffb1621bf74dc03d3d9070fa9edb7abab9bc,2
3747,Spring,ROO,2437,1.1.3.RELEASE,1.1.4.RELEASE,spring-projects/spring-roo,4404ffb1621bf74dc03d3d9070fa9edb7abab9bc,1
3748,Spring,ROO,2438,1.1.3.RELEASE,1.1.4.RELEASE,spring-projects/spring-roo,4404ffb1621bf74dc03d3d9070fa9edb7abab9bc,1
3749,Spring,ROO,2439,1.1.3.RELEASE,1.1.4.RELEASE,spring-projects/spring-roo,4404ffb1621bf74dc03d3d9070fa9edb7abab9bc,7
3750,Spring,ROO,2453,1.1.3.RELEASE,1.1.5.RELEASE,spring-projects/spring-roo,4404ffb1621bf74dc03d3d9070fa9edb7abab9bc,1
3751,Spring,ROO,2467,1.1.3.RELEASE,1.1.5.RELEASE,spring-projects/spring-roo,4404ffb1621bf74dc03d3d9070fa9edb7abab9bc,1
3752,Spring,ROO,2508,1.1.3.RELEASE,1.1.5.RELEASE,spring-projects/spring-roo,4404ffb1621bf74dc03d3d9070fa9edb7abab9bc,1
3753,Spring,ROO,2449,1.1.4.RELEASE,1.1.5.RELEASE,spring-projects/spring-roo,f787ce7a18eba1d02afe20d457eb523925273efb,3
3754,Spring,ROO,2454,1.1.4.RELEASE,1.1.5.RELEASE,spring-projects/spring-roo,f787ce7a18eba1d02afe20d457eb523925273efb,1
3755,Spring,ROO,2456,1.1.4.RELEASE,1.1.5.RELEASE,spring-projects/spring-roo,f787ce7a18eba1d02afe20d457eb523925273efb,2
3756,Spring,ROO,2445,1.1.4.RELEASE,1.1.5.RELEASE,spring-projects/spring-roo,f787ce7a18eba1d02afe20d457eb523925273efb,10
3757,Spring,ROO,2459,1.1.4.RELEASE,1.1.5.RELEASE,spring-projects/spring-roo,f787ce7a18eba1d02afe20d457eb523925273efb,3
3758,Spring,ROO,2465,1.1.4.RELEASE,1.1.5.RELEASE,spring-projects/spring-roo,f787ce7a18eba1d02afe20d457eb523925273efb,2
3759,Spring,ROO,2473,1.1.4.RELEASE,1.1.5.RELEASE,spring-projects/spring-roo,f787ce7a18eba1d02afe20d457eb523925273efb,1
3760,Spring,ROO,2481,1.1.4.RELEASE,1.1.5.RELEASE,spring-projects/spring-roo,f787ce7a18eba1d02afe20d457eb523925273efb,2
3761,Spring,ROO,2483,1.1.4.RELEASE,1.1.5.RELEASE,spring-projects/spring-roo,f787ce7a18eba1d02afe20d457eb523925273efb,1
3762,Spring,ROO,2488,1.1.4.RELEASE,1.1.5.RELEASE,spring-projects/spring-roo,f787ce7a18eba1d02afe20d457eb523925273efb,1
3763,Spring,ROO,2490,1.1.4.RELEASE,1.1.5.RELEASE,spring-projects/spring-roo,f787ce7a18eba1d02afe20d457eb523925273efb,1
3764,Spring,ROO,2450,1.1.4.RELEASE,1.1.5.RELEASE,spring-projects/spring-roo,f787ce7a18eba1d02afe20d457eb523925273efb,2
3765,Spring,ROO,2494,1.1.4.RELEASE,1.1.5.RELEASE,spring-projects/spring-roo,f787ce7a18eba1d02afe20d457eb523925273efb,1
3766,Spring,ROO,2496,1.1.4.RELEASE,1.1.5.RELEASE,spring-projects/spring-roo,f787ce7a18eba1d02afe20d457eb523925273efb,1
3767,Spring,ROO,2498,1.1.4.RELEASE,1.1.5.RELEASE,spring-projects/spring-roo,f787ce7a18eba1d02afe20d457eb523925273efb,1
3768,Spring,ROO,2505,1.1.4.RELEASE,1.1.5.RELEASE,spring-projects/spring-roo,f787ce7a18eba1d02afe20d457eb523925273efb,2
3769,Spring,ROO,2523,1.1.4.RELEASE,1.1.5.RELEASE,spring-projects/spring-roo,f787ce7a18eba1d02afe20d457eb523925273efb,1
3770,Spring,ROO,2535,1.1.4.RELEASE,1.1.5.RELEASE,spring-projects/spring-roo,f787ce7a18eba1d02afe20d457eb523925273efb,1
3771,Spring,ROO,2528,1.1.4.RELEASE,1.1.5.RELEASE,spring-projects/spring-roo,f787ce7a18eba1d02afe20d457eb523925273efb,1
3772,Spring,ROO,2534,1.1.4.RELEASE,1.1.5.RELEASE,spring-projects/spring-roo,f787ce7a18eba1d02afe20d457eb523925273efb,4
3773,Spring,ROO,2539,1.1.4.RELEASE,1.1.5.RELEASE,spring-projects/spring-roo,f787ce7a18eba1d02afe20d457eb523925273efb,1
3774,Spring,ROO,2550,1.1.4.RELEASE,1.1.5.RELEASE,spring-projects/spring-roo,f787ce7a18eba1d02afe20d457eb523925273efb,1
3775,Spring,ROO,2553,1.1.4.RELEASE,1.1.5.RELEASE,spring-projects/spring-roo,f787ce7a18eba1d02afe20d457eb523925273efb,1
3776,Spring,ROO,2556,1.1.4.RELEASE,1.1.5.RELEASE,spring-projects/spring-roo,f787ce7a18eba1d02afe20d457eb523925273efb,1
3777,Spring,ROO,2560,1.1.4.RELEASE,1.1.5.RELEASE,spring-projects/spring-roo,f787ce7a18eba1d02afe20d457eb523925273efb,1
3778,Spring,ROO,2562,1.1.4.RELEASE,1.1.5.RELEASE,spring-projects/spring-roo,f787ce7a18eba1d02afe20d457eb523925273efb,1
3779,Spring,ROO,2570,1.1.4.RELEASE,1.1.5.RELEASE,spring-projects/spring-roo,f787ce7a18eba1d02afe20d457eb523925273efb,1
3780,Spring,ROO,2588,1.1.4.RELEASE,1.2.0.M1,spring-projects/spring-roo,f787ce7a18eba1d02afe20d457eb523925273efb,1
3781,Spring,ROO,2585,1.1.4.RELEASE,1.2.0.M1,spring-projects/spring-roo,f787ce7a18eba1d02afe20d457eb523925273efb,4
3782,Spring,ROO,2517,1.1.4.RELEASE,1.1.5.RELEASE,spring-projects/spring-roo,f787ce7a18eba1d02afe20d457eb523925273efb,2
3783,Spring,ROO,2587,1.1.5.RELEASE,1.2.0.RC1,spring-projects/spring-roo,d3a68c3988154cb043eed54563400d5b51151d82,1
3784,Spring,ROO,2594,1.1.5.RELEASE,1.2.0.M1,spring-projects/spring-roo,d3a68c3988154cb043eed54563400d5b51151d82,1
3785,Spring,ROO,2604,1.1.5.RELEASE,1.2.0.M1,spring-projects/spring-roo,d3a68c3988154cb043eed54563400d5b51151d82,1
3786,Spring,ROO,2606,1.1.5.RELEASE,1.2.0.M1,spring-projects/spring-roo,d3a68c3988154cb043eed54563400d5b51151d82,1
3787,Spring,ROO,2584,1.1.5.RELEASE,1.2.0.M1,spring-projects/spring-roo,d3a68c3988154cb043eed54563400d5b51151d82,1
3788,Spring,ROO,2615,1.1.5.RELEASE,1.2.0.M1,spring-projects/spring-roo,d3a68c3988154cb043eed54563400d5b51151d82,1
3789,Spring,ROO,2618,1.1.5.RELEASE,1.2.0.M1,spring-projects/spring-roo,d3a68c3988154cb043eed54563400d5b51151d82,1
3790,Spring,ROO,2619,1.1.5.RELEASE,1.2.0.M1,spring-projects/spring-roo,d3a68c3988154cb043eed54563400d5b51151d82,1
3791,Spring,ROO,2612,1.1.5.RELEASE,1.2.0.M1,spring-projects/spring-roo,d3a68c3988154cb043eed54563400d5b51151d82,1
3792,Spring,ROO,2610,1.1.5.RELEASE,1.2.0.M1,spring-projects/spring-roo,d3a68c3988154cb043eed54563400d5b51151d82,1
3793,Spring,ROO,2626,1.1.5.RELEASE,1.2.0.M1,spring-projects/spring-roo,d3a68c3988154cb043eed54563400d5b51151d82,2
3794,Spring,ROO,2627,1.1.5.RELEASE,1.2.0.M1,spring-projects/spring-roo,d3a68c3988154cb043eed54563400d5b51151d82,6
3795,Spring,ROO,2603,1.1.5.RELEASE,1.2.0.M1,spring-projects/spring-roo,d3a68c3988154cb043eed54563400d5b51151d82,1
3796,Spring,ROO,2664,1.1.5.RELEASE,1.2.0.M1,spring-projects/spring-roo,d3a68c3988154cb043eed54563400d5b51151d82,1
3797,Spring,ROO,2689,1.1.5.RELEASE,1.2.0.M1,spring-projects/spring-roo,d3a68c3988154cb043eed54563400d5b51151d82,1
3798,Spring,ROO,2701,1.1.5.RELEASE,1.2.0.M1,spring-projects/spring-roo,d3a68c3988154cb043eed54563400d5b51151d82,15
3799,Spring,ROO,2690,1.1.5.RELEASE,1.2.0.M1,spring-projects/spring-roo,d3a68c3988154cb043eed54563400d5b51151d82,6
3800,Spring,ROO,2704,1.1.5.RELEASE,1.2.0.M1,spring-projects/spring-roo,d3a68c3988154cb043eed54563400d5b51151d82,1
3801,Spring,ROO,2726,1.1.5.RELEASE,1.2.0.M1,spring-projects/spring-roo,d3a68c3988154cb043eed54563400d5b51151d82,1
3802,Spring,ROO,2733,1.1.5.RELEASE,1.2.0.M1,spring-projects/spring-roo,d3a68c3988154cb043eed54563400d5b51151d82,1
3803,Spring,ROO,2747,1.1.5.RELEASE,1.2.0.M1,spring-projects/spring-roo,d3a68c3988154cb043eed54563400d5b51151d82,5
3804,Spring,ROO,2772,1.1.5.RELEASE,1.2.0.RC1,spring-projects/spring-roo,d3a68c3988154cb043eed54563400d5b51151d82,1
3805,Spring,ROO,2788,1.1.5.RELEASE,1.2.0.RC1,spring-projects/spring-roo,d3a68c3988154cb043eed54563400d5b51151d82,1
3806,Spring,ROO,2930,1.1.5.RELEASE,1.2.0.RELEASE,spring-projects/spring-roo,d3a68c3988154cb043eed54563400d5b51151d82,1
3807,Spring,ROO,2702,1.1.5.RELEASE,1.2.1.RELEASE,spring-projects/spring-roo,d3a68c3988154cb043eed54563400d5b51151d82,1
3808,Spring,ROO,2123,1.2.0.RC1,1.1.2.RELEASE,spring-projects/spring-roo,dcaa4831a46a18439f08691fd1fda0a66ad25b89,1
3809,Spring,ROO,2754,1.2.0.M1,1.2.0.RC1,spring-projects/spring-roo,1fa252ff8d05ddca244ee97c4735d87a94bb793d,2
3810,Spring,ROO,2786,1.2.0.M1,1.2.0.RC1,spring-projects/spring-roo,1fa252ff8d05ddca244ee97c4735d87a94bb793d,1
3811,Spring,ROO,2789,1.2.0.M1,1.2.0.RC1,spring-projects/spring-roo,1fa252ff8d05ddca244ee97c4735d87a94bb793d,2
3812,Spring,ROO,2792,1.2.0.M1,1.2.0.RC1,spring-projects/spring-roo,1fa252ff8d05ddca244ee97c4735d87a94bb793d,1
3813,Spring,ROO,2794,1.2.0.M1,1.2.0.RC1,spring-projects/spring-roo,1fa252ff8d05ddca244ee97c4735d87a94bb793d,8
3814,Spring,ROO,2802,1.2.0.M1,1.2.0.RC1,spring-projects/spring-roo,1fa252ff8d05ddca244ee97c4735d87a94bb793d,6
3815,Spring,ROO,2816,1.2.0.M1,1.2.0.RC1,spring-projects/spring-roo,1fa252ff8d05ddca244ee97c4735d87a94bb793d,2
3816,Spring,ROO,2819,1.2.0.M1,1.2.0.RC1,spring-projects/spring-roo,1fa252ff8d05ddca244ee97c4735d87a94bb793d,7
3817,Spring,ROO,2784,1.2.0.M1,1.2.0.RC1,spring-projects/spring-roo,1fa252ff8d05ddca244ee97c4735d87a94bb793d,5
3818,Spring,ROO,2806,1.2.0.M1,1.2.0.RC1,spring-projects/spring-roo,1fa252ff8d05ddca244ee97c4735d87a94bb793d,5
3819,Spring,ROO,2818,1.2.0.M1,1.2.0.RC1,spring-projects/spring-roo,1fa252ff8d05ddca244ee97c4735d87a94bb793d,5
3820,Spring,ROO,2817,1.2.0.M1,1.2.0.RC1,spring-projects/spring-roo,1fa252ff8d05ddca244ee97c4735d87a94bb793d,1
3821,Spring,ROO,2834,1.2.0.M1,1.2.0.RC1,spring-projects/spring-roo,1fa252ff8d05ddca244ee97c4735d87a94bb793d,2
3822,Spring,ROO,2840,1.2.0.M1,1.2.0.RC1,spring-projects/spring-roo,1fa252ff8d05ddca244ee97c4735d87a94bb793d,1
3823,Spring,ROO,2845,1.2.0.M1,1.2.0.RC1,spring-projects/spring-roo,1fa252ff8d05ddca244ee97c4735d87a94bb793d,1
3824,Spring,ROO,2847,1.2.0.M1,1.2.0.RC1,spring-projects/spring-roo,1fa252ff8d05ddca244ee97c4735d87a94bb793d,1
3825,Spring,ROO,2862,1.2.0.M1,1.2.0.RC1,spring-projects/spring-roo,1fa252ff8d05ddca244ee97c4735d87a94bb793d,5
3826,Spring,ROO,2863,1.2.0.M1,1.2.0.RC1,spring-projects/spring-roo,1fa252ff8d05ddca244ee97c4735d87a94bb793d,2
3827,Spring,ROO,2866,1.2.0.M1,1.2.0.RC1,spring-projects/spring-roo,1fa252ff8d05ddca244ee97c4735d87a94bb793d,6
3828,Spring,ROO,2827,1.2.0.M1,1.2.0.RC1,spring-projects/spring-roo,1fa252ff8d05ddca244ee97c4735d87a94bb793d,2
3829,Spring,ROO,2888,1.2.0.M1,1.2.0.RC1,spring-projects/spring-roo,1fa252ff8d05ddca244ee97c4735d87a94bb793d,6
3830,Spring,ROO,2872,1.2.0.M1,1.2.0.RC1,spring-projects/spring-roo,1fa252ff8d05ddca244ee97c4735d87a94bb793d,1
3831,Spring,ROO,2907,1.2.0.M1,1.2.0.RC1,spring-projects/spring-roo,1fa252ff8d05ddca244ee97c4735d87a94bb793d,1
3832,Spring,ROO,2908,1.2.0.RELEASE,1.2.0.RC1,spring-projects/spring-roo,39eb957354ffcc7b1475ad67471e0729edc3dfd9,2
3833,Spring,ROO,2914,1.2.0.M1,1.2.0.RC1,spring-projects/spring-roo,1fa252ff8d05ddca244ee97c4735d87a94bb793d,1
3834,Spring,ROO,2918,1.2.0.M1,1.2.0.RC1,spring-projects/spring-roo,1fa252ff8d05ddca244ee97c4735d87a94bb793d,1
3835,Spring,ROO,2920,1.2.0.M1,1.2.0.RC1,spring-projects/spring-roo,1fa252ff8d05ddca244ee97c4735d87a94bb793d,1
3836,Spring,ROO,2922,1.2.0.M1,1.2.0.RC1,spring-projects/spring-roo,1fa252ff8d05ddca244ee97c4735d87a94bb793d,10
3837,Spring,ROO,2923,1.2.0.M1,1.2.0.RC1,spring-projects/spring-roo,1fa252ff8d05ddca244ee97c4735d87a94bb793d,7
3838,Spring,ROO,2924,1.2.0.M1,1.2.0.RC1,spring-projects/spring-roo,1fa252ff8d05ddca244ee97c4735d87a94bb793d,1
3839,Spring,ROO,2935,1.2.0.RC1,1.2.0.RELEASE,spring-projects/spring-roo,dcaa4831a46a18439f08691fd1fda0a66ad25b89,1
3840,Spring,ROO,2929,1.2.0.M1,1.2.0.RELEASE,spring-projects/spring-roo,1fa252ff8d05ddca244ee97c4735d87a94bb793d,1
3841,Spring,ROO,2940,1.2.0.RC1,1.2.0.RELEASE,spring-projects/spring-roo,dcaa4831a46a18439f08691fd1fda0a66ad25b89,1
3842,Spring,ROO,2932,1.2.0.RC1,1.2.0.RELEASE,spring-projects/spring-roo,dcaa4831a46a18439f08691fd1fda0a66ad25b89,10
3843,Spring,ROO,2941,1.2.0.RC1,1.2.0.RELEASE,spring-projects/spring-roo,dcaa4831a46a18439f08691fd1fda0a66ad25b89,1
3844,Spring,ROO,2947,1.2.0.M1,1.2.0.RELEASE,spring-projects/spring-roo,1fa252ff8d05ddca244ee97c4735d87a94bb793d,1
3845,Spring,ROO,2931,1.2.0.RC1,1.2.0.RELEASE,spring-projects/spring-roo,dcaa4831a46a18439f08691fd1fda0a66ad25b89,2
3846,Spring,ROO,2948,1.2.0.RC1,1.2.0.RELEASE,spring-projects/spring-roo,dcaa4831a46a18439f08691fd1fda0a66ad25b89,2
3847,Spring,ROO,2953,1.2.0.RC1,1.2.0.RELEASE,spring-projects/spring-roo,dcaa4831a46a18439f08691fd1fda0a66ad25b89,1
3848,Spring,ROO,2925,1.2.0.RC1,1.2.0.RELEASE,spring-projects/spring-roo,dcaa4831a46a18439f08691fd1fda0a66ad25b89,17
3849,Spring,ROO,2954,1.2.0.M1,1.2.0.RELEASE,spring-projects/spring-roo,1fa252ff8d05ddca244ee97c4735d87a94bb793d,3
3850,Spring,ROO,2844,1.2.0.RC1,1.2.0.RELEASE,spring-projects/spring-roo,dcaa4831a46a18439f08691fd1fda0a66ad25b89,1
3851,Spring,ROO,2957,1.2.0.RC1,1.2.0.RELEASE,spring-projects/spring-roo,dcaa4831a46a18439f08691fd1fda0a66ad25b89,1
3852,Spring,ROO,2965,1.2.0.RC1,1.2.0.RELEASE,spring-projects/spring-roo,dcaa4831a46a18439f08691fd1fda0a66ad25b89,1
3853,Spring,ROO,2966,1.2.0.RC1,1.2.0.RELEASE,spring-projects/spring-roo,dcaa4831a46a18439f08691fd1fda0a66ad25b89,1
3854,Spring,ROO,2967,1.2.0.RC1,1.2.0.RELEASE,spring-projects/spring-roo,dcaa4831a46a18439f08691fd1fda0a66ad25b89,1
3855,Spring,ROO,2969,1.2.0.RC1,1.2.0.RELEASE,spring-projects/spring-roo,dcaa4831a46a18439f08691fd1fda0a66ad25b89,4
3856,Spring,ROO,2972,1.2.0.RC1,1.2.0.RELEASE,spring-projects/spring-roo,dcaa4831a46a18439f08691fd1fda0a66ad25b89,1
3857,Spring,ROO,2974,1.2.0.M1,1.2.0.RELEASE,spring-projects/spring-roo,1fa252ff8d05ddca244ee97c4735d87a94bb793d,1
3858,Spring,ROO,2975,1.2.0.RC1,1.2.0.RELEASE,spring-projects/spring-roo,dcaa4831a46a18439f08691fd1fda0a66ad25b89,1
3859,Spring,ROO,2978,1.2.0.RELEASE,1.2.1.RELEASE,spring-projects/spring-roo,39eb957354ffcc7b1475ad67471e0729edc3dfd9,6
3860,Spring,ROO,3111,1.2.1.RELEASE,1.2.2.RELEASE,spring-projects/spring-roo,6eae723fc884f3605295ef99ae14340167b4a3ea,4
3861,Spring,ROO,3447,1.2.4.RELEASE,2.0.0.M2,spring-projects/spring-roo,75337cf461f5fb56d99b1704e670367ccdc4388a,1
3862,Spring,ROO,3505,1.2.5.RELEASE,1.3.0.RELEASE,spring-projects/spring-roo,8341dc23d63cb5192f3dc799a2acc14629255b01,124
3863,Spring,SEC,281,1.0.0,1.0.1,spring-projects/spring-security,1849597775bbdc8883651815f9964c7836dbe249,2
3864,Spring,SEC,303,1.0.0,1.0.1,spring-projects/spring-security,1849597775bbdc8883651815f9964c7836dbe249,1
3865,Spring,SEC,311,1.0.0,1.0.2,spring-projects/spring-security,1849597775bbdc8883651815f9964c7836dbe249,3
3866,Spring,SEC,293,1.0.0,1.0.2,spring-projects/spring-security,1849597775bbdc8883651815f9964c7836dbe249,1
3867,Spring,SEC,341,1.0.0,1.0.2,spring-projects/spring-security,1849597775bbdc8883651815f9964c7836dbe249,1
3868,Spring,SEC,297,1.0.0,1.0.2,spring-projects/spring-security,1849597775bbdc8883651815f9964c7836dbe249,3
3869,Spring,SEC,395,1.0.0,1.0.4,spring-projects/spring-security,1849597775bbdc8883651815f9964c7836dbe249,2
3870,Spring,SEC,305,1.0.0,1.0.4,spring-projects/spring-security,1849597775bbdc8883651815f9964c7836dbe249,2
3871,Spring,SEC,321,1.0.1,1.0.2,spring-projects/spring-security,1bc1196baafca4f8488b37c131b78e09995c5ceb,2
3872,Spring,SEC,350,1.0.1,1.0.2,spring-projects/spring-security,1bc1196baafca4f8488b37c131b78e09995c5ceb,1
3873,Spring,SEC,290,1.0.1,1.0.2,spring-projects/spring-security,1bc1196baafca4f8488b37c131b78e09995c5ceb,2
3874,Spring,SEC,328,1.0.1,1.0.2,spring-projects/spring-security,1bc1196baafca4f8488b37c131b78e09995c5ceb,1
3875,Spring,SEC,349,1.0.1,1.0.2,spring-projects/spring-security,1bc1196baafca4f8488b37c131b78e09995c5ceb,2
3876,Spring,SEC,330,1.0.1,1.0.2,spring-projects/spring-security,1bc1196baafca4f8488b37c131b78e09995c5ceb,1
3877,Spring,SEC,324,1.0.1,1.0.2,spring-projects/spring-security,1bc1196baafca4f8488b37c131b78e09995c5ceb,1
3878,Spring,SEC,338,1.0.1,1.0.2,spring-projects/spring-security,1bc1196baafca4f8488b37c131b78e09995c5ceb,16
3879,Spring,SEC,348,1.0.1,1.0.2,spring-projects/spring-security,1bc1196baafca4f8488b37c131b78e09995c5ceb,1
3880,Spring,SEC,361,1.0.1,1.0.3,spring-projects/spring-security,1bc1196baafca4f8488b37c131b78e09995c5ceb,2
3881,Spring,SEC,364,1.0.1,1.0.3,spring-projects/spring-security,1bc1196baafca4f8488b37c131b78e09995c5ceb,1
3882,Spring,SEC,355,1.0.1,1.0.3,spring-projects/spring-security,1bc1196baafca4f8488b37c131b78e09995c5ceb,3
3883,Spring,SEC,359,1.0.1,1.0.3,spring-projects/spring-security,1bc1196baafca4f8488b37c131b78e09995c5ceb,1
3884,Spring,SEC,356,1.0.1,1.0.3,spring-projects/spring-security,1bc1196baafca4f8488b37c131b78e09995c5ceb,1
3885,Spring,SEC,378,1.0.1,1.0.3,spring-projects/spring-security,1bc1196baafca4f8488b37c131b78e09995c5ceb,2
3886,Spring,SEC,322,1.0.1,1.0.3,spring-projects/spring-security,1bc1196baafca4f8488b37c131b78e09995c5ceb,1
3887,Spring,SEC,444,1.0.1,1.0.4,spring-projects/spring-security,1bc1196baafca4f8488b37c131b78e09995c5ceb,2
3888,Spring,SEC,423,1.0.1,1.0.4,spring-projects/spring-security,1bc1196baafca4f8488b37c131b78e09995c5ceb,1
3889,Spring,SEC,375,1.0.2,1.0.3,spring-projects/spring-security,459b1d1cde8d148cee79b7838115be133d91e1e6,2
3890,Spring,SEC,371,1.0.2,1.0.3,spring-projects/spring-security,459b1d1cde8d148cee79b7838115be133d91e1e6,1
3891,Spring,SEC,401,1.0.3,1.0.4,spring-projects/spring-security,6fe569556c0f5a60d8413c128ab01bb9710a5c69,2
3892,Spring,SEC,404,1.0.3,1.0.4,spring-projects/spring-security,6fe569556c0f5a60d8413c128ab01bb9710a5c69,1
3893,Spring,SEC,407,1.0.3,1.0.4,spring-projects/spring-security,6fe569556c0f5a60d8413c128ab01bb9710a5c69,1
3894,Spring,SEC,433,1.0.3,1.0.4,spring-projects/spring-security,6fe569556c0f5a60d8413c128ab01bb9710a5c69,1
3895,Spring,SEC,464,1.0.3,1.0.4,spring-projects/spring-security,6fe569556c0f5a60d8413c128ab01bb9710a5c69,1
3896,Spring,SEC,438,1.0.3,1.0.4,spring-projects/spring-security,6fe569556c0f5a60d8413c128ab01bb9710a5c69,1
3897,Spring,SEC,478,1.0.3,1.0.4,spring-projects/spring-security,6fe569556c0f5a60d8413c128ab01bb9710a5c69,1
3898,Spring,SEC,474,1.0.3,1.0.4,spring-projects/spring-security,6fe569556c0f5a60d8413c128ab01bb9710a5c69,1
3899,Spring,SEC,461,1.0.3,1.0.4,spring-projects/spring-security,6fe569556c0f5a60d8413c128ab01bb9710a5c69,1
3900,Spring,SEC,459,1.0.3,1.0.4,spring-projects/spring-security,6fe569556c0f5a60d8413c128ab01bb9710a5c69,1
3901,Spring,SEC,453,1.0.3,1.0.4,spring-projects/spring-security,6fe569556c0f5a60d8413c128ab01bb9710a5c69,1
3902,Spring,SEC,439,1.0.3,1.0.4,spring-projects/spring-security,6fe569556c0f5a60d8413c128ab01bb9710a5c69,1
3903,Spring,SEC,451,1.0.3,1.0.4,spring-projects/spring-security,6fe569556c0f5a60d8413c128ab01bb9710a5c69,2
3904,Spring,SEC,411,1.0.3,1.0.4,spring-projects/spring-security,6fe569556c0f5a60d8413c128ab01bb9710a5c69,3
3905,Spring,SEC,419,1.0.3,1.0.4,spring-projects/spring-security,6fe569556c0f5a60d8413c128ab01bb9710a5c69,1
3906,Spring,SEC,512,1.0.3,1.0.5,spring-projects/spring-security,6fe569556c0f5a60d8413c128ab01bb9710a5c69,2
3907,Spring,SEC,502,1.0.3,1.0.5,spring-projects/spring-security,6fe569556c0f5a60d8413c128ab01bb9710a5c69,2
3908,Spring,SEC,408,1.0.3,1.0.5,spring-projects/spring-security,6fe569556c0f5a60d8413c128ab01bb9710a5c69,1
3909,Spring,SEC,549,1.0.3,1.0.6,spring-projects/spring-security,6fe569556c0f5a60d8413c128ab01bb9710a5c69,2
3910,Spring,SEC,522,1.0.4,1.0.5,spring-projects/spring-security,6833b1c348199cb666e3738b634266dc20431319,1
3911,Spring,SEC,518,1.0.4,1.0.5,spring-projects/spring-security,6833b1c348199cb666e3738b634266dc20431319,9
3912,Spring,SEC,506,1.0.4,1.0.5,spring-projects/spring-security,6833b1c348199cb666e3738b634266dc20431319,4
3913,Spring,SEC,501,1.0.4,1.0.5,spring-projects/spring-security,6833b1c348199cb666e3738b634266dc20431319,2
3914,Spring,SEC,500,1.0.4,1.0.5,spring-projects/spring-security,6833b1c348199cb666e3738b634266dc20431319,1
3915,Spring,SEC,484,1.0.4,1.0.5,spring-projects/spring-security,6833b1c348199cb666e3738b634266dc20431319,2
3916,Spring,SEC,557,1.0.5,1.0.6,spring-projects/spring-security,ac30552c423d7de759cbccf681c722202e6bc97c,1
3917,Spring,SEC,636,2.0.0.M1,2.0.0.M2,spring-projects/spring-security,d37c82e7b08db696bf18426521dc4497b0c73750,1
3918,Spring,SEC,630,2.0.0.M1,2.0.0.M2,spring-projects/spring-security,d37c82e7b08db696bf18426521dc4497b0c73750,2
3919,Spring,SEC,643,2.0.0.M1,2.0.0.M2,spring-projects/spring-security,d37c82e7b08db696bf18426521dc4497b0c73750,1
3920,Spring,SEC,644,2.0.0.M1,2.0.0.M2,spring-projects/spring-security,d37c82e7b08db696bf18426521dc4497b0c73750,1
3921,Spring,SEC,662,2.0.0.M1,2.0.0.M2,spring-projects/spring-security,d37c82e7b08db696bf18426521dc4497b0c73750,1
3922,Spring,SEC,725,2.0.0.M2,2.0.0.RC1,spring-projects/spring-security,df17a2d885dfa85bb1a339bb2a491a852586f605,2
3923,Spring,SEC,676,2.0.0.M1,2.0.0,spring-projects/spring-security,d37c82e7b08db696bf18426521dc4497b0c73750,2
3924,Spring,SEC,655,2.0.0.M1,2.0.0,spring-projects/spring-security,d37c82e7b08db696bf18426521dc4497b0c73750,3
3925,Spring,SEC,754,2.0.0.RC1,2.0.0,spring-projects/spring-security,99e3a5d715ea1e210d5a180f708b80bf75070d48,3
3926,Spring,SEC,750,2.0.0.RC1,2.0.0,spring-projects/spring-security,99e3a5d715ea1e210d5a180f708b80bf75070d48,5
3927,Spring,SEC,768,2.0.0.RC1,2.0.0,spring-projects/spring-security,99e3a5d715ea1e210d5a180f708b80bf75070d48,1
3928,Spring,SEC,773,2.0.0,2.0.1,spring-projects/spring-security,973fdf69f2593ed42198d5a7ef9d0497ffb7c074,3
3929,Spring,SEC,788,2.0.0,2.0.1,spring-projects/spring-security,973fdf69f2593ed42198d5a7ef9d0497ffb7c074,1
3930,Spring,SEC,783,2.0.0,2.0.1,spring-projects/spring-security,973fdf69f2593ed42198d5a7ef9d0497ffb7c074,5
3931,Spring,SEC,787,2.0.0,2.0.1,spring-projects/spring-security,973fdf69f2593ed42198d5a7ef9d0497ffb7c074,3
3932,Spring,SEC,809,2.0.0,2.0.2,spring-projects/spring-security,973fdf69f2593ed42198d5a7ef9d0497ffb7c074,1
3933,Spring,SEC,792,2.0.0,2.0.1,spring-projects/spring-security,973fdf69f2593ed42198d5a7ef9d0497ffb7c074,12
3934,Spring,SEC,793,2.0.0,2.0.1,spring-projects/spring-security,973fdf69f2593ed42198d5a7ef9d0497ffb7c074,2
3935,Spring,SEC,1224,2.0.0,3.0.0.RC1,spring-projects/spring-security,973fdf69f2593ed42198d5a7ef9d0497ffb7c074,3
3936,Spring,SEC,818,2.0.1,2.0.2,spring-projects/spring-security,a899084581b7fe2bccf4733f7c5c97d4accec264,7
3937,Spring,SEC,817,2.0.1,2.0.2,spring-projects/spring-security,a899084581b7fe2bccf4733f7c5c97d4accec264,3
3938,Spring,SEC,822,2.0.1,2.0.2,spring-projects/spring-security,a899084581b7fe2bccf4733f7c5c97d4accec264,2
3939,Spring,SEC,837,2.0.1,2.0.2,spring-projects/spring-security,a899084581b7fe2bccf4733f7c5c97d4accec264,4
3940,Spring,SEC,835,2.0.1,2.0.2,spring-projects/spring-security,a899084581b7fe2bccf4733f7c5c97d4accec264,1
3941,Spring,SEC,850,2.0.1,2.0.2,spring-projects/spring-security,a899084581b7fe2bccf4733f7c5c97d4accec264,2
3942,Spring,SEC,856,2.0.1,2.0.2,spring-projects/spring-security,a899084581b7fe2bccf4733f7c5c97d4accec264,1
3943,Spring,SEC,864,2.0.1,2.0.2,spring-projects/spring-security,a899084581b7fe2bccf4733f7c5c97d4accec264,1
3944,Spring,SEC,819,2.0.1,2.0.3,spring-projects/spring-security,a899084581b7fe2bccf4733f7c5c97d4accec264,4
3945,Spring,SEC,831,2.0.1,2.0.3,spring-projects/spring-security,a899084581b7fe2bccf4733f7c5c97d4accec264,2
3946,Spring,SEC,832,2.0.1,2.0.4,spring-projects/spring-security,a899084581b7fe2bccf4733f7c5c97d4accec264,1
3947,Spring,SEC,875,2.0.2,2.0.3,spring-projects/spring-security,45253ca148e9d2bf6fca32af323e315c3510b558,2
3948,Spring,SEC,880,2.0.2,2.0.3,spring-projects/spring-security,45253ca148e9d2bf6fca32af323e315c3510b558,1
3949,Spring,SEC,890,2.0.2,2.0.3,spring-projects/spring-security,45253ca148e9d2bf6fca32af323e315c3510b558,2
3950,Spring,SEC,892,2.0.2,2.0.3,spring-projects/spring-security,45253ca148e9d2bf6fca32af323e315c3510b558,2
3951,Spring,SEC,896,2.0.2,2.0.4,spring-projects/spring-security,45253ca148e9d2bf6fca32af323e315c3510b558,1
3952,Spring,SEC,953,2.0.2,2.0.4,spring-projects/spring-security,45253ca148e9d2bf6fca32af323e315c3510b558,4
3953,Spring,SEC,913,2.0.3,2.0.4,spring-projects/spring-security,d6d9bc9d6b4c2cbb94a7efbf8d8407e3c35dc0c2,2
3954,Spring,SEC,903,2.0.3,2.0.4,spring-projects/spring-security,d6d9bc9d6b4c2cbb94a7efbf8d8407e3c35dc0c2,2
3955,Spring,SEC,899,2.0.3,2.0.4,spring-projects/spring-security,d6d9bc9d6b4c2cbb94a7efbf8d8407e3c35dc0c2,2
3956,Spring,SEC,923,2.0.3,2.0.4,spring-projects/spring-security,d6d9bc9d6b4c2cbb94a7efbf8d8407e3c35dc0c2,4
3957,Spring,SEC,943,2.0.3,2.0.4,spring-projects/spring-security,d6d9bc9d6b4c2cbb94a7efbf8d8407e3c35dc0c2,1
3958,Spring,SEC,947,2.0.3,2.0.4,spring-projects/spring-security,d6d9bc9d6b4c2cbb94a7efbf8d8407e3c35dc0c2,1
3959,Spring,SEC,936,2.0.3,2.0.4,spring-projects/spring-security,d6d9bc9d6b4c2cbb94a7efbf8d8407e3c35dc0c2,3
3960,Spring,SEC,960,2.0.3,2.0.4,spring-projects/spring-security,d6d9bc9d6b4c2cbb94a7efbf8d8407e3c35dc0c2,2
3961,Spring,SEC,975,2.0.3,2.0.5.RELEASE,spring-projects/spring-security,d6d9bc9d6b4c2cbb94a7efbf8d8407e3c35dc0c2,2
3962,Spring,SEC,992,2.0.3,3.0.0.M1,spring-projects/spring-security,d6d9bc9d6b4c2cbb94a7efbf8d8407e3c35dc0c2,1
3963,Spring,SEC,925,2.0.3,3.0.0.RC1,spring-projects/spring-security,d6d9bc9d6b4c2cbb94a7efbf8d8407e3c35dc0c2,3
3964,Spring,SEC,1006,2.0.4,3.0.0.M1,spring-projects/spring-security,37fb78baf8b50bf38f2e3e37e707a821352a28fe,1
3965,Spring,SEC,1143,2.0.4,3.0.0.M1,spring-projects/spring-security,37fb78baf8b50bf38f2e3e37e707a821352a28fe,3
3966,Spring,SEC,1121,2.0.4,3.0.0.M1,spring-projects/spring-security,37fb78baf8b50bf38f2e3e37e707a821352a28fe,1
3967,Spring,SEC,1145,2.0.4,2.0.5.RELEASE,spring-projects/spring-security,37fb78baf8b50bf38f2e3e37e707a821352a28fe,1
3968,Spring,SEC,1151,2.0.5.RELEASE,3.0.0.M1,spring-projects/spring-security,4361211c218a0394fd7b7b74078d999fc8aafcc8,2
3969,Spring,SEC,1300,2.0.5.RELEASE,3.0.0.RC2,spring-projects/spring-security,4361211c218a0394fd7b7b74078d999fc8aafcc8,2
3970,Spring,SEC,1308,2.0.5.RELEASE,3.0.0.RC2,spring-projects/spring-security,4361211c218a0394fd7b7b74078d999fc8aafcc8,3
3971,Spring,SEC,1520,2.0.5.RELEASE,3.1.0.M1,spring-projects/spring-security,4361211c218a0394fd7b7b74078d999fc8aafcc8,2
3972,Spring,SEC,1223,3.0.0.M1,3.0.0.M2,spring-projects/spring-security,751ab1886bd0d4ff7c08144e2cd00f9a12e055f4,1
3973,Spring,SEC,1236,3.0.0.M1,3.0.0.RC1,spring-projects/spring-security,751ab1886bd0d4ff7c08144e2cd00f9a12e055f4,2
3974,Spring,SEC,1241,3.0.0.M2,3.0.0.RC1,spring-projects/spring-security,0e5aa7008de42498aef849ac702dbaa4bafe5abf,2
3975,Spring,SEC,1240,3.0.0.M2,3.0.0.RC1,spring-projects/spring-security,0e5aa7008de42498aef849ac702dbaa4bafe5abf,1
3976,Spring,SEC,1242,3.0.0.M2,3.0.0.RC1,spring-projects/spring-security,0e5aa7008de42498aef849ac702dbaa4bafe5abf,1
3977,Spring,SEC,1269,3.0.0.RC1,3.0.0.RC2,spring-projects/spring-security,48cd912607bb0ab3c987439353a7ee309f101cf0,3
3978,Spring,SEC,1282,3.0.0.RC1,3.0.0.RC2,spring-projects/spring-security,48cd912607bb0ab3c987439353a7ee309f101cf0,1
3979,Spring,SEC,1281,3.0.0.RC1,3.0.0.RC2,spring-projects/spring-security,48cd912607bb0ab3c987439353a7ee309f101cf0,3
3980,Spring,SEC,1280,3.0.0.RC1,3.0.0.RC2,spring-projects/spring-security,48cd912607bb0ab3c987439353a7ee309f101cf0,2
3981,Spring,SEC,1283,3.0.0.RC1,3.0.0.RC2,spring-projects/spring-security,48cd912607bb0ab3c987439353a7ee309f101cf0,2
3982,Spring,SEC,1289,3.0.0.RC1,3.0.0.RC2,spring-projects/spring-security,48cd912607bb0ab3c987439353a7ee309f101cf0,3
3983,Spring,SEC,1272,3.0.0.RC1,3.0.0.RC2,spring-projects/spring-security,48cd912607bb0ab3c987439353a7ee309f101cf0,3
3984,Spring,SEC,1287,3.0.0.RC1,3.0.0.RC2,spring-projects/spring-security,48cd912607bb0ab3c987439353a7ee309f101cf0,2
3985,Spring,SEC,1286,3.0.0.RC1,3.0.0.RC2,spring-projects/spring-security,48cd912607bb0ab3c987439353a7ee309f101cf0,1
3986,Spring,SEC,1306,3.0.0.RC1,3.0.0.RC2,spring-projects/spring-security,48cd912607bb0ab3c987439353a7ee309f101cf0,1
3987,Spring,SEC,1295,3.0.0.RC1,3.0.0.RC2,spring-projects/spring-security,48cd912607bb0ab3c987439353a7ee309f101cf0,1
3988,Spring,SEC,1317,3.0.0.RC1,3.0.0.RC2,spring-projects/spring-security,48cd912607bb0ab3c987439353a7ee309f101cf0,3
3989,Spring,SEC,1333,3.0.0.RC2,3.0.0.RELEASE,spring-projects/spring-security,f2cf17bd4970220d5e8dc08a5a79593210b8d18c,1
3990,Spring,SEC,1342,3.0.0.RC2,3.0.1.RELEASE,spring-projects/spring-security,f2cf17bd4970220d5e8dc08a5a79593210b8d18c,3
3991,Spring,SEC,1346,3.0.0.RELEASE,3.0.1.RELEASE,spring-projects/spring-security,9c696df36e9d3e327cb827a200572a0ee822cdcc,5
3992,Spring,SEC,1353,3.0.0.RELEASE,3.0.1.RELEASE,spring-projects/spring-security,9c696df36e9d3e327cb827a200572a0ee822cdcc,5
3993,Spring,SEC,1357,3.0.0.RELEASE,3.0.1.RELEASE,spring-projects/spring-security,9c696df36e9d3e327cb827a200572a0ee822cdcc,1
3994,Spring,SEC,1358,3.0.0.RELEASE,3.0.1.RELEASE,spring-projects/spring-security,9c696df36e9d3e327cb827a200572a0ee822cdcc,1
3995,Spring,SEC,1359,3.0.0.RELEASE,3.0.1.RELEASE,spring-projects/spring-security,9c696df36e9d3e327cb827a200572a0ee822cdcc,2
3996,Spring,SEC,1364,3.0.0.RELEASE,3.0.1.RELEASE,spring-projects/spring-security,9c696df36e9d3e327cb827a200572a0ee822cdcc,2
3997,Spring,SEC,1367,3.0.0.RELEASE,3.0.1.RELEASE,spring-projects/spring-security,9c696df36e9d3e327cb827a200572a0ee822cdcc,2
3998,Spring,SEC,1361,3.0.0.RELEASE,3.0.1.RELEASE,spring-projects/spring-security,9c696df36e9d3e327cb827a200572a0ee822cdcc,2
3999,Spring,SEC,1366,3.0.0.RELEASE,3.0.1.RELEASE,spring-projects/spring-security,9c696df36e9d3e327cb827a200572a0ee822cdcc,2
4000,Spring,SEC,1365,3.0.0.RELEASE,3.0.1.RELEASE,spring-projects/spring-security,9c696df36e9d3e327cb827a200572a0ee822cdcc,2
4001,Spring,SEC,1360,3.0.0.RELEASE,3.0.1.RELEASE,spring-projects/spring-security,9c696df36e9d3e327cb827a200572a0ee822cdcc,2
4002,Spring,SEC,1363,3.0.0.RELEASE,3.0.1.RELEASE,spring-projects/spring-security,9c696df36e9d3e327cb827a200572a0ee822cdcc,2
4003,Spring,SEC,1369,3.0.0.RELEASE,3.0.1.RELEASE,spring-projects/spring-security,9c696df36e9d3e327cb827a200572a0ee822cdcc,9
4004,Spring,SEC,1372,3.0.0.RELEASE,3.0.2.RELEASE,spring-projects/spring-security,9c696df36e9d3e327cb827a200572a0ee822cdcc,3
4005,Spring,SEC,1392,3.0.0.RELEASE,3.0.2.RELEASE,spring-projects/spring-security,9c696df36e9d3e327cb827a200572a0ee822cdcc,3
4006,Spring,SEC,1404,3.0.0.RELEASE,3.0.2.RELEASE,spring-projects/spring-security,9c696df36e9d3e327cb827a200572a0ee822cdcc,4
4007,Spring,SEC,1446,3.0.0.RELEASE,3.1.0.M1,spring-projects/spring-security,9c696df36e9d3e327cb827a200572a0ee822cdcc,2
4008,Spring,SEC,1455,3.0.0.RELEASE,3.1.0.M1,spring-projects/spring-security,9c696df36e9d3e327cb827a200572a0ee822cdcc,1
4009,Spring,SEC,1722,3.0.0.RELEASE,3.1.0.RC2,spring-projects/spring-security,9c696df36e9d3e327cb827a200572a0ee822cdcc,1
4010,Spring,SEC,1380,3.0.1.RELEASE,3.0.2.RELEASE,spring-projects/spring-security,05634f97dc032e14224717968fcd453fbaeede96,2
4011,Spring,SEC,1395,3.0.1.RELEASE,3.0.2.RELEASE,spring-projects/spring-security,05634f97dc032e14224717968fcd453fbaeede96,2
4012,Spring,SEC,1390,3.0.1.RELEASE,3.0.2.RELEASE,spring-projects/spring-security,05634f97dc032e14224717968fcd453fbaeede96,1
4013,Spring,SEC,1384,3.0.1.RELEASE,3.0.2.RELEASE,spring-projects/spring-security,05634f97dc032e14224717968fcd453fbaeede96,1
4014,Spring,SEC,1412,3.0.1.RELEASE,3.0.2.RELEASE,spring-projects/spring-security,05634f97dc032e14224717968fcd453fbaeede96,2
4015,Spring,SEC,1410,3.0.1.RELEASE,3.0.2.RELEASE,spring-projects/spring-security,05634f97dc032e14224717968fcd453fbaeede96,2
4016,Spring,SEC,1448,3.0.1.RELEASE,3.1.0.M1,spring-projects/spring-security,05634f97dc032e14224717968fcd453fbaeede96,2
4017,Spring,SEC,1454,3.0.1.RELEASE,3.1.0.M1,spring-projects/spring-security,05634f97dc032e14224717968fcd453fbaeede96,1
4018,Spring,SEC,1413,3.0.1.RELEASE,3.1.0.M1,spring-projects/spring-security,05634f97dc032e14224717968fcd453fbaeede96,3
4019,Spring,SEC,1133,3.0.1.RELEASE,3.1.0.M1,spring-projects/spring-security,05634f97dc032e14224717968fcd453fbaeede96,4
4020,Spring,SEC,1561,3.0.1.RELEASE,3.1.0.M2,spring-projects/spring-security,05634f97dc032e14224717968fcd453fbaeede96,1
4021,Spring,SEC,1661,3.0.1.RELEASE,3.1.0.RC1,spring-projects/spring-security,05634f97dc032e14224717968fcd453fbaeede96,3
4022,Spring,SEC,1425,3.0.2.RELEASE,3.1.0.M1,spring-projects/spring-security,44f45d21f05750d4a6b99769c77d93291227c57e,2
4023,Spring,SEC,1432,3.0.2.RELEASE,3.1.0.M1,spring-projects/spring-security,44f45d21f05750d4a6b99769c77d93291227c57e,3
4024,Spring,SEC,1439,3.0.2.RELEASE,3.1.0.M1,spring-projects/spring-security,44f45d21f05750d4a6b99769c77d93291227c57e,1
4025,Spring,SEC,1443,3.0.2.RELEASE,3.1.0.M1,spring-projects/spring-security,44f45d21f05750d4a6b99769c77d93291227c57e,1
4026,Spring,SEC,1444,3.0.2.RELEASE,3.1.0.M1,spring-projects/spring-security,44f45d21f05750d4a6b99769c77d93291227c57e,4
4027,Spring,SEC,1480,3.0.2.RELEASE,3.1.0.M1,spring-projects/spring-security,44f45d21f05750d4a6b99769c77d93291227c57e,2
4028,Spring,SEC,1500,3.0.2.RELEASE,3.1.0.M1,spring-projects/spring-security,44f45d21f05750d4a6b99769c77d93291227c57e,4
4029,Spring,SEC,1501,3.0.2.RELEASE,3.1.0.M1,spring-projects/spring-security,44f45d21f05750d4a6b99769c77d93291227c57e,1
4030,Spring,SEC,1507,3.0.2.RELEASE,3.1.0.M1,spring-projects/spring-security,44f45d21f05750d4a6b99769c77d93291227c57e,2
4031,Spring,SEC,1521,3.0.2.RELEASE,3.1.0.M1,spring-projects/spring-security,44f45d21f05750d4a6b99769c77d93291227c57e,1
4032,Spring,SEC,1543,3.0.2.RELEASE,3.1.0.M2,spring-projects/spring-security,44f45d21f05750d4a6b99769c77d93291227c57e,1
4033,Spring,SEC,1592,3.0.2.RELEASE,3.1.0.RC1,spring-projects/spring-security,44f45d21f05750d4a6b99769c77d93291227c57e,2
4034,Spring,SEC,1519,3.0.3.RELEASE,3.1.0.M1,spring-projects/spring-security,9b0c21dfefafd301f061ee21ef6197416f7f9a85,1
4035,Spring,SEC,1578,3.0.3.RELEASE,3.1.0.M2,spring-projects/spring-security,9b0c21dfefafd301f061ee21ef6197416f7f9a85,2
4036,Spring,SEC,1577,3.0.3.RELEASE,3.0.4.RELEASE,spring-projects/spring-security,9b0c21dfefafd301f061ee21ef6197416f7f9a85,2
4037,Spring,SEC,1583,3.0.3.RELEASE,3.1.0.M2,spring-projects/spring-security,9b0c21dfefafd301f061ee21ef6197416f7f9a85,2
4038,Spring,SEC,1590,3.0.3.RELEASE,3.1.0.M2,spring-projects/spring-security,9b0c21dfefafd301f061ee21ef6197416f7f9a85,1
4039,Spring,SEC,1587,3.0.3.RELEASE,3.1.0.M2,spring-projects/spring-security,9b0c21dfefafd301f061ee21ef6197416f7f9a85,2
4040,Spring,SEC,1545,3.0.3.RELEASE,3.1.0.RC1,spring-projects/spring-security,9b0c21dfefafd301f061ee21ef6197416f7f9a85,7
4041,Spring,SEC,1607,3.0.4.RELEASE,3.1.0.M2,spring-projects/spring-security,82d140ffb1173d9176cf9382358f1861b74989e6,1
4042,Spring,SEC,1608,3.0.4.RELEASE,3.1.0.M2,spring-projects/spring-security,82d140ffb1173d9176cf9382358f1861b74989e6,2
4043,Spring,SEC,1614,3.0.4.RELEASE,3.1.0.M2,spring-projects/spring-security,82d140ffb1173d9176cf9382358f1861b74989e6,2
4044,Spring,SEC,1701,3.0.4.RELEASE,3.1.0.RC2,spring-projects/spring-security,82d140ffb1173d9176cf9382358f1861b74989e6,2
4045,Spring,SEC,1670,3.0.5.RELEASE,3.1.0.RC1,spring-projects/spring-security,90304f64c63562ab20c24c5f014a7f55d7d883d2,4
4046,Spring,SEC,1705,3.0.5.RELEASE,3.1.0.RC2,spring-projects/spring-security,90304f64c63562ab20c24c5f014a7f55d7d883d2,1
4047,Spring,SEC,1768,3.0.5.RELEASE,3.0.6.RELEASE,spring-projects/spring-security,90304f64c63562ab20c24c5f014a7f55d7d883d2,4
4048,Spring,SEC,1782,3.0.5.RELEASE,3.0.6.RELEASE,spring-projects/spring-security,90304f64c63562ab20c24c5f014a7f55d7d883d2,1
4049,Spring,SEC,1772,3.0.5.RELEASE,3.1.0.RC3,spring-projects/spring-security,90304f64c63562ab20c24c5f014a7f55d7d883d2,1
4050,Spring,SEC,1792,3.0.5.RELEASE,3.1.0.RC3,spring-projects/spring-security,90304f64c63562ab20c24c5f014a7f55d7d883d2,2
4051,Spring,SEC,1790,3.0.5.RELEASE,3.1.0.RC3,spring-projects/spring-security,90304f64c63562ab20c24c5f014a7f55d7d883d2,1
4052,Spring,SEC,1795,3.0.5.RELEASE,3.1.0.RC3,spring-projects/spring-security,90304f64c63562ab20c24c5f014a7f55d7d883d2,2
4053,Spring,SEC,1802,3.0.5.RELEASE,3.1.0.RELEASE,spring-projects/spring-security,90304f64c63562ab20c24c5f014a7f55d7d883d2,2
4054,Spring,SEC,1735,3.0.5.RELEASE,3.0.8.RELEASE,spring-projects/spring-security,90304f64c63562ab20c24c5f014a7f55d7d883d2,2
4055,Spring,SEC,1848,3.0.7.RELEASE,3.0.8.RELEASE,spring-projects/spring-security,714ee3e960e66c6b80b87a10a1c7217a2d674bb2,2
4056,Spring,SEC,1857,3.0.7.RELEASE,3.0.8.RELEASE,spring-projects/spring-security,714ee3e960e66c6b80b87a10a1c7217a2d674bb2,1
4057,Spring,SEC,1880,3.0.7.RELEASE,3.0.8.RELEASE,spring-projects/spring-security,714ee3e960e66c6b80b87a10a1c7217a2d674bb2,1
4058,Spring,SEC,1968,3.0.7.RELEASE,3.0.8.RELEASE,spring-projects/spring-security,714ee3e960e66c6b80b87a10a1c7217a2d674bb2,2
4059,Spring,SEC,1850,3.0.7.RELEASE,3.1.2.RELEASE,spring-projects/spring-security,714ee3e960e66c6b80b87a10a1c7217a2d674bb2,4
4060,Spring,SEC,2013,3.0.7.RELEASE,3.0.8.RELEASE,spring-projects/spring-security,714ee3e960e66c6b80b87a10a1c7217a2d674bb2,1
4061,Spring,SEC,2005,3.0.7.RELEASE,3.0.8.RELEASE,spring-projects/spring-security,714ee3e960e66c6b80b87a10a1c7217a2d674bb2,2
4062,Spring,SEC,1975,3.0.7.RELEASE,3.0.8.RELEASE,spring-projects/spring-security,714ee3e960e66c6b80b87a10a1c7217a2d674bb2,2
4063,Spring,SEC,2057,3.0.7.RELEASE,3.0.8.RELEASE,spring-projects/spring-security,714ee3e960e66c6b80b87a10a1c7217a2d674bb2,1
4064,Spring,SEC,2025,3.0.7.RELEASE,3.0.8.RELEASE,spring-projects/spring-security,714ee3e960e66c6b80b87a10a1c7217a2d674bb2,1
4065,Spring,SEC,2031,3.0.7.RELEASE,3.0.8.RELEASE,spring-projects/spring-security,714ee3e960e66c6b80b87a10a1c7217a2d674bb2,1
4066,Spring,SEC,2187,3.0.7.RELEASE,3.2.0.RC1,spring-projects/spring-security,714ee3e960e66c6b80b87a10a1c7217a2d674bb2,2
4067,Spring,SEC,1549,3.1.0.M1,3.1.0.M2,spring-projects/spring-security,23c4d1ec280b895e2f7ec9b385396c6c4c1dfb97,1
4068,Spring,SEC,1553,3.1.0.M1,3.1.0.M2,spring-projects/spring-security,23c4d1ec280b895e2f7ec9b385396c6c4c1dfb97,1
4069,Spring,SEC,1628,3.1.0.M1,3.1.0.RC1,spring-projects/spring-security,23c4d1ec280b895e2f7ec9b385396c6c4c1dfb97,3
4070,Spring,SEC,1603,3.1.0.M2,3.1.0.RC1,spring-projects/spring-security,0ca5157f479f28bc3aca40614b382465e6083f10,3
4071,Spring,SEC,1653,3.1.0.M2,3.1.0.RC1,spring-projects/spring-security,0ca5157f479f28bc3aca40614b382465e6083f10,1
4072,Spring,SEC,1662,3.1.0.M2,3.1.0.RC1,spring-projects/spring-security,0ca5157f479f28bc3aca40614b382465e6083f10,1
4073,Spring,SEC,1679,3.1.0.RC1,3.1.0.RC2,spring-projects/spring-security,b62d36d6468e7e024892a1e1ecf14c76e84dc55b,1
4074,Spring,SEC,1683,3.1.0.RC1,3.1.0.RC2,spring-projects/spring-security,b62d36d6468e7e024892a1e1ecf14c76e84dc55b,1
4075,Spring,SEC,1712,3.1.0.RC1,3.1.0.RC2,spring-projects/spring-security,b62d36d6468e7e024892a1e1ecf14c76e84dc55b,1
4076,Spring,SEC,1714,3.1.0.RC1,3.1.0.RC2,spring-projects/spring-security,b62d36d6468e7e024892a1e1ecf14c76e84dc55b,1
4077,Spring,SEC,1699,3.1.0.RC1,3.1.0.RC2,spring-projects/spring-security,b62d36d6468e7e024892a1e1ecf14c76e84dc55b,1
4078,Spring,SEC,1752,3.1.0.RC2,3.1.0.RC3,spring-projects/spring-security,513f08707d38478da4e361ad8ac2e8acede82f31,1
4079,Spring,SEC,1751,3.1.0.RC2,3.1.0.RC3,spring-projects/spring-security,513f08707d38478da4e361ad8ac2e8acede82f31,2
4080,Spring,SEC,1733,3.1.0.RC1,3.1.0.RC3,spring-projects/spring-security,b62d36d6468e7e024892a1e1ecf14c76e84dc55b,2
4081,Spring,SEC,1771,3.1.0.RC2,3.1.0.RC3,spring-projects/spring-security,513f08707d38478da4e361ad8ac2e8acede82f31,1
4082,Spring,SEC,1770,3.1.0.RC2,3.1.0.RC3,spring-projects/spring-security,513f08707d38478da4e361ad8ac2e8acede82f31,1
4083,Spring,SEC,1836,3.1.0.RC3,3.1.0.RELEASE,spring-projects/spring-security,9e619611ae1b55debc57ca71b90b8542d6529bdf,1
4084,Spring,SEC,1820,3.1.0.RC2,3.1.0.RELEASE,spring-projects/spring-security,513f08707d38478da4e361ad8ac2e8acede82f31,1
4085,Spring,SEC,1833,3.1.0.RC3,3.1.0.RELEASE,spring-projects/spring-security,9e619611ae1b55debc57ca71b90b8542d6529bdf,1
4086,Spring,SEC,1878,3.1.0.RELEASE,3.1.1.RELEASE,spring-projects/spring-security,9b423a7726e999b6c80e8c4a769a99dd634f56ce,1
4087,Spring,SEC,1870,3.1.0.RELEASE,3.1.1.RELEASE,spring-projects/spring-security,9b423a7726e999b6c80e8c4a769a99dd634f56ce,1
4088,Spring,SEC,1868,3.1.0.RELEASE,3.1.1.RELEASE,spring-projects/spring-security,9b423a7726e999b6c80e8c4a769a99dd634f56ce,2
4089,Spring,SEC,1885,3.1.0.RELEASE,3.1.1.RELEASE,spring-projects/spring-security,9b423a7726e999b6c80e8c4a769a99dd634f56ce,2
4090,Spring,SEC,1927,3.1.0.RELEASE,3.1.1.RELEASE,spring-projects/spring-security,9b423a7726e999b6c80e8c4a769a99dd634f56ce,1
4091,Spring,SEC,1893,3.1.0.RELEASE,3.1.1.RELEASE,spring-projects/spring-security,9b423a7726e999b6c80e8c4a769a99dd634f56ce,4
4092,Spring,SEC,1901,3.1.0.RELEASE,3.1.1.RELEASE,spring-projects/spring-security,9b423a7726e999b6c80e8c4a769a99dd634f56ce,1
4093,Spring,SEC,1900,3.1.0.RELEASE,3.1.1.RELEASE,spring-projects/spring-security,9b423a7726e999b6c80e8c4a769a99dd634f56ce,2
4094,Spring,SEC,1886,3.1.0.RELEASE,3.1.1.RELEASE,spring-projects/spring-security,9b423a7726e999b6c80e8c4a769a99dd634f56ce,1
4095,Spring,SEC,1965,3.1.0.RELEASE,3.1.1.RELEASE,spring-projects/spring-security,9b423a7726e999b6c80e8c4a769a99dd634f56ce,2
4096,Spring,SEC,1980,3.1.0.RELEASE,3.1.2.RELEASE,spring-projects/spring-security,9b423a7726e999b6c80e8c4a769a99dd634f56ce,1
4097,Spring,SEC,1964,3.1.0.RELEASE,3.1.2.RELEASE,spring-projects/spring-security,9b423a7726e999b6c80e8c4a769a99dd634f56ce,2
4098,Spring,SEC,2011,3.1.0.RELEASE,3.1.2.RELEASE,spring-projects/spring-security,9b423a7726e999b6c80e8c4a769a99dd634f56ce,2
4099,Spring,SEC,2012,3.1.0.RELEASE,3.1.2.RELEASE,spring-projects/spring-security,9b423a7726e999b6c80e8c4a769a99dd634f56ce,1
4100,Spring,SEC,1940,3.1.0.RELEASE,3.1.2.RELEASE,spring-projects/spring-security,9b423a7726e999b6c80e8c4a769a99dd634f56ce,2
4101,Spring,SEC,1919,3.1.0.RELEASE,3.1.2.RELEASE,spring-projects/spring-security,9b423a7726e999b6c80e8c4a769a99dd634f56ce,5
4102,Spring,SEC,2036,3.1.0.RELEASE,3.1.3.RELEASE,spring-projects/spring-security,9b423a7726e999b6c80e8c4a769a99dd634f56ce,2
4103,Spring,SEC,2045,3.1.0.RELEASE,3.1.3.RELEASE,spring-projects/spring-security,9b423a7726e999b6c80e8c4a769a99dd634f56ce,4
4104,Spring,SEC,1939,3.1.0.RELEASE,3.1.3.RELEASE,spring-projects/spring-security,9b423a7726e999b6c80e8c4a769a99dd634f56ce,1
4105,Spring,SEC,1890,3.1.0.RELEASE,3.1.1.RELEASE,spring-projects/spring-security,9b423a7726e999b6c80e8c4a769a99dd634f56ce,2
4106,Spring,SEC,2615,3.1.0.RELEASE,4.0.0.RC1,spring-projects/spring-security,9b423a7726e999b6c80e8c4a769a99dd634f56ce,2
4107,Spring,SEC,2020,3.1.1.RELEASE,3.1.2.RELEASE,spring-projects/spring-security,f46a5bab40ad565c30b632608a69060dcee15522,1
4108,Spring,SEC,2016,3.1.1.RELEASE,3.1.2.RELEASE,spring-projects/spring-security,f46a5bab40ad565c30b632608a69060dcee15522,2
4109,Spring,SEC,2017,3.1.1.RELEASE,3.1.2.RELEASE,spring-projects/spring-security,f46a5bab40ad565c30b632608a69060dcee15522,2
4110,Spring,SEC,2022,3.1.1.RELEASE,3.1.2.RELEASE,spring-projects/spring-security,f46a5bab40ad565c30b632608a69060dcee15522,2
4111,Spring,SEC,2023,3.1.1.RELEASE,3.1.2.RELEASE,spring-projects/spring-security,f46a5bab40ad565c30b632608a69060dcee15522,2
4112,Spring,SEC,2027,3.1.1.RELEASE,3.1.2.RELEASE,spring-projects/spring-security,f46a5bab40ad565c30b632608a69060dcee15522,2
4113,Spring,SEC,2055,3.1.2.RELEASE,3.0.8.RELEASE,spring-projects/spring-security,b1d8e6164f806966e75f9cbac93b9e3581b57cb7,2
4114,Spring,SEC,2038,3.1.2.RELEASE,3.0.8.RELEASE,spring-projects/spring-security,b1d8e6164f806966e75f9cbac93b9e3581b57cb7,2
4115,Spring,SEC,2072,3.1.2.RELEASE,3.2.0.M1,spring-projects/spring-security,b1d8e6164f806966e75f9cbac93b9e3581b57cb7,1
4116,Spring,SEC,2103,3.1.2.RELEASE,3.1.5.RELEASE,spring-projects/spring-security,b1d8e6164f806966e75f9cbac93b9e3581b57cb7,2
4117,Spring,SEC,2177,3.1.2.RELEASE,3.2.3.RELEASE,spring-projects/spring-security,b1d8e6164f806966e75f9cbac93b9e3581b57cb7,2
4118,Spring,SEC,2084,3.1.3.RELEASE,3.2.0.M1,spring-projects/spring-security,ac472d494ae1baed14fb21d1bd8d5569f5108de0,4
4119,Spring,SEC,2136,3.1.3.RELEASE,3.2.0.M2,spring-projects/spring-security,ac472d494ae1baed14fb21d1bd8d5569f5108de0,2
4120,Spring,SEC,2140,3.1.3.RELEASE,3.2.0.M2,spring-projects/spring-security,ac472d494ae1baed14fb21d1bd8d5569f5108de0,1
4121,Spring,SEC,2087,3.1.3.RELEASE,3.1.4.RELEASE,spring-projects/spring-security,ac472d494ae1baed14fb21d1bd8d5569f5108de0,2
4122,Spring,SEC,2078,3.1.3.RELEASE,3.2.6.RELEASE,spring-projects/spring-security,ac472d494ae1baed14fb21d1bd8d5569f5108de0,2
4123,Spring,SEC,2223,3.1.4.RELEASE,3.2.0.RC1,spring-projects/spring-security,32abe39afec04a0e8707365753ad3115f60d110c,1
4124,Spring,SEC,2295,3.1.4.RELEASE,3.2.0.RC2,spring-projects/spring-security,32abe39afec04a0e8707365753ad3115f60d110c,2
4125,Spring,SEC,2308,3.1.4.RELEASE,3.2.0.RC2,spring-projects/spring-security,32abe39afec04a0e8707365753ad3115f60d110c,2
4126,Spring,SEC,2246,3.1.4.RELEASE,3.2.0.RC2,spring-projects/spring-security,32abe39afec04a0e8707365753ad3115f60d110c,2
4127,Spring,SEC,2165,3.1.4.RELEASE,3.2.0.RELEASE,spring-projects/spring-security,32abe39afec04a0e8707365753ad3115f60d110c,1
4128,Spring,SEC,2327,3.1.4.RELEASE,3.2.0.RELEASE,spring-projects/spring-security,32abe39afec04a0e8707365753ad3115f60d110c,2
4129,Spring,SEC,2410,3.1.4.RELEASE,3.2.0.RELEASE,spring-projects/spring-security,32abe39afec04a0e8707365753ad3115f60d110c,2
4130,Spring,SEC,2096,3.2.0.M1,3.2.0.M2,spring-projects/spring-security,cea4c36a93e0dc58ab139e7fa005b66066ae1b7e,1
4131,Spring,SEC,2111,3.2.0.M1,3.2.0.M2,spring-projects/spring-security,cea4c36a93e0dc58ab139e7fa005b66066ae1b7e,4
4132,Spring,SEC,2143,3.2.0.M1,3.2.0.M2,spring-projects/spring-security,cea4c36a93e0dc58ab139e7fa005b66066ae1b7e,1
4133,Spring,SEC,2191,3.2.0.M2,3.2.0.RC1,spring-projects/spring-security,b45f7b9585d21f46826f05bc907507ef2dff0370,6
4134,Spring,SEC,2215,3.2.0.M2,3.2.0.RC1,spring-projects/spring-security,b45f7b9585d21f46826f05bc907507ef2dff0370,3
4135,Spring,SEC,2198,3.2.0.M2,3.2.0.RC1,spring-projects/spring-security,b45f7b9585d21f46826f05bc907507ef2dff0370,1
4136,Spring,SEC,2222,3.2.0.M2,3.2.0.RC1,spring-projects/spring-security,b45f7b9585d21f46826f05bc907507ef2dff0370,2
4137,Spring,SEC,2205,3.2.0.M2,3.2.0.RC1,spring-projects/spring-security,b45f7b9585d21f46826f05bc907507ef2dff0370,1
4138,Spring,SEC,2280,3.2.0.RC1,3.2.0.RC2,spring-projects/spring-security,63c4fec733ccd8f887a6009047accaffa0b151df,1
4139,Spring,SEC,2296,3.2.0.RC1,3.2.0.RC2,spring-projects/spring-security,63c4fec733ccd8f887a6009047accaffa0b151df,2
4140,Spring,SEC,2301,3.2.0.RC1,3.2.0.RC2,spring-projects/spring-security,63c4fec733ccd8f887a6009047accaffa0b151df,1
4141,Spring,SEC,2304,3.2.0.RC1,3.2.0.RC2,spring-projects/spring-security,63c4fec733ccd8f887a6009047accaffa0b151df,1
4142,Spring,SEC,2328,3.2.0.RC1,3.2.0.RC2,spring-projects/spring-security,63c4fec733ccd8f887a6009047accaffa0b151df,1
4143,Spring,SEC,2302,3.2.0.RC1,3.2.0.RC2,spring-projects/spring-security,63c4fec733ccd8f887a6009047accaffa0b151df,1
4144,Spring,SEC,2336,3.2.0.RC1,3.2.0.RC2,spring-projects/spring-security,63c4fec733ccd8f887a6009047accaffa0b151df,1
4145,Spring,SEC,2303,3.2.0.RC1,3.2.0.RC2,spring-projects/spring-security,63c4fec733ccd8f887a6009047accaffa0b151df,3
4146,Spring,SEC,2382,3.2.0.RC1,3.2.0.RC2,spring-projects/spring-security,63c4fec733ccd8f887a6009047accaffa0b151df,1
4147,Spring,SEC,2350,3.2.0.RC1,3.2.0.RELEASE,spring-projects/spring-security,63c4fec733ccd8f887a6009047accaffa0b151df,2
4148,Spring,SEC,2418,3.2.0.RC2,3.2.0.RELEASE,spring-projects/spring-security,a549e4b6f95e183d7de41f1fb8423d22957f1c03,1
4149,Spring,SEC,2386,3.2.0.RC2,3.2.0.RELEASE,spring-projects/spring-security,a549e4b6f95e183d7de41f1fb8423d22957f1c03,1
4150,Spring,SEC,2367,3.2.0.RC1,3.2.0.RELEASE,spring-projects/spring-security,63c4fec733ccd8f887a6009047accaffa0b151df,2
4151,Spring,SEC,2422,3.2.0.RC2,3.2.0.RELEASE,spring-projects/spring-security,a549e4b6f95e183d7de41f1fb8423d22957f1c03,6
4152,Spring,SEC,2439,3.2.0.RC2,3.2.0.RELEASE,spring-projects/spring-security,a549e4b6f95e183d7de41f1fb8423d22957f1c03,2
4153,Spring,SEC,2455,3.2.0.RELEASE,3.2.1.RELEASE,spring-projects/spring-security,4619705e37fa49556480fb942247fb7b63727b3e,4
4154,Spring,SEC,2461,3.2.0.RELEASE,3.2.1.RELEASE,spring-projects/spring-security,4619705e37fa49556480fb942247fb7b63727b3e,2
4155,Spring,SEC,2392,3.2.0.RELEASE,3.2.1.RELEASE,spring-projects/spring-security,4619705e37fa49556480fb942247fb7b63727b3e,1
4156,Spring,SEC,2492,3.2.0.RELEASE,3.2.1.RELEASE,spring-projects/spring-security,4619705e37fa49556480fb942247fb7b63727b3e,1
4157,Spring,SEC,2683,3.2.0.RELEASE,3.2.5.RELEASE,spring-projects/spring-security,4619705e37fa49556480fb942247fb7b63727b3e,1
4158,Spring,SEC,2574,3.2.0.RELEASE,4.0.0.RC1,spring-projects/spring-security,4619705e37fa49556480fb942247fb7b63727b3e,2
4159,Spring,SEC,2493,3.2.0.RELEASE,3.2.8.RELEASE,spring-projects/spring-security,4619705e37fa49556480fb942247fb7b63727b3e,1
4160,Spring,SEC,2499,3.2.1.RELEASE,3.2.2.RELEASE,spring-projects/spring-security,9287892863f77df4f29c53701e6fbf3fdc60a9a8,1
4161,Spring,SEC,2511,3.2.1.RELEASE,3.2.2.RELEASE,spring-projects/spring-security,9287892863f77df4f29c53701e6fbf3fdc60a9a8,4
4162,Spring,SEC,2515,3.2.1.RELEASE,3.2.2.RELEASE,spring-projects/spring-security,9287892863f77df4f29c53701e6fbf3fdc60a9a8,2
4163,Spring,SEC,2507,3.2.1.RELEASE,3.1.6.RELEASE,spring-projects/spring-security,9287892863f77df4f29c53701e6fbf3fdc60a9a8,2
4164,Spring,SEC,2531,3.2.2.RELEASE,3.2.3.RELEASE,spring-projects/spring-security,afe5ec53d48393113f4f10f69b76ce7ac12b348c,1
4165,Spring,SEC,2533,3.2.2.RELEASE,3.2.3.RELEASE,spring-projects/spring-security,afe5ec53d48393113f4f10f69b76ce7ac12b348c,1
4166,Spring,SEC,2973,3.2.2.RELEASE,3.2.8.RELEASE,spring-projects/spring-security,afe5ec53d48393113f4f10f69b76ce7ac12b348c,1
4167,Spring,SEC,2549,3.2.3.RELEASE,3.2.4.RELEASE,spring-projects/spring-security,afcad4f0d48c9e4ca8abebcd08ebc3dc6194a6e9,2
4168,Spring,SEC,2571,3.2.3.RELEASE,3.2.4.RELEASE,spring-projects/spring-security,afcad4f0d48c9e4ca8abebcd08ebc3dc6194a6e9,2
4169,Spring,SEC,2543,3.2.3.RELEASE,3.2.4.RELEASE,spring-projects/spring-security,afcad4f0d48c9e4ca8abebcd08ebc3dc6194a6e9,1
4170,Spring,SEC,2578,3.2.3.RELEASE,3.2.4.RELEASE,spring-projects/spring-security,afcad4f0d48c9e4ca8abebcd08ebc3dc6194a6e9,2
4171,Spring,SEC,2606,3.2.3.RELEASE,3.2.4.RELEASE,spring-projects/spring-security,afcad4f0d48c9e4ca8abebcd08ebc3dc6194a6e9,4
4172,Spring,SEC,2656,3.2.4.RELEASE,3.2.5.RELEASE,spring-projects/spring-security,59bb10ef81dc0f1ceaeee8ab1c4d83344b924f90,1
4173,Spring,SEC,2697,3.2.4.RELEASE,3.2.5.RELEASE,spring-projects/spring-security,59bb10ef81dc0f1ceaeee8ab1c4d83344b924f90,2
4174,Spring,SEC,2815,3.2.5.RELEASE,3.2.6.RELEASE,spring-projects/spring-security,6dc270383762fa3509792ce34843b76f3f22130c,1
4175,Spring,SEC,2822,3.2.5.RELEASE,3.2.6.RELEASE,spring-projects/spring-security,6dc270383762fa3509792ce34843b76f3f22130c,1
4176,Spring,SEC,2831,3.2.5.RELEASE,3.2.6.RELEASE,spring-projects/spring-security,6dc270383762fa3509792ce34843b76f3f22130c,4
4177,Spring,SEC,2791,3.2.5.RELEASE,3.2.6.RELEASE,spring-projects/spring-security,6dc270383762fa3509792ce34843b76f3f22130c,2
4178,Spring,SEC,2832,3.2.5.RELEASE,3.2.6.RELEASE,spring-projects/spring-security,6dc270383762fa3509792ce34843b76f3f22130c,2
4179,Spring,SEC,2879,3.2.5.RELEASE,3.2.6.RELEASE,spring-projects/spring-security,6dc270383762fa3509792ce34843b76f3f22130c,2
4180,Spring,SEC,2908,3.2.5.RELEASE,4.0.0.RELEASE,spring-projects/spring-security,6dc270383762fa3509792ce34843b76f3f22130c,1
4181,Spring,SEC,2851,3.2.5.RELEASE,3.2.8.RELEASE,spring-projects/spring-security,6dc270383762fa3509792ce34843b76f3f22130c,1
4182,Spring,SEC,2897,3.2.6.RELEASE,3.2.7.RELEASE,spring-projects/spring-security,98abd29c9feb67cc2a02cab1cd0f50f2306b7f1b,2
4183,Spring,SEC,2913,3.2.6.RELEASE,3.2.7.RELEASE,spring-projects/spring-security,98abd29c9feb67cc2a02cab1cd0f50f2306b7f1b,1
4184,Spring,SEC,3045,3.2.7.RELEASE,4.0.2.RELEASE,spring-projects/spring-security,644392045ab256246bb2212b85054e584dc57b8e,2
4185,Spring,SEC,3132,3.2.8.RELEASE,3.2.9.RELEASE,spring-projects/spring-security,48eb8788c4f077f1d0c9e2ba054d9443b0f6170d,1
4186,Spring,SEC,3109,3.2.8.RELEASE,3.2.9.RELEASE,spring-projects/spring-security,48eb8788c4f077f1d0c9e2ba054d9443b0f6170d,5
4187,Spring,SEC,3128,3.2.8.RELEASE,3.2.9.RELEASE,spring-projects/spring-security,48eb8788c4f077f1d0c9e2ba054d9443b0f6170d,2
4188,Spring,SEC,3082,3.2.8.RELEASE,3.2.9.RELEASE,spring-projects/spring-security,48eb8788c4f077f1d0c9e2ba054d9443b0f6170d,2
4189,Spring,SEC,2651,4.0.0.M1,4.0.0.M2,spring-projects/spring-security,79cf4f466c136bb9ec9005fe976c557972efb2ac,2
4190,Spring,SEC,2719,4.0.0.M2,4.0.0.RC1,spring-projects/spring-security,d24190f345a9c5937997cf35aca1c4d0235fccdd,1
4191,Spring,SEC,2705,4.0.0.M2,4.0.0.RC1,spring-projects/spring-security,d24190f345a9c5937997cf35aca1c4d0235fccdd,1
4192,Spring,SEC,2819,4.0.0.RC1,4.0.0.RC2,spring-projects/spring-security,6a25b8bc83733d9e3e939bf227949ce5ab99300d,3
4193,Spring,SEC,2845,4.0.0.RC1,4.0.0.RC2,spring-projects/spring-security,6a25b8bc83733d9e3e939bf227949ce5ab99300d,2
4194,Spring,SEC,2882,4.0.0.RC1,4.0.0.RELEASE,spring-projects/spring-security,6a25b8bc83733d9e3e939bf227949ce5ab99300d,2
4195,Spring,SEC,2919,4.0.0.RELEASE,4.0.1.RELEASE,spring-projects/spring-security,8f9065b3f6b48b9157b43b9e35153680d1bb68d7,1
4196,Spring,SEC,2930,4.0.0.RC2,4.0.1.RELEASE,spring-projects/spring-security,bbce00b4a66193891700c57922d253190844e76d,1
4197,Spring,SEC,3034,4.0.0.RELEASE,3.2.7.RELEASE,spring-projects/spring-security,8f9065b3f6b48b9157b43b9e35153680d1bb68d7,2
4198,Spring,SEC,2948,4.0.1.RELEASE,4.0.2.RELEASE,spring-projects/spring-security,680facd4a81c4af2b10e606b964f84f6294e2c36,1
4199,Spring,SEC,2931,4.0.1.RELEASE,3.2.8.RELEASE,spring-projects/spring-security,680facd4a81c4af2b10e606b964f84f6294e2c36,1
4200,Spring,SEC,3019,4.0.1.RELEASE,3.2.8.RELEASE,spring-projects/spring-security,680facd4a81c4af2b10e606b964f84f6294e2c36,1
4201,Spring,SEC,3020,4.0.1.RELEASE,4.0.2.RELEASE,spring-projects/spring-security,680facd4a81c4af2b10e606b964f84f6294e2c36,2
4202,Spring,SEC,2964,4.0.1.RELEASE,4.0.2.RELEASE,spring-projects/spring-security,680facd4a81c4af2b10e606b964f84f6294e2c36,1
4203,Spring,SEC,3108,4.0.2.RELEASE,3.2.9.RELEASE,spring-projects/spring-security,33c9185160c91ffde53ff2c9da5420bd57420e48,2
4204,Spring,SEC,3147,4.0.3.RELEASE,3.2.10.RELEASE,spring-projects/spring-security,19f88e91793342babf034e55d2f96cbba72c061a,1
4205,Spring,SEC,3158,4.0.3.RELEASE,4.0.4.RELEASE,spring-projects/spring-security,19f88e91793342babf034e55d2f96cbba72c061a,1
4206,Spring,SECOAUTH,167,1.0.0.M5,1.0.0.M6,spring-projects/spring-security-oauth,dfc14ee9c52e596d6b009e433696e0e14c690aa7,1
4207,Spring,SECOAUTH,194,1.0.0.M5,1.0.0.M6,spring-projects/spring-security-oauth,dfc14ee9c52e596d6b009e433696e0e14c690aa7,1
4208,Spring,SECOAUTH,224,1.0.0.M6,1.0.0.RC1,spring-projects/spring-security-oauth,b81d6c19542af63f5940376debc8b626581d6b99,2
4209,Spring,SECOAUTH,216,1.0.0.M6,1.0.0.RC1,spring-projects/spring-security-oauth,b81d6c19542af63f5940376debc8b626581d6b99,1
4210,Spring,SECOAUTH,234,1.0.0.M6,1.0.0.RC1,spring-projects/spring-security-oauth,b81d6c19542af63f5940376debc8b626581d6b99,1
4211,Spring,SECOAUTH,236,1.0.0.RELEASE,1.0.0.RC1,spring-projects/spring-security-oauth,2d6640db09f3c3b7612ec3bf08e7ff8ff2b90cc7,7
4212,Spring,SECOAUTH,266,1.0.0.M6,1.0.0.RC1,spring-projects/spring-security-oauth,b81d6c19542af63f5940376debc8b626581d6b99,1
4213,Spring,SECOAUTH,284,1.0.0.M6,1.0.0.RC1,spring-projects/spring-security-oauth,b81d6c19542af63f5940376debc8b626581d6b99,3
4214,Spring,SECOAUTH,295,1.0.0.M6,1.0.0.RC1,spring-projects/spring-security-oauth,b81d6c19542af63f5940376debc8b626581d6b99,2
4215,Spring,SECOAUTH,313,1.0.0.RC1,1.0.0.RC2,spring-projects/spring-security-oauth,10669ff9a0ab5bd79753a5d8a82c20997e74d82e,2
4216,Spring,SECOAUTH,315,1.0.0.RELEASE,1.0.0.RC1,spring-projects/spring-security-oauth,2d6640db09f3c3b7612ec3bf08e7ff8ff2b90cc7,2
4217,Spring,SECOAUTH,316,1.0.0.RC1,1.0.0.RC2,spring-projects/spring-security-oauth,10669ff9a0ab5bd79753a5d8a82c20997e74d82e,2
4218,Spring,SECOAUTH,311,1.0.0.RC1,1.0.0.RC2,spring-projects/spring-security-oauth,10669ff9a0ab5bd79753a5d8a82c20997e74d82e,4
4219,Spring,SECOAUTH,320,1.0.0.RC1,1.0.0.RC2,spring-projects/spring-security-oauth,10669ff9a0ab5bd79753a5d8a82c20997e74d82e,2
4220,Spring,SECOAUTH,308,1.0.0.RC1,1.0.0.RC2,spring-projects/spring-security-oauth,10669ff9a0ab5bd79753a5d8a82c20997e74d82e,3
4221,Spring,SECOAUTH,314,1.0.0.RC1,1.0.0.RELEASE,spring-projects/spring-security-oauth,10669ff9a0ab5bd79753a5d8a82c20997e74d82e,2
4222,Spring,SECOAUTH,329,1.0.0.M6,1.0.0.RELEASE,spring-projects/spring-security-oauth,b81d6c19542af63f5940376debc8b626581d6b99,2
4223,Spring,SECOAUTH,333,1.0.0.RC2,1.0.0.RELEASE,spring-projects/spring-security-oauth,e31b0fd1df9739b8119c3bb32ef67172d9a5fa41,6
4224,Spring,SECOAUTH,337,1.0.0.RC2,1.0.0.RELEASE,spring-projects/spring-security-oauth,e31b0fd1df9739b8119c3bb32ef67172d9a5fa41,3
4225,Spring,SECOAUTH,312,1.0.0.RC1,1.0.0.RELEASE,spring-projects/spring-security-oauth,10669ff9a0ab5bd79753a5d8a82c20997e74d82e,3
4226,Spring,SECOAUTH,339,1.0.0.RC2,1.0.0.RELEASE,spring-projects/spring-security-oauth,e31b0fd1df9739b8119c3bb32ef67172d9a5fa41,1
4227,Spring,SECOAUTH,349,1.0.0.RC2,1.0.0.RELEASE,spring-projects/spring-security-oauth,e31b0fd1df9739b8119c3bb32ef67172d9a5fa41,1
4228,Spring,SECOAUTH,353,1.0.0.RELEASE,1.0.1.RELEASE,spring-projects/spring-security-oauth,2d6640db09f3c3b7612ec3bf08e7ff8ff2b90cc7,2
4229,Spring,SECOAUTH,357,1.0.0.RC2,1.0.1.RELEASE,spring-projects/spring-security-oauth,e31b0fd1df9739b8119c3bb32ef67172d9a5fa41,2
4230,Spring,SECOAUTH,354,1.0.0.RELEASE,1.0.1.RELEASE,spring-projects/spring-security-oauth,2d6640db09f3c3b7612ec3bf08e7ff8ff2b90cc7,1
4231,Spring,SECOAUTH,359,1.0.0.RELEASE,1.0.1.RELEASE,spring-projects/spring-security-oauth,2d6640db09f3c3b7612ec3bf08e7ff8ff2b90cc7,2
4232,Spring,SECOAUTH,365,1.0.0.RELEASE,1.0.1.RELEASE,spring-projects/spring-security-oauth,2d6640db09f3c3b7612ec3bf08e7ff8ff2b90cc7,2
4233,Spring,SECOAUTH,363,1.0.0.RELEASE,1.0.1.RELEASE,spring-projects/spring-security-oauth,2d6640db09f3c3b7612ec3bf08e7ff8ff2b90cc7,1
4234,Spring,SECOAUTH,318,1.0.0.RC1,1.0.1.RELEASE,spring-projects/spring-security-oauth,10669ff9a0ab5bd79753a5d8a82c20997e74d82e,1
4235,Spring,SECOAUTH,383,1.0.0.RELEASE,1.0.1.RELEASE,spring-projects/spring-security-oauth,2d6640db09f3c3b7612ec3bf08e7ff8ff2b90cc7,2
4236,Spring,SECOAUTH,388,1.0.0.RELEASE,1.0.2.RELEASE,spring-projects/spring-security-oauth,2d6640db09f3c3b7612ec3bf08e7ff8ff2b90cc7,1
4237,Spring,SECOAUTH,385,1.0.1.RELEASE,1.0.2.RELEASE,spring-projects/spring-security-oauth,b93364a3a5cd64115b7b96dd53616c986c09b87f,2
4238,Spring,SECOAUTH,386,1.0.1.RELEASE,1.0.3.RELEASE,spring-projects/spring-security-oauth,b93364a3a5cd64115b7b96dd53616c986c09b87f,2
4239,Spring,SECOAUTH,394,1.0.2.RELEASE,1.0.3.RELEASE,spring-projects/spring-security-oauth,cdf933e8ed1dddbfb5002b44917817c8a3a856ec,2
4240,Spring,SECOAUTH,400,1.0.3.RELEASE,1.0.4.RELEASE,spring-projects/spring-security-oauth,7838c880ff8a58525095ebcbee1f7be6206c8f3e,5
4241,Spring,SECOAUTH,404,1.0.4.RELEASE,2.0.0.RELEASE,spring-projects/spring-security-oauth,bbe9c54e336facd91db235718fafab8433bcf02b,1
4242,Spring,SGF,46,v1.0.0.RELEASE,v1.0.1.RELEASE,spring-projects/spring-data-gemfire,795890acff35057468deeb9b15016f433e87862f,2
4243,Spring,SGF,255,v1.0.0.RELEASE,v1.3.4.RELEASE,spring-projects/spring-data-gemfire,795890acff35057468deeb9b15016f433e87862f,1
4244,Spring,SGF,24,v1.0.0.M1,v1.0.0.M2,spring-projects/spring-data-gemfire,304ca7ed8d3f37b05d7a5e1d501a7a5239874a6e,5
4245,Spring,SGF,39,v1.0.0.RELEASE,v1.0.1.RELEASE,spring-projects/spring-data-gemfire,795890acff35057468deeb9b15016f433e87862f,2
4246,Spring,SGF,36,v1.0.0.RELEASE,v1.0.1.RELEASE,spring-projects/spring-data-gemfire,795890acff35057468deeb9b15016f433e87862f,1
4247,Spring,SGF,40,v1.0.0.RELEASE,v1.0.1.RELEASE,spring-projects/spring-data-gemfire,795890acff35057468deeb9b15016f433e87862f,7
4248,Spring,SGF,501,1.0.0.APACHE-GEODE-INCUBATING-M2,1.8.2.RELEASE,spring-projects/spring-data-gemfire,c0df0b41a04f1dc924d7afd11f87fbeb0f478544,1
4249,Spring,SGF,502,1.0.0.APACHE-GEODE-INCUBATING-M2,1.8.2.RELEASE,spring-projects/spring-data-gemfire,c0df0b41a04f1dc924d7afd11f87fbeb0f478544,1
4250,Spring,SGF,81,v1.1.0.RELEASE,v1.1.1.RELEASE,spring-projects/spring-data-gemfire,45e4b1c8d6bb298dbbe6bae50dbe9aab700cad18,2
4251,Spring,SGF,80,v1.1.0.RELEASE,v1.1.1.RELEASE,spring-projects/spring-data-gemfire,45e4b1c8d6bb298dbbe6bae50dbe9aab700cad18,1
4252,Spring,SGF,69,v1.1.0.M2,v1.1.0.M3,spring-projects/spring-data-gemfire,d967a1302e3636feccef9ddead2f459465564680,1
4253,Spring,SGF,68,v1.1.0.M2,v1.1.0.M3,spring-projects/spring-data-gemfire,d967a1302e3636feccef9ddead2f459465564680,4
4254,Spring,SGF,89,v1.1.1.RELEASE,v1.2.0.RC1,spring-projects/spring-data-gemfire,2a341c1c946042e134b6772d9752d618e72ccea9,2
4255,Spring,SGF,92,v1.2.0.M1,v1.2.0.RC1,spring-projects/spring-data-gemfire,08757733019c3fd54f2bb9f8c5e84f44746bd391,2
4256,Spring,SGF,101,v1.2.0.M1,v1.2.0.RC1,spring-projects/spring-data-gemfire,08757733019c3fd54f2bb9f8c5e84f44746bd391,4
4257,Spring,SGF,121,v1.2.0.RC1,v1.2.0.RELEASE,spring-projects/spring-data-gemfire,4e26240e0ed2c7824da934ec14601f9631234660,3
4258,Spring,SGF,124,v1.2.0.RC1,v1.2.0.RELEASE,spring-projects/spring-data-gemfire,4e26240e0ed2c7824da934ec14601f9631234660,4
4259,Spring,SGF,127,v1.2.0.RC1,v1.2.0.RELEASE,spring-projects/spring-data-gemfire,4e26240e0ed2c7824da934ec14601f9631234660,3
4260,Spring,SGF,131,v1.2.0.RC1,v1.2.0.RELEASE,spring-projects/spring-data-gemfire,4e26240e0ed2c7824da934ec14601f9631234660,1
4261,Spring,SGF,145,v1.2.2.RELEASE,v1.3.0.M1,spring-projects/spring-data-gemfire,65943afb2540bcdd41b77303ab3da4da45c534cf,1
4262,Spring,SGF,169,v1.2.2.RELEASE,v1.3.1.RELEASE,spring-projects/spring-data-gemfire,65943afb2540bcdd41b77303ab3da4da45c534cf,1
4263,Spring,SGF,173,v1.3.0.RELEASE,v1.3.1.RELEASE,spring-projects/spring-data-gemfire,01c26fbba37abd71a5dc630d8e62e2130d15de36,7
4264,Spring,SGF,159,v1.2.2.RELEASE,v1.3.1.RELEASE,spring-projects/spring-data-gemfire,65943afb2540bcdd41b77303ab3da4da45c534cf,1
4265,Spring,SGF,192,v1.3.1.RELEASE,v1.3.2.RELEASE,spring-projects/spring-data-gemfire,65c57ba77e75a50894509ab7bd9f672daafc20c4,5
4266,Spring,SGF,189,v1.3.1.RELEASE,v1.3.2.RELEASE,spring-projects/spring-data-gemfire,65c57ba77e75a50894509ab7bd9f672daafc20c4,2
4267,Spring,SGF,185,v1.3.1.RELEASE,v1.3.2.RELEASE,spring-projects/spring-data-gemfire,65c57ba77e75a50894509ab7bd9f672daafc20c4,2
4268,Spring,SGF,198,v1.3.1.RELEASE,v1.3.3.RELEASE,spring-projects/spring-data-gemfire,65c57ba77e75a50894509ab7bd9f672daafc20c4,2
4269,Spring,SGF,247,v1.3.1.RELEASE,v1.3.3.RELEASE,spring-projects/spring-data-gemfire,65c57ba77e75a50894509ab7bd9f672daafc20c4,2
4270,Spring,SGF,176,v1.3.1.RELEASE,v1.3.2.RELEASE,spring-projects/spring-data-gemfire,65c57ba77e75a50894509ab7bd9f672daafc20c4,2
4271,Spring,SGF,194,v1.3.2.RELEASE,v1.3.3.RELEASE,spring-projects/spring-data-gemfire,463b8b21b7c04bea6c5a591eb8f65db7e915815a,5
4272,Spring,SGF,221,v1.3.2.RELEASE,v1.3.3.RELEASE,spring-projects/spring-data-gemfire,463b8b21b7c04bea6c5a591eb8f65db7e915815a,2
4273,Spring,SGF,220,v1.3.2.RELEASE,v1.3.3.RELEASE,spring-projects/spring-data-gemfire,463b8b21b7c04bea6c5a591eb8f65db7e915815a,2
4274,Spring,SGF,219,v1.3.2.RELEASE,v1.3.3.RELEASE,spring-projects/spring-data-gemfire,463b8b21b7c04bea6c5a591eb8f65db7e915815a,2
4275,Spring,SGF,218,v1.3.2.RELEASE,v1.3.3.RELEASE,spring-projects/spring-data-gemfire,463b8b21b7c04bea6c5a591eb8f65db7e915815a,4
4276,Spring,SGF,217,v1.3.2.RELEASE,v1.3.3.RELEASE,spring-projects/spring-data-gemfire,463b8b21b7c04bea6c5a591eb8f65db7e915815a,2
4277,Spring,SGF,203,v1.3.2.RELEASE,v1.3.3.RELEASE,spring-projects/spring-data-gemfire,463b8b21b7c04bea6c5a591eb8f65db7e915815a,16
4278,Spring,SGF,225,v1.3.3.RELEASE,v1.4.0.M1,spring-projects/spring-data-gemfire,3dd93326872a0ae761add2a987a59ca3c3c716e3,15
4279,Spring,SGF,238,v1.3.3.RELEASE,v1.3.4.RELEASE,spring-projects/spring-data-gemfire,3dd93326872a0ae761add2a987a59ca3c3c716e3,3
4280,Spring,SGF,239,v1.3.3.RELEASE,v1.3.4.RELEASE,spring-projects/spring-data-gemfire,3dd93326872a0ae761add2a987a59ca3c3c716e3,3
4281,Spring,SGF,235,v1.3.3.RELEASE,v1.3.4.RELEASE,spring-projects/spring-data-gemfire,3dd93326872a0ae761add2a987a59ca3c3c716e3,2
4282,Spring,SGF,244,v1.3.3.RELEASE,v1.4.0.M1,spring-projects/spring-data-gemfire,3dd93326872a0ae761add2a987a59ca3c3c716e3,1
4283,Spring,SGF,290,v1.4.0.RELEASE,v1.4.1.RELEASE,spring-projects/spring-data-gemfire,924bcb73bb706ec6ffddc545aaf903efd13ccea8,3
4284,Spring,SGF,295,v1.4.0.RELEASE,v1.4.2.RELEASE,spring-projects/spring-data-gemfire,924bcb73bb706ec6ffddc545aaf903efd13ccea8,2
4285,Spring,SGF,273,v1.4.0.M1,v1.4.0.RC1,spring-projects/spring-data-gemfire,3da016b4dcaf67cd3d7e3ef7e2bf8a13fe236bcc,8
4286,Spring,SGF,304,v1.4.1.RELEASE,v1.4.4.RELEASE,spring-projects/spring-data-gemfire,2f91fd885fd272903028c36aa95035d02e85a531,4
4287,Spring,SGF,297,v1.4.1.RELEASE,v1.4.2.RELEASE,spring-projects/spring-data-gemfire,2f91fd885fd272903028c36aa95035d02e85a531,2
4288,Spring,SGF,338,v1.4.4.RELEASE,v1.6.0.M1,spring-projects/spring-data-gemfire,78af10c32a1d6ddc4c873a12abe216c752d8eab5,2
4289,Spring,SGF,330,v1.4.4.RELEASE,v1.4.5.RELEASE,spring-projects/spring-data-gemfire,78af10c32a1d6ddc4c873a12abe216c752d8eab5,2
4290,Spring,SGF,366,v1.4.4.RELEASE,v1.5.2.RELEASE,spring-projects/spring-data-gemfire,78af10c32a1d6ddc4c873a12abe216c752d8eab5,1
4291,Spring,SGF,310,v1.5.0.M1,v1.5.0.RELEASE,spring-projects/spring-data-gemfire,cc81d0f97aa5676b9474849fe076080d8eb52b26,7
4292,Spring,SGF,311,v1.5.0.M1,v1.5.0.RELEASE,spring-projects/spring-data-gemfire,cc81d0f97aa5676b9474849fe076080d8eb52b26,7
4293,Spring,SGF,312,v1.5.0.M1,v1.5.0.RELEASE,spring-projects/spring-data-gemfire,cc81d0f97aa5676b9474849fe076080d8eb52b26,8
4294,Spring,SGF,360,v1.5.1.RELEASE,v1.5.2.RELEASE,spring-projects/spring-data-gemfire,b46e8b20e8b7d42b622e3fa47601a988b4cf37b9,3
4295,Spring,SGF,432,v1.5.2.RELEASE,1.7.1.RELEASE,spring-projects/spring-data-gemfire,abc348bd4255af565fc405d833bbbbec0fa77b26,3
4296,Spring,SGF,385,v1.5.2.RELEASE,1.5.3.RELEASE,spring-projects/spring-data-gemfire,abc348bd4255af565fc405d833bbbbec0fa77b26,13
4297,Spring,SGF,423,1.6.2.RELEASE,1.7.0.RELEASE,spring-projects/spring-data-gemfire,d0e0fe24d371bc1602b75996d2be636539286a88,23
4298,Spring,SGF,425,1.6.2.RELEASE,1.7.0.RELEASE,spring-projects/spring-data-gemfire,d0e0fe24d371bc1602b75996d2be636539286a88,8
4299,Spring,SGF,448,1.6.2.RELEASE,1.7.2.RELEASE,spring-projects/spring-data-gemfire,d0e0fe24d371bc1602b75996d2be636539286a88,1
4300,Spring,SGF,449,1.6.2.RELEASE,1.7.2.RELEASE,spring-projects/spring-data-gemfire,d0e0fe24d371bc1602b75996d2be636539286a88,1
4301,Spring,SGF,474,1.6.2.RELEASE,1.7.5.RELEASE,spring-projects/spring-data-gemfire,d0e0fe24d371bc1602b75996d2be636539286a88,4
4302,Spring,SGF,497,1.8.1.RELEASE,1.8.2.RELEASE,spring-projects/spring-data-gemfire,caa6632a2c28151299bde42136fe62a273742a8c,4
4303,Spring,SGF,499,1.8.1.RELEASE,1.8.2.RELEASE,spring-projects/spring-data-gemfire,caa6632a2c28151299bde42136fe62a273742a8c,8
4304,Spring,SHDP,96,v1.0.0.M2,v1.0.0.RC1,spring-projects/spring-hadoop,1cc6915344bdea750479cf0d15aaa29da709bb01,2
4305,Spring,SHDP,130,v1.0.0.RELEASE,v1.0.1.RELEASE,spring-projects/spring-hadoop,d2843d307c221a7d8a680aaddf4cc3f8e44f2796,1
4306,Spring,SHDP,181,v2.0.0.M1,v2.0.0.M2,spring-projects/spring-hadoop,86e9e714b5c303c7d869fdb6cecd12a4a7851a66,1
4307,Spring,SHDP,197,v2.0.0.M1,v2.0.0.M2,spring-projects/spring-hadoop,86e9e714b5c303c7d869fdb6cecd12a4a7851a66,3
4308,Spring,SHDP,245,v2.0.0.M4,v2.0.0.M5,spring-projects/spring-hadoop,17ad7300204229399718d93f2cd316667e2dd2c2,4
4309,Spring,SHDP,247,v2.0.0.M4,v2.0.0.M5,spring-projects/spring-hadoop,17ad7300204229399718d93f2cd316667e2dd2c2,2
4310,Spring,SHDP,246,v2.0.0.M4,v2.0.0.M5,spring-projects/spring-hadoop,17ad7300204229399718d93f2cd316667e2dd2c2,1
4311,Spring,SHDP,269,v2.0.0.M5,v2.0.0.M6,spring-projects/spring-hadoop,7063f4f0888239cbb081e88587545b2ee17a4c2c,1
4312,Spring,SHDP,335,v2.0.0.RC2,v2.0.0.RC3,spring-projects/spring-hadoop,a1a51ea7d105ceb469b36f44b2aee2460ceadb89,1
4313,Spring,SHDP,350,v2.0.0.RC4,v2.0.0.RELEASE,spring-projects/spring-hadoop,2d813f78d08381b62e61789f959d540a25350bf7,1
4314,Spring,SHDP,349,v2.0.0.RC4,v2.0.0.RELEASE,spring-projects/spring-hadoop,2d813f78d08381b62e61789f959d540a25350bf7,1
4315,Spring,SHDP,365,v2.0.0.RELEASE,v2.0.2.RELEASE,spring-projects/spring-hadoop,f36fccfcccd9bd67627933bc344e6dd958505256,2
4316,Spring,SHDP,373,v2.0.0.RELEASE,v2.0.2.RELEASE,spring-projects/spring-hadoop,f36fccfcccd9bd67627933bc344e6dd958505256,1
4317,Spring,SHDP,385,v2.0.0.RELEASE,v2.1.0.M1,spring-projects/spring-hadoop,f36fccfcccd9bd67627933bc344e6dd958505256,2
4318,Spring,SHDP,394,v2.0.0.RELEASE,v2.0.3.RELEASE,spring-projects/spring-hadoop,f36fccfcccd9bd67627933bc344e6dd958505256,1
4319,Spring,SHDP,356,v2.0.0.RELEASE,v2.1.0.M3,spring-projects/spring-hadoop,f36fccfcccd9bd67627933bc344e6dd958505256,2
4320,Spring,SHDP,374,v2.0.1.RELEASE,v2.0.2.RELEASE,spring-projects/spring-hadoop,1022000e3d77a71d6ed0f1511200a07822ab80be,2
4321,Spring,SHDP,375,v2.0.1.RELEASE,v2.0.2.RELEASE,spring-projects/spring-hadoop,1022000e3d77a71d6ed0f1511200a07822ab80be,2
4322,Spring,SHDP,408,v2.0.1.RELEASE,v2.0.3.RELEASE,spring-projects/spring-hadoop,1022000e3d77a71d6ed0f1511200a07822ab80be,1
4323,Spring,SHDP,390,v2.0.2.RELEASE,v2.1.0.M1,spring-projects/spring-hadoop,4a02825bc55d1487068de5934e2f5d69306a9840,4
4324,Spring,SHDP,423,v2.0.3.RELEASE,v2.1.0.M2,spring-projects/spring-hadoop,8b10df2e8e9afbcf05be446e0dd9d076d07aa5d9,4
4325,Spring,SHDP,430,v2.1.0.M2,v2.1.0.M3,spring-projects/spring-hadoop,af1cabdaf6d8a4f6a827cbf2e44c6710f8fd565c,3
4326,Spring,SHDP,447,v2.1.0.M2,v2.1.0.M3,spring-projects/spring-hadoop,af1cabdaf6d8a4f6a827cbf2e44c6710f8fd565c,4
4327,Spring,SHDP,460,v2.1.0.M3,v2.1.0.RC1,spring-projects/spring-hadoop,fe4d6df00cc2d4ecd48fdc433cdb52dc39da6f26,1
4328,Spring,SHDP,469,v2.1.0.RC1,v2.1.0.RELEASE,spring-projects/spring-hadoop,0c811a9f3fde2df9b598ed40d2cc3806d56b8835,2
4329,Spring,SHDP,482,v2.1.0.RELEASE,v2.1.1.RELEASE,spring-projects/spring-hadoop,71371c638f671c76a49a548400c4b6bf22e424a5,1
4330,Spring,SHDP,476,v2.1.0.RELEASE,v2.1.1.RELEASE,spring-projects/spring-hadoop,71371c638f671c76a49a548400c4b6bf22e424a5,9
4331,Spring,SHDP,510,v2.2.0.RELEASE,v2.3.0.M1,spring-projects/spring-hadoop,4e9addd6d03ee970a3951eb2f05a6a786845da34,1
4332,Spring,SHDP,515,v2.2.0.RELEASE,v2.3.0.M2,spring-projects/spring-hadoop,4e9addd6d03ee970a3951eb2f05a6a786845da34,2
4333,Spring,SHDP,531,v2.3.0.RC1,v2.3.0.RC2,spring-projects/spring-hadoop,6c6bddaec8b40c728985e4ad8c7f3f78c5a6b1fe,1
4334,Spring,SHDP,532,v2.3.0.RC1,v2.3.0.RC2,spring-projects/spring-hadoop,6c6bddaec8b40c728985e4ad8c7f3f78c5a6b1fe,5
4335,Spring,SHDP,562,v2.3.0.RELEASE,v2.4.0.RC1,spring-projects/spring-hadoop,7f91d702e2da9b39758b13404e6b78435a53a9a2,1
4336,Spring,SHDP,572,v2.3.0.M3,v2.5.0.M1,spring-projects/spring-hadoop,351d7b62f29cb47260d249e70c5258a6266389be,2
4337,Spring,SHL,56,v1.0.0.M1,1.1.0.RC1,spring-projects/spring-shell,adaed8ff054375e5e45d60a7945d48533fbbe870,1
4338,Spring,SHL,48,v1.0.0.M1,1.1.0.RC1,spring-projects/spring-shell,adaed8ff054375e5e45d60a7945d48533fbbe870,1
4339,Spring,SHL,153,1.1.0.RELEASE,1.1.0.RC4,spring-projects/spring-shell,6d13c0eaead4bc83aa5e818cb085f8de2d15cfa8,1
4340,Spring,SHL,187,v1.2.0.M1,v1.2.0.RC1,spring-projects/spring-shell,2340555a326a8755da81bb932a4658cc8b108806,1
4341,Spring,SOCIAL,52,v1.0.0.M1,v1.0.0.M2,spring-projects/spring-social,72c49b8c77ba7edd7c175521c941720b05d6ec01,1
4342,Spring,SOCIAL,224,v1.0.0.RC1,v1.0.0.RC2,spring-projects/spring-social,08613c3c6ee3267348c87046bcb9da6107f1bfbc,1
4343,Spring,SOCIAL,258,v1.0.0.RELEASE,v1.0.1.RELEASE,spring-projects/spring-social,dd701a7051b7ee01b3e9299fad9e85ebfcefaadb,1
4344,Spring,SOCIAL,273,v1.0.0.RELEASE,v1.0.1.RELEASE,spring-projects/spring-social,dd701a7051b7ee01b3e9299fad9e85ebfcefaadb,1
4345,Spring,SOCIAL,283,v1.0.1.RELEASE,v1.0.2.RELEASE,spring-projects/spring-social,a2cf5ad960264245ab478ac4b21bfcaf32a21e74,1
4346,Spring,SOCIAL,282,v1.0.1.RELEASE,v1.0.2.RELEASE,spring-projects/spring-social,a2cf5ad960264245ab478ac4b21bfcaf32a21e74,1
4347,Spring,SOCIAL,318,v1.0.2.RELEASE,v1.1.0.M1,spring-projects/spring-social,799a5a7eb35f106f01c125f98a892c189ffd1b0f,1
4348,Spring,SOCIAL,426,v1.1.0.RC1,v1.1.0.RELEASE,spring-projects/spring-social,2ae2988f83c96776fe6b8e97c9bb087c28553304,1
4349,Spring,SOCIAL,427,v1.1.0.RC1,v1.1.0.RELEASE,spring-projects/spring-social,2ae2988f83c96776fe6b8e97c9bb087c28553304,1
4350,Spring,SOCIAL,409,v1.1.0.M4,v1.1.0.RELEASE,spring-projects/spring-social,204b34e011b48a49a0aed87c80a6565e87322152,1
4351,Spring,SOCIAL,430,v1.1.0.RC1,v1.1.0.RELEASE,spring-projects/spring-social,2ae2988f83c96776fe6b8e97c9bb087c28553304,1
4352,Spring,SOCIAL,432,v1.1.0.RC1,1.1.1.RELEASE,spring-projects/spring-social,2ae2988f83c96776fe6b8e97c9bb087c28553304,4
4353,Spring,SOCIALFB,33,v1.0.0.RELEASE,v1.0.1.RELEASE,spring-projects/spring-social-facebook,18aff39f8f96c5770791dcc33e3aa6d46dbb7c36,1
4354,Spring,SOCIALFB,42,v1.0.0.RELEASE,1.1.0.M1,spring-projects/spring-social-facebook,18aff39f8f96c5770791dcc33e3aa6d46dbb7c36,2
4355,Spring,SOCIALFB,80,v1.0.0.RELEASE,1.1.0.M1,spring-projects/spring-social-facebook,18aff39f8f96c5770791dcc33e3aa6d46dbb7c36,2
4356,Spring,SOCIALFB,92,v1.0.1.RELEASE,1.0.2.RELEASE,spring-projects/spring-social-facebook,41112e3ef7a3644e6c4bc5d2951c66d102f14cda,11
4357,Spring,SOCIALFB,75,v1.1.0.RELEASE,1.1.0.M1,spring-projects/spring-social-facebook,a90b38641a381255c2e5f90779fd90fc949a7844,2
4358,Spring,SOCIALFB,97,v1.1.0.RELEASE,1.1.0.M1,spring-projects/spring-social-facebook,a90b38641a381255c2e5f90779fd90fc949a7844,1
4359,Spring,SOCIALFB,128,v1.1.0.M2,v1.1.0.M4,spring-projects/spring-social-facebook,b09739aa2f90c6223639dc350ea6505087262bd8,1
4360,Spring,SOCIALFB,141,v1.1.0.M4,v1.1.0.RELEASE,spring-projects/spring-social-facebook,8ae8df90879c1e88f5c795e9f358bdf66c6fb42a,2
4361,Spring,SOCIALFB,138,v1.1.0.M4,v1.1.0.RC1,spring-projects/spring-social-facebook,8ae8df90879c1e88f5c795e9f358bdf66c6fb42a,3
4362,Spring,SOCIALFB,168,v1.1.0.RELEASE,v2.0.0.RC1,spring-projects/spring-social-facebook,a90b38641a381255c2e5f90779fd90fc949a7844,3
4363,Spring,SOCIALFB,165,v2.0.0.M1,v2.0.0.RC1,spring-projects/spring-social-facebook,0a5955883c828383d4ee969481c32dc0cdb4d58c,3
4364,Spring,SOCIALFB,153,v2.0.0.M1,v2.0.0.RC1,spring-projects/spring-social-facebook,0a5955883c828383d4ee969481c32dc0cdb4d58c,2
4365,Spring,SOCIALFB,163,v2.0.0.M1,v2.0.0.RC1,spring-projects/spring-social-facebook,0a5955883c828383d4ee969481c32dc0cdb4d58c,2
4366,Spring,SOCIALFB,169,v2.0.0.M1,v2.0.0.RC1,spring-projects/spring-social-facebook,0a5955883c828383d4ee969481c32dc0cdb4d58c,1
4367,Spring,SOCIALFB,189,v2.0.1.RELEASE,v2.0.2.RELEASE,spring-projects/spring-social-facebook,7f8d1f070c398f1b0aba6de34ba7017ec3f56c82,2
4368,Spring,SOCIALLI,14,v1.0.0.M4,v1.0.0.M5,spring-projects/spring-social-linkedin,c60e66202ddfa9d8c0055c9cc7bcabdaedfcd3aa,7
4369,Spring,SOCIALLI,21,v1.0.0.RC1,v1.0.0.RC2,spring-projects/spring-social-linkedin,aad9e21d95c163cc7d225dcf8351f83c6e0fb5ea,1
4370,Spring,SOCIALLI,31,v1.0.0.RC2,v1.0.0.RELEASE,spring-projects/spring-social-linkedin,cd2b92285a0b1dbca93c482a36b6d7f16b342daf,3
4371,Spring,SOCIALLI,33,v1.0.0.RC3,v1.0.0.RELEASE,spring-projects/spring-social-linkedin,e50aa3cf7f27d07c513208f1b7c6e7a46a6ef58e,1
4372,Spring,SOCIALTW,14,v1.0.0.RELEASE,v1.0.1.RELEASE,spring-projects/spring-social-twitter,ec29d0ccf79f088415875203018ab472f825e82b,1
4373,Spring,SOCIALTW,27,v1.0.1.RELEASE,v1.0.2.RELEASE,spring-projects/spring-social-twitter,6f5cbed8c655d7eca032041e5f28f6ff273943ba,2
4374,Spring,SOCIALTW,57,v1.0.5.RELEASE,v1.1.0.M3,spring-projects/spring-social-twitter,b1483373017f694cc3cf829eda6400b504742b66,2
4375,Spring,SOCIALTW,58,v1.0.5.RELEASE,v1.1.0.M4,spring-projects/spring-social-twitter,b1483373017f694cc3cf829eda6400b504742b66,2
4376,Spring,SOCIALTW,64,v1.1.0.M3,v1.1.0.M4,spring-projects/spring-social-twitter,6aa4a8f5993a5a51d8c7a93eb16c45f9b2ee9d16,3
4377,Spring,SOCIALTW,71,v1.1.0.M4,v1.1.0.RC1,spring-projects/spring-social-twitter,fb1cf16abbee869506faee089e02a3870d0285b4,1
4378,Spring,SPR,5406,v3.0.0.M1,v3.0.0.M4,spring-projects/spring-framework,dfcbc6f659b20d4f30929122ed3d2e28aa76360f,3
4379,Spring,SPR,5924,v3.0.0.M1,v3.0.0.M4,spring-projects/spring-framework,dfcbc6f659b20d4f30929122ed3d2e28aa76360f,2
4380,Spring,SPR,6070,v3.0.0.M4,v3.0.0.RC1,spring-projects/spring-framework,153c3c43830d52288ee0519ec1bd542884783185,1
4381,Spring,SPR,6093,v3.0.0.M4,v3.0.0.RC1,spring-projects/spring-framework,153c3c43830d52288ee0519ec1bd542884783185,3
4382,Spring,SPR,6163,v3.0.0.RC1,v3.0.0.RC2,spring-projects/spring-framework,df8feec322279148dfef4050471adb509bfa3857,2
4383,Spring,SPR,6161,v3.0.0.RC1,v3.0.0.RC2,spring-projects/spring-framework,df8feec322279148dfef4050471adb509bfa3857,1
4384,Spring,SPR,6366,v3.0.0.RC2,v3.0.0.RC3,spring-projects/spring-framework,e3b58bf67836a045b4e519eb4f496bc725d06f52,3
4385,Spring,SPR,6356,v3.0.0.RC2,v3.0.0.RC3,spring-projects/spring-framework,e3b58bf67836a045b4e519eb4f496bc725d06f52,1
4386,Spring,SPR,6378,v3.0.0.RC2,v3.0.0.RC3,spring-projects/spring-framework,e3b58bf67836a045b4e519eb4f496bc725d06f52,4
4387,Spring,SPR,6525,v3.0.0.RC3,v3.0.0.RELEASE,spring-projects/spring-framework,44375c90e63fd7f134dfd0d3af36c0ce54c6577c,2
4388,Spring,SPR,6493,v3.0.0.RC3,v3.0.0.RELEASE,spring-projects/spring-framework,44375c90e63fd7f134dfd0d3af36c0ce54c6577c,1
4389,Spring,SPR,6656,v3.0.0.RELEASE,v3.0.1.RELEASE,spring-projects/spring-framework,30604ae861d378669a9719918f3068dadcc5aed5,1
4390,Spring,SPR,6858,v3.0.0.RELEASE,v3.0.1.RELEASE,spring-projects/spring-framework,30604ae861d378669a9719918f3068dadcc5aed5,2
4391,Spring,SPR,7703,v3.0.0.RELEASE,v3.0.6.RELEASE,spring-projects/spring-framework,30604ae861d378669a9719918f3068dadcc5aed5,4
4392,Spring,SPR,6180,v3.0.0.RC1,v3.1.0.M2,spring-projects/spring-framework,df8feec322279148dfef4050471adb509bfa3857,5
4393,Spring,SPR,6922,v3.0.0.RC2,v3.1.0.M2,spring-projects/spring-framework,e3b58bf67836a045b4e519eb4f496bc725d06f52,9
4394,Spring,SPR,6482,v3.0.0.RC3,v3.0.0.RELEASE,spring-projects/spring-framework,44375c90e63fd7f134dfd0d3af36c0ce54c6577c,4
4395,Spring,SPR,6752,v3.0.0.RELEASE,v3.0.1.RELEASE,spring-projects/spring-framework,30604ae861d378669a9719918f3068dadcc5aed5,1
4396,Spring,SPR,6871,v3.0.1.RELEASE,v3.0.2.RELEASE,spring-projects/spring-framework,c20c4e1f05eb3c64062ba3af509c528ad003f089,3
4397,Spring,SPR,7004,v3.0.1.RELEASE,v3.0.3.RELEASE,spring-projects/spring-framework,c20c4e1f05eb3c64062ba3af509c528ad003f089,3
4398,Spring,SPR,6901,v3.0.1.RELEASE,v3.0.3.RELEASE,spring-projects/spring-framework,c20c4e1f05eb3c64062ba3af509c528ad003f089,2
4399,Spring,SPR,6902,v3.0.1.RELEASE,v3.1.0.M1,spring-projects/spring-framework,c20c4e1f05eb3c64062ba3af509c528ad003f089,4
4400,Spring,SPR,7289,v3.0.3.RELEASE,v3.0.4.RELEASE,spring-projects/spring-framework,1c31c7aa6ba83c93b0049e180953db04142a78db,8
4401,Spring,SPR,7478,v3.0.4.RELEASE,v3.0.5.RELEASE,spring-projects/spring-framework,b266bef3e82213d981b70c0098197d0f366384a6,1
4402,Spring,SPR,7482,v3.0.4.RELEASE,v3.0.5.RELEASE,spring-projects/spring-framework,b266bef3e82213d981b70c0098197d0f366384a6,2
4403,Spring,SPR,7795,v3.0.4.RELEASE,v3.0.6.RELEASE,spring-projects/spring-framework,b266bef3e82213d981b70c0098197d0f366384a6,6
4404,Spring,SPR,7706,v3.0.5.RELEASE,v3.0.6.RELEASE,spring-projects/spring-framework,0206845341eefed93e46e573f49cdc227e703b0a,3
4405,Spring,SPR,7686,v3.0.5.RELEASE,v3.0.6.RELEASE,spring-projects/spring-framework,0206845341eefed93e46e573f49cdc227e703b0a,1
4406,Spring,SPR,7842,v3.0.5.RELEASE,v3.0.6.RELEASE,spring-projects/spring-framework,0206845341eefed93e46e573f49cdc227e703b0a,6
4407,Spring,SPR,7931,v3.0.7.RELEASE,v3.1.0.RC1,spring-projects/spring-framework,40015e3de33c3384cf21914f85a2338858e63a1b,2
4408,Spring,SPR,8759,v3.1.0.RC1,v3.1.0.RC2,spring-projects/spring-framework,75a5e62a753aff9cc60e330e632fe68133f4e455,1
4409,Spring,SPR,8808,v3.1.0.RC1,v3.1.0.RC2,spring-projects/spring-framework,75a5e62a753aff9cc60e330e632fe68133f4e455,1
4410,Spring,SPR,8986,v3.1.0.RELEASE,v3.1.1.RELEASE,spring-projects/spring-framework,ac107d0c2ae939c669ba086c2874d02790519b06,10
4411,Spring,SPR,9067,v3.1.0.RELEASE,v3.1.1.RELEASE,spring-projects/spring-framework,ac107d0c2ae939c669ba086c2874d02790519b06,2
4412,Spring,SPR,9030,v3.1.0.RELEASE,v3.1.1.RELEASE,spring-projects/spring-framework,ac107d0c2ae939c669ba086c2874d02790519b06,4
4413,Spring,SPR,8992,v3.1.0.RELEASE,v3.1.1.RELEASE,spring-projects/spring-framework,ac107d0c2ae939c669ba086c2874d02790519b06,2
4414,Spring,SPR,8889,v3.1.0.RC2,v3.1.1.RELEASE,spring-projects/spring-framework,d869a6ba8fed9b552b53b0a2cc576bfb8f9f96ea,2
4415,Spring,SPR,14080,v4.2.5.RELEASE,v4.2.6.RELEASE,spring-projects/spring-framework,dd42a21f3968c165af924310fce460694803756f,1
4416,Spring,SWF,239,v1.0.1,v1.0.2,spring-projects/spring-webflow,4bc7d43cdfa342b368aac614ec298170c396b571,2
4417,Spring,SWF,244,v1.0.1,v1.0.2,spring-projects/spring-webflow,4bc7d43cdfa342b368aac614ec298170c396b571,12
4418,Spring,SWF,262,v1.0.1,v1.0.2,spring-projects/spring-webflow,4bc7d43cdfa342b368aac614ec298170c396b571,1
4419,Spring,SWF,261,v1.0.1,v1.0.2,spring-projects/spring-webflow,4bc7d43cdfa342b368aac614ec298170c396b571,2
4420,Spring,SWF,268,v1.0.1,v1.0.2,spring-projects/spring-webflow,4bc7d43cdfa342b368aac614ec298170c396b571,2
4421,Spring,SWF,264,v1.0.1,v1.0.2,spring-projects/spring-webflow,4bc7d43cdfa342b368aac614ec298170c396b571,10
4422,Spring,SWF,265,v1.0.1,v1.0.2,spring-projects/spring-webflow,4bc7d43cdfa342b368aac614ec298170c396b571,4
4423,Spring,SWF,260,v1.0.1,v1.0.2,spring-projects/spring-webflow,4bc7d43cdfa342b368aac614ec298170c396b571,4
4424,Spring,SWF,270,v1.0.1,v1.0.2,spring-projects/spring-webflow,4bc7d43cdfa342b368aac614ec298170c396b571,1
4425,Spring,SWF,255,v1.0.1,v1.0.2,spring-projects/spring-webflow,4bc7d43cdfa342b368aac614ec298170c396b571,2
4426,Spring,SWF,277,v1.0.1,v1.0.2,spring-projects/spring-webflow,4bc7d43cdfa342b368aac614ec298170c396b571,1
4427,Spring,SWF,236,v1.0.2,v1.0.3,spring-projects/spring-webflow,659f49611a47ca15ebf77b86c07d920cc8088e7d,1
4428,Spring,SWF,304,v1.0.3,v1.0.4,spring-projects/spring-webflow,db4ae605c8ef78c120a1bdb007d72eace8b4cba4,5
4429,Spring,SWF,305,v1.0.3,v1.0.4,spring-projects/spring-webflow,db4ae605c8ef78c120a1bdb007d72eace8b4cba4,4
4430,Spring,SWF,307,v1.0.3,v1.0.4,spring-projects/spring-webflow,db4ae605c8ef78c120a1bdb007d72eace8b4cba4,5
4431,Spring,SWF,335,v1.0.3,v1.0.4,spring-projects/spring-webflow,db4ae605c8ef78c120a1bdb007d72eace8b4cba4,3
4432,Spring,SWF,337,v1.0.3,v1.0.4,spring-projects/spring-webflow,db4ae605c8ef78c120a1bdb007d72eace8b4cba4,2
4433,Spring,SWF,347,v1.0.4,v1.0.5,spring-projects/spring-webflow,1654960928dc70fee08fb2241f57530c8d34aa4a,2
4434,Spring,SWF,343,v1.0.4,v1.0.5,spring-projects/spring-webflow,1654960928dc70fee08fb2241f57530c8d34aa4a,1
4435,Spring,SWF,378,v1.0.4,v1.0.5,spring-projects/spring-webflow,1654960928dc70fee08fb2241f57530c8d34aa4a,2
4436,Spring,SWF,531,v2.0-m4,v2.0.0.RC1,spring-projects/spring-webflow,c21b78c338ab29357b1901fd0ae544445a4b0bca,1
4437,Spring,SWF,529,v2.0-m4,v2.0.0.RC1,spring-projects/spring-webflow,c21b78c338ab29357b1901fd0ae544445a4b0bca,1
4438,Spring,SWF,527,v2.0-m4,v2.0.0.RC1,spring-projects/spring-webflow,c21b78c338ab29357b1901fd0ae544445a4b0bca,1
4439,Spring,SWF,537,v2.0-m4,v2.0.0.RC1,spring-projects/spring-webflow,c21b78c338ab29357b1901fd0ae544445a4b0bca,1
4440,Spring,SWF,570,v2.0-m4,v2.0.0.RC1,spring-projects/spring-webflow,c21b78c338ab29357b1901fd0ae544445a4b0bca,5
4441,Spring,SWF,573,v2.0-m4,v2.0.0.RC1,spring-projects/spring-webflow,c21b78c338ab29357b1901fd0ae544445a4b0bca,3
4442,Spring,SWF,530,v2.0-m4,v2.0.0.RELEASE,spring-projects/spring-webflow,c21b78c338ab29357b1901fd0ae544445a4b0bca,1
4443,Spring,SWF,604,v2.0.0.RC1,v2.0.0.RELEASE,spring-projects/spring-webflow,5d1ea2974737871f5d2206c15b75f9692c19aad2,1
4444,Spring,SWF,583,v2.0.0.RC1,v2.0.0.RELEASE,spring-projects/spring-webflow,5d1ea2974737871f5d2206c15b75f9692c19aad2,2
4445,Spring,SWF,626,v2.0.0.RC1,v2.0.0.RELEASE,spring-projects/spring-webflow,5d1ea2974737871f5d2206c15b75f9692c19aad2,12
4446,Spring,SWF,596,v2.0.0.RC1,v2.0.0.RELEASE,spring-projects/spring-webflow,5d1ea2974737871f5d2206c15b75f9692c19aad2,2
4447,Spring,SWF,599,v2.0.0.RC1,v2.0.0.RELEASE,spring-projects/spring-webflow,5d1ea2974737871f5d2206c15b75f9692c19aad2,1
4448,Spring,SWF,632,v2.0.0.RC1,v2.0.0.RELEASE,spring-projects/spring-webflow,5d1ea2974737871f5d2206c15b75f9692c19aad2,1
4449,Spring,SWF,656,v2.0.0.RC1,v2.0.0.RELEASE,spring-projects/spring-webflow,5d1ea2974737871f5d2206c15b75f9692c19aad2,2
4450,Spring,SWF,657,v2.0.0.RELEASE,v2.0.1.RELEASE,spring-projects/spring-webflow,7ceb7c46b88295552584b9387349824e424e3055,1
4451,Spring,SWF,653,v2.0.0.RC1,v2.0.1.RELEASE,spring-projects/spring-webflow,5d1ea2974737871f5d2206c15b75f9692c19aad2,1
4452,Spring,SWF,645,v2.0.0.RELEASE,v2.0.1.RELEASE,spring-projects/spring-webflow,7ceb7c46b88295552584b9387349824e424e3055,2
4455,Spring,SWF,712,v2.0.1.RELEASE,v2.0.2.RELEASE,spring-projects/spring-webflow,06f66698caba693a78dfcca4d93876542c17fd72,1
4456,Spring,SWF,736,v2.0.1.RELEASE,v2.0.2.RELEASE,spring-projects/spring-webflow,06f66698caba693a78dfcca4d93876542c17fd72,1
4457,Spring,SWF,719,v2.0.1.RELEASE,v2.0.2.RELEASE,spring-projects/spring-webflow,06f66698caba693a78dfcca4d93876542c17fd72,2
4458,Spring,SWF,723,v2.0.1.RELEASE,v2.0.2.RELEASE,spring-projects/spring-webflow,06f66698caba693a78dfcca4d93876542c17fd72,2
4459,Spring,SWF,706,v2.0.1.RELEASE,v2.0.2.RELEASE,spring-projects/spring-webflow,06f66698caba693a78dfcca4d93876542c17fd72,2
4460,Spring,SWF,751,v2.0.1.RELEASE,v2.0.3.RELEASE,spring-projects/spring-webflow,06f66698caba693a78dfcca4d93876542c17fd72,2
4461,Spring,SWF,752,v2.0.1.RELEASE,v2.0.3.RELEASE,spring-projects/spring-webflow,06f66698caba693a78dfcca4d93876542c17fd72,5
4462,Spring,SWF,753,v2.0.2.RELEASE,v2.0.3.RELEASE,spring-projects/spring-webflow,87a3cd4e3aa17894b7a5c2c48bd0d8d07c21aff1,1
4463,Spring,SWF,767,v2.0.2.RELEASE,v2.0.3.RELEASE,spring-projects/spring-webflow,87a3cd4e3aa17894b7a5c2c48bd0d8d07c21aff1,1
4464,Spring,SWF,782,v2.0.2.RELEASE,v2.0.3.RELEASE,spring-projects/spring-webflow,87a3cd4e3aa17894b7a5c2c48bd0d8d07c21aff1,1
4465,Spring,SWF,785,v2.0.2.RELEASE,v2.0.3.RELEASE,spring-projects/spring-webflow,87a3cd4e3aa17894b7a5c2c48bd0d8d07c21aff1,13
4466,Spring,SWF,770,v2.0.2.RELEASE,v2.0.4.RELEASE,spring-projects/spring-webflow,87a3cd4e3aa17894b7a5c2c48bd0d8d07c21aff1,2
4467,Spring,SWF,786,v2.0.2.RELEASE,v2.0.4.RELEASE,spring-projects/spring-webflow,87a3cd4e3aa17894b7a5c2c48bd0d8d07c21aff1,2
4468,Spring,SWF,856,v2.0.2.RELEASE,v2.0.6.RELEASE,spring-projects/spring-webflow,87a3cd4e3aa17894b7a5c2c48bd0d8d07c21aff1,2
4469,Spring,SWF,823,v2.0.3.RELEASE,v2.0.4.RELEASE,spring-projects/spring-webflow,6976f16b1cfc14fa028f21d934b128d621d1a367,2
4470,Spring,SWF,890,v2.0.3.RELEASE,v2.0.4.RELEASE,spring-projects/spring-webflow,6976f16b1cfc14fa028f21d934b128d621d1a367,1
4473,Spring,SWF,917,v2.0.3.RELEASE,v2.0.4.RELEASE,spring-projects/spring-webflow,6976f16b1cfc14fa028f21d934b128d621d1a367,1
4474,Spring,SWF,916,v2.0.3.RELEASE,v2.0.4.RELEASE,spring-projects/spring-webflow,6976f16b1cfc14fa028f21d934b128d621d1a367,1
4475,Spring,SWF,897,v2.0.3.RELEASE,v2.0.4.RELEASE,spring-projects/spring-webflow,6976f16b1cfc14fa028f21d934b128d621d1a367,2
4476,Spring,SWF,923,v2.0.3.RELEASE,v2.0.4.RELEASE,spring-projects/spring-webflow,6976f16b1cfc14fa028f21d934b128d621d1a367,1
4477,Spring,SWF,926,v2.0.3.RELEASE,v2.0.4.RELEASE,spring-projects/spring-webflow,6976f16b1cfc14fa028f21d934b128d621d1a367,1
4478,Spring,SWF,930,v2.0.3.RELEASE,v2.0.4.RELEASE,spring-projects/spring-webflow,6976f16b1cfc14fa028f21d934b128d621d1a367,2
4479,Spring,SWF,899,v2.0.3.RELEASE,v2.0.5.RELEASE,spring-projects/spring-webflow,6976f16b1cfc14fa028f21d934b128d621d1a367,3
4480,Spring,SWF,839,v2.0.3.RELEASE,v2.0.6.RELEASE,spring-projects/spring-webflow,6976f16b1cfc14fa028f21d934b128d621d1a367,4
4481,Spring,SWF,985,v2.0.3.RELEASE,v2.0.6.RELEASE,spring-projects/spring-webflow,6976f16b1cfc14fa028f21d934b128d621d1a367,2
4482,Spring,SWF,939,v2.0.4.RELEASE,v2.0.5.RELEASE,spring-projects/spring-webflow,bfb47229b5d0b8bb7a2c6a97e1f1e8de26db1c12,1
4483,Spring,SWF,948,v2.0.4.RELEASE,v2.0.5.RELEASE,spring-projects/spring-webflow,bfb47229b5d0b8bb7a2c6a97e1f1e8de26db1c12,1
4484,Spring,SWF,953,v2.0.4.RELEASE,v2.0.5.RELEASE,spring-projects/spring-webflow,bfb47229b5d0b8bb7a2c6a97e1f1e8de26db1c12,6
4485,Spring,SWF,964,v2.0.5.RELEASE,v2.0.6.RELEASE,spring-projects/spring-webflow,9342f975ebcb796d7bda578273d809b7c3b41807,4
4486,Spring,SWF,963,v2.0.5.RELEASE,v2.0.6.RELEASE,spring-projects/spring-webflow,9342f975ebcb796d7bda578273d809b7c3b41807,3
4487,Spring,SWF,980,v2.0.5.RELEASE,v2.0.6.RELEASE,spring-projects/spring-webflow,9342f975ebcb796d7bda578273d809b7c3b41807,1
4488,Spring,SWF,978,v2.0.5.RELEASE,v2.0.6.RELEASE,spring-projects/spring-webflow,9342f975ebcb796d7bda578273d809b7c3b41807,1
4489,Spring,SWF,976,v2.0.5.RELEASE,v2.0.6.RELEASE,spring-projects/spring-webflow,9342f975ebcb796d7bda578273d809b7c3b41807,2
4490,Spring,SWF,992,v2.0.5.RELEASE,v2.0.6.RELEASE,spring-projects/spring-webflow,9342f975ebcb796d7bda578273d809b7c3b41807,2
4491,Spring,SWF,998,v2.0.5.RELEASE,v2.0.6.RELEASE,spring-projects/spring-webflow,9342f975ebcb796d7bda578273d809b7c3b41807,1
4492,Spring,SWF,1016,v2.0.5.RELEASE,v2.0.6.RELEASE,spring-projects/spring-webflow,9342f975ebcb796d7bda578273d809b7c3b41807,2
4493,Spring,SWF,1017,v2.0.5.RELEASE,v2.0.6.RELEASE,spring-projects/spring-webflow,9342f975ebcb796d7bda578273d809b7c3b41807,2
4494,Spring,SWF,1000,v2.0.5.RELEASE,v2.0.6.RELEASE,spring-projects/spring-webflow,9342f975ebcb796d7bda578273d809b7c3b41807,1
4495,Spring,SWF,1025,v2.0.5.RELEASE,v2.0.6.RELEASE,spring-projects/spring-webflow,9342f975ebcb796d7bda578273d809b7c3b41807,1
4496,Spring,SWF,1082,v2.0.5.RELEASE,v2.0.7.RELEASE,spring-projects/spring-webflow,9342f975ebcb796d7bda578273d809b7c3b41807,1
4497,Spring,SWF,1021,v2.0.5.RELEASE,v2.0.8.RELEASE,spring-projects/spring-webflow,9342f975ebcb796d7bda578273d809b7c3b41807,1
4498,Spring,SWF,1027,v2.0.5.RELEASE,v2.0.8.RELEASE,spring-projects/spring-webflow,9342f975ebcb796d7bda578273d809b7c3b41807,3
4499,Spring,SWF,1066,v2.0.6.RELEASE,v2.0.7.RELEASE,spring-projects/spring-webflow,a5d7d50a48300baa90303e28a44714932a4a4469,2
4500,Spring,SWF,1092,v2.0.6.RELEASE,v2.0.7.RELEASE,spring-projects/spring-webflow,a5d7d50a48300baa90303e28a44714932a4a4469,1
4501,Spring,SWF,1098,v2.0.6.RELEASE,v2.0.7.RELEASE,spring-projects/spring-webflow,a5d7d50a48300baa90303e28a44714932a4a4469,4
4502,Spring,SWF,1112,v2.0.7.RELEASE,v2.0.8.RELEASE,spring-projects/spring-webflow,4a65092e81fb794da4cd76fbdcccd57f39f2154b,1
4503,Spring,SWF,1115,v2.0.7.RELEASE,v2.0.8.RELEASE,spring-projects/spring-webflow,4a65092e81fb794da4cd76fbdcccd57f39f2154b,1
4504,Spring,SWF,1144,v2.0.7.RELEASE,v2.0.8.RELEASE,spring-projects/spring-webflow,4a65092e81fb794da4cd76fbdcccd57f39f2154b,4
4505,Spring,SWF,1146,v2.0.7.RELEASE,v2.0.8.RELEASE,spring-projects/spring-webflow,4a65092e81fb794da4cd76fbdcccd57f39f2154b,3
4506,Spring,SWF,1133,v2.0.7.RELEASE,v2.0.8.RELEASE,spring-projects/spring-webflow,4a65092e81fb794da4cd76fbdcccd57f39f2154b,1
4507,Spring,SWF,1187,v2.0.7.RELEASE,v2.0.9.RELEASE,spring-projects/spring-webflow,4a65092e81fb794da4cd76fbdcccd57f39f2154b,2
4508,Spring,SWF,1213,v2.0.8.RELEASE,v2.0.9.RELEASE,spring-projects/spring-webflow,cde54221c7d040e665812ace2c6d6e10e061fcc5,2
4509,Spring,SWF,1229,v2.0.8.RELEASE,v2.1.0.M1,spring-projects/spring-webflow,cde54221c7d040e665812ace2c6d6e10e061fcc5,2
4510,Spring,SWF,1247,v2.0.8.RELEASE,v2.3.0.RELEASE,spring-projects/spring-webflow,cde54221c7d040e665812ace2c6d6e10e061fcc5,2
4511,Spring,SWF,1261,v2.1.0.RELEASE,v2.1.1.RELEASE,spring-projects/spring-webflow,c8b442431781077dfcc4514163bb8e400cc12555,2
4512,Spring,SWF,1263,v2.1.0.RELEASE,v2.1.1.RELEASE,spring-projects/spring-webflow,c8b442431781077dfcc4514163bb8e400cc12555,2
4513,Spring,SWF,1381,v2.1.0.RELEASE,v2.2.0.RC1,spring-projects/spring-webflow,c8b442431781077dfcc4514163bb8e400cc12555,2
4514,Spring,SWF,1385,v2.1.0.RELEASE,v2.2.0.RC1,spring-projects/spring-webflow,c8b442431781077dfcc4514163bb8e400cc12555,2
4515,Spring,SWF,1238,v2.1.0.M1,v2.1.0.M2,spring-projects/spring-webflow,3e4355ae76d427e6f96df3eb46f0bfeefae22fec,2
4516,Spring,SWF,1245,v2.1.0.M2,v2.1.0.RC1,spring-projects/spring-webflow,db51d8bf978b1de421f7838a947592f856d6a42c,1
4517,Spring,SWF,1250,v2.1.0.RC1,v2.1.0.RELEASE,spring-projects/spring-webflow,4e165df96136e054fe2bafb2189f1b6a97a969f8,10
4518,Spring,SWF,1389,v2.1.1.RELEASE,v2.2.0.RC1,spring-projects/spring-webflow,bc3d570df9e48c0429c0f2f11777c486f5308271,2
4519,Spring,SWF,1383,v2.2.0.M1,v2.2.0.RC1,spring-projects/spring-webflow,65c6b3989397baeec1400ccc685a467f9f416cb3,1
4520,Spring,SWF,1402,v2.2.0.RC1,v2.2.0.RELEASE,spring-projects/spring-webflow,52981a27cf73ca17df5d622512acf28587c086bb,2
4521,Spring,SWF,1406,v2.2.0.RELEASE,v2.2.1.RELEASE,spring-projects/spring-webflow,4de3f3cb3aa07d0e791666d61bd4bc3c2bd715c5,2
4522,Spring,SWF,1407,v2.2.0.RELEASE,v2.2.1.RELEASE,spring-projects/spring-webflow,4de3f3cb3aa07d0e791666d61bd4bc3c2bd715c5,1
4523,Spring,SWF,1432,v2.2.0.RELEASE,v2.3.0.RELEASE,spring-projects/spring-webflow,4de3f3cb3aa07d0e791666d61bd4bc3c2bd715c5,2
4524,Spring,SWF,1416,v2.2.1.RELEASE,v2.0.2.RELEASE,spring-projects/spring-webflow,9c1df329bc850ede2eec74b470bf8d735fdeb58b,1
4525,Spring,SWF,1437,v2.2.1.RELEASE,v2.3.0.RELEASE,spring-projects/spring-webflow,9c1df329bc850ede2eec74b470bf8d735fdeb58b,2
4526,Spring,SWF,1461,v2.3.0.RELEASE,v2.3.1.RELEASE,spring-projects/spring-webflow,a2e1969371b5b7d7a41b4106b2a05e89149e4ae3,1
4527,Spring,SWS,56,spring-ws-1.0-m2,spring-ws-1.0-m3,spring-projects/spring-ws,b0d9c92b36046e3cd86e79c3f7e9ceb8dc5a8936,2
4528,Spring,SWS,55,spring-ws-1.0-m2,spring-ws-1.0-m3,spring-projects/spring-ws,b0d9c92b36046e3cd86e79c3f7e9ceb8dc5a8936,4
4529,Spring,SWS,59,spring-ws-1.0-m2,spring-ws-1.0-m3,spring-projects/spring-ws,b0d9c92b36046e3cd86e79c3f7e9ceb8dc5a8936,2
4530,Spring,SWS,89,spring-ws-1.0-m1,spring-ws-1.0-rc1,spring-projects/spring-ws,2339ad55a18f4adf3e9592713496a512c94d0174,1
4531,Spring,SWS,87,spring-ws-1.0-m3,spring-ws-1.0-rc1,spring-projects/spring-ws,0d77c108a541287c9815bcbae90ea93fa78d3fff,6
4532,Spring,SWS,101,spring-ws-1.0-m3,spring-ws-1.0-rc1,spring-projects/spring-ws,0d77c108a541287c9815bcbae90ea93fa78d3fff,1
4533,Spring,SWS,128,spring-ws-1.0-rc1,spring-ws-1.0-rc2,spring-projects/spring-ws,e2d5b75f9387b80789827ec8ba0405c3436c0a4f,5
4534,Spring,SWS,133,spring-ws-1.0-rc1,spring-ws-1.0-rc2,spring-projects/spring-ws,e2d5b75f9387b80789827ec8ba0405c3436c0a4f,3
4535,Spring,SWS,141,spring-ws-1.0-rc2,spring-ws-1.0.0,spring-projects/spring-ws,a8a2ae85c74e3ceb549cadba481ee06addfdc24c,1
4536,Spring,SWS,145,spring-ws-1.0-rc2,spring-ws-1.0.0,spring-projects/spring-ws,a8a2ae85c74e3ceb549cadba481ee06addfdc24c,3
4537,Spring,SWS,149,spring-ws-1.0-rc2,spring-ws-1.0.0,spring-projects/spring-ws,a8a2ae85c74e3ceb549cadba481ee06addfdc24c,1
4538,Spring,SWS,150,spring-ws-1.0-rc2,spring-ws-1.0.0,spring-projects/spring-ws,a8a2ae85c74e3ceb549cadba481ee06addfdc24c,1
4539,Spring,SWS,158,spring-ws-1.0-m3,spring-ws-1.0.0,spring-projects/spring-ws,0d77c108a541287c9815bcbae90ea93fa78d3fff,1
4540,Spring,SWS,152,spring-ws-1.0-m3,spring-ws-1.0.0,spring-projects/spring-ws,0d77c108a541287c9815bcbae90ea93fa78d3fff,1
4541,Spring,SWS,151,spring-ws-1.0-m3,spring-ws-1.0.0,spring-projects/spring-ws,0d77c108a541287c9815bcbae90ea93fa78d3fff,2
4542,Spring,SWS,171,spring-ws-1.0.0,spring-ws-1.0.1,spring-projects/spring-ws,25ea4faff8d63f0e051c3bdd7c85ef9720c11be3,1
4543,Spring,SWS,191,spring-ws-1.0.0,spring-ws-1.0.1,spring-projects/spring-ws,25ea4faff8d63f0e051c3bdd7c85ef9720c11be3,1
4544,Spring,SWS,165,spring-ws-1.0-rc2,spring-ws-1.0.1,spring-projects/spring-ws,a8a2ae85c74e3ceb549cadba481ee06addfdc24c,2
4545,Spring,SWS,170,spring-ws-1.0.0,spring-ws-1.0.1,spring-projects/spring-ws,25ea4faff8d63f0e051c3bdd7c85ef9720c11be3,4
4546,Spring,SWS,195,spring-ws-1.0.0,spring-ws-1.0.1,spring-projects/spring-ws,25ea4faff8d63f0e051c3bdd7c85ef9720c11be3,1
4547,Spring,SWS,188,spring-ws-1.0-rc2,spring-ws-1.0.1,spring-projects/spring-ws,a8a2ae85c74e3ceb549cadba481ee06addfdc24c,4
4548,Spring,SWS,146,spring-ws-1.0-rc2,spring-ws-1.0.2,spring-projects/spring-ws,a8a2ae85c74e3ceb549cadba481ee06addfdc24c,4
4549,Spring,SWS,202,spring-ws-1.0.0,spring-ws-1.0.2,spring-projects/spring-ws,25ea4faff8d63f0e051c3bdd7c85ef9720c11be3,3
4550,Spring,SWS,220,spring-ws-1.0.0,spring-ws-1.0.2,spring-projects/spring-ws,25ea4faff8d63f0e051c3bdd7c85ef9720c11be3,6
4551,Spring,SWS,203,spring-ws-1.0.1,spring-ws-1.0.2,spring-projects/spring-ws,f3c12433b43d9b36526a709528fdf8568faa3b1d,5
4552,Spring,SWS,216,spring-ws-1.0.1,spring-ws-1.0.2,spring-projects/spring-ws,f3c12433b43d9b36526a709528fdf8568faa3b1d,1
4553,Spring,SWS,217,spring-ws-1.0.1,spring-ws-1.0.2,spring-projects/spring-ws,f3c12433b43d9b36526a709528fdf8568faa3b1d,11
4554,Spring,SWS,218,spring-ws-1.0.1,spring-ws-1.0.2,spring-projects/spring-ws,f3c12433b43d9b36526a709528fdf8568faa3b1d,3
4555,Spring,SWS,219,spring-ws-1.0.1,spring-ws-1.0.2,spring-projects/spring-ws,f3c12433b43d9b36526a709528fdf8568faa3b1d,4
4556,Spring,SWS,226,spring-ws-1.0.1,spring-ws-1.5.0-m1,spring-projects/spring-ws,f3c12433b43d9b36526a709528fdf8568faa3b1d,2
4557,Spring,SWS,227,spring-ws-1.0.1,spring-ws-1.5.0-m1,spring-projects/spring-ws,f3c12433b43d9b36526a709528fdf8568faa3b1d,2
4558,Spring,SWS,238,spring-ws-1.0.2,spring-ws-1.5.0-m1,spring-projects/spring-ws,726509e04c5120559272d79e925e336876e7b116,1
4559,Spring,SWS,229,spring-ws-1.0.2,spring-ws-1.5.0-m1,spring-projects/spring-ws,726509e04c5120559272d79e925e336876e7b116,2
4560,Spring,SWS,230,spring-ws-1.0.2,spring-ws-1.5.0-m1,spring-projects/spring-ws,726509e04c5120559272d79e925e336876e7b116,1
4561,Spring,SWS,241,spring-ws-1.0.2,spring-ws-1.5.0-m1,spring-projects/spring-ws,726509e04c5120559272d79e925e336876e7b116,2
4562,Spring,SWS,244,spring-ws-1.0.2,spring-ws-1.5.0-m1,spring-projects/spring-ws,726509e04c5120559272d79e925e336876e7b116,2
4563,Spring,SWS,245,spring-ws-1.0.2,spring-ws-1.5.0-m1,spring-projects/spring-ws,726509e04c5120559272d79e925e336876e7b116,12
4564,Spring,SWS,239,spring-ws-1.0.2,spring-ws-1.5.0-m1,spring-projects/spring-ws,726509e04c5120559272d79e925e336876e7b116,12
4565,Spring,SWS,248,spring-ws-1.0.2,spring-ws-1.5.0-m1,spring-projects/spring-ws,726509e04c5120559272d79e925e336876e7b116,2
4566,Spring,SWS,275,spring-ws-1.0.2,spring-ws-1.5.0-m2,spring-projects/spring-ws,726509e04c5120559272d79e925e336876e7b116,1
4567,Spring,SWS,274,spring-ws-1.0.2,spring-ws-1.5.0-m2,spring-projects/spring-ws,726509e04c5120559272d79e925e336876e7b116,1
4568,Spring,SWS,242,spring-ws-1.0.2,spring-ws-2.0.1.RELEASE,spring-projects/spring-ws,726509e04c5120559272d79e925e336876e7b116,8
4569,Spring,SWS,264,spring-ws-1.0.3,spring-ws-1.5.0-m2,spring-projects/spring-ws,25a5592f1edb0666ef8860e8d81c68be02980115,2
4570,Spring,SWS,266,spring-ws-1.0.3,spring-ws-1.5.0-m2,spring-projects/spring-ws,25a5592f1edb0666ef8860e8d81c68be02980115,5
4571,Spring,SWS,258,spring-ws-1.5.0-m1,spring-ws-1.5.0-m2,spring-projects/spring-ws,7bc11445ff951988259e057feebf78a43aa15f6f,5
4572,Spring,SWS,286,spring-ws-1.5.0-m2,spring-ws-1.5.0-rc1,spring-projects/spring-ws,995225c7172c6fdbfd2940339f218d54a6ab8360,3
4573,Spring,SWS,293,spring-ws-1.5.0-m2,spring-ws-1.5.0-rc1,spring-projects/spring-ws,995225c7172c6fdbfd2940339f218d54a6ab8360,1
4574,Spring,SWS,294,spring-ws-1.5.0-m2,spring-ws-1.5.0-rc1,spring-projects/spring-ws,995225c7172c6fdbfd2940339f218d54a6ab8360,1
4575,Spring,SWS,295,spring-ws-1.5.0-m2,spring-ws-1.5.0-rc1,spring-projects/spring-ws,995225c7172c6fdbfd2940339f218d54a6ab8360,1
4576,Spring,SWS,307,spring-ws-1.5.0-rc1,spring-ws-1.5.0-rc2,spring-projects/spring-ws,b396849350e0b12a114babe3f75db7b1b2ef8199,1
4577,Spring,SWS,308,spring-ws-1.5.0-rc1,spring-ws-1.5.0-rc2,spring-projects/spring-ws,b396849350e0b12a114babe3f75db7b1b2ef8199,2
4578,Spring,SWS,333,spring-ws-1.5.0,spring-ws-1.5.1,spring-projects/spring-ws,b38c53890e8ce444db4d9b2740a9e8f7cc4f47af,4
4579,Spring,SWS,334,spring-ws-1.5.0,spring-ws-1.5.1,spring-projects/spring-ws,b38c53890e8ce444db4d9b2740a9e8f7cc4f47af,1
4580,Spring,SWS,335,spring-ws-1.5.0,spring-ws-1.5.1,spring-projects/spring-ws,b38c53890e8ce444db4d9b2740a9e8f7cc4f47af,2
4581,Spring,SWS,342,spring-ws-1.5.0,spring-ws-1.5.1,spring-projects/spring-ws,b38c53890e8ce444db4d9b2740a9e8f7cc4f47af,1
4582,Spring,SWS,330,spring-ws-1.5.0,spring-ws-1.5.1,spring-projects/spring-ws,b38c53890e8ce444db4d9b2740a9e8f7cc4f47af,5
4583,Spring,SWS,341,spring-ws-1.5.0,spring-ws-1.5.1,spring-projects/spring-ws,b38c53890e8ce444db4d9b2740a9e8f7cc4f47af,2
4584,Spring,SWS,345,spring-ws-1.5.0,spring-ws-1.5.2,spring-projects/spring-ws,b38c53890e8ce444db4d9b2740a9e8f7cc4f47af,3
4585,Spring,SWS,353,spring-ws-1.5.1,spring-ws-1.5.2,spring-projects/spring-ws,b6f6759d01735cfd5e3fe73ffacaf70de90ff931,1
4586,Spring,SWS,374,spring-ws-1.5.1,spring-ws-1.5.3,spring-projects/spring-ws,b6f6759d01735cfd5e3fe73ffacaf70de90ff931,1
4587,Spring,SWS,385,spring-ws-1.5.1,spring-ws-1.5.3,spring-projects/spring-ws,b6f6759d01735cfd5e3fe73ffacaf70de90ff931,5
4588,Spring,SWS,422,spring-ws-1.5.1,spring-ws-1.5.5,spring-projects/spring-ws,b6f6759d01735cfd5e3fe73ffacaf70de90ff931,1
4589,Spring,SWS,467,spring-ws-1.5.1,spring-ws-1.5.6,spring-projects/spring-ws,b6f6759d01735cfd5e3fe73ffacaf70de90ff931,2
4590,Spring,SWS,459,spring-ws-1.5.1,spring-ws-1.5.6,spring-projects/spring-ws,b6f6759d01735cfd5e3fe73ffacaf70de90ff931,2
4591,Spring,SWS,486,spring-ws-1.5.1,spring-ws-1.5.7,spring-projects/spring-ws,b6f6759d01735cfd5e3fe73ffacaf70de90ff931,2
4592,Spring,SWS,485,spring-ws-1.5.1,spring-ws-1.5.7,spring-projects/spring-ws,b6f6759d01735cfd5e3fe73ffacaf70de90ff931,14
4593,Spring,SWS,656,spring-ws-2.0.0-RC1,spring-ws-2.0.0-RC2,spring-projects/spring-ws,43005f84c9a5b2d0e5cdc21f0eae6ff7c94742ad,1
4594,Spring,SWS,698,spring-ws-2.0.0-RELEASE,spring-ws-2.0.1.RELEASE,spring-projects/spring-ws,2dbc22e1c0de246be9a8cd574369cb0b2ece8388,2
4595,Spring,SWS,691,spring-ws-2.0.0-RELEASE,spring-ws-2.0.1.RELEASE,spring-projects/spring-ws,2dbc22e1c0de246be9a8cd574369cb0b2ece8388,4
4596,Spring,SWS,699,spring-ws-2.0.0-RELEASE,spring-ws-2.0.1.RELEASE,spring-projects/spring-ws,2dbc22e1c0de246be9a8cd574369cb0b2ece8388,1
4597,Spring,SWS,721,spring-ws-2.0.0-RELEASE,spring-ws-2.0.3.RELEASE,spring-projects/spring-ws,2dbc22e1c0de246be9a8cd574369cb0b2ece8388,1
4598,Spring,SWS,358,spring-ws-1.5.2,spring-ws-1.5.3,spring-projects/spring-ws,77a31a695abe45f1ea32a4543d36aa047e5d765b,2
4599,Spring,SWS,363,spring-ws-1.5.2,spring-ws-1.5.3,spring-projects/spring-ws,77a31a695abe45f1ea32a4543d36aa047e5d765b,10
4600,Spring,SWS,367,spring-ws-1.5.2,spring-ws-1.5.3,spring-projects/spring-ws,77a31a695abe45f1ea32a4543d36aa047e5d765b,3
4601,Spring,SWS,365,spring-ws-1.5.2,spring-ws-1.5.3,spring-projects/spring-ws,77a31a695abe45f1ea32a4543d36aa047e5d765b,1
4602,Spring,SWS,359,spring-ws-1.5.2,spring-ws-1.5.3,spring-projects/spring-ws,77a31a695abe45f1ea32a4543d36aa047e5d765b,3
4603,Spring,SWS,376,spring-ws-1.5.2,spring-ws-1.5.3,spring-projects/spring-ws,77a31a695abe45f1ea32a4543d36aa047e5d765b,2
4604,Spring,SWS,370,spring-ws-1.5.2,spring-ws-1.5.3,spring-projects/spring-ws,77a31a695abe45f1ea32a4543d36aa047e5d765b,1
4605,Spring,SWS,357,spring-ws-1.5.2,spring-ws-1.5.3,spring-projects/spring-ws,77a31a695abe45f1ea32a4543d36aa047e5d765b,2
4606,Spring,SWS,392,spring-ws-1.5.2,spring-ws-1.5.4,spring-projects/spring-ws,77a31a695abe45f1ea32a4543d36aa047e5d765b,2
4607,Spring,SWS,427,spring-ws-1.5.2,spring-ws-1.5.5,spring-projects/spring-ws,77a31a695abe45f1ea32a4543d36aa047e5d765b,1
4608,Spring,SWS,389,spring-ws-1.5.3,spring-ws-1.5.4,spring-projects/spring-ws,e09e7eb2fd3896d865c363133bfeb7c17507d058,1
4609,Spring,SWS,386,spring-ws-1.5.3,spring-ws-1.5.4,spring-projects/spring-ws,e09e7eb2fd3896d865c363133bfeb7c17507d058,1
4610,Spring,SWS,393,spring-ws-1.5.3,spring-ws-1.5.4,spring-projects/spring-ws,e09e7eb2fd3896d865c363133bfeb7c17507d058,2
4611,Spring,SWS,396,spring-ws-1.5.3,spring-ws-1.5.4,spring-projects/spring-ws,e09e7eb2fd3896d865c363133bfeb7c17507d058,4
4612,Spring,SWS,411,spring-ws-1.5.3,spring-ws-1.5.5,spring-projects/spring-ws,e09e7eb2fd3896d865c363133bfeb7c17507d058,2
4613,Spring,SWS,416,spring-ws-1.5.3,spring-ws-1.5.5,spring-projects/spring-ws,e09e7eb2fd3896d865c363133bfeb7c17507d058,1
4614,Spring,SWS,473,spring-ws-1.5.3,spring-ws-1.5.6,spring-projects/spring-ws,e09e7eb2fd3896d865c363133bfeb7c17507d058,2
4615,Spring,SWS,576,spring-ws-1.5.3,spring-ws-1.5.9,spring-projects/spring-ws,e09e7eb2fd3896d865c363133bfeb7c17507d058,1
4616,Spring,SWS,418,spring-ws-1.5.4,spring-ws-1.5.5,spring-projects/spring-ws,5b5296995db8f56929fb0de44334a5147514a6f4,1
4617,Spring,SWS,412,spring-ws-1.5.4,spring-ws-1.5.5,spring-projects/spring-ws,5b5296995db8f56929fb0de44334a5147514a6f4,2
4618,Spring,SWS,432,spring-ws-1.5.4,spring-ws-1.5.5,spring-projects/spring-ws,5b5296995db8f56929fb0de44334a5147514a6f4,3
4619,Spring,SWS,420,spring-ws-1.5.4,spring-ws-1.5.5,spring-projects/spring-ws,5b5296995db8f56929fb0de44334a5147514a6f4,8
4620,Spring,SWS,434,spring-ws-1.5.4,spring-ws-1.5.6,spring-projects/spring-ws,5b5296995db8f56929fb0de44334a5147514a6f4,2
4621,Spring,SWS,442,spring-ws-1.5.4,spring-ws-1.5.6,spring-projects/spring-ws,5b5296995db8f56929fb0de44334a5147514a6f4,3
4622,Spring,SWS,448,spring-ws-1.5.5,spring-ws-1.5.6,spring-projects/spring-ws,fcbfa518367e0920763d1fac7c94107c083e4591,2
4623,Spring,SWS,455,spring-ws-1.5.5,spring-ws-1.5.6,spring-projects/spring-ws,fcbfa518367e0920763d1fac7c94107c083e4591,2
4624,Spring,SWS,464,spring-ws-1.5.5,spring-ws-1.5.6,spring-projects/spring-ws,fcbfa518367e0920763d1fac7c94107c083e4591,9
4625,Spring,SWS,457,spring-ws-1.5.5,spring-ws-1.5.6,spring-projects/spring-ws,fcbfa518367e0920763d1fac7c94107c083e4591,2
4626,Spring,SWS,469,spring-ws-1.5.5,spring-ws-1.5.6,spring-projects/spring-ws,fcbfa518367e0920763d1fac7c94107c083e4591,2
4627,Spring,SWS,465,spring-ws-1.5.5,spring-ws-1.5.6,spring-projects/spring-ws,fcbfa518367e0920763d1fac7c94107c083e4591,8
4628,Spring,SWS,482,spring-ws-1.5.5,spring-ws-1.5.7,spring-projects/spring-ws,fcbfa518367e0920763d1fac7c94107c083e4591,1
4629,Spring,SWS,494,spring-ws-1.5.6,spring-ws-1.5.7,spring-projects/spring-ws,2e75722a23f9ace6244fae8060b719877b1cb542,1
4630,Spring,SWS,502,spring-ws-1.5.6,spring-ws-1.5.7,spring-projects/spring-ws,2e75722a23f9ace6244fae8060b719877b1cb542,2
4631,Spring,SWS,483,spring-ws-1.5.6,spring-ws-1.5.7,spring-projects/spring-ws,2e75722a23f9ace6244fae8060b719877b1cb542,3
4632,Spring,SWS,509,spring-ws-1.5.6,spring-ws-1.5.7,spring-projects/spring-ws,2e75722a23f9ace6244fae8060b719877b1cb542,2
4633,Spring,SWS,520,spring-ws-1.5.7,spring-ws-1.5.8,spring-projects/spring-ws,fe5ff63bda423aace20ac05a4d4f4698c969b8b9,5
4634,Spring,SWS,545,spring-ws-1.5.7,spring-ws-1.5.8,spring-projects/spring-ws,fe5ff63bda423aace20ac05a4d4f4698c969b8b9,3
4635,Spring,SWS,550,spring-ws-1.5.7,spring-ws-1.5.8,spring-projects/spring-ws,fe5ff63bda423aace20ac05a4d4f4698c969b8b9,2
4636,Spring,SWS,517,spring-ws-1.5.7,spring-ws-1.5.8,spring-projects/spring-ws,fe5ff63bda423aace20ac05a4d4f4698c969b8b9,4
4637,Spring,SWS,521,spring-ws-1.5.7,spring-ws-1.5.9,spring-projects/spring-ws,fe5ff63bda423aace20ac05a4d4f4698c969b8b9,3
4638,Spring,SWS,571,spring-ws-1.5.8,spring-ws-1.5.9,spring-projects/spring-ws,4b145eddeb6e8054277b1c5e581fed829875e227,2
4639,Spring,SWS,560,spring-ws-1.5.8,spring-ws-1.5.9,spring-projects/spring-ws,4b145eddeb6e8054277b1c5e581fed829875e227,2
4640,Spring,SWS,566,spring-ws-1.5.8,spring-ws-1.5.9,spring-projects/spring-ws,4b145eddeb6e8054277b1c5e581fed829875e227,1
4641,Spring,SWS,569,spring-ws-1.5.8,spring-ws-1.5.9,spring-projects/spring-ws,4b145eddeb6e8054277b1c5e581fed829875e227,2
4642,Spring,SWS,579,spring-ws-1.5.8,spring-ws-1.5.9,spring-projects/spring-ws,4b145eddeb6e8054277b1c5e581fed829875e227,2
4643,Spring,SWS,572,spring-ws-1.5.8,spring-ws-1.5.9,spring-projects/spring-ws,4b145eddeb6e8054277b1c5e581fed829875e227,1
4644,Spring,SWS,575,spring-ws-1.5.8,spring-ws-1.5.9,spring-projects/spring-ws,4b145eddeb6e8054277b1c5e581fed829875e227,2
4645,Spring,SWS,594,spring-ws-1.5.8,spring-ws-1.5.9,spring-projects/spring-ws,4b145eddeb6e8054277b1c5e581fed829875e227,1
4646,Spring,SWS,595,spring-ws-1.5.8,spring-ws-1.5.9,spring-projects/spring-ws,4b145eddeb6e8054277b1c5e581fed829875e227,2
4647,Spring,SWS,640,spring-ws-1.5.8,spring-ws-2.0.0-RC1,spring-projects/spring-ws,4b145eddeb6e8054277b1c5e581fed829875e227,2
4648,Spring,SWS,750,spring-ws-1.5.8,spring-ws-2.0.4.RELEASE,spring-projects/spring-ws,4b145eddeb6e8054277b1c5e581fed829875e227,1
4649,Spring,SWS,613,spring-ws-1.5.9,spring-ws-2.0.0-M2,spring-projects/spring-ws,76bf0b5c01cc87bad9bc010a6456451a3f3a9a6b,3
4650,Spring,SWS,647,spring-ws-1.5.9,spring-ws-2.0.4.RELEASE,spring-projects/spring-ws,76bf0b5c01cc87bad9bc010a6456451a3f3a9a6b,2
4651,Spring,SWS,819,spring-ws-1.5.9,spring-ws-2.1.3.RELEASE,spring-projects/spring-ws,76bf0b5c01cc87bad9bc010a6456451a3f3a9a6b,1
4652,Spring,SWS,733,spring-ws-2.0.2.RELEASE,spring-ws-2.0.3.RELEASE,spring-projects/spring-ws,90625da31c024c62b0c71fa2a4eaa48c13d3c516,1
4653,Spring,SWS,709,spring-ws-2.0.2.RELEASE,spring-ws-2.0.3.RELEASE,spring-projects/spring-ws,90625da31c024c62b0c71fa2a4eaa48c13d3c516,1
4654,Spring,SWS,724,spring-ws-2.0.2.RELEASE,spring-ws-2.0.3.RELEASE,spring-projects/spring-ws,90625da31c024c62b0c71fa2a4eaa48c13d3c516,1
4655,Spring,SWS,713,spring-ws-2.0.2.RELEASE,spring-ws-2.0.3.RELEASE,spring-projects/spring-ws,90625da31c024c62b0c71fa2a4eaa48c13d3c516,3
4656,Spring,SWS,737,spring-ws-2.0.2.RELEASE,spring-ws-2.0.3.RELEASE,spring-projects/spring-ws,90625da31c024c62b0c71fa2a4eaa48c13d3c516,1
4657,Spring,SWS,726,spring-ws-2.0.2.RELEASE,spring-ws-2.0.3.RELEASE,spring-projects/spring-ws,90625da31c024c62b0c71fa2a4eaa48c13d3c516,1
4658,Spring,SWS,718,spring-ws-2.0.2.RELEASE,spring-ws-2.0.3.RELEASE,spring-projects/spring-ws,90625da31c024c62b0c71fa2a4eaa48c13d3c516,1
4659,Spring,SWS,742,spring-ws-2.0.3.RELEASE,spring-ws-2.0.4.RELEASE,spring-projects/spring-ws,52c0afa83f743f1497788af940e5de1081108631,2
4660,Spring,SWS,748,spring-ws-2.0.3.RELEASE,spring-ws-2.0.4.RELEASE,spring-projects/spring-ws,52c0afa83f743f1497788af940e5de1081108631,9
4661,Spring,SWS,763,spring-ws-2.0.4.RELEASE,spring-ws-2.0.5.RELEASE,spring-projects/spring-ws,d9c7a7ae494157923b384dc1eafc60678f2240cd,4
4662,Spring,SWS,754,spring-ws-2.0.4.RELEASE,spring-ws-2.0.5.RELEASE,spring-projects/spring-ws,d9c7a7ae494157923b384dc1eafc60678f2240cd,2
4663,Spring,SWS,787,spring-ws-2.0.4.RELEASE,spring-ws-2.1.1.RELEASE,spring-projects/spring-ws,d9c7a7ae494157923b384dc1eafc60678f2240cd,2
4664,Spring,SWS,777,spring-ws-2.1.0.RC1,spring-ws-2.1.0.RELEASE,spring-projects/spring-ws,88516e510906fd6cdda3c6f922d46bd8dd0b95b2,1
4665,Spring,SWS,797,spring-ws-2.1.0.RELEASE,spring-ws-2.1.2.RELEASE,spring-projects/spring-ws,9449929f92ec169e5719f1fc5d7eb94d16278671,4
4666,Spring,SWS,804,spring-ws-2.1.0.RELEASE,spring-ws-2.1.2.RELEASE,spring-projects/spring-ws,9449929f92ec169e5719f1fc5d7eb94d16278671,1
4667,Spring,SWS,815,spring-ws-2.1.2.RELEASE,spring-ws-2.1.3.RELEASE,spring-projects/spring-ws,51d4a5a56e22c00b39f15b8bd3e8bca7613a4291,1
4668,Spring,SWS,888,spring-ws-2.1.2.RELEASE,v2.2.1.RELEASE,spring-projects/spring-ws,51d4a5a56e22c00b39f15b8bd3e8bca7613a4291,2
4669,Spring,SWS,947,v2.2.0.RELEASE,v2.3.1.RELEASE,spring-projects/spring-ws,032615d873b69ecccf7c566011dd0e6852d41160,1
4670,Spring,SWS,924,v2.2.1.RELEASE,v2.2.3.RELEASE,spring-projects/spring-ws,27e9512f705ca85c2b7cdaf06ca7dc5240058b79,1
4671,Spring,SWS,929,v2.2.3.RELEASE,v2.2.4.RELEASE,spring-projects/spring-ws,c721eb3f3131f137304e9ec584b3c340d8bd720a,3
4672,Spring,SWS,950,v2.2.3.RELEASE,v2.3.0.RELEASE,spring-projects/spring-ws,c721eb3f3131f137304e9ec584b3c340d8bd720a,2
4673,Spring,SWS,932,v2.2.4.RELEASE,v2.3.0.RELEASE,spring-projects/spring-ws,95689226d540c6fdc44e6b9c1f18dbfadb0531d0,1
4674,Spring,SWS,930,v2.2.4.RELEASE,v2.3.0.RELEASE,spring-projects/spring-ws,95689226d540c6fdc44e6b9c1f18dbfadb0531d0,1
4675,Wildfly,ELY,256,1.0.0.Alpha3,1.1.0.Alpha1,wildfly-security/wildfly-elytron,3de68f1b67014c8fc0b74e6ab7f1470eae155338,2
4676,Wildfly,ELY,385,1.0.2.Final,1.1.0.Beta5,wildfly-security/wildfly-elytron,dd23cb35a77fabd560d15ab14cb81dffd29bbf08,1
4677,Wildfly,ELY,401,1.0.2.Final,1.1.0.Beta5,wildfly-security/wildfly-elytron,dd23cb35a77fabd560d15ab14cb81dffd29bbf08,1
4678,Wildfly,ELY,395,1.0.2.Final,1.1.0.Beta6,wildfly-security/wildfly-elytron,dd23cb35a77fabd560d15ab14cb81dffd29bbf08,1
4679,Wildfly,ELY,502,1.1.0.Beta5,1.1.0.Beta6,wildfly-security/wildfly-elytron,432af156c72be5510d7c0960e36f143260b49ad9,1
4680,Wildfly,ELY,538,1.1.0.Beta5,1.1.0.Beta7,wildfly-security/wildfly-elytron,432af156c72be5510d7c0960e36f143260b49ad9,3
4681,Wildfly,ELY,537,1.1.0.Beta5,1.1.0.Beta7,wildfly-security/wildfly-elytron,432af156c72be5510d7c0960e36f143260b49ad9,1
4682,Wildfly,ELY,542,1.1.0.Beta5,1.1.0.Beta7,wildfly-security/wildfly-elytron,432af156c72be5510d7c0960e36f143260b49ad9,1
4683,Wildfly,ELY,543,1.1.0.Beta5,1.1.0.Beta7,wildfly-security/wildfly-elytron,432af156c72be5510d7c0960e36f143260b49ad9,1
4684,Wildfly,ELY,545,1.1.0.Beta5,1.1.0.Beta7,wildfly-security/wildfly-elytron,432af156c72be5510d7c0960e36f143260b49ad9,1
4685,Wildfly,ELY,546,1.1.0.Beta5,1.1.0.Beta7,wildfly-security/wildfly-elytron,432af156c72be5510d7c0960e36f143260b49ad9,1
4686,Wildfly,ELY,589,1.1.0.Beta5,1.1.0.Beta7,wildfly-security/wildfly-elytron,432af156c72be5510d7c0960e36f143260b49ad9,1
4687,Wildfly,ELY,611,1.1.0.Beta7,1.1.0.Beta8,wildfly-security/wildfly-elytron,23fdcc553ba318d07ebcc629490dc3e1db0677b0,1
4688,Wildfly,ELY,614,1.1.0.Beta7,1.1.0.Beta8,wildfly-security/wildfly-elytron,23fdcc553ba318d07ebcc629490dc3e1db0677b0,1
4689,Wildfly,ELY,610,1.1.0.Beta7,1.1.0.Beta8,wildfly-security/wildfly-elytron,23fdcc553ba318d07ebcc629490dc3e1db0677b0,1
4690,Wildfly,ELY,612,1.1.0.Beta7,1.1.0.Beta8,wildfly-security/wildfly-elytron,23fdcc553ba318d07ebcc629490dc3e1db0677b0,1
4691,Wildfly,ELY,654,1.1.0.Beta10,1.1.0.Beta11,wildfly-security/wildfly-elytron,449d0a61ba6f8aa90b1c00289b50153743374b83,1
4692,Wildfly,ELY,634,1.1.0.Beta9,1.1.0.Beta11,wildfly-security/wildfly-elytron,d4dae23ad45bc66599acf38901aa2c3afeb1f218,7
4693,Wildfly,ELY,627,1.1.0.Beta8,1.1.0.Beta12,wildfly-security/wildfly-elytron,a0d226448c1a9e45da33ac56157fd38708043fec,1
4694,Wildfly,ELY,757,1.1.0.Beta13,1.1.0.Beta15,wildfly-security/wildfly-elytron,4a31e4042aba18e14fc2d0cdba6907219ba9c3a7,2
4695,Wildfly,SWARM,516,1.0.0.CR1,1.0.0.CR2,wildfly-swarm/wildfly-swarm,1885ff3408e61ab7ce47153b4feca4ec3e2562ee,1
4696,Wildfly,SWARM,500,1.0.0.CR1,1.0.0.CR2,wildfly-swarm/wildfly-swarm,1885ff3408e61ab7ce47153b4feca4ec3e2562ee,1
4697,Wildfly,SWARM,528,1.0.0.CR2,2016.8,wildfly-swarm/wildfly-swarm,b37a073c19b052ec01cf726bfa8dfb97d4fa00b5,1
4698,Wildfly,SWARM,553,1.0.0.Final,2016.8,wildfly-swarm/wildfly-swarm,bbbbc817233b02e9869f16bd62a1f21cc3cdefe0,1
4699,Wildfly,SWARM,551,1.0.0.Final,2016.8,wildfly-swarm/wildfly-swarm,bbbbc817233b02e9869f16bd62a1f21cc3cdefe0,1
4700,Wildfly,SWARM,587,1.0.0.Final,2016.8,wildfly-swarm/wildfly-swarm,bbbbc817233b02e9869f16bd62a1f21cc3cdefe0,1
4701,Wildfly,SWARM,586,1.0.0.Final,2016.8,wildfly-swarm/wildfly-swarm,bbbbc817233b02e9869f16bd62a1f21cc3cdefe0,1
4702,Wildfly,SWARM,607,1.0.0.Final,2016.8,wildfly-swarm/wildfly-swarm,bbbbc817233b02e9869f16bd62a1f21cc3cdefe0,1
4703,Wildfly,SWARM,564,1.0.0.Final,2016.9,wildfly-swarm/wildfly-swarm,bbbbc817233b02e9869f16bd62a1f21cc3cdefe0,1
4704,Wildfly,SWARM,571,1.0.0.Final,2016.9,wildfly-swarm/wildfly-swarm,bbbbc817233b02e9869f16bd62a1f21cc3cdefe0,1
4705,Wildfly,SWARM,757,2016.10.0,2016.11.0,wildfly-swarm/wildfly-swarm,76e64b9280dca2a6250e0bef8c40143283f7a9fd,1
4706,Wildfly,SWARM,844,2016.11.0,2016.12.0,wildfly-swarm/wildfly-swarm,fb479d22344565084d7a85a4226f9f3a12ab4aa3,1
4707,Wildfly,SWARM,611,2016.8,2016.9,wildfly-swarm/wildfly-swarm,5561d4c7d0fd9dca60ff100addde31e9db2a8761,21
4708,Wildfly,SWARM,615,2016.8,2016.9,wildfly-swarm/wildfly-swarm,5561d4c7d0fd9dca60ff100addde31e9db2a8761,1
4709,Wildfly,SWARM,635,2016.8,2016.9,wildfly-swarm/wildfly-swarm,5561d4c7d0fd9dca60ff100addde31e9db2a8761,1
4710,Wildfly,SWARM,662,2016.9,2016.10.0,wildfly-swarm/wildfly-swarm,8d7976709b1ac1eb61a9c6a1f692f4dd95fc73b6,1
4711,Wildfly,SWARM,667,2016.9,2016.10.0,wildfly-swarm/wildfly-swarm,8d7976709b1ac1eb61a9c6a1f692f4dd95fc73b6,2
4712,Wildfly,SWARM,681,2016.9,2016.10.0,wildfly-swarm/wildfly-swarm,8d7976709b1ac1eb61a9c6a1f692f4dd95fc73b6,4
4713,Wildfly,SWARM,690,2016.9,2016.10.0,wildfly-swarm/wildfly-swarm,8d7976709b1ac1eb61a9c6a1f692f4dd95fc73b6,2
4714,Wildfly,SWARM,697,2016.9,2016.10.0,wildfly-swarm/wildfly-swarm,8d7976709b1ac1eb61a9c6a1f692f4dd95fc73b6,1
4715,Wildfly,SWARM,700,2016.9,2016.10.0,wildfly-swarm/wildfly-swarm,8d7976709b1ac1eb61a9c6a1f692f4dd95fc73b6,1
4716,Wildfly,SWARM,705,2016.9,2016.10.0,wildfly-swarm/wildfly-swarm,8d7976709b1ac1eb61a9c6a1f692f4dd95fc73b6,2
4717,Wildfly,SWARM,691,2016.9,2016.11.0,wildfly-swarm/wildfly-swarm,8d7976709b1ac1eb61a9c6a1f692f4dd95fc73b6,1
4718,Wildfly,SWARM,669,2016.9,2016.10.0,wildfly-swarm/wildfly-swarm,8d7976709b1ac1eb61a9c6a1f692f4dd95fc73b6,2
4719,Wildfly,SWARM,671,2016.9,2016.11.0,wildfly-swarm/wildfly-swarm,8d7976709b1ac1eb61a9c6a1f692f4dd95fc73b6,1
4720,Wildfly,WFCORE,5,1.0.0.Alpha2,1.0.0.Alpha4,wildfly/wildfly-core,a28bf3e94ef80105f5b3e643f1e8a064c8d9bc96,1
4721,Wildfly,WFCORE,7,1.0.0.Alpha3,1.0.0.Alpha4,wildfly/wildfly-core,00a333da5527e614eaed5cbdaffd359bcc71588f,2
4722,Wildfly,WFCORE,8,1.0.0.Alpha3,1.0.0.Alpha4,wildfly/wildfly-core,00a333da5527e614eaed5cbdaffd359bcc71588f,1
4723,Wildfly,WFCORE,50,1.0.0.Alpha4,1.0.0.Alpha5,wildfly/wildfly-core,5056ea7dca2bf03356c9234dea6f91bf607da508,1
4724,Wildfly,WFCORE,67,1.0.0.Alpha4,1.0.0.Alpha6,wildfly/wildfly-core,5056ea7dca2bf03356c9234dea6f91bf607da508,2
4725,Wildfly,WFCORE,69,1.0.0.Alpha4,1.0.0.Alpha6,wildfly/wildfly-core,5056ea7dca2bf03356c9234dea6f91bf607da508,1
4726,Wildfly,WFCORE,58,1.0.0.Alpha4,1.0.0.Alpha5,wildfly/wildfly-core,5056ea7dca2bf03356c9234dea6f91bf607da508,9
4727,Wildfly,WFCORE,79,1.0.0.Alpha5,1.0.0.Alpha6,wildfly/wildfly-core,fc2ec205fad23199d0e417209983e381c9f46baf,2
4728,Wildfly,WFCORE,71,1.0.0.Alpha5,1.0.0.Alpha6,wildfly/wildfly-core,fc2ec205fad23199d0e417209983e381c9f46baf,4
4729,Wildfly,WFCORE,64,1.0.0.Alpha5,1.0.0.Alpha6,wildfly/wildfly-core,fc2ec205fad23199d0e417209983e381c9f46baf,2
4730,Wildfly,WFCORE,92,1.0.0.Alpha5,1.0.0.Alpha6,wildfly/wildfly-core,fc2ec205fad23199d0e417209983e381c9f46baf,1
4731,Wildfly,WFCORE,72,1.0.0.Alpha5,1.0.0.Alpha6,wildfly/wildfly-core,fc2ec205fad23199d0e417209983e381c9f46baf,1
4732,Wildfly,WFCORE,95,1.0.0.Alpha5,1.0.0.Alpha9,wildfly/wildfly-core,fc2ec205fad23199d0e417209983e381c9f46baf,4
4733,Wildfly,WFCORE,117,1.0.0.Alpha8,1.0.0.Alpha9,wildfly/wildfly-core,70e49dd80ebd11cfdae3dc30c70b7ed9f4c97ef4,1
4734,Wildfly,WFCORE,125,1.0.0.Alpha8,1.0.0.Alpha9,wildfly/wildfly-core,70e49dd80ebd11cfdae3dc30c70b7ed9f4c97ef4,1
4735,Wildfly,WFCORE,128,1.0.0.Alpha8,1.0.0.Alpha9,wildfly/wildfly-core,70e49dd80ebd11cfdae3dc30c70b7ed9f4c97ef4,8
4736,Wildfly,WFCORE,87,1.0.0.Alpha5,1.0.0.Alpha9,wildfly/wildfly-core,fc2ec205fad23199d0e417209983e381c9f46baf,8
4737,Wildfly,WFCORE,132,1.0.0.Alpha8,1.0.0.Alpha9,wildfly/wildfly-core,70e49dd80ebd11cfdae3dc30c70b7ed9f4c97ef4,1
4738,Wildfly,WFCORE,140,1.0.0.Alpha8,1.0.0.Alpha10,wildfly/wildfly-core,70e49dd80ebd11cfdae3dc30c70b7ed9f4c97ef4,3
4739,Wildfly,WFCORE,154,1.0.0.Alpha9,1.0.0.Alpha10,wildfly/wildfly-core,0de5ec749ff2ef5db9be1f030dd440776b4daebb,1
4740,Wildfly,WFCORE,205,1.0.0.Alpha10,1.0.0.Alpha11,wildfly/wildfly-core,37125c7255213ce337ecb77b848c63b043782795,1
4741,Wildfly,WFCORE,191,1.0.0.Alpha10,1.0.0.Alpha11,wildfly/wildfly-core,37125c7255213ce337ecb77b848c63b043782795,4
4742,Wildfly,WFCORE,190,1.0.0.Alpha10,1.0.0.Alpha11,wildfly/wildfly-core,37125c7255213ce337ecb77b848c63b043782795,1
4743,Wildfly,WFCORE,196,1.0.0.Alpha10,1.0.0.Alpha11,wildfly/wildfly-core,37125c7255213ce337ecb77b848c63b043782795,4
4744,Wildfly,WFCORE,207,1.0.0.Alpha10,1.0.0.Alpha12,wildfly/wildfly-core,37125c7255213ce337ecb77b848c63b043782795,2
4745,Wildfly,WFCORE,233,1.0.0.Alpha11,1.0.0.Alpha12,wildfly/wildfly-core,363780d725784b33be757742ae7fa4a60ea5b12c,1
4746,Wildfly,WFCORE,226,1.0.0.Alpha11,1.0.0.Alpha12,wildfly/wildfly-core,363780d725784b33be757742ae7fa4a60ea5b12c,1
4747,Wildfly,WFCORE,221,1.0.0.Alpha11,1.0.0.Alpha12,wildfly/wildfly-core,363780d725784b33be757742ae7fa4a60ea5b12c,1
4748,Wildfly,WFCORE,243,1.0.0.Alpha12,1.0.0.Alpha13,wildfly/wildfly-core,5d6ca1774d09a93d8d5240d4af44cc830cbaa1d6,1
4749,Wildfly,WFCORE,202,1.0.0.Alpha10,1.0.0.Alpha13,wildfly/wildfly-core,37125c7255213ce337ecb77b848c63b043782795,3
4750,Wildfly,WFCORE,268,1.0.0.Alpha13,1.0.0.Alpha14,wildfly/wildfly-core,56efc732c25e464fdfee0cf528e72db1f35b46e0,2
4751,Wildfly,WFCORE,210,1.0.0.Alpha10,1.0.0.Alpha14,wildfly/wildfly-core,37125c7255213ce337ecb77b848c63b043782795,2
4752,Wildfly,WFCORE,213,1.0.0.Alpha19,1.0.0.Alpha14,wildfly/wildfly-core,7ad6a7700e8d1459a4504c36be1a27a09959bf8a,40
4753,Wildfly,WFCORE,283,1.0.0.Alpha13,1.0.0.Alpha14,wildfly/wildfly-core,56efc732c25e464fdfee0cf528e72db1f35b46e0,5
4754,Wildfly,WFCORE,286,1.0.0.Alpha13,1.0.0.Alpha14,wildfly/wildfly-core,56efc732c25e464fdfee0cf528e72db1f35b46e0,1
4755,Wildfly,WFCORE,285,1.0.0.Alpha13,1.0.0.Alpha14,wildfly/wildfly-core,56efc732c25e464fdfee0cf528e72db1f35b46e0,4
4756,Wildfly,WFCORE,439,1.0.0.Alpha13,1.0.0.Alpha14,wildfly/wildfly-core,56efc732c25e464fdfee0cf528e72db1f35b46e0,3
4757,Wildfly,WFCORE,449,1.0.0.Alpha13,1.0.0.Alpha14,wildfly/wildfly-core,56efc732c25e464fdfee0cf528e72db1f35b46e0,1
4758,Wildfly,WFCORE,267,1.0.0.Alpha13,1.0.0.Alpha14,wildfly/wildfly-core,56efc732c25e464fdfee0cf528e72db1f35b46e0,1
4759,Wildfly,WFCORE,438,1.0.0.Alpha13,1.0.0.Alpha15,wildfly/wildfly-core,56efc732c25e464fdfee0cf528e72db1f35b46e0,1
4760,Wildfly,WFCORE,451,1.0.0.Alpha14,1.0.0.Alpha15,wildfly/wildfly-core,ca904d7398e9815c327cd539d7c285c8c5ff9114,3
4761,Wildfly,WFCORE,229,1.0.0.Alpha11,1.0.0.Alpha15,wildfly/wildfly-core,363780d725784b33be757742ae7fa4a60ea5b12c,11
4762,Wildfly,WFCORE,484,1.0.0.Alpha14,1.0.0.Alpha15,wildfly/wildfly-core,ca904d7398e9815c327cd539d7c285c8c5ff9114,1
4763,Wildfly,WFCORE,492,1.0.0.Alpha15,1.0.0.Alpha16,wildfly/wildfly-core,0ae34e936c19a18f342070dc115c7ec3a2337016,2
4764,Wildfly,WFCORE,497,1.0.0.Alpha15,1.0.0.Alpha16,wildfly/wildfly-core,0ae34e936c19a18f342070dc115c7ec3a2337016,3
4765,Wildfly,WFCORE,501,1.0.0.Alpha15,1.0.0.Alpha16,wildfly/wildfly-core,0ae34e936c19a18f342070dc115c7ec3a2337016,2
4766,Wildfly,WFCORE,507,1.0.0.Alpha15,1.0.0.Alpha16,wildfly/wildfly-core,0ae34e936c19a18f342070dc115c7ec3a2337016,1
4767,Wildfly,WFCORE,500,1.0.0.Alpha15,1.0.0.Alpha16,wildfly/wildfly-core,0ae34e936c19a18f342070dc115c7ec3a2337016,1
4768,Wildfly,WFCORE,504,1.0.0.Alpha15,1.0.0.Alpha16,wildfly/wildfly-core,0ae34e936c19a18f342070dc115c7ec3a2337016,4
4769,Wildfly,WFCORE,503,1.0.0.Alpha15,1.0.0.Alpha16,wildfly/wildfly-core,0ae34e936c19a18f342070dc115c7ec3a2337016,7
4770,Wildfly,WFCORE,513,1.0.0.Alpha15,1.0.0.Alpha16,wildfly/wildfly-core,0ae34e936c19a18f342070dc115c7ec3a2337016,1
4771,Wildfly,WFCORE,514,1.0.0.Alpha15,1.0.0.Alpha16,wildfly/wildfly-core,0ae34e936c19a18f342070dc115c7ec3a2337016,1
4772,Wildfly,WFCORE,505,1.0.0.Alpha15,1.0.0.Beta5,wildfly/wildfly-core,0ae34e936c19a18f342070dc115c7ec3a2337016,1
4773,Wildfly,WFCORE,495,1.0.0.Alpha15,1.0.0.Alpha16,wildfly/wildfly-core,0ae34e936c19a18f342070dc115c7ec3a2337016,1
4774,Wildfly,WFCORE,499,1.0.0.Alpha15,1.0.0.Alpha17,wildfly/wildfly-core,0ae34e936c19a18f342070dc115c7ec3a2337016,4
4775,Wildfly,WFCORE,534,1.0.0.Alpha16,1.0.0.Alpha17,wildfly/wildfly-core,f28ae21e5652be079a51067355e141722b8b7076,2
4776,Wildfly,WFCORE,541,1.0.0.Alpha17,1.0.0.Alpha18,wildfly/wildfly-core,4463ec5a1c2ba6e5f3f68c1e62b8f42232fd362c,1
4777,Wildfly,WFCORE,520,1.0.0.Alpha9,1.0.0.Alpha19,wildfly/wildfly-core,0de5ec749ff2ef5db9be1f030dd440776b4daebb,1
4778,Wildfly,WFCORE,545,1.0.0.Alpha18,1.0.0.Alpha19,wildfly/wildfly-core,990d9bd8424fcbe278cf6a554ee5ee541739ef54,2
4779,Wildfly,WFCORE,536,1.0.0.Alpha17,1.0.0.Alpha19,wildfly/wildfly-core,4463ec5a1c2ba6e5f3f68c1e62b8f42232fd362c,3
4780,Wildfly,WFCORE,566,1.0.0.Alpha19,1.0.0.Beta1,wildfly/wildfly-core,7ad6a7700e8d1459a4504c36be1a27a09959bf8a,6
4781,Wildfly,WFCORE,567,1.0.0.Alpha19,1.0.0.Beta1,wildfly/wildfly-core,7ad6a7700e8d1459a4504c36be1a27a09959bf8a,1
4782,Wildfly,WFCORE,568,1.0.0.Alpha19,1.0.0.Beta1,wildfly/wildfly-core,7ad6a7700e8d1459a4504c36be1a27a09959bf8a,3
4783,Wildfly,WFCORE,564,1.0.0.Alpha19,1.0.0.Beta1,wildfly/wildfly-core,7ad6a7700e8d1459a4504c36be1a27a09959bf8a,2
4784,Wildfly,WFCORE,553,1.0.0.Alpha1,1.0.0.Beta1,wildfly/wildfly-core,3f0980b99e0fd681cbe7f34cb4b6785e019ab159,5
4785,Wildfly,WFCORE,581,1.0.0.Alpha19,1.0.0.Beta1,wildfly/wildfly-core,7ad6a7700e8d1459a4504c36be1a27a09959bf8a,3
4786,Wildfly,WFCORE,547,1.0.0.Alpha18,1.0.0.Beta1,wildfly/wildfly-core,990d9bd8424fcbe278cf6a554ee5ee541739ef54,4
4787,Wildfly,WFCORE,591,1.0.0.Alpha19,1.0.0.Beta1,wildfly/wildfly-core,7ad6a7700e8d1459a4504c36be1a27a09959bf8a,1
4788,Wildfly,WFCORE,623,1.0.0.Beta2,1.0.0.Beta4,wildfly/wildfly-core,e9af7db126aa403bdb195d01f577dd79891e7a80,1
4789,Wildfly,WFCORE,489,1.0.0.Alpha15,1.0.0.Beta4,wildfly/wildfly-core,0ae34e936c19a18f342070dc115c7ec3a2337016,1
4790,Wildfly,WFCORE,638,1.0.0.Beta3,1.0.0.Beta4,wildfly/wildfly-core,b9bc9c45ac5e176e355bc059bd7ca4e8a2fb32bb,1
4791,Wildfly,WFCORE,232,1.0.0.Alpha11,1.0.0.Beta4,wildfly/wildfly-core,363780d725784b33be757742ae7fa4a60ea5b12c,5
4792,Wildfly,WFCORE,619,1.0.0.Beta2,1.0.0.Beta4,wildfly/wildfly-core,e9af7db126aa403bdb195d01f577dd79891e7a80,1
4793,Wildfly,WFCORE,627,1.0.0.Beta2,1.0.0.Beta4,wildfly/wildfly-core,e9af7db126aa403bdb195d01f577dd79891e7a80,1
4794,Wildfly,WFCORE,626,1.0.0.Beta2,1.0.0.Beta6,wildfly/wildfly-core,e9af7db126aa403bdb195d01f577dd79891e7a80,2
4795,Wildfly,WFCORE,580,1.0.0.Alpha19,1.0.0.Beta5,wildfly/wildfly-core,7ad6a7700e8d1459a4504c36be1a27a09959bf8a,2
4796,Wildfly,WFCORE,625,1.0.0.Beta2,1.0.0.Beta5,wildfly/wildfly-core,e9af7db126aa403bdb195d01f577dd79891e7a80,3
4797,Wildfly,WFCORE,114,1.0.0.Alpha8,1.0.0.CR2,wildfly/wildfly-core,70e49dd80ebd11cfdae3dc30c70b7ed9f4c97ef4,3
4798,Wildfly,WFCORE,677,1.0.0.CR1,1.0.0.CR2,wildfly/wildfly-core,f825e0c0c1b3c43d19bc454632250ea470718cc5,3
4799,Wildfly,WFCORE,681,1.0.0.CR1,1.0.0.CR2,wildfly/wildfly-core,f825e0c0c1b3c43d19bc454632250ea470718cc5,1
4800,Wildfly,WFCORE,676,1.0.0.CR1,1.0.0.CR2,wildfly/wildfly-core,f825e0c0c1b3c43d19bc454632250ea470718cc5,2
4801,Wildfly,WFCORE,657,1.0.0.Beta1,1.0.0.CR2,wildfly/wildfly-core,91bd6410d4df8fcbdde901162184c15c9d91d051,1
4802,Wildfly,WFCORE,684,1.0.0.CR2,1.0.0.CR3,wildfly/wildfly-core,d5f375af652cd283edaf8e03a1bcd1fcdacd4cf5,1
4803,Wildfly,WFCORE,687,1.0.0.CR2,1.0.0.CR4,wildfly/wildfly-core,d5f375af652cd283edaf8e03a1bcd1fcdacd4cf5,6
4804,Wildfly,WFCORE,694,1.0.0.CR4,1.0.0.CR5,wildfly/wildfly-core,17453adfceed1715b5c94699b7e15f453a010cb2,1
4805,Wildfly,WFCORE,692,1.0.0.CR3,1.0.0.CR5,wildfly/wildfly-core,b499c01cbff47e55d30a8c12bd4b6268a7cc8b0f,2
4806,Wildfly,WFCORE,702,1.0.0.CR4,1.0.0.CR5,wildfly/wildfly-core,17453adfceed1715b5c94699b7e15f453a010cb2,2
4807,Wildfly,WFCORE,706,1.0.0.CR4,1.0.0.CR5,wildfly/wildfly-core,17453adfceed1715b5c94699b7e15f453a010cb2,1
4808,Wildfly,WFCORE,442,1.0.0.Alpha13,2.0.0.Alpha3,wildfly/wildfly-core,56efc732c25e464fdfee0cf528e72db1f35b46e0,1
4809,Wildfly,WFCORE,752,1.0.0.CR5,1.0.0.CR6,wildfly/wildfly-core,55f98250f51c6c775a982ae6afcc705b6626a447,1
4810,Wildfly,WFCORE,763,1.0.0.CR6,1.0.0.CR7,wildfly/wildfly-core,671a3599d28b1ae024a9ef395ee885ff6d68392d,2
4811,Wildfly,WFCORE,765,1.0.0.CR6,1.0.0.CR7,wildfly/wildfly-core,671a3599d28b1ae024a9ef395ee885ff6d68392d,1
4812,Wildfly,WFCORE,754,1.0.0.CR5,1.0.0.CR7,wildfly/wildfly-core,55f98250f51c6c775a982ae6afcc705b6626a447,1
4813,Wildfly,WFCORE,774,1.0.0.CR6,2.0.0.Alpha8,wildfly/wildfly-core,671a3599d28b1ae024a9ef395ee885ff6d68392d,1
4814,Wildfly,WFCORE,691,1.0.0.CR3,2.0.0.Alpha11,wildfly/wildfly-core,b499c01cbff47e55d30a8c12bd4b6268a7cc8b0f,5
4815,Wildfly,WFCORE,579,1.0.0.Alpha19,2.0.0.CR1,wildfly/wildfly-core,7ad6a7700e8d1459a4504c36be1a27a09959bf8a,1
4816,Wildfly,WFCORE,1020,1.0.0.Final,2.0.0.CR6,wildfly/wildfly-core,8b60df9b0156488db9aefc9738561636f7b3def8,1
4817,Wildfly,WFCORE,1047,1.0.0.Final,2.0.0.CR7,wildfly/wildfly-core,8b60df9b0156488db9aefc9738561636f7b3def8,3
4818,Wildfly,WFCORE,1067,1.0.0.Final,2.0.4.Final,wildfly/wildfly-core,8b60df9b0156488db9aefc9738561636f7b3def8,5
4819,Wildfly,WFCORE,701,1.0.0.CR4,3.0.0.Alpha1,wildfly/wildfly-core,17453adfceed1715b5c94699b7e15f453a010cb2,1
4820,Wildfly,WFCORE,1288,1.0.1.Final,2.0.8.Final,wildfly/wildfly-core,59e4051b2c446e95820671d918c6496523a3b192,5
4821,Wildfly,WFCORE,1138,1.0.2.Final,2.0.2.Final,wildfly/wildfly-core,f06bbb543806ac461fc09e29c2bcd6c079b8e7b7,2
4822,Wildfly,WFCORE,697,2.0.0.Alpha2,2.0.0.Alpha3,wildfly/wildfly-core,6aa0dc631fef3170ee3a9fe867d5751405f32ea6,2
4823,Wildfly,WFCORE,731,2.0.0.Alpha3,2.0.0.Alpha4,wildfly/wildfly-core,a437828eb27883d5c3bbf9bee9cc86c8781a2411,1
4824,Wildfly,WFCORE,724,2.0.0.Alpha3,2.0.0.Alpha5,wildfly/wildfly-core,a437828eb27883d5c3bbf9bee9cc86c8781a2411,2
4825,Wildfly,WFCORE,727,2.0.0.Alpha3,2.0.0.Alpha5,wildfly/wildfly-core,a437828eb27883d5c3bbf9bee9cc86c8781a2411,3
4826,Wildfly,WFCORE,769,2.0.0.Alpha4,2.0.0.Alpha5,wildfly/wildfly-core,f9afef5ebe93fdadf450abd6627339885ba4c49c,2
4827,Wildfly,WFCORE,787,2.0.0.Alpha5,2.0.0.Alpha6,wildfly/wildfly-core,24290e9657bdde72c3b16b452545d5ae0e399a46,5
4828,Wildfly,WFCORE,779,2.0.0.Alpha4,2.0.0.Alpha8,wildfly/wildfly-core,f9afef5ebe93fdadf450abd6627339885ba4c49c,5
4829,Wildfly,WFCORE,810,2.0.0.Alpha6,2.0.0.Alpha10,wildfly/wildfly-core,ffd5522b650141251338b7d9acc09953b7370557,2
4830,Wildfly,WFCORE,813,2.0.0.Alpha8,2.0.0.Alpha10,wildfly/wildfly-core,01db1d154535aaf3adca571942fa74d0fa8ba109,1
4831,Wildfly,WFCORE,815,2.0.0.Alpha9,2.0.0.Alpha10,wildfly/wildfly-core,8662b37cd8e479a04542695a96d9c799b0671fce,4
4832,Wildfly,WFCORE,755,2.0.0.Alpha4,2.0.0.Alpha10,wildfly/wildfly-core,f9afef5ebe93fdadf450abd6627339885ba4c49c,1
4833,Wildfly,WFCORE,816,2.0.0.Alpha9,2.0.0.Alpha10,wildfly/wildfly-core,8662b37cd8e479a04542695a96d9c799b0671fce,4
4834,Wildfly,WFCORE,809,2.0.0.Alpha6,2.0.0.Alpha11,wildfly/wildfly-core,ffd5522b650141251338b7d9acc09953b7370557,7
4835,Wildfly,WFCORE,849,2.0.0.Alpha11,2.0.0.Alpha13,wildfly/wildfly-core,03e49312e2c271eb719d60f6610fa1af628bec88,1
4836,Wildfly,WFCORE,870,2.0.0.Alpha12,2.0.0.Alpha13,wildfly/wildfly-core,f65302114af439f1d31e4a893d51e745c6345e9e,1
4837,Wildfly,WFCORE,858,2.0.0.Alpha11,2.0.0.Alpha13,wildfly/wildfly-core,03e49312e2c271eb719d60f6610fa1af628bec88,2
4838,Wildfly,WFCORE,894,2.0.0.Beta2,2.0.0.Beta3,wildfly/wildfly-core,bf72f3f7f342c08cf9704b2bf36812c2d6e0a315,2
4839,Wildfly,WFCORE,881,2.0.0.Beta1,2.0.0.Beta3,wildfly/wildfly-core,da3ea2a9b085bffa7d690d4099ba876434c15aa3,1
4840,Wildfly,WFCORE,861,2.0.0.Alpha11,2.0.0.Beta3,wildfly/wildfly-core,03e49312e2c271eb719d60f6610fa1af628bec88,1
4841,Wildfly,WFCORE,866,2.0.0.Alpha11,2.0.0.Beta3,wildfly/wildfly-core,03e49312e2c271eb719d60f6610fa1af628bec88,4
4842,Wildfly,WFCORE,839,2.0.0.Alpha11,2.0.0.Beta3,wildfly/wildfly-core,03e49312e2c271eb719d60f6610fa1af628bec88,6
4843,Wildfly,WFCORE,798,2.0.0.Alpha6,2.0.0.Beta6,wildfly/wildfly-core,ffd5522b650141251338b7d9acc09953b7370557,1
4844,Wildfly,WFCORE,921,2.0.0.Beta4,2.0.0.Beta5,wildfly/wildfly-core,54239dc57c2e618dbb1f4c8f2f4ebb88b9908770,2
4845,Wildfly,WFCORE,907,2.0.0.Beta4,2.0.0.Beta5,wildfly/wildfly-core,54239dc57c2e618dbb1f4c8f2f4ebb88b9908770,2
4846,Wildfly,WFCORE,904,2.0.0.Beta4,2.0.0.Beta5,wildfly/wildfly-core,54239dc57c2e618dbb1f4c8f2f4ebb88b9908770,6
4847,Wildfly,WFCORE,942,2.0.0.Beta5,2.0.0.Beta6,wildfly/wildfly-core,c46a2e0bedf48cfd9139d3d3a452861740255efd,1
4848,Wildfly,WFCORE,896,2.0.0.Beta1,2.0.0.Beta6,wildfly/wildfly-core,da3ea2a9b085bffa7d690d4099ba876434c15aa3,19
4849,Wildfly,WFCORE,885,2.0.0.Beta2,2.0.0.Beta6,wildfly/wildfly-core,bf72f3f7f342c08cf9704b2bf36812c2d6e0a315,3
4850,Wildfly,WFCORE,961,2.0.0.Beta6,2.0.0.Beta7,wildfly/wildfly-core,6f22914f293305994bceb6c25abc04ab8085ee24,3
4851,Wildfly,WFCORE,967,2.0.0.Beta6,2.0.0.Beta7,wildfly/wildfly-core,6f22914f293305994bceb6c25abc04ab8085ee24,2
4852,Wildfly,WFCORE,968,2.0.0.Beta6,2.0.0.Beta7,wildfly/wildfly-core,6f22914f293305994bceb6c25abc04ab8085ee24,1
4853,Wildfly,WFCORE,959,2.0.0.Beta6,2.0.0.Beta7,wildfly/wildfly-core,6f22914f293305994bceb6c25abc04ab8085ee24,31
4854,Wildfly,WFCORE,980,2.0.0.Beta7,2.0.0.CR2,wildfly/wildfly-core,be839f294f8088fabdbdaf0ec1f0a8e1e757d49b,2
4855,Wildfly,WFCORE,876,2.0.0.Beta1,2.0.0.CR2,wildfly/wildfly-core,da3ea2a9b085bffa7d690d4099ba876434c15aa3,5
4856,Wildfly,WFCORE,939,2.0.0.Beta4,2.0.0.CR2,wildfly/wildfly-core,54239dc57c2e618dbb1f4c8f2f4ebb88b9908770,8
4857,Wildfly,WFCORE,981,2.0.0.Beta7,2.0.0.CR2,wildfly/wildfly-core,be839f294f8088fabdbdaf0ec1f0a8e1e757d49b,11
4858,Wildfly,WFCORE,992,2.0.0.CR1,2.0.0.CR2,wildfly/wildfly-core,27df459f0e3b5356ad0b81a4be06e9805ec9df1b,1
4859,Wildfly,WFCORE,949,2.0.0.Beta5,2.0.0.CR2,wildfly/wildfly-core,c46a2e0bedf48cfd9139d3d3a452861740255efd,15
4860,Wildfly,WFCORE,933,2.0.0.Beta4,2.0.0.CR2,wildfly/wildfly-core,54239dc57c2e618dbb1f4c8f2f4ebb88b9908770,2
4861,Wildfly,WFCORE,940,2.0.0.Beta4,2.0.0.CR4,wildfly/wildfly-core,54239dc57c2e618dbb1f4c8f2f4ebb88b9908770,1
4862,Wildfly,WFCORE,931,2.0.0.Beta4,2.0.0.CR4,wildfly/wildfly-core,54239dc57c2e618dbb1f4c8f2f4ebb88b9908770,1
4863,Wildfly,WFCORE,932,2.0.0.Beta4,2.0.0.CR5,wildfly/wildfly-core,54239dc57c2e618dbb1f4c8f2f4ebb88b9908770,5
4864,Wildfly,WFCORE,1007,2.0.0.CR4,2.0.0.CR6,wildfly/wildfly-core,aa3ca556c507963bf6a58bc993f0229432cd427f,2
4865,Wildfly,WFCORE,1025,2.0.0.CR5,2.0.0.CR6,wildfly/wildfly-core,900de18d21d7810bf94728a4755f068ee51581a5,5
4866,Wildfly,WFCORE,948,2.0.0.Beta5,2.0.0.CR7,wildfly/wildfly-core,c46a2e0bedf48cfd9139d3d3a452861740255efd,3
4867,Wildfly,WFCORE,1027,2.0.0.CR5,2.0.0.CR7,wildfly/wildfly-core,900de18d21d7810bf94728a4755f068ee51581a5,6
4868,Wildfly,WFCORE,1034,2.0.0.CR6,2.0.0.CR7,wildfly/wildfly-core,b0b06b59dd71a0af4d93955ad0b871373a32408d,1
4869,Wildfly,WFCORE,916,2.0.0.Beta1,2.0.0.CR7,wildfly/wildfly-core,da3ea2a9b085bffa7d690d4099ba876434c15aa3,2
4870,Wildfly,WFCORE,997,2.0.0.CR3,2.0.0.CR7,wildfly/wildfly-core,de242ae73f1fe891fb7fdc848368af5dfbb6452b,2
4871,Wildfly,WFCORE,1033,2.0.0.CR6,2.0.0.CR7,wildfly/wildfly-core,b0b06b59dd71a0af4d93955ad0b871373a32408d,2
4872,Wildfly,WFCORE,1046,2.0.0.CR6,2.0.0.CR7,wildfly/wildfly-core,b0b06b59dd71a0af4d93955ad0b871373a32408d,1
4873,Wildfly,WFCORE,1035,2.0.0.CR5,2.0.0.CR7,wildfly/wildfly-core,900de18d21d7810bf94728a4755f068ee51581a5,1
4874,Wildfly,WFCORE,1039,2.0.0.CR6,2.0.0.CR7,wildfly/wildfly-core,b0b06b59dd71a0af4d93955ad0b871373a32408d,2
4875,Wildfly,WFCORE,1043,2.0.0.CR6,2.0.0.CR7,wildfly/wildfly-core,b0b06b59dd71a0af4d93955ad0b871373a32408d,1
4876,Wildfly,WFCORE,1063,2.0.0.CR7,2.0.0.CR8,wildfly/wildfly-core,96399de03a2d0b359967781bf951e0238817f911,2
4877,Wildfly,WFCORE,1064,2.0.0.CR7,2.0.0.CR8,wildfly/wildfly-core,96399de03a2d0b359967781bf951e0238817f911,2
4878,Wildfly,WFCORE,1048,2.0.0.CR6,2.0.0.CR8,wildfly/wildfly-core,b0b06b59dd71a0af4d93955ad0b871373a32408d,2
4879,Wildfly,WFCORE,1062,2.0.0.CR7,2.0.0.CR8,wildfly/wildfly-core,96399de03a2d0b359967781bf951e0238817f911,5
4880,Wildfly,WFCORE,989,2.0.0.CR1,2.0.0.CR8,wildfly/wildfly-core,27df459f0e3b5356ad0b81a4be06e9805ec9df1b,2
4881,Wildfly,WFCORE,1002,2.0.0.CR3,2.0.0.CR8,wildfly/wildfly-core,de242ae73f1fe891fb7fdc848368af5dfbb6452b,1
4882,Wildfly,WFCORE,1016,2.0.0.CR5,2.0.0.CR8,wildfly/wildfly-core,900de18d21d7810bf94728a4755f068ee51581a5,1
4883,Wildfly,WFCORE,1081,2.0.0.CR8,2.0.0.CR9,wildfly/wildfly-core,d057eec9fc2c40c2c5a5d676de5ef61290b8cd91,2
4884,Wildfly,WFCORE,993,2.0.0.CR1,2.0.0.CR9,wildfly/wildfly-core,27df459f0e3b5356ad0b81a4be06e9805ec9df1b,2
4885,Wildfly,WFCORE,1075,2.0.0.CR8,2.0.0.Final,wildfly/wildfly-core,d057eec9fc2c40c2c5a5d676de5ef61290b8cd91,5
4886,Wildfly,WFCORE,1086,2.0.0.CR9,2.0.0.Final,wildfly/wildfly-core,7313068c4f3d66d601e68583617fda416e8ebfe3,5
4887,Wildfly,WFCORE,1087,2.0.0.CR9,2.0.0.Final,wildfly/wildfly-core,7313068c4f3d66d601e68583617fda416e8ebfe3,5
4888,Wildfly,WFCORE,1091,2.0.0.CR9,2.0.2.Final,wildfly/wildfly-core,7313068c4f3d66d601e68583617fda416e8ebfe3,2
4889,Wildfly,WFCORE,1077,2.0.0.CR8,2.0.2.Final,wildfly/wildfly-core,d057eec9fc2c40c2c5a5d676de5ef61290b8cd91,1
4890,Wildfly,WFCORE,1056,2.0.0.CR6,2.0.2.Final,wildfly/wildfly-core,b0b06b59dd71a0af4d93955ad0b871373a32408d,7
4891,Wildfly,WFCORE,1092,2.0.0.Final,2.0.2.Final,wildfly/wildfly-core,8f86d454995864614ebf256fc29c7d0080f9f7ff,1
4892,Wildfly,WFCORE,1119,2.0.0.CR8,2.0.2.Final,wildfly/wildfly-core,d057eec9fc2c40c2c5a5d676de5ef61290b8cd91,2
4893,Wildfly,WFCORE,1143,2.0.0.Final,2.0.3.Final,wildfly/wildfly-core,8f86d454995864614ebf256fc29c7d0080f9f7ff,1
4894,Wildfly,WFCORE,892,2.0.0.Beta2,2.0.3.Final,wildfly/wildfly-core,bf72f3f7f342c08cf9704b2bf36812c2d6e0a315,1
4895,Wildfly,WFCORE,1095,2.0.0.Final,2.0.5.CR1,wildfly/wildfly-core,8f86d454995864614ebf256fc29c7d0080f9f7ff,1
4896,Wildfly,WFCORE,1114,2.0.0.Final,3.0.0.Alpha1,wildfly/wildfly-core,8f86d454995864614ebf256fc29c7d0080f9f7ff,1
4897,Wildfly,WFCORE,1029,2.0.0.CR5,3.0.0.Alpha1,wildfly/wildfly-core,900de18d21d7810bf94728a4755f068ee51581a5,6
4898,Wildfly,WFCORE,1042,2.0.0.CR6,3.0.0.Alpha1,wildfly/wildfly-core,b0b06b59dd71a0af4d93955ad0b871373a32408d,1
4899,Wildfly,WFCORE,794,2.0.0.Alpha5,3.0.0.Alpha1,wildfly/wildfly-core,24290e9657bdde72c3b16b452545d5ae0e399a46,1
4900,Wildfly,WFCORE,1028,2.0.0.CR5,3.0.0.Alpha1,wildfly/wildfly-core,900de18d21d7810bf94728a4755f068ee51581a5,4
4901,Wildfly,WFCORE,1644,2.0.0.Final,2.2.0.CR6,wildfly/wildfly-core,8f86d454995864614ebf256fc29c7d0080f9f7ff,1
4902,Wildfly,WFCORE,1120,2.0.1.Final,2.0.2.Final,wildfly/wildfly-core,2c3c7c3b2a22696bbf6fa8f2bde65ac3985593b3,2
4903,Wildfly,WFCORE,1127,2.0.1.Final,2.0.2.Final,wildfly/wildfly-core,2c3c7c3b2a22696bbf6fa8f2bde65ac3985593b3,6
4904,Wildfly,WFCORE,1134,2.0.1.Final,2.0.5.CR1,wildfly/wildfly-core,2c3c7c3b2a22696bbf6fa8f2bde65ac3985593b3,13
4905,Wildfly,WFCORE,1353,2.0.10.Final,2.1.0.CR2,wildfly/wildfly-core,508a72e3d73aa0416c367c97a3d1c8e86df6b2c6,7
4906,Wildfly,WFCORE,1354,2.0.10.Final,2.1.0.CR2,wildfly/wildfly-core,508a72e3d73aa0416c367c97a3d1c8e86df6b2c6,2
4907,Wildfly,WFCORE,1369,2.0.10.Final,2.1.0.Final,wildfly/wildfly-core,508a72e3d73aa0416c367c97a3d1c8e86df6b2c6,1
4908,Wildfly,WFCORE,1418,2.0.10.Final,2.1.0.Final,wildfly/wildfly-core,508a72e3d73aa0416c367c97a3d1c8e86df6b2c6,5
4909,Wildfly,WFCORE,1347,2.0.10.Final,2.1.0.Final,wildfly/wildfly-core,508a72e3d73aa0416c367c97a3d1c8e86df6b2c6,4
4910,Wildfly,WFCORE,1346,2.0.10.Final,3.0.0.Alpha1,wildfly/wildfly-core,508a72e3d73aa0416c367c97a3d1c8e86df6b2c6,2
4911,Wildfly,WFCORE,1607,2.0.10.Final,2.2.0.CR6,wildfly/wildfly-core,508a72e3d73aa0416c367c97a3d1c8e86df6b2c6,1
4912,Wildfly,WFCORE,1765,2.0.10.Final,3.0.0.Alpha8,wildfly/wildfly-core,508a72e3d73aa0416c367c97a3d1c8e86df6b2c6,1
4913,Wildfly,WFCORE,1845,2.0.10.Final,3.0.0.Alpha11,wildfly/wildfly-core,508a72e3d73aa0416c367c97a3d1c8e86df6b2c6,6
4914,Wildfly,WFCORE,1229,2.0.2.Final,2.0.8.Final,wildfly/wildfly-core,1e6cb04b41811806b302ea64838fde82e6375430,1
4915,Wildfly,WFCORE,1159,2.0.2.Final,3.0.0.Alpha4,wildfly/wildfly-core,1e6cb04b41811806b302ea64838fde82e6375430,12
4916,Wildfly,WFCORE,1168,2.0.3.Final,2.0.4.Final,wildfly/wildfly-core,b03ba5b75691f02507de5c45c8f00f6185dec3fb,1
4917,Wildfly,WFCORE,1166,2.0.3.Final,2.0.4.Final,wildfly/wildfly-core,b03ba5b75691f02507de5c45c8f00f6185dec3fb,2
4918,Wildfly,WFCORE,1171,2.0.3.Final,3.0.0.Alpha1,wildfly/wildfly-core,b03ba5b75691f02507de5c45c8f00f6185dec3fb,3
4919,Wildfly,WFCORE,1170,2.0.3.Final,3.0.0.Alpha1,wildfly/wildfly-core,b03ba5b75691f02507de5c45c8f00f6185dec3fb,8
4920,Wildfly,WFCORE,1188,2.0.4.Final,2.0.5.CR1,wildfly/wildfly-core,e08fff8f07fe526cdaa5940220a33308fadae469,2
4921,Wildfly,WFCORE,1214,2.0.4.Final,2.0.5.CR1,wildfly/wildfly-core,e08fff8f07fe526cdaa5940220a33308fadae469,2
4922,Wildfly,WFCORE,1212,2.0.4.Final,2.0.5.CR1,wildfly/wildfly-core,e08fff8f07fe526cdaa5940220a33308fadae469,1
4923,Wildfly,WFCORE,1213,2.0.4.Final,2.0.5.CR1,wildfly/wildfly-core,e08fff8f07fe526cdaa5940220a33308fadae469,2
4924,Wildfly,WFCORE,1210,2.0.4.Final,2.0.5.CR1,wildfly/wildfly-core,e08fff8f07fe526cdaa5940220a33308fadae469,3
4925,Wildfly,WFCORE,1209,2.0.4.Final,2.0.5.Final,wildfly/wildfly-core,e08fff8f07fe526cdaa5940220a33308fadae469,3
4926,Wildfly,WFCORE,1198,2.0.4.Final,2.0.5.Final,wildfly/wildfly-core,e08fff8f07fe526cdaa5940220a33308fadae469,2
4927,Wildfly,WFCORE,1226,2.0.4.Final,2.0.6.Final,wildfly/wildfly-core,e08fff8f07fe526cdaa5940220a33308fadae469,1
4928,Wildfly,WFCORE,1232,2.0.4.Final,2.0.8.Final,wildfly/wildfly-core,e08fff8f07fe526cdaa5940220a33308fadae469,3
4929,Wildfly,WFCORE,1240,2.0.5.CR1,2.0.5.Final,wildfly/wildfly-core,e12b944f179c25ceadd903bdeff291b1212fb584,1
4930,Wildfly,WFCORE,1296,2.0.5.Final,2.0.6.Final,wildfly/wildfly-core,beb1450b374c672dccf7a6816e6966d22c6259de,1
4931,Wildfly,WFCORE,1266,2.0.5.Final,2.0.6.Final,wildfly/wildfly-core,beb1450b374c672dccf7a6816e6966d22c6259de,2
4932,Wildfly,WFCORE,1261,2.0.5.Final,2.0.6.Final,wildfly/wildfly-core,beb1450b374c672dccf7a6816e6966d22c6259de,2
4933,Wildfly,WFCORE,1292,2.0.5.Final,2.0.8.Final,wildfly/wildfly-core,beb1450b374c672dccf7a6816e6966d22c6259de,2
4934,Wildfly,WFCORE,1257,2.0.5.Final,2.0.8.Final,wildfly/wildfly-core,beb1450b374c672dccf7a6816e6966d22c6259de,4
4935,Wildfly,WFCORE,1263,2.0.5.Final,3.0.0.Alpha1,wildfly/wildfly-core,beb1450b374c672dccf7a6816e6966d22c6259de,1
4936,Wildfly,WFCORE,1260,2.0.5.Final,3.0.0.Alpha1,wildfly/wildfly-core,beb1450b374c672dccf7a6816e6966d22c6259de,5
4937,Wildfly,WFCORE,1297,2.0.6.Final,2.0.8.Final,wildfly/wildfly-core,32dadadaf7af7d3f58b3631a066b906e3be0de80,1
4938,Wildfly,WFCORE,1306,2.0.6.Final,3.0.0.Alpha1,wildfly/wildfly-core,32dadadaf7af7d3f58b3631a066b906e3be0de80,1
4939,Wildfly,WFCORE,1331,2.0.7.Final,2.0.8.Final,wildfly/wildfly-core,107db8bd102623431371b2f9a23b722fbe3c3d09,2
4940,Wildfly,WFCORE,1311,2.0.7.Final,2.0.8.Final,wildfly/wildfly-core,107db8bd102623431371b2f9a23b722fbe3c3d09,1
4941,Wildfly,WFCORE,1333,2.0.7.Final,3.0.0.Alpha1,wildfly/wildfly-core,107db8bd102623431371b2f9a23b722fbe3c3d09,2
4942,Wildfly,WFCORE,1315,2.0.8.Final,3.0.0.Alpha1,wildfly/wildfly-core,890c52a957eb7079ccb54e9fb4726e7a84dee6c7,2
4943,Wildfly,WFCORE,1406,2.1.0.CR1,2.1.0.Final,wildfly/wildfly-core,51f5fe9407e7dce18b8071b857ae353e9560c62a,1
4944,Wildfly,WFCORE,1432,2.1.0.CR1,2.1.0.Final,wildfly/wildfly-core,51f5fe9407e7dce18b8071b857ae353e9560c62a,1
4945,Wildfly,WFCORE,1394,2.1.0.CR1,2.1.0.Final,wildfly/wildfly-core,51f5fe9407e7dce18b8071b857ae353e9560c62a,1
4946,Wildfly,WFCORE,1370,2.1.0.CR1,3.0.0.Alpha1,wildfly/wildfly-core,51f5fe9407e7dce18b8071b857ae353e9560c62a,1
4947,Wildfly,WFCORE,1397,2.1.0.CR1,3.0.0.Alpha1,wildfly/wildfly-core,51f5fe9407e7dce18b8071b857ae353e9560c62a,3
4948,Wildfly,WFCORE,1426,2.1.0.CR1,3.0.0.Alpha1,wildfly/wildfly-core,51f5fe9407e7dce18b8071b857ae353e9560c62a,1
4949,Wildfly,WFCORE,1398,2.1.0.CR1,3.0.0.Alpha1,wildfly/wildfly-core,51f5fe9407e7dce18b8071b857ae353e9560c62a,1
4950,Wildfly,WFCORE,1428,2.1.0.CR1,3.0.0.Alpha1,wildfly/wildfly-core,51f5fe9407e7dce18b8071b857ae353e9560c62a,1
4951,Wildfly,WFCORE,1430,2.1.0.CR1,3.0.0.Alpha1,wildfly/wildfly-core,51f5fe9407e7dce18b8071b857ae353e9560c62a,1
4952,Wildfly,WFCORE,1439,2.1.0.CR1,3.0.0.Alpha1,wildfly/wildfly-core,51f5fe9407e7dce18b8071b857ae353e9560c62a,7
4953,Wildfly,WFCORE,1420,2.1.0.CR1,2.1.0.Final,wildfly/wildfly-core,51f5fe9407e7dce18b8071b857ae353e9560c62a,2
4954,Wildfly,WFCORE,1435,2.1.0.CR1,2.1.0.Final,wildfly/wildfly-core,51f5fe9407e7dce18b8071b857ae353e9560c62a,2
4955,Wildfly,WFCORE,1437,2.1.0.CR1,2.1.0.Final,wildfly/wildfly-core,51f5fe9407e7dce18b8071b857ae353e9560c62a,1
4956,Wildfly,WFCORE,1399,2.1.0.CR1,3.0.0.Alpha1,wildfly/wildfly-core,51f5fe9407e7dce18b8071b857ae353e9560c62a,2
4957,Wildfly,WFCORE,1452,2.1.0.Final,3.0.0.Alpha1,wildfly/wildfly-core,ae5f29dda40001a401a7fecd76f8e796b8571c37,3
4958,Wildfly,WFCORE,1448,2.1.0.Final,3.0.0.Alpha1,wildfly/wildfly-core,ae5f29dda40001a401a7fecd76f8e796b8571c37,8
4959,Wildfly,WFCORE,1450,2.1.0.Final,3.0.0.Alpha1,wildfly/wildfly-core,ae5f29dda40001a401a7fecd76f8e796b8571c37,1
4960,Wildfly,WFCORE,1453,2.1.0.Final,3.0.0.Alpha1,wildfly/wildfly-core,ae5f29dda40001a401a7fecd76f8e796b8571c37,8
4961,Wildfly,WFCORE,1464,2.1.0.Final,3.0.0.Alpha1,wildfly/wildfly-core,ae5f29dda40001a401a7fecd76f8e796b8571c37,1
4962,Wildfly,WFCORE,1373,2.1.0.CR1,3.0.0.Alpha1,wildfly/wildfly-core,51f5fe9407e7dce18b8071b857ae353e9560c62a,1
4963,Wildfly,WFCORE,1395,2.1.0.CR1,3.0.0.Alpha1,wildfly/wildfly-core,51f5fe9407e7dce18b8071b857ae353e9560c62a,2
4964,Wildfly,WFCORE,1486,2.1.0.Final,3.0.0.Alpha1,wildfly/wildfly-core,ae5f29dda40001a401a7fecd76f8e796b8571c37,1
4965,Wildfly,WFCORE,1470,2.1.0.Final,3.0.0.Alpha1,wildfly/wildfly-core,ae5f29dda40001a401a7fecd76f8e796b8571c37,2
4966,Wildfly,WFCORE,1501,2.1.0.Final,3.0.0.Alpha1,wildfly/wildfly-core,ae5f29dda40001a401a7fecd76f8e796b8571c37,3
4967,Wildfly,WFCORE,1525,2.1.0.Final,3.0.0.Alpha1,wildfly/wildfly-core,ae5f29dda40001a401a7fecd76f8e796b8571c37,2
4968,Wildfly,WFCORE,1490,2.1.0.Final,3.0.0.Alpha1,wildfly/wildfly-core,ae5f29dda40001a401a7fecd76f8e796b8571c37,1
4969,Wildfly,WFCORE,1491,2.1.0.Final,3.0.0.Alpha1,wildfly/wildfly-core,ae5f29dda40001a401a7fecd76f8e796b8571c37,1
4970,Wildfly,WFCORE,1493,2.1.0.Final,3.0.0.Alpha1,wildfly/wildfly-core,ae5f29dda40001a401a7fecd76f8e796b8571c37,1
4971,Wildfly,WFCORE,1474,2.1.0.Final,3.0.0.Alpha3,wildfly/wildfly-core,ae5f29dda40001a401a7fecd76f8e796b8571c37,2
4972,Wildfly,WFCORE,1523,2.1.0.Final,3.0.0.Alpha4,wildfly/wildfly-core,ae5f29dda40001a401a7fecd76f8e796b8571c37,2
4973,Wildfly,WFCORE,1481,2.1.0.Final,3.0.0.Alpha4,wildfly/wildfly-core,ae5f29dda40001a401a7fecd76f8e796b8571c37,6
4974,Wildfly,WFCORE,1563,2.1.0.Final,3.0.0.Alpha2,wildfly/wildfly-core,ae5f29dda40001a401a7fecd76f8e796b8571c37,1
4975,Wildfly,WFCORE,1592,2.1.0.Final,3.0.0.Alpha4,wildfly/wildfly-core,ae5f29dda40001a401a7fecd76f8e796b8571c37,2
4976,Wildfly,WFCORE,1546,2.2.0.CR2,3.0.0.Alpha1,wildfly/wildfly-core,f1377e06ca79f5696b0db2b9f75dea189d649cd2,2
4977,Wildfly,WFCORE,1557,2.2.0.CR2,3.0.0.Alpha1,wildfly/wildfly-core,f1377e06ca79f5696b0db2b9f75dea189d649cd2,1
4978,Wildfly,WFCORE,1554,2.2.0.CR2,3.0.0.Alpha2,wildfly/wildfly-core,f1377e06ca79f5696b0db2b9f75dea189d649cd2,1
4979,Wildfly,WFCORE,1640,2.2.0.CR5,3.0.0.Alpha4,wildfly/wildfly-core,bc260d984c13cb5f799554c1826dcb29287e182c,2
4980,Wildfly,WFCORE,1715,2.2.0.Final,3.0.0.Alpha6,wildfly/wildfly-core,df15bbc390766054c7090932cb033f2898a18b11,1
4981,Wildfly,WFCORE,1657,2.2.0.CR7,3.0.0.Alpha9,wildfly/wildfly-core,2f08b8e4b6716245cf14f436a84f50059a9f1a8a,1
4982,Wildfly,WFCORE,1552,2.2.0.CR2,3.0.0.Alpha12,wildfly/wildfly-core,f1377e06ca79f5696b0db2b9f75dea189d649cd2,2
4983,Wildfly,WFCORE,172,3.0.0.Alpha3,1.0.0.CR4,wildfly/wildfly-core,6be2c6ed4d095258d9bc1e3b8506b82947a58933,1
4984,Wildfly,WFCORE,1115,3.0.0.Alpha1,2.0.2.Final,wildfly/wildfly-core,0aac3f96ca3a5214a6e4ed5edef6c4d95f16c530,1
4985,Wildfly,WFCORE,1572,3.0.0.Alpha1,3.0.0.Alpha2,wildfly/wildfly-core,0aac3f96ca3a5214a6e4ed5edef6c4d95f16c530,3
4986,Wildfly,WFCORE,1570,3.0.0.Alpha1,3.0.0.Alpha2,wildfly/wildfly-core,0aac3f96ca3a5214a6e4ed5edef6c4d95f16c530,3
4987,Wildfly,WFCORE,1595,3.0.0.Alpha1,3.0.0.Alpha3,wildfly/wildfly-core,0aac3f96ca3a5214a6e4ed5edef6c4d95f16c530,1
4988,Wildfly,WFCORE,1611,3.0.0.Alpha2,3.0.0.Alpha3,wildfly/wildfly-core,2405c1a0ec30263ecdf513d8ce2653ff3c165359,1
4989,Wildfly,WFCORE,1578,3.0.0.Alpha1,3.0.0.Alpha3,wildfly/wildfly-core,0aac3f96ca3a5214a6e4ed5edef6c4d95f16c530,4
4990,Wildfly,WFCORE,1625,3.0.0.Alpha2,3.0.0.Alpha3,wildfly/wildfly-core,2405c1a0ec30263ecdf513d8ce2653ff3c165359,4
4991,Wildfly,WFCORE,1617,3.0.0.Alpha2,3.0.0.Alpha4,wildfly/wildfly-core,2405c1a0ec30263ecdf513d8ce2653ff3c165359,2
4992,Wildfly,WFCORE,1635,3.0.0.Alpha3,3.0.0.Alpha4,wildfly/wildfly-core,6be2c6ed4d095258d9bc1e3b8506b82947a58933,1
4993,Wildfly,WFCORE,1647,3.0.0.Alpha3,3.0.0.Alpha4,wildfly/wildfly-core,6be2c6ed4d095258d9bc1e3b8506b82947a58933,1
4994,Wildfly,WFCORE,1699,3.0.0.Alpha4,3.0.0.Alpha5,wildfly/wildfly-core,4489567235df0699f755c2ca82f68761c9a96b3e,1
4995,Wildfly,WFCORE,1590,3.0.0.Alpha1,3.0.0.Alpha5,wildfly/wildfly-core,0aac3f96ca3a5214a6e4ed5edef6c4d95f16c530,5
4996,Wildfly,WFCORE,1706,3.0.0.Alpha4,3.0.0.Alpha5,wildfly/wildfly-core,4489567235df0699f755c2ca82f68761c9a96b3e,1
4997,Wildfly,WFCORE,1710,3.0.0.Alpha4,3.0.0.Alpha5,wildfly/wildfly-core,4489567235df0699f755c2ca82f68761c9a96b3e,1
4998,Wildfly,WFCORE,1687,3.0.0.Alpha4,3.0.0.Alpha6,wildfly/wildfly-core,4489567235df0699f755c2ca82f68761c9a96b3e,1
4999,Wildfly,WFCORE,1718,3.0.0.Alpha5,3.0.0.Alpha6,wildfly/wildfly-core,8eb43b57b5be9dfaa295a05b92eba769690d20d7,3
5000,Wildfly,WFCORE,1743,3.0.0.Alpha5,3.0.0.Alpha6,wildfly/wildfly-core,8eb43b57b5be9dfaa295a05b92eba769690d20d7,1
5001,Wildfly,WFCORE,1642,3.0.0.Alpha3,3.0.0.Alpha6,wildfly/wildfly-core,6be2c6ed4d095258d9bc1e3b8506b82947a58933,5
5002,Wildfly,WFCORE,1708,3.0.0.Alpha4,3.0.0.Alpha7,wildfly/wildfly-core,4489567235df0699f755c2ca82f68761c9a96b3e,1
5003,Wildfly,WFCORE,1714,3.0.0.Alpha5,3.0.0.Alpha8,wildfly/wildfly-core,8eb43b57b5be9dfaa295a05b92eba769690d20d7,1
5004,Wildfly,WFCORE,1771,3.0.0.Alpha7,3.0.0.Alpha8,wildfly/wildfly-core,2f43bb2b3616c80cbd224583f6ccd0de8d986af8,2
5005,Wildfly,WFCORE,1785,3.0.0.Alpha7,3.0.0.Alpha8,wildfly/wildfly-core,2f43bb2b3616c80cbd224583f6ccd0de8d986af8,3
5006,Wildfly,WFCORE,1761,3.0.0.Alpha7,3.0.0.Alpha8,wildfly/wildfly-core,2f43bb2b3616c80cbd224583f6ccd0de8d986af8,1
5007,Wildfly,WFCORE,1807,3.0.0.Alpha8,3.0.0.Alpha9,wildfly/wildfly-core,19e56ebd1e4f8f401a8b560207a75e156c1a6b17,1
5008,Wildfly,WFCORE,1793,3.0.0.Alpha8,3.0.0.Alpha9,wildfly/wildfly-core,19e56ebd1e4f8f401a8b560207a75e156c1a6b17,2
5009,Wildfly,WFCORE,1799,3.0.0.Alpha7,3.0.0.Alpha9,wildfly/wildfly-core,2f43bb2b3616c80cbd224583f6ccd0de8d986af8,1
5010,Wildfly,WFCORE,1824,3.0.0.Alpha8,3.0.0.Alpha9,wildfly/wildfly-core,19e56ebd1e4f8f401a8b560207a75e156c1a6b17,4
5011,Wildfly,WFCORE,1815,3.0.0.Alpha8,3.0.0.Alpha9,wildfly/wildfly-core,19e56ebd1e4f8f401a8b560207a75e156c1a6b17,1
5012,Wildfly,WFCORE,1805,3.0.0.Alpha7,3.0.0.Alpha10,wildfly/wildfly-core,2f43bb2b3616c80cbd224583f6ccd0de8d986af8,1
5013,Wildfly,WFCORE,1479,3.0.0.Alpha1,3.0.0.Alpha10,wildfly/wildfly-core,0aac3f96ca3a5214a6e4ed5edef6c4d95f16c530,1
5014,Wildfly,WFCORE,1846,3.0.0.Alpha9,3.0.0.Alpha10,wildfly/wildfly-core,ae37f6190035aad05d001f53dd862572954cf132,6
5015,Wildfly,WFCORE,1847,3.0.0.Alpha9,3.0.0.Alpha10,wildfly/wildfly-core,ae37f6190035aad05d001f53dd862572954cf132,4
5016,Wildfly,WFCORE,1851,3.0.0.Alpha9,3.0.0.Alpha10,wildfly/wildfly-core,ae37f6190035aad05d001f53dd862572954cf132,2
5017,Wildfly,WFCORE,1869,3.0.0.Alpha9,3.0.0.Alpha10,wildfly/wildfly-core,ae37f6190035aad05d001f53dd862572954cf132,1
5018,Wildfly,WFCORE,1864,3.0.0.Alpha9,3.0.0.Alpha11,wildfly/wildfly-core,ae37f6190035aad05d001f53dd862572954cf132,2
5019,Wildfly,WFCORE,1908,3.0.0.Alpha11,3.0.0.Alpha12,wildfly/wildfly-core,4273e3459da4cbe63f8db79edeb071545dc47f0e,3
5020,Wildfly,WFCORE,1915,3.0.0.Alpha11,3.0.0.Alpha12,wildfly/wildfly-core,4273e3459da4cbe63f8db79edeb071545dc47f0e,1
5021,Wildfly,WFCORE,1936,3.0.0.Alpha11,3.0.0.Alpha12,wildfly/wildfly-core,4273e3459da4cbe63f8db79edeb071545dc47f0e,2
5022,Wildfly,WFCORE,1896,3.0.0.Alpha10,3.0.0.Alpha12,wildfly/wildfly-core,5727a58f117b6030529a5c15a3cd8ba3be056040,3
5023,Wildfly,WFCORE,1951,3.0.0.Alpha11,3.0.0.Alpha12,wildfly/wildfly-core,4273e3459da4cbe63f8db79edeb071545dc47f0e,3
5024,Wildfly,WFCORE,1928,3.0.0.Alpha11,3.0.0.Alpha12,wildfly/wildfly-core,4273e3459da4cbe63f8db79edeb071545dc47f0e,2
5025,Wildfly,WFCORE,1959,3.0.0.Alpha11,3.0.0.Alpha12,wildfly/wildfly-core,4273e3459da4cbe63f8db79edeb071545dc47f0e,1
5026,Wildfly,WFCORE,1918,3.0.0.Alpha11,3.0.0.Alpha13,wildfly/wildfly-core,4273e3459da4cbe63f8db79edeb071545dc47f0e,2
5027,Wildfly,WFCORE,1731,3.0.0.Alpha5,3.0.0.Alpha13,wildfly/wildfly-core,8eb43b57b5be9dfaa295a05b92eba769690d20d7,1
5028,Wildfly,WFCORE,1975,3.0.0.Alpha12,3.0.0.Alpha13,wildfly/wildfly-core,0d2986d3c8539f9b38c391bc977d18ffc9d2ae05,1
5029,Wildfly,WFCORE,1980,3.0.0.Alpha12,3.0.0.Alpha13,wildfly/wildfly-core,0d2986d3c8539f9b38c391bc977d18ffc9d2ae05,3
5030,Wildfly,WFCORE,1997,3.0.0.Alpha12,3.0.0.Alpha13,wildfly/wildfly-core,0d2986d3c8539f9b38c391bc977d18ffc9d2ae05,1
5031,Wildfly,WFCORE,1992,3.0.0.Alpha12,3.0.0.Alpha13,wildfly/wildfly-core,0d2986d3c8539f9b38c391bc977d18ffc9d2ae05,2
5032,Wildfly,WFCORE,2006,3.0.0.Alpha12,3.0.0.Alpha13,wildfly/wildfly-core,0d2986d3c8539f9b38c391bc977d18ffc9d2ae05,3
5033,Wildfly,WFCORE,2013,3.0.0.Alpha12,3.0.0.Alpha13,wildfly/wildfly-core,0d2986d3c8539f9b38c391bc977d18ffc9d2ae05,1
5034,Wildfly,WFCORE,2008,3.0.0.Alpha12,3.0.0.Alpha13,wildfly/wildfly-core,0d2986d3c8539f9b38c391bc977d18ffc9d2ae05,1
5035,Wildfly,WFCORE,2017,3.0.0.Alpha12,3.0.0.Alpha13,wildfly/wildfly-core,0d2986d3c8539f9b38c391bc977d18ffc9d2ae05,1
5036,Wildfly,WFCORE,2026,3.0.0.Alpha12,3.0.0.Alpha13,wildfly/wildfly-core,0d2986d3c8539f9b38c391bc977d18ffc9d2ae05,1
5037,Wildfly,WFCORE,2021,3.0.0.Alpha12,3.0.0.Alpha15,wildfly/wildfly-core,0d2986d3c8539f9b38c391bc977d18ffc9d2ae05,1
5038,Wildfly,WFCORE,2083,3.0.0.Alpha14,3.0.0.Alpha15,wildfly/wildfly-core,bb60c33a03b8272cf54850546dbe92eb26f7178b,13
5039,Wildfly,WFLY,4670,10.0.0.Alpha1,10.0.0.Alpha2,wildfly/wildfly,270c8e07135cca2eba43e00727bad171822aff70,1
5040,Wildfly,WFLY,4657,10.0.0.Alpha1,10.0.0.Alpha2,wildfly/wildfly,270c8e07135cca2eba43e00727bad171822aff70,10
5041,Wildfly,WFLY,4732,10.0.0.Alpha2,9.0.0.CR2,wildfly/wildfly,d71e1b2ee97e6d4c9b9e648031b0c85187c42e58,2
5042,Wildfly,WFLY,4654,10.0.0.Alpha1,10.0.0.Alpha3,wildfly/wildfly,270c8e07135cca2eba43e00727bad171822aff70,6
5043,Wildfly,WFLY,4800,10.0.0.Alpha3,10.0.0.Alpha4,wildfly/wildfly,1dd4c59a9f4d267583710fa324605e28bb35f73a,3
5044,Wildfly,WFLY,4801,10.0.0.Alpha3,10.0.0.Alpha4,wildfly/wildfly,1dd4c59a9f4d267583710fa324605e28bb35f73a,6
5045,Wildfly,WFLY,4697,10.0.0.Alpha1,10.0.0.Alpha4,wildfly/wildfly,270c8e07135cca2eba43e00727bad171822aff70,6
5046,Wildfly,WFLY,4645,10.0.0.Alpha1,10.0.0.Alpha5,wildfly/wildfly,270c8e07135cca2eba43e00727bad171822aff70,3
5047,Wildfly,WFLY,4735,10.0.0.Alpha1,10.0.0.Alpha5,wildfly/wildfly,270c8e07135cca2eba43e00727bad171822aff70,1
5048,Wildfly,WFLY,4815,10.0.0.Alpha3,10.0.0.Alpha5,wildfly/wildfly,1dd4c59a9f4d267583710fa324605e28bb35f73a,5
5049,Wildfly,WFLY,4861,10.0.0.Alpha4,10.0.0.Alpha5,wildfly/wildfly,b31edb322399608018e53d28df49b62cea042654,1
5050,Wildfly,WFLY,4869,10.0.0.Alpha4,10.0.0.Alpha5,wildfly/wildfly,b31edb322399608018e53d28df49b62cea042654,1
5051,Wildfly,WFLY,4917,10.0.0.Alpha5,10.0.0.Alpha6,wildfly/wildfly,a831af819cf422642eaece9d75e3b0379c2017a7,1
5052,Wildfly,WFLY,4925,10.0.0.Alpha5,10.0.0.Alpha6,wildfly/wildfly,a831af819cf422642eaece9d75e3b0379c2017a7,1
5053,Wildfly,WFLY,4977,10.0.0.Alpha5,10.0.0.Alpha6,wildfly/wildfly,a831af819cf422642eaece9d75e3b0379c2017a7,1
5054,Wildfly,WFLY,4978,10.0.0.Alpha5,10.0.0.Alpha6,wildfly/wildfly,a831af819cf422642eaece9d75e3b0379c2017a7,2
5055,Wildfly,WFLY,4904,10.0.0.Alpha4,10.0.0.Beta1,wildfly/wildfly,b31edb322399608018e53d28df49b62cea042654,13
5056,Wildfly,WFLY,5032,10.0.0.Alpha6,10.0.0.Beta1,wildfly/wildfly,1fadb169e89f1f7a6b16b1c398829dcd633bbb1c,2
5057,Wildfly,WFLY,4983,10.0.0.Alpha5,10.0.0.Beta1,wildfly/wildfly,a831af819cf422642eaece9d75e3b0379c2017a7,2
5058,Wildfly,WFLY,3355,10.0.0.Alpha4,10.0.0.Beta1,wildfly/wildfly,b31edb322399608018e53d28df49b62cea042654,2
5059,Wildfly,WFLY,5051,10.0.0.Alpha6,10.0.0.Beta1,wildfly/wildfly,1fadb169e89f1f7a6b16b1c398829dcd633bbb1c,1
5060,Wildfly,WFLY,5035,10.0.0.Alpha6,10.0.0.Beta1,wildfly/wildfly,1fadb169e89f1f7a6b16b1c398829dcd633bbb1c,2
5061,Wildfly,WFLY,5005,10.0.0.Alpha5,10.0.0.Beta2,wildfly/wildfly,a831af819cf422642eaece9d75e3b0379c2017a7,1
5062,Wildfly,WFLY,4999,10.0.0.Alpha6,10.0.0.Beta1,wildfly/wildfly,1fadb169e89f1f7a6b16b1c398829dcd633bbb1c,1
5063,Wildfly,WFLY,5070,10.0.0.Alpha6,10.0.0.Beta2,wildfly/wildfly,1fadb169e89f1f7a6b16b1c398829dcd633bbb1c,1
5064,Wildfly,WFLY,5045,10.0.0.Alpha6,10.0.0.Beta2,wildfly/wildfly,1fadb169e89f1f7a6b16b1c398829dcd633bbb1c,2
5065,Wildfly,WFLY,5107,10.0.0.Beta1,10.0.0.Beta2,wildfly/wildfly,2320f4776a3bd3a6a7592209b207116607bd00c0,12
5066,Wildfly,WFLY,5022,10.0.0.Alpha6,10.0.0.Beta2,wildfly/wildfly,1fadb169e89f1f7a6b16b1c398829dcd633bbb1c,10
5067,Wildfly,WFLY,4954,10.0.0.Alpha4,10.0.0.Beta2,wildfly/wildfly,b31edb322399608018e53d28df49b62cea042654,1
5068,Wildfly,WFLY,4839,10.0.0.Alpha4,10.0.0.Beta2,wildfly/wildfly,b31edb322399608018e53d28df49b62cea042654,1
5069,Wildfly,WFLY,5014,10.0.0.Alpha6,10.0.0.Beta2,wildfly/wildfly,1fadb169e89f1f7a6b16b1c398829dcd633bbb1c,1
5070,Wildfly,WFLY,5085,10.0.0.Alpha6,10.0.0.Beta2,wildfly/wildfly,1fadb169e89f1f7a6b16b1c398829dcd633bbb1c,2
5071,Wildfly,WFLY,5088,10.0.0.Alpha6,10.0.0.Beta2,wildfly/wildfly,1fadb169e89f1f7a6b16b1c398829dcd633bbb1c,2
5072,Wildfly,WFLY,5105,10.0.0.Beta1,10.0.0.Beta2,wildfly/wildfly,2320f4776a3bd3a6a7592209b207116607bd00c0,1
5073,Wildfly,WFLY,5192,10.0.0.Beta2,10.0.0.CR1,wildfly/wildfly,286ec956ffd9ae730d960282b7a456fe649addcb,1
5074,Wildfly,WFLY,5184,10.0.0.Beta2,10.0.0.CR1,wildfly/wildfly,286ec956ffd9ae730d960282b7a456fe649addcb,1
5075,Wildfly,WFLY,5200,10.0.0.Beta2,10.0.0.CR1,wildfly/wildfly,286ec956ffd9ae730d960282b7a456fe649addcb,2
5076,Wildfly,WFLY,5195,10.0.0.Beta2,10.0.0.CR1,wildfly/wildfly,286ec956ffd9ae730d960282b7a456fe649addcb,2
5077,Wildfly,WFLY,5197,10.0.0.Beta2,10.0.0.CR1,wildfly/wildfly,286ec956ffd9ae730d960282b7a456fe649addcb,3
5078,Wildfly,WFLY,5203,10.0.0.Beta2,10.0.0.CR1,wildfly/wildfly,286ec956ffd9ae730d960282b7a456fe649addcb,1
5079,Wildfly,WFLY,5215,10.0.0.Beta2,10.0.0.CR1,wildfly/wildfly,286ec956ffd9ae730d960282b7a456fe649addcb,1
5080,Wildfly,WFLY,5086,10.0.0.Alpha6,10.0.0.CR1,wildfly/wildfly,1fadb169e89f1f7a6b16b1c398829dcd633bbb1c,3
5081,Wildfly,WFLY,5143,10.0.0.Beta1,10.0.0.CR1,wildfly/wildfly,2320f4776a3bd3a6a7592209b207116607bd00c0,4
5082,Wildfly,WFLY,5123,10.0.0.Alpha6,10.0.0.CR1,wildfly/wildfly,1fadb169e89f1f7a6b16b1c398829dcd633bbb1c,4
5083,Wildfly,WFLY,5204,10.0.0.Beta2,10.0.0.CR1,wildfly/wildfly,286ec956ffd9ae730d960282b7a456fe649addcb,1
5084,Wildfly,WFLY,5084,10.0.0.Alpha6,10.0.0.CR1,wildfly/wildfly,1fadb169e89f1f7a6b16b1c398829dcd633bbb1c,3
5085,Wildfly,WFLY,5188,10.0.0.Beta2,10.0.0.CR1,wildfly/wildfly,286ec956ffd9ae730d960282b7a456fe649addcb,2
5086,Wildfly,WFLY,5231,10.0.0.Beta2,10.0.0.CR1,wildfly/wildfly,286ec956ffd9ae730d960282b7a456fe649addcb,2
5087,Wildfly,WFLY,5199,10.0.0.Beta2,10.0.0.CR1,wildfly/wildfly,286ec956ffd9ae730d960282b7a456fe649addcb,1
5088,Wildfly,WFLY,5260,10.0.0.Beta2,10.0.0.CR1,wildfly/wildfly,286ec956ffd9ae730d960282b7a456fe649addcb,1
5089,Wildfly,WFLY,5283,10.0.0.Beta2,10.0.0.CR1,wildfly/wildfly,286ec956ffd9ae730d960282b7a456fe649addcb,1
5090,Wildfly,WFLY,5280,10.0.0.Beta2,10.0.0.CR1,wildfly/wildfly,286ec956ffd9ae730d960282b7a456fe649addcb,3
5091,Wildfly,WFLY,5263,10.0.0.Beta2,10.0.0.CR1,wildfly/wildfly,286ec956ffd9ae730d960282b7a456fe649addcb,1
5092,Wildfly,WFLY,5078,10.0.0.Beta1,10.0.0.CR1,wildfly/wildfly,2320f4776a3bd3a6a7592209b207116607bd00c0,15
5093,Wildfly,WFLY,5253,10.0.0.Beta2,10.0.0.CR1,wildfly/wildfly,286ec956ffd9ae730d960282b7a456fe649addcb,1
5094,Wildfly,WFLY,5242,10.0.0.Beta2,10.0.0.CR1,wildfly/wildfly,286ec956ffd9ae730d960282b7a456fe649addcb,4
5095,Wildfly,WFLY,5308,10.0.0.Beta1,10.0.0.CR1,wildfly/wildfly,2320f4776a3bd3a6a7592209b207116607bd00c0,1
5096,Wildfly,WFLY,5298,10.0.0.Beta2,10.0.0.CR1,wildfly/wildfly,286ec956ffd9ae730d960282b7a456fe649addcb,3
5097,Wildfly,WFLY,5153,10.0.0.Beta1,10.0.0.CR1,wildfly/wildfly,2320f4776a3bd3a6a7592209b207116607bd00c0,3
5098,Wildfly,WFLY,5340,10.0.0.Beta2,10.0.0.CR1,wildfly/wildfly,286ec956ffd9ae730d960282b7a456fe649addcb,3
5099,Wildfly,WFLY,5337,10.0.0.Beta2,10.0.0.CR1,wildfly/wildfly,286ec956ffd9ae730d960282b7a456fe649addcb,1
5100,Wildfly,WFLY,5145,10.0.0.Beta1,10.0.0.CR1,wildfly/wildfly,2320f4776a3bd3a6a7592209b207116607bd00c0,7
5101,Wildfly,WFLY,5323,10.0.0.Beta2,10.0.0.CR1,wildfly/wildfly,286ec956ffd9ae730d960282b7a456fe649addcb,4
5102,Wildfly,WFLY,5363,10.0.0.CR1,10.0.0.CR2,wildfly/wildfly,80efb93b7cdb44b82efb212b1e18a9befff996d2,1
5103,Wildfly,WFLY,5236,10.0.0.Beta2,10.0.0.CR2,wildfly/wildfly,286ec956ffd9ae730d960282b7a456fe649addcb,3
5104,Wildfly,WFLY,5359,10.0.0.CR1,10.0.0.CR2,wildfly/wildfly,80efb93b7cdb44b82efb212b1e18a9befff996d2,1
5105,Wildfly,WFLY,5380,10.0.0.CR1,10.0.0.CR2,wildfly/wildfly,80efb93b7cdb44b82efb212b1e18a9befff996d2,3
5106,Wildfly,WFLY,5370,10.0.0.CR1,10.0.0.CR2,wildfly/wildfly,80efb93b7cdb44b82efb212b1e18a9befff996d2,6
5107,Wildfly,WFLY,5355,10.0.0.Beta2,10.0.0.CR2,wildfly/wildfly,286ec956ffd9ae730d960282b7a456fe649addcb,1
5108,Wildfly,WFLY,5354,10.0.0.Beta2,10.0.0.CR2,wildfly/wildfly,286ec956ffd9ae730d960282b7a456fe649addcb,1
5109,Wildfly,WFLY,5372,10.0.0.CR1,10.0.0.CR2,wildfly/wildfly,80efb93b7cdb44b82efb212b1e18a9befff996d2,13
5110,Wildfly,WFLY,5384,10.0.0.CR1,10.0.0.CR2,wildfly/wildfly,80efb93b7cdb44b82efb212b1e18a9befff996d2,5
5111,Wildfly,WFLY,5322,10.0.0.Beta2,10.0.0.CR2,wildfly/wildfly,286ec956ffd9ae730d960282b7a456fe649addcb,1
5112,Wildfly,WFLY,5391,10.0.0.CR1,10.0.0.CR2,wildfly/wildfly,80efb93b7cdb44b82efb212b1e18a9befff996d2,1
5113,Wildfly,WFLY,5404,10.0.0.CR1,10.0.0.CR2,wildfly/wildfly,80efb93b7cdb44b82efb212b1e18a9befff996d2,1
5114,Wildfly,WFLY,5394,10.0.0.CR1,10.0.0.CR2,wildfly/wildfly,80efb93b7cdb44b82efb212b1e18a9befff996d2,2
5115,Wildfly,WFLY,5360,10.0.0.CR1,10.0.0.CR2,wildfly/wildfly,80efb93b7cdb44b82efb212b1e18a9befff996d2,1
5116,Wildfly,WFLY,5421,10.0.0.CR2,10.0.0.CR4,wildfly/wildfly,8e8c168709dc8e2f8906782620646d26eca03eb9,1
5117,Wildfly,WFLY,5433,10.0.0.CR2,10.0.0.CR4,wildfly/wildfly,8e8c168709dc8e2f8906782620646d26eca03eb9,1
5118,Wildfly,WFLY,5132,10.0.0.Beta1,10.0.0.CR3,wildfly/wildfly,2320f4776a3bd3a6a7592209b207116607bd00c0,2
5119,Wildfly,WFLY,5461,10.0.0.CR2,10.0.0.CR3,wildfly/wildfly,8e8c168709dc8e2f8906782620646d26eca03eb9,1
5120,Wildfly,WFLY,5502,10.0.0.CR2,10.0.0.CR3,wildfly/wildfly,8e8c168709dc8e2f8906782620646d26eca03eb9,5
5121,Wildfly,WFLY,5503,10.0.0.CR2,10.0.0.CR3,wildfly/wildfly,8e8c168709dc8e2f8906782620646d26eca03eb9,1
5122,Wildfly,WFLY,5526,10.0.0.CR2,10.0.0.CR3,wildfly/wildfly,8e8c168709dc8e2f8906782620646d26eca03eb9,3
5123,Wildfly,WFLY,5015,10.0.0.Alpha6,10.0.0.CR3,wildfly/wildfly,1fadb169e89f1f7a6b16b1c398829dcd633bbb1c,3
5124,Wildfly,WFLY,5513,10.0.0.CR2,10.0.0.CR4,wildfly/wildfly,8e8c168709dc8e2f8906782620646d26eca03eb9,5
5125,Wildfly,WFLY,5548,10.0.0.CR3,10.0.0.CR4,wildfly/wildfly,bee82ccf23eb87f2e9acf0a4e04b5ffa113f956b,19
5126,Wildfly,WFLY,5458,10.0.0.CR2,10.0.0.CR4,wildfly/wildfly,8e8c168709dc8e2f8906782620646d26eca03eb9,1
5127,Wildfly,WFLY,5079,10.0.0.Beta1,10.0.0.CR4,wildfly/wildfly,2320f4776a3bd3a6a7592209b207116607bd00c0,2
5128,Wildfly,WFLY,5518,10.0.0.CR2,10.0.0.CR4,wildfly/wildfly,8e8c168709dc8e2f8906782620646d26eca03eb9,6
5129,Wildfly,WFLY,5495,10.0.0.CR2,10.0.0.CR4,wildfly/wildfly,8e8c168709dc8e2f8906782620646d26eca03eb9,1
5130,Wildfly,WFLY,5455,10.0.0.CR2,10.0.0.CR4,wildfly/wildfly,8e8c168709dc8e2f8906782620646d26eca03eb9,1
5131,Wildfly,WFLY,5452,10.0.0.CR2,10.0.0.CR4,wildfly/wildfly,8e8c168709dc8e2f8906782620646d26eca03eb9,1
5132,Wildfly,WFLY,5555,10.0.0.CR4,10.0.0.CR5,wildfly/wildfly,ef9dac9eb5c1bacfd6ff10b313a6f272019febb7,2
5133,Wildfly,WFLY,5604,10.0.0.CR4,10.0.0.CR5,wildfly/wildfly,ef9dac9eb5c1bacfd6ff10b313a6f272019febb7,2
5134,Wildfly,WFLY,5605,10.0.0.CR4,10.0.0.CR5,wildfly/wildfly,ef9dac9eb5c1bacfd6ff10b313a6f272019febb7,1
5135,Wildfly,WFLY,5594,10.0.0.CR4,10.0.0.CR5,wildfly/wildfly,ef9dac9eb5c1bacfd6ff10b313a6f272019febb7,1
5136,Wildfly,WFLY,4938,10.0.0.Alpha5,10.0.0.CR5,wildfly/wildfly,a831af819cf422642eaece9d75e3b0379c2017a7,1
5137,Wildfly,WFLY,5581,10.0.0.CR4,10.0.0.CR5,wildfly/wildfly,ef9dac9eb5c1bacfd6ff10b313a6f272019febb7,4
5138,Wildfly,WFLY,5591,10.0.0.CR4,10.0.0.CR5,wildfly/wildfly,ef9dac9eb5c1bacfd6ff10b313a6f272019febb7,5
5139,Wildfly,WFLY,5335,10.0.0.Beta2,10.0.0.CR5,wildfly/wildfly,286ec956ffd9ae730d960282b7a456fe649addcb,3
5140,Wildfly,WFLY,5333,10.0.0.Beta2,10.0.0.CR5,wildfly/wildfly,286ec956ffd9ae730d960282b7a456fe649addcb,1
5141,Wildfly,WFLY,5595,10.0.0.CR4,10.0.0.CR5,wildfly/wildfly,ef9dac9eb5c1bacfd6ff10b313a6f272019febb7,1
5142,Wildfly,WFLY,5607,10.0.0.CR4,10.0.0.CR5,wildfly/wildfly,ef9dac9eb5c1bacfd6ff10b313a6f272019febb7,1
5143,Wildfly,WFLY,5449,10.0.0.CR2,10.0.0.CR4,wildfly/wildfly,8e8c168709dc8e2f8906782620646d26eca03eb9,3
5144,Wildfly,WFLY,5617,10.0.0.CR4,10.0.0.CR5,wildfly/wildfly,ef9dac9eb5c1bacfd6ff10b313a6f272019febb7,3
5145,Wildfly,WFLY,5646,10.0.0.CR4,10.0.0.CR5,wildfly/wildfly,ef9dac9eb5c1bacfd6ff10b313a6f272019febb7,2
5146,Wildfly,WFLY,5628,10.0.0.CR4,10.0.0.CR5,wildfly/wildfly,ef9dac9eb5c1bacfd6ff10b313a6f272019febb7,1
5147,Wildfly,WFLY,5665,10.0.0.CR4,10.0.0.CR5,wildfly/wildfly,ef9dac9eb5c1bacfd6ff10b313a6f272019febb7,1
5148,Wildfly,WFLY,5683,10.0.0.CR4,10.0.0.CR5,wildfly/wildfly,ef9dac9eb5c1bacfd6ff10b313a6f272019febb7,2
5149,Wildfly,WFLY,5667,10.0.0.CR4,10.0.0.CR5,wildfly/wildfly,ef9dac9eb5c1bacfd6ff10b313a6f272019febb7,3
5150,Wildfly,WFLY,5648,10.0.0.CR4,10.0.0.CR5,wildfly/wildfly,ef9dac9eb5c1bacfd6ff10b313a6f272019febb7,1
5151,Wildfly,WFLY,5690,10.0.0.CR4,10.0.0.CR5,wildfly/wildfly,ef9dac9eb5c1bacfd6ff10b313a6f272019febb7,2
5152,Wildfly,WFLY,5680,10.0.0.CR4,10.0.0.CR5,wildfly/wildfly,ef9dac9eb5c1bacfd6ff10b313a6f272019febb7,4
5153,Wildfly,WFLY,5706,10.0.0.CR4,10.0.0.CR5,wildfly/wildfly,ef9dac9eb5c1bacfd6ff10b313a6f272019febb7,3
5154,Wildfly,WFLY,5711,10.0.0.CR4,10.0.0.CR5,wildfly/wildfly,ef9dac9eb5c1bacfd6ff10b313a6f272019febb7,2
5155,Wildfly,WFLY,5657,10.0.0.CR4,10.0.0.CR5,wildfly/wildfly,ef9dac9eb5c1bacfd6ff10b313a6f272019febb7,1
5156,Wildfly,WFLY,5756,10.0.0.CR4,10.0.0.CR5,wildfly/wildfly,ef9dac9eb5c1bacfd6ff10b313a6f272019febb7,4
5157,Wildfly,WFLY,5180,10.0.0.CR4,10.0.0.CR5,wildfly/wildfly,ef9dac9eb5c1bacfd6ff10b313a6f272019febb7,1
5158,Wildfly,WFLY,5732,10.0.0.CR4,10.0.0.CR5,wildfly/wildfly,ef9dac9eb5c1bacfd6ff10b313a6f272019febb7,1
5159,Wildfly,WFLY,5709,10.0.0.CR4,10.0.0.CR5,wildfly/wildfly,ef9dac9eb5c1bacfd6ff10b313a6f272019febb7,11
5160,Wildfly,WFLY,4957,10.0.0.Alpha5,10.0.0.CR5,wildfly/wildfly,a831af819cf422642eaece9d75e3b0379c2017a7,1
5161,Wildfly,WFLY,5770,10.0.0.CR4,10.0.0.CR5,wildfly/wildfly,ef9dac9eb5c1bacfd6ff10b313a6f272019febb7,9
5162,Wildfly,WFLY,5824,10.0.0.CR4,10.0.0.CR5,wildfly/wildfly,ef9dac9eb5c1bacfd6ff10b313a6f272019febb7,1
5163,Wildfly,WFLY,5678,10.0.0.CR4,10.0.0.CR5,wildfly/wildfly,ef9dac9eb5c1bacfd6ff10b313a6f272019febb7,3
5164,Wildfly,WFLY,5721,10.0.0.CR4,10.0.0.CR5,wildfly/wildfly,ef9dac9eb5c1bacfd6ff10b313a6f272019febb7,5
5165,Wildfly,WFLY,5813,10.0.0.CR4,10.0.0.CR5,wildfly/wildfly,ef9dac9eb5c1bacfd6ff10b313a6f272019febb7,7
5166,Wildfly,WFLY,5771,10.0.0.CR4,10.0.0.CR5,wildfly/wildfly,ef9dac9eb5c1bacfd6ff10b313a6f272019febb7,1
5167,Wildfly,WFLY,5521,10.0.0.CR2,10.0.0.CR5,wildfly/wildfly,8e8c168709dc8e2f8906782620646d26eca03eb9,1
5168,Wildfly,WFLY,5764,10.0.0.CR4,10.0.0.CR5,wildfly/wildfly,ef9dac9eb5c1bacfd6ff10b313a6f272019febb7,3
5169,Wildfly,WFLY,5748,10.0.0.CR4,10.0.0.CR5,wildfly/wildfly,ef9dac9eb5c1bacfd6ff10b313a6f272019febb7,2
5170,Wildfly,WFLY,5735,10.0.0.CR4,10.0.0.CR5,wildfly/wildfly,ef9dac9eb5c1bacfd6ff10b313a6f272019febb7,1
5171,Wildfly,WFLY,5596,10.0.0.CR4,10.0.0.CR5,wildfly/wildfly,ef9dac9eb5c1bacfd6ff10b313a6f272019febb7,1
5172,Wildfly,WFLY,5580,10.0.0.CR4,10.0.0.CR5,wildfly/wildfly,ef9dac9eb5c1bacfd6ff10b313a6f272019febb7,1
5173,Wildfly,WFLY,5516,10.0.0.CR2,10.0.0.CR5,wildfly/wildfly,8e8c168709dc8e2f8906782620646d26eca03eb9,1
5174,Wildfly,WFLY,5918,10.0.0.CR5,10.0.0.Final,wildfly/wildfly,2a1457307dbbc6c24111033c54f673f50da1666a,1
5175,Wildfly,WFLY,5937,10.0.0.CR5,10.0.0.Final,wildfly/wildfly,2a1457307dbbc6c24111033c54f673f50da1666a,4
5176,Wildfly,WFLY,5939,10.0.0.CR5,10.0.0.Final,wildfly/wildfly,2a1457307dbbc6c24111033c54f673f50da1666a,1
5177,Wildfly,WFLY,5998,10.0.0.CR5,10.0.0.Final,wildfly/wildfly,2a1457307dbbc6c24111033c54f673f50da1666a,2
5178,Wildfly,WFLY,5959,10.0.0.CR5,10.0.0.Final,wildfly/wildfly,2a1457307dbbc6c24111033c54f673f50da1666a,1
5179,Wildfly,WFLY,6027,10.0.0.CR5,10.0.0.Final,wildfly/wildfly,2a1457307dbbc6c24111033c54f673f50da1666a,1
5180,Wildfly,WFLY,5971,10.0.0.CR5,10.0.0.Final,wildfly/wildfly,2a1457307dbbc6c24111033c54f673f50da1666a,1
5181,Wildfly,WFLY,5927,10.0.0.CR5,10.0.0.Final,wildfly/wildfly,2a1457307dbbc6c24111033c54f673f50da1666a,1
5182,Wildfly,WFLY,5880,10.0.0.CR4,10.0.0.Final,wildfly/wildfly,ef9dac9eb5c1bacfd6ff10b313a6f272019febb7,1
5183,Wildfly,WFLY,6031,10.0.0.CR5,10.0.0.Final,wildfly/wildfly,2a1457307dbbc6c24111033c54f673f50da1666a,1
5184,Wildfly,WFLY,6009,10.0.0.CR5,10.0.0.Final,wildfly/wildfly,2a1457307dbbc6c24111033c54f673f50da1666a,1
5185,Wildfly,WFLY,5828,10.0.0.CR4,10.0.0.Final,wildfly/wildfly,ef9dac9eb5c1bacfd6ff10b313a6f272019febb7,3
5186,Wildfly,WFLY,6081,10.0.0.CR5,10.0.0.Final,wildfly/wildfly,2a1457307dbbc6c24111033c54f673f50da1666a,2
5187,Wildfly,WFLY,5962,10.0.0.CR5,10.0.0.Final,wildfly/wildfly,2a1457307dbbc6c24111033c54f673f50da1666a,1
5188,Wildfly,WFLY,5944,10.0.0.CR5,10.0.0.Final,wildfly/wildfly,2a1457307dbbc6c24111033c54f673f50da1666a,8
5189,Wildfly,WFLY,5883,10.0.0.CR4,10.0.0.Final,wildfly/wildfly,ef9dac9eb5c1bacfd6ff10b313a6f272019febb7,8
5190,Wildfly,WFLY,5873,10.0.0.CR4,10.0.0.Final,wildfly/wildfly,ef9dac9eb5c1bacfd6ff10b313a6f272019febb7,4
5191,Wildfly,WFLY,5871,10.0.0.CR4,10.0.0.Final,wildfly/wildfly,ef9dac9eb5c1bacfd6ff10b313a6f272019febb7,1
5192,Wildfly,WFLY,5841,10.0.0.CR4,10.0.0.Final,wildfly/wildfly,ef9dac9eb5c1bacfd6ff10b313a6f272019febb7,1
5193,Wildfly,WFLY,5656,10.0.0.CR4,10.0.0.Final,wildfly/wildfly,ef9dac9eb5c1bacfd6ff10b313a6f272019febb7,2
5194,Wildfly,WFLY,5238,10.0.0.Beta2,10.0.0.Final,wildfly/wildfly,286ec956ffd9ae730d960282b7a456fe649addcb,2
5195,Wildfly,WFLY,6026,10.0.0.CR5,10.1.0.CR1,wildfly/wildfly,2a1457307dbbc6c24111033c54f673f50da1666a,8
5196,Wildfly,WFLY,6038,10.0.0.CR5,10.1.0.CR1,wildfly/wildfly,2a1457307dbbc6c24111033c54f673f50da1666a,1
5197,Wildfly,WFLY,6125,10.0.0.Final,10.1.0.CR1,wildfly/wildfly,f52e8d79b9eff90b8c063e1c96d1c37be746c807,2
5198,Wildfly,WFLY,6134,10.0.0.Final,10.1.0.CR1,wildfly/wildfly,f52e8d79b9eff90b8c063e1c96d1c37be746c807,3
5199,Wildfly,WFLY,6068,10.0.0.CR5,10.1.0.CR1,wildfly/wildfly,2a1457307dbbc6c24111033c54f673f50da1666a,3
5200,Wildfly,WFLY,6118,10.0.0.Final,10.1.0.CR1,wildfly/wildfly,f52e8d79b9eff90b8c063e1c96d1c37be746c807,2
5201,Wildfly,WFLY,6136,10.0.0.Final,10.1.0.CR1,wildfly/wildfly,f52e8d79b9eff90b8c063e1c96d1c37be746c807,2
5202,Wildfly,WFLY,6139,10.0.0.Final,10.1.0.CR1,wildfly/wildfly,f52e8d79b9eff90b8c063e1c96d1c37be746c807,3
5203,Wildfly,WFLY,5579,10.0.0.CR3,10.1.0.CR1,wildfly/wildfly,bee82ccf23eb87f2e9acf0a4e04b5ffa113f956b,1
5204,Wildfly,WFLY,6160,10.0.0.Final,10.1.0.CR1,wildfly/wildfly,f52e8d79b9eff90b8c063e1c96d1c37be746c807,1
5205,Wildfly,WFLY,6234,10.0.0.Final,10.1.0.CR1,wildfly/wildfly,f52e8d79b9eff90b8c063e1c96d1c37be746c807,1
5206,Wildfly,WFLY,5788,10.0.0.CR5,10.1.0.CR1,wildfly/wildfly,2a1457307dbbc6c24111033c54f673f50da1666a,9
5207,Wildfly,WFLY,4941,10.0.0.Alpha6,10.1.0.CR1,wildfly/wildfly,1fadb169e89f1f7a6b16b1c398829dcd633bbb1c,2
5208,Wildfly,WFLY,6178,10.0.0.Final,10.1.0.CR1,wildfly/wildfly,f52e8d79b9eff90b8c063e1c96d1c37be746c807,1
5209,Wildfly,WFLY,6278,10.0.0.Final,10.1.0.CR1,wildfly/wildfly,f52e8d79b9eff90b8c063e1c96d1c37be746c807,4
5210,Wildfly,WFLY,6250,10.0.0.Final,11.0.0.Alpha1,wildfly/wildfly,f52e8d79b9eff90b8c063e1c96d1c37be746c807,2
5211,Wildfly,WFLY,6199,10.0.0.Final,10.1.0.CR1,wildfly/wildfly,f52e8d79b9eff90b8c063e1c96d1c37be746c807,1
5212,Wildfly,WFLY,6288,10.0.0.Final,10.1.0.CR1,wildfly/wildfly,f52e8d79b9eff90b8c063e1c96d1c37be746c807,1
5213,Wildfly,WFLY,5932,10.0.0.CR5,10.1.0.CR1,wildfly/wildfly,2a1457307dbbc6c24111033c54f673f50da1666a,2
5214,Wildfly,WFLY,6340,10.0.0.Alpha4,10.1.0.CR1,wildfly/wildfly,b31edb322399608018e53d28df49b62cea042654,1
5215,Wildfly,WFLY,6517,10.0.0.Final,10.1.0.CR1,wildfly/wildfly,f52e8d79b9eff90b8c063e1c96d1c37be746c807,4
5216,Wildfly,WFLY,6303,10.0.0.Final,10.1.0.CR1,wildfly/wildfly,f52e8d79b9eff90b8c063e1c96d1c37be746c807,1
5217,Wildfly,WFLY,6220,10.0.0.Final,10.1.0.CR1,wildfly/wildfly,f52e8d79b9eff90b8c063e1c96d1c37be746c807,1
5218,Wildfly,WFLY,6505,10.0.0.Final,10.1.0.CR1,wildfly/wildfly,f52e8d79b9eff90b8c063e1c96d1c37be746c807,1
5219,Wildfly,WFLY,6539,10.0.0.Final,10.1.0.CR1,wildfly/wildfly,f52e8d79b9eff90b8c063e1c96d1c37be746c807,2
5220,Wildfly,WFLY,4939,10.0.0.Alpha6,10.1.0.CR1,wildfly/wildfly,1fadb169e89f1f7a6b16b1c398829dcd633bbb1c,1
5221,Wildfly,WFLY,5823,10.0.0.CR4,10.1.0.CR1,wildfly/wildfly,ef9dac9eb5c1bacfd6ff10b313a6f272019febb7,1
5222,Wildfly,WFLY,5096,10.0.0.Alpha1,10.1.0.CR1,wildfly/wildfly,270c8e07135cca2eba43e00727bad171822aff70,1
5223,Wildfly,WFLY,4936,10.0.0.Alpha1,10.1.0.CR1,wildfly/wildfly,270c8e07135cca2eba43e00727bad171822aff70,1
5224,Wildfly,WFLY,6141,10.0.0.Final,10.1.0.CR1,wildfly/wildfly,f52e8d79b9eff90b8c063e1c96d1c37be746c807,2
5225,Wildfly,WFLY,6453,10.0.0.Final,10.1.0.CR1,wildfly/wildfly,f52e8d79b9eff90b8c063e1c96d1c37be746c807,2
5226,Wildfly,WFLY,6315,10.0.0.Final,10.1.0.CR1,wildfly/wildfly,f52e8d79b9eff90b8c063e1c96d1c37be746c807,18
5227,Wildfly,WFLY,6566,10.0.0.Final,10.1.0.CR1,wildfly/wildfly,f52e8d79b9eff90b8c063e1c96d1c37be746c807,6
5228,Wildfly,WFLY,6552,10.0.0.Final,10.1.0.CR1,wildfly/wildfly,f52e8d79b9eff90b8c063e1c96d1c37be746c807,1
5229,Wildfly,WFLY,6600,10.0.0.Final,10.1.0.CR1,wildfly/wildfly,f52e8d79b9eff90b8c063e1c96d1c37be746c807,1
5230,Wildfly,WFLY,5640,10.0.0.CR4,10.1.0.CR1,wildfly/wildfly,ef9dac9eb5c1bacfd6ff10b313a6f272019febb7,1
5231,Wildfly,WFLY,6504,10.0.0.Final,10.1.0.CR1,wildfly/wildfly,f52e8d79b9eff90b8c063e1c96d1c37be746c807,2
5232,Wildfly,WFLY,6652,10.0.0.Final,10.1.0.CR1,wildfly/wildfly,f52e8d79b9eff90b8c063e1c96d1c37be746c807,1
5233,Wildfly,WFLY,6576,10.0.0.Final,10.1.0.CR1,wildfly/wildfly,f52e8d79b9eff90b8c063e1c96d1c37be746c807,1
5234,Wildfly,WFLY,6674,10.0.0.Final,10.1.0.CR1,wildfly/wildfly,f52e8d79b9eff90b8c063e1c96d1c37be746c807,1
5235,Wildfly,WFLY,6502,10.0.0.Final,10.1.0.CR1,wildfly/wildfly,f52e8d79b9eff90b8c063e1c96d1c37be746c807,1
5236,Wildfly,WFLY,6591,10.0.0.Final,10.1.0.CR1,wildfly/wildfly,f52e8d79b9eff90b8c063e1c96d1c37be746c807,1
5237,Wildfly,WFLY,6316,10.0.0.Final,10.1.0.CR1,wildfly/wildfly,f52e8d79b9eff90b8c063e1c96d1c37be746c807,1
5238,Wildfly,WFLY,6223,10.0.0.Final,10.1.0.CR1,wildfly/wildfly,f52e8d79b9eff90b8c063e1c96d1c37be746c807,1
5239,Wildfly,WFLY,6685,10.0.0.Final,10.1.0.CR1,wildfly/wildfly,f52e8d79b9eff90b8c063e1c96d1c37be746c807,1
5240,Wildfly,WFLY,6680,10.0.0.Final,10.1.0.CR1,wildfly/wildfly,f52e8d79b9eff90b8c063e1c96d1c37be746c807,2
5241,Wildfly,WFLY,6376,10.0.0.Final,10.1.0.CR1,wildfly/wildfly,f52e8d79b9eff90b8c063e1c96d1c37be746c807,3
5242,Wildfly,WFLY,6667,10.0.0.Final,10.1.0.CR1,wildfly/wildfly,f52e8d79b9eff90b8c063e1c96d1c37be746c807,2
5243,Wildfly,WFLY,6405,10.0.0.Final,10.1.0.CR1,wildfly/wildfly,f52e8d79b9eff90b8c063e1c96d1c37be746c807,1
5244,Wildfly,WFLY,6025,10.0.0.CR5,10.1.0.CR1,wildfly/wildfly,2a1457307dbbc6c24111033c54f673f50da1666a,1
5245,Wildfly,WFLY,5167,10.0.0.CR1,10.1.0.CR1,wildfly/wildfly,80efb93b7cdb44b82efb212b1e18a9befff996d2,2
5246,Wildfly,WFLY,6434,10.0.0.Final,10.1.0.CR1,wildfly/wildfly,f52e8d79b9eff90b8c063e1c96d1c37be746c807,1
5247,Wildfly,WFLY,6740,10.0.0.Final,10.1.0.CR1,wildfly/wildfly,f52e8d79b9eff90b8c063e1c96d1c37be746c807,1
5248,Wildfly,WFLY,5464,10.0.0.CR2,10.1.0.CR1,wildfly/wildfly,8e8c168709dc8e2f8906782620646d26eca03eb9,3
5249,Wildfly,WFLY,6817,10.0.0.Final,10.1.0.CR1,wildfly/wildfly,f52e8d79b9eff90b8c063e1c96d1c37be746c807,1
5250,Wildfly,WFLY,6501,10.0.0.Final,10.1.0.CR1,wildfly/wildfly,f52e8d79b9eff90b8c063e1c96d1c37be746c807,2
5251,Wildfly,WFLY,6754,10.0.0.Final,10.1.0.CR1,wildfly/wildfly,f52e8d79b9eff90b8c063e1c96d1c37be746c807,1
5252,Wildfly,WFLY,6741,10.0.0.Final,10.1.0.CR1,wildfly/wildfly,f52e8d79b9eff90b8c063e1c96d1c37be746c807,1
5253,Wildfly,WFLY,6579,10.0.0.Final,10.1.0.CR1,wildfly/wildfly,f52e8d79b9eff90b8c063e1c96d1c37be746c807,1
5254,Wildfly,WFLY,6645,10.0.0.Final,10.1.0.CR1,wildfly/wildfly,f52e8d79b9eff90b8c063e1c96d1c37be746c807,1
5255,Wildfly,WFLY,6787,10.0.0.Final,10.1.0.CR1,wildfly/wildfly,f52e8d79b9eff90b8c063e1c96d1c37be746c807,1
5256,Wildfly,WFLY,6838,10.0.0.Final,10.1.0.CR1,wildfly/wildfly,f52e8d79b9eff90b8c063e1c96d1c37be746c807,1
5257,Wildfly,WFLY,6561,10.0.0.Final,10.1.0.CR1,wildfly/wildfly,f52e8d79b9eff90b8c063e1c96d1c37be746c807,1
5258,Wildfly,WFLY,6215,10.0.0.Final,10.1.0.CR1,wildfly/wildfly,f52e8d79b9eff90b8c063e1c96d1c37be746c807,5
5259,Wildfly,WFLY,5739,10.0.0.CR4,10.1.0.CR1,wildfly/wildfly,ef9dac9eb5c1bacfd6ff10b313a6f272019febb7,1
5260,Wildfly,WFLY,6550,10.0.0.Final,10.1.0.CR1,wildfly/wildfly,f52e8d79b9eff90b8c063e1c96d1c37be746c807,8
5261,Wildfly,WFLY,5696,10.0.0.CR4,10.1.0.CR1,wildfly/wildfly,ef9dac9eb5c1bacfd6ff10b313a6f272019febb7,1
5262,Wildfly,WFLY,6877,10.0.0.Final,11.0.0.Alpha1,wildfly/wildfly,f52e8d79b9eff90b8c063e1c96d1c37be746c807,2
5263,Wildfly,WFLY,6879,10.0.0.Final,11.0.0.Alpha1,wildfly/wildfly,f52e8d79b9eff90b8c063e1c96d1c37be746c807,1
5264,Wildfly,WFLY,6903,10.0.0.Final,11.0.0.Alpha1,wildfly/wildfly,f52e8d79b9eff90b8c063e1c96d1c37be746c807,1
5265,Wildfly,WFLY,6821,10.0.0.Final,11.0.0.Alpha1,wildfly/wildfly,f52e8d79b9eff90b8c063e1c96d1c37be746c807,1
5266,Wildfly,WFLY,6099,10.0.0.Final,10.1.0.CR1,wildfly/wildfly,f52e8d79b9eff90b8c063e1c96d1c37be746c807,1
5267,Wildfly,WFLY,6485,10.0.0.Final,10.1.0.CR1,wildfly/wildfly,f52e8d79b9eff90b8c063e1c96d1c37be746c807,1
5268,Wildfly,WFLY,6857,10.0.0.Final,10.1.0.CR1,wildfly/wildfly,f52e8d79b9eff90b8c063e1c96d1c37be746c807,1
5269,Wildfly,WFLY,5081,10.0.0.Beta1,10.1.0.CR1,wildfly/wildfly,2320f4776a3bd3a6a7592209b207116607bd00c0,4
5270,Wildfly,WFLY,6228,10.0.0.Final,10.1.0.CR1,wildfly/wildfly,f52e8d79b9eff90b8c063e1c96d1c37be746c807,1
5271,Wildfly,WFLY,6033,10.0.0.CR5,10.1.0.CR1,wildfly/wildfly,2a1457307dbbc6c24111033c54f673f50da1666a,1
5272,Wildfly,WFLY,6871,10.0.0.Final,10.1.0.CR1,wildfly/wildfly,f52e8d79b9eff90b8c063e1c96d1c37be746c807,6
5273,Wildfly,WFLY,6304,10.0.0.Final,11.0.0.Alpha1,wildfly/wildfly,f52e8d79b9eff90b8c063e1c96d1c37be746c807,1
5274,Wildfly,WFLY,6336,10.0.0.Final,11.0.0.Alpha1,wildfly/wildfly,f52e8d79b9eff90b8c063e1c96d1c37be746c807,1
5275,Wildfly,WFLY,7000,10.0.0.Final,11.0.0.Alpha1,wildfly/wildfly,f52e8d79b9eff90b8c063e1c96d1c37be746c807,1
5276,Wildfly,WFLY,5661,10.0.0.CR4,11.0.0.Alpha1,wildfly/wildfly,ef9dac9eb5c1bacfd6ff10b313a6f272019febb7,9
5277,Wildfly,WFLY,6564,10.0.0.Final,11.0.0.Alpha1,wildfly/wildfly,f52e8d79b9eff90b8c063e1c96d1c37be746c807,1
5278,Wildfly,WFLY,5239,10.0.0.Beta2,11.0.0.Alpha1,wildfly/wildfly,286ec956ffd9ae730d960282b7a456fe649addcb,1
5279,Wildfly,WFLY,7240,10.0.0.Final,11.0.0.Alpha1,wildfly/wildfly,f52e8d79b9eff90b8c063e1c96d1c37be746c807,2
5280,Wildfly,WFLY,6663,10.0.0.Final,11.0.0.Alpha1,wildfly/wildfly,f52e8d79b9eff90b8c063e1c96d1c37be746c807,2
5281,Wildfly,WFLY,6491,10.0.0.Final,11.0.0.Alpha1,wildfly/wildfly,f52e8d79b9eff90b8c063e1c96d1c37be746c807,3
5282,Wildfly,WFLY,6268,10.0.0.Final,11.0.0.Alpha1,wildfly/wildfly,f52e8d79b9eff90b8c063e1c96d1c37be746c807,2
5283,Wildfly,WFLY,6653,10.0.0.Final,11.0.0.Alpha1,wildfly/wildfly,f52e8d79b9eff90b8c063e1c96d1c37be746c807,3
5284,Wildfly,WFLY,6200,10.0.0.Final,11.0.0.Alpha1,wildfly/wildfly,f52e8d79b9eff90b8c063e1c96d1c37be746c807,7
5285,Wildfly,WFLY,6906,10.0.0.Final,11.0.0.Alpha1,wildfly/wildfly,f52e8d79b9eff90b8c063e1c96d1c37be746c807,3
5286,Wildfly,WFLY,6776,10.0.0.Final,11.0.0.Alpha1,wildfly/wildfly,f52e8d79b9eff90b8c063e1c96d1c37be746c807,3
5287,Wildfly,WFLY,6902,10.1.0.CR1,11.0.0.Alpha1,wildfly/wildfly,5f187399f3181045087e657b0b862dba58b67e6d,1
5288,Wildfly,WFLY,6950,10.1.0.CR1,11.0.0.Alpha1,wildfly/wildfly,5f187399f3181045087e657b0b862dba58b67e6d,1
5289,Wildfly,WFLY,6969,10.1.0.CR1,11.0.0.Alpha1,wildfly/wildfly,5f187399f3181045087e657b0b862dba58b67e6d,10
5290,Wildfly,WFLY,6898,10.1.0.CR1,10.1.0.Final,wildfly/wildfly,5f187399f3181045087e657b0b862dba58b67e6d,1
5291,Wildfly,WFLY,6982,10.1.0.Final,11.0.0.Alpha1,wildfly/wildfly,c3332cec0c9bc5dc57899c2ae7ba26dd0c627686,1
5292,Wildfly,WFLY,6996,10.1.0.Final,11.0.0.Alpha1,wildfly/wildfly,c3332cec0c9bc5dc57899c2ae7ba26dd0c627686,7
5293,Wildfly,WFLY,7034,10.1.0.Final,11.0.0.Alpha1,wildfly/wildfly,c3332cec0c9bc5dc57899c2ae7ba26dd0c627686,1
5294,Wildfly,WFLY,7106,10.1.0.Final,11.0.0.Alpha1,wildfly/wildfly,c3332cec0c9bc5dc57899c2ae7ba26dd0c627686,2
5295,Wildfly,WFLY,7069,10.1.0.Final,11.0.0.Alpha1,wildfly/wildfly,c3332cec0c9bc5dc57899c2ae7ba26dd0c627686,3
5296,Wildfly,WFLY,7021,10.1.0.Final,11.0.0.Alpha1,wildfly/wildfly,c3332cec0c9bc5dc57899c2ae7ba26dd0c627686,2
5297,Wildfly,WFLY,7120,10.1.0.Final,11.0.0.Alpha1,wildfly/wildfly,c3332cec0c9bc5dc57899c2ae7ba26dd0c627686,1
5298,Wildfly,WFLY,7274,10.1.0.Final,11.0.0.Alpha1,wildfly/wildfly,c3332cec0c9bc5dc57899c2ae7ba26dd0c627686,2
5299,Wildfly,WFLY,7281,10.1.0.Final,11.0.0.Alpha1,wildfly/wildfly,c3332cec0c9bc5dc57899c2ae7ba26dd0c627686,1
5300,Wildfly,WFLY,7413,10.1.0.Final,11.0.0.Alpha1,wildfly/wildfly,c3332cec0c9bc5dc57899c2ae7ba26dd0c627686,1
5301,Wildfly,WFLY,7426,10.1.0.Final,11.0.0.Alpha1,wildfly/wildfly,c3332cec0c9bc5dc57899c2ae7ba26dd0c627686,2
5302,Wildfly,WFLY,6935,10.1.0.CR1,11.0.0.Alpha1,wildfly/wildfly,5f187399f3181045087e657b0b862dba58b67e6d,1
5303,Wildfly,WFLY,7410,10.1.0.Final,11.0.0.Alpha1,wildfly/wildfly,c3332cec0c9bc5dc57899c2ae7ba26dd0c627686,1
5304,Wildfly,WFLY,7309,10.1.0.Final,11.0.0.Alpha1,wildfly/wildfly,c3332cec0c9bc5dc57899c2ae7ba26dd0c627686,10
5305,Wildfly,WFLY,7465,10.1.0.Final,11.0.0.Alpha1,wildfly/wildfly,c3332cec0c9bc5dc57899c2ae7ba26dd0c627686,1
5306,Wildfly,WFLY,7464,10.1.0.Final,11.0.0.Alpha1,wildfly/wildfly,c3332cec0c9bc5dc57899c2ae7ba26dd0c627686,1
5307,Wildfly,WFLY,7486,10.1.0.Final,11.0.0.Alpha1,wildfly/wildfly,c3332cec0c9bc5dc57899c2ae7ba26dd0c627686,2
5308,Wildfly,WFLY,7488,10.1.0.Final,11.0.0.Alpha1,wildfly/wildfly,c3332cec0c9bc5dc57899c2ae7ba26dd0c627686,1
5309,Wildfly,WFLY,7487,10.1.0.Final,11.0.0.Alpha1,wildfly/wildfly,c3332cec0c9bc5dc57899c2ae7ba26dd0c627686,1
5310,Wildfly,WFLY,7503,10.1.0.Final,11.0.0.Alpha1,wildfly/wildfly,c3332cec0c9bc5dc57899c2ae7ba26dd0c627686,1
5311,Wildfly,WFLY,7037,10.1.0.Final,11.0.0.Alpha1,wildfly/wildfly,c3332cec0c9bc5dc57899c2ae7ba26dd0c627686,1
5312,Wildfly,WFLY,7518,10.1.0.Final,11.0.0.Alpha1,wildfly/wildfly,c3332cec0c9bc5dc57899c2ae7ba26dd0c627686,5
5313,Wildfly,WFLY,7603,10.1.0.Final,11.0.0.Alpha1,wildfly/wildfly,c3332cec0c9bc5dc57899c2ae7ba26dd0c627686,1
5314,Wildfly,WFLY,7602,10.1.0.Final,11.0.0.Alpha1,wildfly/wildfly,c3332cec0c9bc5dc57899c2ae7ba26dd0c627686,1
5315,Wildfly,WFLY,7601,10.1.0.Final,11.0.0.Alpha1,wildfly/wildfly,c3332cec0c9bc5dc57899c2ae7ba26dd0c627686,1
5316,Wildfly,WFLY,7405,10.1.0.Final,11.0.0.Alpha1,wildfly/wildfly,c3332cec0c9bc5dc57899c2ae7ba26dd0c627686,2
5317,Wildfly,WFLY,7330,10.1.0.Final,11.0.0.Alpha1,wildfly/wildfly,c3332cec0c9bc5dc57899c2ae7ba26dd0c627686,3
5318,Wildfly,WFLY,7713,10.1.0.Final,11.0.0.Alpha1,wildfly/wildfly,c3332cec0c9bc5dc57899c2ae7ba26dd0c627686,4
5319,Wildfly,WFLY,7695,10.1.0.Final,11.0.0.Alpha1,wildfly/wildfly,c3332cec0c9bc5dc57899c2ae7ba26dd0c627686,6
5320,Wildfly,WFLY,7733,10.1.0.Final,11.0.0.Alpha1,wildfly/wildfly,c3332cec0c9bc5dc57899c2ae7ba26dd0c627686,1
5321,Wildfly,WFLY,7745,10.1.0.Final,11.0.0.Alpha1,wildfly/wildfly,c3332cec0c9bc5dc57899c2ae7ba26dd0c627686,2
5322,Wildfly,WFLY,7752,10.1.0.Final,11.0.0.Alpha1,wildfly/wildfly,c3332cec0c9bc5dc57899c2ae7ba26dd0c627686,3
5323,Wildfly,WFLY,1375,8.0.0.Alpha1,8.0.0.Alpha2,wildfly/wildfly,e2e1eb1a7eb2fa2d8e082098157a6e18da62ac69,1
5324,Wildfly,WFLY,1377,8.0.0.Alpha1,8.0.0.Alpha2,wildfly/wildfly,e2e1eb1a7eb2fa2d8e082098157a6e18da62ac69,1
5325,Wildfly,WFLY,1393,8.0.0.Alpha1,8.0.0.Alpha2,wildfly/wildfly,e2e1eb1a7eb2fa2d8e082098157a6e18da62ac69,1
5326,Wildfly,WFLY,1401,8.0.0.Alpha1,8.0.0.Alpha2,wildfly/wildfly,e2e1eb1a7eb2fa2d8e082098157a6e18da62ac69,2
5327,Wildfly,WFLY,1373,8.0.0.Alpha1,8.0.0.Alpha2,wildfly/wildfly,e2e1eb1a7eb2fa2d8e082098157a6e18da62ac69,2
5328,Wildfly,WFLY,1403,8.0.0.Alpha1,8.0.0.Alpha2,wildfly/wildfly,e2e1eb1a7eb2fa2d8e082098157a6e18da62ac69,1
5329,Wildfly,WFLY,1407,8.0.0.Alpha1,8.0.0.Alpha2,wildfly/wildfly,e2e1eb1a7eb2fa2d8e082098157a6e18da62ac69,1
5330,Wildfly,WFLY,1368,8.0.0.Alpha1,8.0.0.Alpha2,wildfly/wildfly,e2e1eb1a7eb2fa2d8e082098157a6e18da62ac69,1
5331,Wildfly,WFLY,1402,8.0.0.Alpha1,8.0.0.Alpha2,wildfly/wildfly,e2e1eb1a7eb2fa2d8e082098157a6e18da62ac69,1
5332,Wildfly,WFLY,1437,8.0.0.Alpha1,8.0.0.Alpha2,wildfly/wildfly,e2e1eb1a7eb2fa2d8e082098157a6e18da62ac69,1
5333,Wildfly,WFLY,1448,8.0.0.Alpha1,8.0.0.Alpha2,wildfly/wildfly,e2e1eb1a7eb2fa2d8e082098157a6e18da62ac69,3
5334,Wildfly,WFLY,1431,8.0.0.Alpha1,8.0.0.Alpha2,wildfly/wildfly,e2e1eb1a7eb2fa2d8e082098157a6e18da62ac69,1
5335,Wildfly,WFLY,1379,8.0.0.Alpha1,8.0.0.Alpha2,wildfly/wildfly,e2e1eb1a7eb2fa2d8e082098157a6e18da62ac69,2
5336,Wildfly,WFLY,1362,8.0.0.Alpha1,8.0.0.Alpha2,wildfly/wildfly,e2e1eb1a7eb2fa2d8e082098157a6e18da62ac69,1
5337,Wildfly,WFLY,1449,8.0.0.Alpha1,8.0.0.Alpha2,wildfly/wildfly,e2e1eb1a7eb2fa2d8e082098157a6e18da62ac69,2
5338,Wildfly,WFLY,1508,8.0.0.Alpha1,8.0.0.Alpha2,wildfly/wildfly,e2e1eb1a7eb2fa2d8e082098157a6e18da62ac69,1
5339,Wildfly,WFLY,1545,8.0.0.Alpha1,8.0.0.Alpha2,wildfly/wildfly,e2e1eb1a7eb2fa2d8e082098157a6e18da62ac69,2
5340,Wildfly,WFLY,1543,8.0.0.Alpha1,8.0.0.Alpha2,wildfly/wildfly,e2e1eb1a7eb2fa2d8e082098157a6e18da62ac69,2
5341,Wildfly,WFLY,1531,8.0.0.Alpha1,8.0.0.Alpha2,wildfly/wildfly,e2e1eb1a7eb2fa2d8e082098157a6e18da62ac69,2
5342,Wildfly,WFLY,1517,8.0.0.Alpha1,8.0.0.Alpha2,wildfly/wildfly,e2e1eb1a7eb2fa2d8e082098157a6e18da62ac69,1
5343,Wildfly,WFLY,1532,8.0.0.Alpha1,8.0.0.Alpha2,wildfly/wildfly,e2e1eb1a7eb2fa2d8e082098157a6e18da62ac69,1
5344,Wildfly,WFLY,1553,8.0.0.Alpha1,8.0.0.Alpha3,wildfly/wildfly,e2e1eb1a7eb2fa2d8e082098157a6e18da62ac69,2
5345,Wildfly,WFLY,1574,8.0.0.Alpha1,8.0.0.Alpha3,wildfly/wildfly,e2e1eb1a7eb2fa2d8e082098157a6e18da62ac69,3
5346,Wildfly,WFLY,1580,8.0.0.Alpha2,8.0.0.Alpha3,wildfly/wildfly,efc67adc2613877e0c49fafe2fc4910a7289067a,1
5347,Wildfly,WFLY,1546,8.0.0.Alpha1,8.0.0.Alpha3,wildfly/wildfly,e2e1eb1a7eb2fa2d8e082098157a6e18da62ac69,4
5348,Wildfly,WFLY,1601,8.0.0.Alpha2,8.0.0.Alpha3,wildfly/wildfly,efc67adc2613877e0c49fafe2fc4910a7289067a,1
5349,Wildfly,WFLY,1590,8.0.0.Alpha2,8.0.0.Alpha3,wildfly/wildfly,efc67adc2613877e0c49fafe2fc4910a7289067a,19
5350,Wildfly,WFLY,1636,8.0.0.Alpha2,8.0.0.Alpha3,wildfly/wildfly,efc67adc2613877e0c49fafe2fc4910a7289067a,1
5351,Wildfly,WFLY,1620,8.0.0.Alpha2,8.0.0.Alpha3,wildfly/wildfly,efc67adc2613877e0c49fafe2fc4910a7289067a,2
5352,Wildfly,WFLY,1672,8.0.0.Alpha2,8.0.0.Alpha3,wildfly/wildfly,efc67adc2613877e0c49fafe2fc4910a7289067a,3
5353,Wildfly,WFLY,1658,8.0.0.Alpha2,8.0.0.Alpha3,wildfly/wildfly,efc67adc2613877e0c49fafe2fc4910a7289067a,3
5354,Wildfly,WFLY,1626,8.0.0.Alpha2,8.0.0.Alpha3,wildfly/wildfly,efc67adc2613877e0c49fafe2fc4910a7289067a,1
5355,Wildfly,WFLY,1711,8.0.0.Alpha2,8.0.0.Alpha4,wildfly/wildfly,efc67adc2613877e0c49fafe2fc4910a7289067a,3
5356,Wildfly,WFLY,1772,8.0.0.Alpha3,8.0.0.Alpha4,wildfly/wildfly,319b63a63cc8ada267090901b8ab91cfba1b03dd,1
5357,Wildfly,WFLY,1785,8.0.0.Alpha3,8.0.0.Alpha4,wildfly/wildfly,319b63a63cc8ada267090901b8ab91cfba1b03dd,1
5358,Wildfly,WFLY,1730,8.0.0.Alpha3,8.0.0.Alpha4,wildfly/wildfly,319b63a63cc8ada267090901b8ab91cfba1b03dd,2
5359,Wildfly,WFLY,1710,8.0.0.Alpha2,8.0.0.Alpha4,wildfly/wildfly,efc67adc2613877e0c49fafe2fc4910a7289067a,3
5360,Wildfly,WFLY,1810,8.0.0.Alpha1,8.0.0.Alpha4,wildfly/wildfly,e2e1eb1a7eb2fa2d8e082098157a6e18da62ac69,1
5361,Wildfly,WFLY,1497,8.0.0.Alpha1,8.0.0.Alpha4,wildfly/wildfly,e2e1eb1a7eb2fa2d8e082098157a6e18da62ac69,3
5362,Wildfly,WFLY,1861,8.0.0.Alpha3,8.0.0.Beta1,wildfly/wildfly,319b63a63cc8ada267090901b8ab91cfba1b03dd,11
5363,Wildfly,WFLY,1735,8.0.0.Alpha3,8.0.0.Alpha4,wildfly/wildfly,319b63a63cc8ada267090901b8ab91cfba1b03dd,1
5364,Wildfly,WFLY,1879,8.0.0.Alpha1,8.0.0.Beta1,wildfly/wildfly,e2e1eb1a7eb2fa2d8e082098157a6e18da62ac69,2
5365,Wildfly,WFLY,1511,8.0.0.Alpha1,8.0.0.Beta1,wildfly/wildfly,e2e1eb1a7eb2fa2d8e082098157a6e18da62ac69,6
5366,Wildfly,WFLY,1374,8.0.0.Alpha1,8.0.0.Beta1,wildfly/wildfly,e2e1eb1a7eb2fa2d8e082098157a6e18da62ac69,3
5367,Wildfly,WFLY,1886,8.0.0.Alpha4,8.0.0.Beta1,wildfly/wildfly,de7fe84f937cca5ee2f1d7692b1b9e05162264ec,1
5368,Wildfly,WFLY,1896,8.0.0.Alpha4,8.0.0.Beta1,wildfly/wildfly,de7fe84f937cca5ee2f1d7692b1b9e05162264ec,1
5369,Wildfly,WFLY,1927,8.0.0.Alpha4,8.0.0.Beta1,wildfly/wildfly,de7fe84f937cca5ee2f1d7692b1b9e05162264ec,1
5370,Wildfly,WFLY,1947,8.0.0.Alpha4,8.0.0.Beta1,wildfly/wildfly,de7fe84f937cca5ee2f1d7692b1b9e05162264ec,2
5371,Wildfly,WFLY,789,8.0.0.Alpha1,8.0.0.Beta1,wildfly/wildfly,e2e1eb1a7eb2fa2d8e082098157a6e18da62ac69,10
5372,Wildfly,WFLY,1575,8.0.0.Alpha2,8.0.0.Beta1,wildfly/wildfly,efc67adc2613877e0c49fafe2fc4910a7289067a,6
5373,Wildfly,WFLY,1924,8.0.0.Alpha4,8.0.0.Beta1,wildfly/wildfly,de7fe84f937cca5ee2f1d7692b1b9e05162264ec,1
5374,Wildfly,WFLY,1865,8.0.0.Alpha3,8.0.0.Beta1,wildfly/wildfly,319b63a63cc8ada267090901b8ab91cfba1b03dd,1
5375,Wildfly,WFLY,1656,8.0.0.Alpha2,8.0.0.Beta1,wildfly/wildfly,efc67adc2613877e0c49fafe2fc4910a7289067a,22
5376,Wildfly,WFLY,1650,8.0.0.Alpha3,8.0.0.Beta1,wildfly/wildfly,319b63a63cc8ada267090901b8ab91cfba1b03dd,11
5377,Wildfly,WFLY,2009,8.0.0.Alpha4,8.0.0.Beta1,wildfly/wildfly,de7fe84f937cca5ee2f1d7692b1b9e05162264ec,1
5378,Wildfly,WFLY,1996,8.0.0.Alpha4,8.0.0.Beta1,wildfly/wildfly,de7fe84f937cca5ee2f1d7692b1b9e05162264ec,1
5379,Wildfly,WFLY,2013,8.0.0.Alpha4,8.0.0.Beta1,wildfly/wildfly,de7fe84f937cca5ee2f1d7692b1b9e05162264ec,1
5380,Wildfly,WFLY,2033,8.0.0.Alpha4,8.0.0.Beta1,wildfly/wildfly,de7fe84f937cca5ee2f1d7692b1b9e05162264ec,4
5381,Wildfly,WFLY,2048,8.0.0.Alpha4,8.0.0.Beta1,wildfly/wildfly,de7fe84f937cca5ee2f1d7692b1b9e05162264ec,1
5382,Wildfly,WFLY,1547,8.0.0.Alpha1,8.0.0.Beta1,wildfly/wildfly,e2e1eb1a7eb2fa2d8e082098157a6e18da62ac69,4
5383,Wildfly,WFLY,2075,8.0.0.Alpha4,8.0.0.Beta1,wildfly/wildfly,de7fe84f937cca5ee2f1d7692b1b9e05162264ec,2
5384,Wildfly,WFLY,1974,8.0.0.Alpha4,8.0.0.Beta1,wildfly/wildfly,de7fe84f937cca5ee2f1d7692b1b9e05162264ec,1
5385,Wildfly,WFLY,2065,8.0.0.Alpha4,8.0.0.Beta1,wildfly/wildfly,de7fe84f937cca5ee2f1d7692b1b9e05162264ec,4
5386,Wildfly,WFLY,2114,8.0.0.Alpha4,8.0.0.Beta1,wildfly/wildfly,de7fe84f937cca5ee2f1d7692b1b9e05162264ec,1
5387,Wildfly,WFLY,2146,8.0.0.Alpha4,8.0.0.Beta1,wildfly/wildfly,de7fe84f937cca5ee2f1d7692b1b9e05162264ec,7
5388,Wildfly,WFLY,1752,8.0.0.Alpha3,8.0.0.Beta1,wildfly/wildfly,319b63a63cc8ada267090901b8ab91cfba1b03dd,2
5389,Wildfly,WFLY,1786,8.0.0.Alpha4,8.0.0.Beta1,wildfly/wildfly,de7fe84f937cca5ee2f1d7692b1b9e05162264ec,15
5390,Wildfly,WFLY,2181,8.0.0.Alpha4,8.0.0.Beta1,wildfly/wildfly,de7fe84f937cca5ee2f1d7692b1b9e05162264ec,1
5391,Wildfly,WFLY,2120,8.0.0.Alpha4,8.0.0.Beta1,wildfly/wildfly,de7fe84f937cca5ee2f1d7692b1b9e05162264ec,1
5392,Wildfly,WFLY,2096,8.0.0.Alpha4,8.0.0.Beta1,wildfly/wildfly,de7fe84f937cca5ee2f1d7692b1b9e05162264ec,1
5393,Wildfly,WFLY,2136,8.0.0.Alpha1,8.0.0.CR1,wildfly/wildfly,e2e1eb1a7eb2fa2d8e082098157a6e18da62ac69,1
5394,Wildfly,WFLY,2057,8.0.0.Alpha4,8.0.0.Beta1,wildfly/wildfly,de7fe84f937cca5ee2f1d7692b1b9e05162264ec,14
5395,Wildfly,WFLY,2197,8.0.0.Alpha4,8.0.0.Beta1,wildfly/wildfly,de7fe84f937cca5ee2f1d7692b1b9e05162264ec,1
5396,Wildfly,WFLY,2206,8.0.0.Alpha4,8.0.0.Beta1,wildfly/wildfly,de7fe84f937cca5ee2f1d7692b1b9e05162264ec,1
5397,Wildfly,WFLY,2014,8.0.0.Alpha4,8.0.0.Beta1,wildfly/wildfly,de7fe84f937cca5ee2f1d7692b1b9e05162264ec,1
5398,Wildfly,WFLY,2069,8.0.0.Alpha4,8.0.0.Beta1,wildfly/wildfly,de7fe84f937cca5ee2f1d7692b1b9e05162264ec,4
5399,Wildfly,WFLY,2210,8.0.0.Alpha4,8.0.0.CR1,wildfly/wildfly,de7fe84f937cca5ee2f1d7692b1b9e05162264ec,1
5400,Wildfly,WFLY,1913,8.0.0.Alpha4,8.0.0.CR1,wildfly/wildfly,de7fe84f937cca5ee2f1d7692b1b9e05162264ec,1
5401,Wildfly,WFLY,1740,8.0.0.Alpha4,8.0.0.CR1,wildfly/wildfly,de7fe84f937cca5ee2f1d7692b1b9e05162264ec,1
5402,Wildfly,WFLY,2209,8.0.0.Alpha4,8.0.0.CR1,wildfly/wildfly,de7fe84f937cca5ee2f1d7692b1b9e05162264ec,1
5403,Wildfly,WFLY,2023,8.0.0.Beta1,8.0.0.CR1,wildfly/wildfly,43ba05f4e7aa21c82786aedc8ebb3e3465811087,1
5404,Wildfly,WFLY,2204,8.0.0.Alpha4,8.0.0.CR1,wildfly/wildfly,de7fe84f937cca5ee2f1d7692b1b9e05162264ec,2
5405,Wildfly,WFLY,2051,8.0.0.Alpha4,8.0.0.CR1,wildfly/wildfly,de7fe84f937cca5ee2f1d7692b1b9e05162264ec,3
5406,Wildfly,WFLY,1592,8.0.0.Alpha2,8.0.0.CR1,wildfly/wildfly,efc67adc2613877e0c49fafe2fc4910a7289067a,2
5407,Wildfly,WFLY,1736,8.0.0.Alpha4,8.0.0.CR1,wildfly/wildfly,de7fe84f937cca5ee2f1d7692b1b9e05162264ec,1
5408,Wildfly,WFLY,2221,8.0.0.Beta1,8.0.0.CR1,wildfly/wildfly,43ba05f4e7aa21c82786aedc8ebb3e3465811087,1
5409,Wildfly,WFLY,2305,8.0.0.Beta1,8.0.0.CR1,wildfly/wildfly,43ba05f4e7aa21c82786aedc8ebb3e3465811087,1
5410,Wildfly,WFLY,2304,8.0.0.Beta1,8.0.0.CR1,wildfly/wildfly,43ba05f4e7aa21c82786aedc8ebb3e3465811087,2
5411,Wildfly,WFLY,2321,8.0.0.Beta1,8.0.0.CR1,wildfly/wildfly,43ba05f4e7aa21c82786aedc8ebb3e3465811087,7
5412,Wildfly,WFLY,2237,8.0.0.Alpha1,8.0.0.CR1,wildfly/wildfly,e2e1eb1a7eb2fa2d8e082098157a6e18da62ac69,2
5413,Wildfly,WFLY,2273,8.0.0.Beta1,8.0.0.CR1,wildfly/wildfly,43ba05f4e7aa21c82786aedc8ebb3e3465811087,3
5414,Wildfly,WFLY,2344,8.0.0.Beta1,8.0.0.CR1,wildfly/wildfly,43ba05f4e7aa21c82786aedc8ebb3e3465811087,1
5415,Wildfly,WFLY,2328,8.0.0.Beta1,8.0.0.CR1,wildfly/wildfly,43ba05f4e7aa21c82786aedc8ebb3e3465811087,1
5416,Wildfly,WFLY,2335,8.0.0.Beta1,8.0.0.CR1,wildfly/wildfly,43ba05f4e7aa21c82786aedc8ebb3e3465811087,1
5417,Wildfly,WFLY,2291,8.0.0.Beta1,8.0.0.CR1,wildfly/wildfly,43ba05f4e7aa21c82786aedc8ebb3e3465811087,5
5419,Wildfly,WFLY,2213,8.0.0.Beta1,8.0.0.CR1,wildfly/wildfly,43ba05f4e7aa21c82786aedc8ebb3e3465811087,1
5420,Wildfly,WFLY,2359,8.0.0.Beta1,8.0.0.CR1,wildfly/wildfly,43ba05f4e7aa21c82786aedc8ebb3e3465811087,1
5421,Wildfly,WFLY,1949,8.0.0.Beta1,8.0.0.CR1,wildfly/wildfly,43ba05f4e7aa21c82786aedc8ebb3e3465811087,10
5422,Wildfly,WFLY,2333,8.0.0.Beta1,8.0.0.CR1,wildfly/wildfly,43ba05f4e7aa21c82786aedc8ebb3e3465811087,1
5423,Wildfly,WFLY,2336,8.0.0.Beta1,8.0.0.CR1,wildfly/wildfly,43ba05f4e7aa21c82786aedc8ebb3e3465811087,1
5424,Wildfly,WFLY,2296,8.0.0.Beta1,8.0.0.CR1,wildfly/wildfly,43ba05f4e7aa21c82786aedc8ebb3e3465811087,3
5425,Wildfly,WFLY,2373,8.0.0.Beta1,8.0.0.CR1,wildfly/wildfly,43ba05f4e7aa21c82786aedc8ebb3e3465811087,3
5426,Wildfly,WFLY,2320,8.0.0.Beta1,8.0.0.CR1,wildfly/wildfly,43ba05f4e7aa21c82786aedc8ebb3e3465811087,8
5427,Wildfly,WFLY,1746,8.0.0.Alpha3,8.0.0.CR1,wildfly/wildfly,319b63a63cc8ada267090901b8ab91cfba1b03dd,4
5428,Wildfly,WFLY,2370,8.0.0.Beta1,8.0.0.CR1,wildfly/wildfly,43ba05f4e7aa21c82786aedc8ebb3e3465811087,1
5429,Wildfly,WFLY,2390,8.0.0.Beta1,8.0.0.CR1,wildfly/wildfly,43ba05f4e7aa21c82786aedc8ebb3e3465811087,5
5430,Wildfly,WFLY,2343,8.0.0.Beta1,8.0.0.CR1,wildfly/wildfly,43ba05f4e7aa21c82786aedc8ebb3e3465811087,1
5431,Wildfly,WFLY,2016,8.0.0.Alpha4,8.0.0.CR1,wildfly/wildfly,de7fe84f937cca5ee2f1d7692b1b9e05162264ec,1
5432,Wildfly,WFLY,2161,8.0.0.Alpha4,8.0.0.CR1,wildfly/wildfly,de7fe84f937cca5ee2f1d7692b1b9e05162264ec,2
5433,Wildfly,WFLY,2345,8.0.0.Beta1,8.0.0.CR1,wildfly/wildfly,43ba05f4e7aa21c82786aedc8ebb3e3465811087,3
5434,Wildfly,WFLY,2411,8.0.0.Beta1,8.0.0.CR1,wildfly/wildfly,43ba05f4e7aa21c82786aedc8ebb3e3465811087,1
5435,Wildfly,WFLY,2312,8.0.0.Beta1,8.0.0.CR1,wildfly/wildfly,43ba05f4e7aa21c82786aedc8ebb3e3465811087,3
5436,Wildfly,WFLY,2420,8.0.0.Beta1,8.0.0.CR1,wildfly/wildfly,43ba05f4e7aa21c82786aedc8ebb3e3465811087,2
5437,Wildfly,WFLY,2214,8.0.0.Alpha4,8.0.0.CR1,wildfly/wildfly,de7fe84f937cca5ee2f1d7692b1b9e05162264ec,3
5438,Wildfly,WFLY,2141,8.0.0.Alpha4,8.0.0.Beta1,wildfly/wildfly,de7fe84f937cca5ee2f1d7692b1b9e05162264ec,1
5439,Wildfly,WFLY,1509,8.0.0.Alpha1,8.0.0.CR1,wildfly/wildfly,e2e1eb1a7eb2fa2d8e082098157a6e18da62ac69,2
5440,Wildfly,WFLY,2174,8.0.0.Alpha4,8.0.0.CR1,wildfly/wildfly,de7fe84f937cca5ee2f1d7692b1b9e05162264ec,2
5441,Wildfly,WFLY,1999,8.0.0.Alpha4,8.0.0.CR1,wildfly/wildfly,de7fe84f937cca5ee2f1d7692b1b9e05162264ec,1
5442,Wildfly,WFLY,1571,8.0.0.Alpha1,8.0.0.CR1,wildfly/wildfly,e2e1eb1a7eb2fa2d8e082098157a6e18da62ac69,1
5443,Wildfly,WFLY,2354,8.0.0.Beta1,8.0.0.CR1,wildfly/wildfly,43ba05f4e7aa21c82786aedc8ebb3e3465811087,1
5444,Wildfly,WFLY,2281,8.0.0.Beta1,8.0.0.CR1,wildfly/wildfly,43ba05f4e7aa21c82786aedc8ebb3e3465811087,1
5445,Wildfly,WFLY,2255,8.0.0.Beta1,8.0.0.CR1,wildfly/wildfly,43ba05f4e7aa21c82786aedc8ebb3e3465811087,1
5446,Wildfly,WFLY,2191,8.0.0.Alpha4,8.0.0.CR1,wildfly/wildfly,de7fe84f937cca5ee2f1d7692b1b9e05162264ec,2
5447,Wildfly,WFLY,2467,8.0.0.Beta1,8.0.0.CR1,wildfly/wildfly,43ba05f4e7aa21c82786aedc8ebb3e3465811087,1
5448,Wildfly,WFLY,2466,8.0.0.Beta1,8.0.0.CR1,wildfly/wildfly,43ba05f4e7aa21c82786aedc8ebb3e3465811087,1
5449,Wildfly,WFLY,2458,8.0.0.Beta1,8.0.0.CR1,wildfly/wildfly,43ba05f4e7aa21c82786aedc8ebb3e3465811087,3
5450,Wildfly,WFLY,2477,8.0.0.Beta1,8.0.0.CR1,wildfly/wildfly,43ba05f4e7aa21c82786aedc8ebb3e3465811087,4
5451,Wildfly,WFLY,2481,8.0.0.Beta1,8.0.0.CR1,wildfly/wildfly,43ba05f4e7aa21c82786aedc8ebb3e3465811087,4
5452,Wildfly,WFLY,2499,8.0.0.Beta1,8.0.0.CR1,wildfly/wildfly,43ba05f4e7aa21c82786aedc8ebb3e3465811087,1
5453,Wildfly,WFLY,1309,8.0.0.Alpha1,8.0.0.CR1,wildfly/wildfly,e2e1eb1a7eb2fa2d8e082098157a6e18da62ac69,2
5454,Wildfly,WFLY,2506,8.0.0.Beta1,8.0.0.CR1,wildfly/wildfly,43ba05f4e7aa21c82786aedc8ebb3e3465811087,1
5455,Wildfly,WFLY,2513,8.0.0.Beta1,8.0.0.CR1,wildfly/wildfly,43ba05f4e7aa21c82786aedc8ebb3e3465811087,2
5456,Wildfly,WFLY,2494,8.0.0.Beta1,8.0.0.CR1,wildfly/wildfly,43ba05f4e7aa21c82786aedc8ebb3e3465811087,1
5457,Wildfly,WFLY,1745,8.0.0.Alpha3,8.0.0.CR1,wildfly/wildfly,319b63a63cc8ada267090901b8ab91cfba1b03dd,3
5458,Wildfly,WFLY,2511,8.0.0.Beta1,8.0.0.CR1,wildfly/wildfly,43ba05f4e7aa21c82786aedc8ebb3e3465811087,7
5459,Wildfly,WFLY,2526,8.0.0.Beta1,8.0.0.CR1,wildfly/wildfly,43ba05f4e7aa21c82786aedc8ebb3e3465811087,2
5460,Wildfly,WFLY,2397,8.0.0.Beta1,8.0.0.CR1,wildfly/wildfly,43ba05f4e7aa21c82786aedc8ebb3e3465811087,1
5461,Wildfly,WFLY,2538,8.0.0.Beta1,8.0.0.CR1,wildfly/wildfly,43ba05f4e7aa21c82786aedc8ebb3e3465811087,1
5462,Wildfly,WFLY,786,8.0.0.Alpha1,8.0.0.CR1,wildfly/wildfly,e2e1eb1a7eb2fa2d8e082098157a6e18da62ac69,3
5463,Wildfly,WFLY,2306,8.0.0.Beta1,8.0.0.CR1,wildfly/wildfly,43ba05f4e7aa21c82786aedc8ebb3e3465811087,1
5464,Wildfly,WFLY,2519,8.0.0.Beta1,8.0.0.CR1,wildfly/wildfly,43ba05f4e7aa21c82786aedc8ebb3e3465811087,1
5465,Wildfly,WFLY,2566,8.0.0.Beta1,8.0.0.CR1,wildfly/wildfly,43ba05f4e7aa21c82786aedc8ebb3e3465811087,1
5466,Wildfly,WFLY,2570,8.0.0.Beta1,8.0.0.CR1,wildfly/wildfly,43ba05f4e7aa21c82786aedc8ebb3e3465811087,1
5467,Wildfly,WFLY,1994,8.0.0.Alpha4,8.0.0.CR1,wildfly/wildfly,de7fe84f937cca5ee2f1d7692b1b9e05162264ec,1
5468,Wildfly,WFLY,2575,8.0.0.Beta1,8.0.0.CR1,wildfly/wildfly,43ba05f4e7aa21c82786aedc8ebb3e3465811087,1
5469,Wildfly,WFLY,2559,8.0.0.Beta1,8.0.0.CR1,wildfly/wildfly,43ba05f4e7aa21c82786aedc8ebb3e3465811087,1
5470,Wildfly,WFLY,2468,8.0.0.Beta1,8.0.0.CR1,wildfly/wildfly,43ba05f4e7aa21c82786aedc8ebb3e3465811087,1
5471,Wildfly,WFLY,2587,8.0.0.Beta1,8.0.0.CR1,wildfly/wildfly,43ba05f4e7aa21c82786aedc8ebb3e3465811087,2
5472,Wildfly,WFLY,2588,8.0.0.Beta1,8.0.0.CR1,wildfly/wildfly,43ba05f4e7aa21c82786aedc8ebb3e3465811087,1
5473,Wildfly,WFLY,2536,8.0.0.Beta1,8.0.0.CR1,wildfly/wildfly,43ba05f4e7aa21c82786aedc8ebb3e3465811087,2
5474,Wildfly,WFLY,2398,8.0.0.Beta1,8.0.0.CR1,wildfly/wildfly,43ba05f4e7aa21c82786aedc8ebb3e3465811087,1
5475,Wildfly,WFLY,2614,8.0.0.Beta1,8.0.0.CR1,wildfly/wildfly,43ba05f4e7aa21c82786aedc8ebb3e3465811087,5
5476,Wildfly,WFLY,2399,8.0.0.Beta1,8.0.0.CR1,wildfly/wildfly,43ba05f4e7aa21c82786aedc8ebb3e3465811087,1
5477,Wildfly,WFLY,2476,8.0.0.Beta1,8.0.0.CR1,wildfly/wildfly,43ba05f4e7aa21c82786aedc8ebb3e3465811087,9
5478,Wildfly,WFLY,2475,8.0.0.Beta1,8.0.0.CR1,wildfly/wildfly,43ba05f4e7aa21c82786aedc8ebb3e3465811087,2
5479,Wildfly,WFLY,2474,8.0.0.Beta1,8.0.0.CR1,wildfly/wildfly,43ba05f4e7aa21c82786aedc8ebb3e3465811087,4
5480,Wildfly,WFLY,2530,8.0.0.Beta1,8.0.0.CR1,wildfly/wildfly,43ba05f4e7aa21c82786aedc8ebb3e3465811087,1
5481,Wildfly,WFLY,2650,8.0.0.Beta1,8.0.0.CR1,wildfly/wildfly,43ba05f4e7aa21c82786aedc8ebb3e3465811087,2
5482,Wildfly,WFLY,1271,8.0.0.Alpha4,8.0.0.CR1,wildfly/wildfly,de7fe84f937cca5ee2f1d7692b1b9e05162264ec,1
5483,Wildfly,WFLY,2329,8.0.0.Beta1,8.0.0.CR1,wildfly/wildfly,43ba05f4e7aa21c82786aedc8ebb3e3465811087,2
5484,Wildfly,WFLY,2674,8.0.0.Beta1,8.0.0.Final,wildfly/wildfly,43ba05f4e7aa21c82786aedc8ebb3e3465811087,1
5485,Wildfly,WFLY,2690,8.0.0.CR1,8.0.0.Final,wildfly/wildfly,24ef789d67693ca986d0b3d02ba5b95a50fcdbde,1
5486,Wildfly,WFLY,2687,8.0.0.CR1,8.0.0.Final,wildfly/wildfly,24ef789d67693ca986d0b3d02ba5b95a50fcdbde,1
5487,Wildfly,WFLY,2681,8.0.0.CR1,8.0.0.Final,wildfly/wildfly,24ef789d67693ca986d0b3d02ba5b95a50fcdbde,4
5488,Wildfly,WFLY,2644,8.0.0.Beta1,8.0.0.Final,wildfly/wildfly,43ba05f4e7aa21c82786aedc8ebb3e3465811087,4
5489,Wildfly,WFLY,2061,8.0.0.Alpha4,8.0.0.Final,wildfly/wildfly,de7fe84f937cca5ee2f1d7692b1b9e05162264ec,2
5490,Wildfly,WFLY,2725,8.0.0.CR1,8.0.0.Final,wildfly/wildfly,24ef789d67693ca986d0b3d02ba5b95a50fcdbde,1
5491,Wildfly,WFLY,2663,8.0.0.Beta1,8.0.0.Final,wildfly/wildfly,43ba05f4e7aa21c82786aedc8ebb3e3465811087,2
5492,Wildfly,WFLY,2101,8.0.0.Beta1,8.0.0.CR1,wildfly/wildfly,43ba05f4e7aa21c82786aedc8ebb3e3465811087,2
5493,Wildfly,WFLY,2502,8.0.0.Beta1,8.0.0.Final,wildfly/wildfly,43ba05f4e7aa21c82786aedc8ebb3e3465811087,5
5494,Wildfly,WFLY,2651,8.0.0.Beta1,8.0.0.Final,wildfly/wildfly,43ba05f4e7aa21c82786aedc8ebb3e3465811087,1
5495,Wildfly,WFLY,2746,8.0.0.CR1,8.0.0.Final,wildfly/wildfly,24ef789d67693ca986d0b3d02ba5b95a50fcdbde,1
5496,Wildfly,WFLY,2753,8.0.0.CR1,8.0.0.Final,wildfly/wildfly,24ef789d67693ca986d0b3d02ba5b95a50fcdbde,1
5497,Wildfly,WFLY,2782,8.0.0.CR1,8.0.0.Final,wildfly/wildfly,24ef789d67693ca986d0b3d02ba5b95a50fcdbde,13
5498,Wildfly,WFLY,2739,8.0.0.CR1,8.0.0.Final,wildfly/wildfly,24ef789d67693ca986d0b3d02ba5b95a50fcdbde,2
5499,Wildfly,WFLY,2732,8.0.0.CR1,8.0.0.Final,wildfly/wildfly,24ef789d67693ca986d0b3d02ba5b95a50fcdbde,1
5500,Wildfly,WFLY,2777,8.0.0.CR1,8.0.0.Final,wildfly/wildfly,24ef789d67693ca986d0b3d02ba5b95a50fcdbde,1
5501,Wildfly,WFLY,2775,8.0.0.CR1,8.0.0.Final,wildfly/wildfly,24ef789d67693ca986d0b3d02ba5b95a50fcdbde,3
5502,Wildfly,WFLY,2695,8.0.0.CR1,8.0.0.Final,wildfly/wildfly,24ef789d67693ca986d0b3d02ba5b95a50fcdbde,1
5503,Wildfly,WFLY,2224,8.0.0.Beta1,8.0.0.Final,wildfly/wildfly,43ba05f4e7aa21c82786aedc8ebb3e3465811087,2
5504,Wildfly,WFLY,2794,8.0.0.CR1,8.0.0.Final,wildfly/wildfly,24ef789d67693ca986d0b3d02ba5b95a50fcdbde,1
5505,Wildfly,WFLY,2808,8.0.0.CR1,8.0.0.Final,wildfly/wildfly,24ef789d67693ca986d0b3d02ba5b95a50fcdbde,2
5506,Wildfly,WFLY,2756,8.0.0.CR1,8.0.0.Final,wildfly/wildfly,24ef789d67693ca986d0b3d02ba5b95a50fcdbde,3
5507,Wildfly,WFLY,2735,8.0.0.CR1,8.0.0.Final,wildfly/wildfly,24ef789d67693ca986d0b3d02ba5b95a50fcdbde,3
5508,Wildfly,WFLY,2584,8.0.0.Beta1,8.0.0.Final,wildfly/wildfly,43ba05f4e7aa21c82786aedc8ebb3e3465811087,4
5509,Wildfly,WFLY,2718,8.0.0.CR1,8.0.0.Final,wildfly/wildfly,24ef789d67693ca986d0b3d02ba5b95a50fcdbde,2
5510,Wildfly,WFLY,2762,8.0.0.CR1,8.0.0.Final,wildfly/wildfly,24ef789d67693ca986d0b3d02ba5b95a50fcdbde,1
5511,Wildfly,WFLY,2785,8.0.0.CR1,8.0.0.Final,wildfly/wildfly,24ef789d67693ca986d0b3d02ba5b95a50fcdbde,2
5512,Wildfly,WFLY,2809,8.0.0.CR1,8.0.0.Final,wildfly/wildfly,24ef789d67693ca986d0b3d02ba5b95a50fcdbde,3
5513,Wildfly,WFLY,2829,8.0.0.CR1,8.0.0.Final,wildfly/wildfly,24ef789d67693ca986d0b3d02ba5b95a50fcdbde,1
5514,Wildfly,WFLY,1873,8.0.0.Alpha4,8.0.0.Final,wildfly/wildfly,de7fe84f937cca5ee2f1d7692b1b9e05162264ec,4
5515,Wildfly,WFLY,2507,8.0.0.Beta1,8.0.0.Final,wildfly/wildfly,43ba05f4e7aa21c82786aedc8ebb3e3465811087,4
5516,Wildfly,WFLY,1809,8.0.0.Alpha3,8.0.0.Final,wildfly/wildfly,319b63a63cc8ada267090901b8ab91cfba1b03dd,1
5517,Wildfly,WFLY,1901,8.0.0.Alpha4,8.0.0.Final,wildfly/wildfly,de7fe84f937cca5ee2f1d7692b1b9e05162264ec,4
5518,Wildfly,WFLY,2817,8.0.0.CR1,8.0.0.Final,wildfly/wildfly,24ef789d67693ca986d0b3d02ba5b95a50fcdbde,1
5519,Wildfly,WFLY,2853,8.0.0.CR1,8.0.0.Final,wildfly/wildfly,24ef789d67693ca986d0b3d02ba5b95a50fcdbde,1
5520,Wildfly,WFLY,2862,8.0.0.CR1,8.0.0.Final,wildfly/wildfly,24ef789d67693ca986d0b3d02ba5b95a50fcdbde,2
5521,Wildfly,WFLY,2873,8.0.0.CR1,8.0.0.Final,wildfly/wildfly,24ef789d67693ca986d0b3d02ba5b95a50fcdbde,1
5522,Wildfly,WFLY,2866,8.0.0.CR1,8.0.0.Final,wildfly/wildfly,24ef789d67693ca986d0b3d02ba5b95a50fcdbde,1
5523,Wildfly,WFLY,2589,8.0.0.Beta1,8.0.0.Final,wildfly/wildfly,43ba05f4e7aa21c82786aedc8ebb3e3465811087,8
5524,Wildfly,WFLY,2877,8.0.0.CR1,8.0.0.Final,wildfly/wildfly,24ef789d67693ca986d0b3d02ba5b95a50fcdbde,3
5525,Wildfly,WFLY,2696,8.0.0.CR1,8.0.0.Final,wildfly/wildfly,24ef789d67693ca986d0b3d02ba5b95a50fcdbde,4
5526,Wildfly,WFLY,2840,8.0.0.CR1,8.0.0.Final,wildfly/wildfly,24ef789d67693ca986d0b3d02ba5b95a50fcdbde,1
5527,Wildfly,WFLY,2880,8.0.0.CR1,8.0.0.Final,wildfly/wildfly,24ef789d67693ca986d0b3d02ba5b95a50fcdbde,1
5528,Wildfly,WFLY,2203,8.0.0.Beta1,8.0.0.Final,wildfly/wildfly,43ba05f4e7aa21c82786aedc8ebb3e3465811087,3
5529,Wildfly,WFLY,2886,8.0.0.CR1,8.0.0.Final,wildfly/wildfly,24ef789d67693ca986d0b3d02ba5b95a50fcdbde,6
5530,Wildfly,WFLY,2901,8.0.0.CR1,8.0.0.Final,wildfly/wildfly,24ef789d67693ca986d0b3d02ba5b95a50fcdbde,1
5531,Wildfly,WFLY,2728,8.0.0.CR1,8.0.0.Final,wildfly/wildfly,24ef789d67693ca986d0b3d02ba5b95a50fcdbde,1
5532,Wildfly,WFLY,2932,8.0.0.Final,8.1.0.CR1,wildfly/wildfly,b062b90fadf6b35a181fddad2e4e2b13e3bbaaa9,1
5533,Wildfly,WFLY,2918,8.0.0.Final,8.1.0.CR1,wildfly/wildfly,b062b90fadf6b35a181fddad2e4e2b13e3bbaaa9,5
5534,Wildfly,WFLY,2917,8.0.0.Final,8.1.0.CR1,wildfly/wildfly,b062b90fadf6b35a181fddad2e4e2b13e3bbaaa9,6
5535,Wildfly,WFLY,2992,8.0.0.Final,8.1.0.CR1,wildfly/wildfly,b062b90fadf6b35a181fddad2e4e2b13e3bbaaa9,1
5536,Wildfly,WFLY,2987,8.0.0.Final,8.1.0.CR1,wildfly/wildfly,b062b90fadf6b35a181fddad2e4e2b13e3bbaaa9,1
5537,Wildfly,WFLY,2950,8.0.0.Final,8.1.0.CR1,wildfly/wildfly,b062b90fadf6b35a181fddad2e4e2b13e3bbaaa9,1
5538,Wildfly,WFLY,1904,8.0.0.Beta1,8.1.0.CR1,wildfly/wildfly,43ba05f4e7aa21c82786aedc8ebb3e3465811087,7
5539,Wildfly,WFLY,3012,8.0.0.Final,8.1.0.CR1,wildfly/wildfly,b062b90fadf6b35a181fddad2e4e2b13e3bbaaa9,7
5540,Wildfly,WFLY,2942,8.0.0.Final,8.1.0.CR1,wildfly/wildfly,b062b90fadf6b35a181fddad2e4e2b13e3bbaaa9,1
5541,Wildfly,WFLY,2205,8.0.0.Beta1,8.1.0.CR1,wildfly/wildfly,43ba05f4e7aa21c82786aedc8ebb3e3465811087,2
5542,Wildfly,WFLY,2949,8.0.0.Final,8.1.0.CR1,wildfly/wildfly,b062b90fadf6b35a181fddad2e4e2b13e3bbaaa9,1
5543,Wildfly,WFLY,2954,8.0.0.Final,8.1.0.CR1,wildfly/wildfly,b062b90fadf6b35a181fddad2e4e2b13e3bbaaa9,3
5544,Wildfly,WFLY,3069,8.0.0.Final,8.1.0.CR1,wildfly/wildfly,b062b90fadf6b35a181fddad2e4e2b13e3bbaaa9,3
5545,Wildfly,WFLY,2993,8.0.0.Final,8.1.0.CR1,wildfly/wildfly,b062b90fadf6b35a181fddad2e4e2b13e3bbaaa9,1
5546,Wildfly,WFLY,2679,8.0.0.CR1,8.0.0.Final,wildfly/wildfly,24ef789d67693ca986d0b3d02ba5b95a50fcdbde,12
5547,Wildfly,WFLY,3078,8.0.0.Final,8.1.0.CR1,wildfly/wildfly,b062b90fadf6b35a181fddad2e4e2b13e3bbaaa9,1
5548,Wildfly,WFLY,3008,8.0.0.Final,8.1.0.CR1,wildfly/wildfly,b062b90fadf6b35a181fddad2e4e2b13e3bbaaa9,4
5549,Wildfly,WFLY,3000,8.0.0.Final,8.1.0.CR1,wildfly/wildfly,b062b90fadf6b35a181fddad2e4e2b13e3bbaaa9,1
5550,Wildfly,WFLY,2965,8.0.0.Final,8.1.0.CR1,wildfly/wildfly,b062b90fadf6b35a181fddad2e4e2b13e3bbaaa9,1
5551,Wildfly,WFLY,2977,8.0.0.Final,8.1.0.CR1,wildfly/wildfly,b062b90fadf6b35a181fddad2e4e2b13e3bbaaa9,1
5552,Wildfly,WFLY,3106,8.0.0.Final,8.1.0.CR1,wildfly/wildfly,b062b90fadf6b35a181fddad2e4e2b13e3bbaaa9,1
5553,Wildfly,WFLY,3108,8.0.0.Final,8.1.0.CR1,wildfly/wildfly,b062b90fadf6b35a181fddad2e4e2b13e3bbaaa9,5
5554,Wildfly,WFLY,3133,8.0.0.Final,8.1.0.CR1,wildfly/wildfly,b062b90fadf6b35a181fddad2e4e2b13e3bbaaa9,2
5555,Wildfly,WFLY,3067,8.0.0.Final,8.1.0.CR1,wildfly/wildfly,b062b90fadf6b35a181fddad2e4e2b13e3bbaaa9,7
5556,Wildfly,WFLY,3103,8.0.0.Final,8.1.0.CR1,wildfly/wildfly,b062b90fadf6b35a181fddad2e4e2b13e3bbaaa9,2
5557,Wildfly,WFLY,3004,8.0.0.Final,8.1.0.CR1,wildfly/wildfly,b062b90fadf6b35a181fddad2e4e2b13e3bbaaa9,14
5558,Wildfly,WFLY,3046,8.0.0.Final,8.1.0.CR1,wildfly/wildfly,b062b90fadf6b35a181fddad2e4e2b13e3bbaaa9,2
5559,Wildfly,WFLY,3163,8.0.0.Final,8.1.0.CR1,wildfly/wildfly,b062b90fadf6b35a181fddad2e4e2b13e3bbaaa9,2
5560,Wildfly,WFLY,3136,8.0.0.Final,8.1.0.CR1,wildfly/wildfly,b062b90fadf6b35a181fddad2e4e2b13e3bbaaa9,4
5561,Wildfly,WFLY,3048,8.0.0.Final,8.1.0.CR1,wildfly/wildfly,b062b90fadf6b35a181fddad2e4e2b13e3bbaaa9,7
5562,Wildfly,WFLY,2911,8.0.0.Final,8.1.0.CR1,wildfly/wildfly,b062b90fadf6b35a181fddad2e4e2b13e3bbaaa9,1
5563,Wildfly,WFLY,3112,8.0.0.Final,8.1.0.CR1,wildfly/wildfly,b062b90fadf6b35a181fddad2e4e2b13e3bbaaa9,1
5564,Wildfly,WFLY,3073,8.0.0.Final,8.1.0.CR1,wildfly/wildfly,b062b90fadf6b35a181fddad2e4e2b13e3bbaaa9,1
5565,Wildfly,WFLY,2654,8.0.0.Beta1,8.1.0.CR1,wildfly/wildfly,43ba05f4e7aa21c82786aedc8ebb3e3465811087,3
5566,Wildfly,WFLY,3007,8.0.0.Final,8.1.0.CR1,wildfly/wildfly,b062b90fadf6b35a181fddad2e4e2b13e3bbaaa9,16
5567,Wildfly,WFLY,3016,8.0.0.Final,8.1.0.CR1,wildfly/wildfly,b062b90fadf6b35a181fddad2e4e2b13e3bbaaa9,1
5568,Wildfly,WFLY,3124,8.0.0.Final,8.1.0.CR1,wildfly/wildfly,b062b90fadf6b35a181fddad2e4e2b13e3bbaaa9,1
5569,Wildfly,WFLY,3147,8.0.0.Final,8.1.0.CR1,wildfly/wildfly,b062b90fadf6b35a181fddad2e4e2b13e3bbaaa9,1
5570,Wildfly,WFLY,3192,8.0.0.Final,8.1.0.CR1,wildfly/wildfly,b062b90fadf6b35a181fddad2e4e2b13e3bbaaa9,3
5571,Wildfly,WFLY,3198,8.0.0.Final,8.1.0.CR1,wildfly/wildfly,b062b90fadf6b35a181fddad2e4e2b13e3bbaaa9,2
5572,Wildfly,WFLY,3194,8.0.0.Final,8.1.0.CR1,wildfly/wildfly,b062b90fadf6b35a181fddad2e4e2b13e3bbaaa9,2
5573,Wildfly,WFLY,3099,8.0.0.Final,8.1.0.CR1,wildfly/wildfly,b062b90fadf6b35a181fddad2e4e2b13e3bbaaa9,1
5574,Wildfly,WFLY,2920,8.0.0.Final,8.1.0.CR1,wildfly/wildfly,b062b90fadf6b35a181fddad2e4e2b13e3bbaaa9,1
5575,Wildfly,WFLY,3020,8.0.0.Final,8.1.0.CR1,wildfly/wildfly,b062b90fadf6b35a181fddad2e4e2b13e3bbaaa9,1
5576,Wildfly,WFLY,3047,8.0.0.Final,8.1.0.CR1,wildfly/wildfly,b062b90fadf6b35a181fddad2e4e2b13e3bbaaa9,2
5577,Wildfly,WFLY,2891,8.0.0.CR1,8.1.0.CR1,wildfly/wildfly,24ef789d67693ca986d0b3d02ba5b95a50fcdbde,4
5578,Wildfly,WFLY,3017,8.0.0.Final,8.1.0.CR1,wildfly/wildfly,b062b90fadf6b35a181fddad2e4e2b13e3bbaaa9,2
5579,Wildfly,WFLY,2997,8.0.0.Final,8.1.0.CR1,wildfly/wildfly,b062b90fadf6b35a181fddad2e4e2b13e3bbaaa9,3
5580,Wildfly,WFLY,3011,8.0.0.Final,8.1.0.CR1,wildfly/wildfly,b062b90fadf6b35a181fddad2e4e2b13e3bbaaa9,2
5581,Wildfly,WFLY,3076,8.0.0.Final,8.1.0.CR1,wildfly/wildfly,b062b90fadf6b35a181fddad2e4e2b13e3bbaaa9,7
5582,Wildfly,WFLY,3218,8.0.0.Final,8.1.0.CR1,wildfly/wildfly,b062b90fadf6b35a181fddad2e4e2b13e3bbaaa9,1
5583,Wildfly,WFLY,3240,8.0.0.Final,8.1.0.CR1,wildfly/wildfly,b062b90fadf6b35a181fddad2e4e2b13e3bbaaa9,3
5584,Wildfly,WFLY,2912,8.0.0.Final,8.1.0.CR1,wildfly/wildfly,b062b90fadf6b35a181fddad2e4e2b13e3bbaaa9,3
5585,Wildfly,WFLY,3203,8.0.0.Final,8.1.0.CR1,wildfly/wildfly,b062b90fadf6b35a181fddad2e4e2b13e3bbaaa9,2
5586,Wildfly,WFLY,3092,8.0.0.Final,8.1.0.CR1,wildfly/wildfly,b062b90fadf6b35a181fddad2e4e2b13e3bbaaa9,7
5587,Wildfly,WFLY,2656,8.0.0.Beta1,8.0.0.Final,wildfly/wildfly,43ba05f4e7aa21c82786aedc8ebb3e3465811087,8
5588,Wildfly,WFLY,3252,8.0.0.Final,8.1.0.CR2,wildfly/wildfly,b062b90fadf6b35a181fddad2e4e2b13e3bbaaa9,1
5589,Wildfly,WFLY,2780,8.0.0.CR1,8.1.0.CR2,wildfly/wildfly,24ef789d67693ca986d0b3d02ba5b95a50fcdbde,1
5590,Wildfly,WFLY,3306,8.0.0.CR1,8.1.0.CR2,wildfly/wildfly,24ef789d67693ca986d0b3d02ba5b95a50fcdbde,1
5591,Wildfly,WFLY,3237,8.0.0.Final,8.1.0.CR2,wildfly/wildfly,b062b90fadf6b35a181fddad2e4e2b13e3bbaaa9,3
5592,Wildfly,WFLY,2921,8.0.0.Final,8.1.0.CR2,wildfly/wildfly,b062b90fadf6b35a181fddad2e4e2b13e3bbaaa9,1
5593,Wildfly,WFLY,3302,8.0.0.Final,8.1.0.CR2,wildfly/wildfly,b062b90fadf6b35a181fddad2e4e2b13e3bbaaa9,1
5594,Wildfly,WFLY,2596,8.0.0.CR1,8.0.0.Final,wildfly/wildfly,24ef789d67693ca986d0b3d02ba5b95a50fcdbde,2
5595,Wildfly,WFLY,3104,8.0.0.Final,9.0.0.Alpha1,wildfly/wildfly,b062b90fadf6b35a181fddad2e4e2b13e3bbaaa9,2
5596,Wildfly,WFLY,3207,8.0.0.Final,8.1.0.CR2,wildfly/wildfly,b062b90fadf6b35a181fddad2e4e2b13e3bbaaa9,3
5597,Wildfly,WFLY,3375,8.0.0.Final,9.0.0.Alpha1,wildfly/wildfly,b062b90fadf6b35a181fddad2e4e2b13e3bbaaa9,4
5598,Wildfly,WFLY,3105,8.0.0.Final,8.1.0.Final,wildfly/wildfly,b062b90fadf6b35a181fddad2e4e2b13e3bbaaa9,4
5599,Wildfly,WFLY,3228,8.0.0.Final,8.1.0.Final,wildfly/wildfly,b062b90fadf6b35a181fddad2e4e2b13e3bbaaa9,2
5600,Wildfly,WFLY,2902,8.0.0.CR1,8.1.0.Final,wildfly/wildfly,24ef789d67693ca986d0b3d02ba5b95a50fcdbde,1
5601,Wildfly,WFLY,3002,8.0.0.Final,8.1.0.Final,wildfly/wildfly,b062b90fadf6b35a181fddad2e4e2b13e3bbaaa9,1
5602,Wildfly,WFLY,2923,8.0.0.Final,8.1.0.Final,wildfly/wildfly,b062b90fadf6b35a181fddad2e4e2b13e3bbaaa9,5
5603,Wildfly,WFLY,2938,8.0.0.Final,8.1.0.Final,wildfly/wildfly,b062b90fadf6b35a181fddad2e4e2b13e3bbaaa9,1
5604,Wildfly,WFLY,3131,8.0.0.Final,8.1.0.Final,wildfly/wildfly,b062b90fadf6b35a181fddad2e4e2b13e3bbaaa9,1
5605,Wildfly,WFLY,1513,8.0.0.Alpha1,9.0.0.Alpha1,wildfly/wildfly,e2e1eb1a7eb2fa2d8e082098157a6e18da62ac69,5
5606,Wildfly,WFLY,3438,8.0.0.Final,9.0.0.Beta1,wildfly/wildfly,b062b90fadf6b35a181fddad2e4e2b13e3bbaaa9,3
5607,Wildfly,WFLY,1948,8.0.0.Beta1,9.0.0.Alpha1,wildfly/wildfly,43ba05f4e7aa21c82786aedc8ebb3e3465811087,1
5608,Wildfly,WFLY,3338,8.0.0.Final,9.0.0.Alpha1,wildfly/wildfly,b062b90fadf6b35a181fddad2e4e2b13e3bbaaa9,1
5609,Wildfly,WFLY,4007,8.0.0.Final,9.0.0.Beta1,wildfly/wildfly,b062b90fadf6b35a181fddad2e4e2b13e3bbaaa9,1
5610,Wildfly,WFLY,2376,8.0.0.Beta1,9.0.0.Beta1,wildfly/wildfly,43ba05f4e7aa21c82786aedc8ebb3e3465811087,1
5611,Wildfly,WFLY,3419,8.0.0.Final,9.0.0.Beta1,wildfly/wildfly,b062b90fadf6b35a181fddad2e4e2b13e3bbaaa9,1
5612,Wildfly,WFLY,4050,8.0.0.Final,9.0.0.Beta1,wildfly/wildfly,b062b90fadf6b35a181fddad2e4e2b13e3bbaaa9,1
5613,Wildfly,WFLY,4273,8.0.0.Final,9.0.0.Beta1,wildfly/wildfly,b062b90fadf6b35a181fddad2e4e2b13e3bbaaa9,1
5614,Wildfly,WFLY,2081,8.0.0.Alpha4,9.0.0.Beta1,wildfly/wildfly,de7fe84f937cca5ee2f1d7692b1b9e05162264ec,1
5615,Wildfly,WFLY,2480,8.0.0.CR1,9.0.0.Beta1,wildfly/wildfly,24ef789d67693ca986d0b3d02ba5b95a50fcdbde,1
5616,Wildfly,WFLY,2542,8.0.0.Beta1,8.0.0.CR1,wildfly/wildfly,43ba05f4e7aa21c82786aedc8ebb3e3465811087,1
5617,Wildfly,WFLY,2807,8.0.0.CR1,9.0.0.CR1,wildfly/wildfly,24ef789d67693ca986d0b3d02ba5b95a50fcdbde,3
5618,Wildfly,WFLY,3095,8.0.0.Final,10.0.0.Alpha2,wildfly/wildfly,b062b90fadf6b35a181fddad2e4e2b13e3bbaaa9,2
5619,Wildfly,WFLY,2885,8.0.0.CR1,10.0.0.Alpha5,wildfly/wildfly,24ef789d67693ca986d0b3d02ba5b95a50fcdbde,3
5620,Wildfly,WFLY,2160,8.0.0.Alpha4,10.0.0.Beta1,wildfly/wildfly,de7fe84f937cca5ee2f1d7692b1b9e05162264ec,2
5621,Wildfly,WFLY,6152,8.0.0.Final,10.1.0.Final,wildfly/wildfly,b062b90fadf6b35a181fddad2e4e2b13e3bbaaa9,1
5622,Wildfly,WFLY,3248,8.0.0.Final,10.1.0.Final,wildfly/wildfly,b062b90fadf6b35a181fddad2e4e2b13e3bbaaa9,1
5623,Wildfly,WFLY,3259,8.1.0.CR1,8.1.0.CR2,wildfly/wildfly,37048291008a3d84d3aa351e0453f8285cd9e2e6,3
5624,Wildfly,WFLY,3324,8.1.0.CR1,8.1.0.CR2,wildfly/wildfly,37048291008a3d84d3aa351e0453f8285cd9e2e6,1
5625,Wildfly,WFLY,3315,8.1.0.CR1,8.1.0.CR2,wildfly/wildfly,37048291008a3d84d3aa351e0453f8285cd9e2e6,2
5626,Wildfly,WFLY,3322,8.1.0.CR1,8.1.0.CR2,wildfly/wildfly,37048291008a3d84d3aa351e0453f8285cd9e2e6,17
5627,Wildfly,WFLY,3331,8.1.0.CR1,8.1.0.CR2,wildfly/wildfly,37048291008a3d84d3aa351e0453f8285cd9e2e6,1
5628,Wildfly,WFLY,3280,8.1.0.CR1,8.1.0.Final,wildfly/wildfly,37048291008a3d84d3aa351e0453f8285cd9e2e6,1
5629,Wildfly,WFLY,3365,8.1.0.CR2,8.1.0.Final,wildfly/wildfly,7dd6d2867a6c5f56ce567617151b2da5e98368e7,1
5630,Wildfly,WFLY,3345,8.1.0.CR2,9.0.0.Alpha1,wildfly/wildfly,7dd6d2867a6c5f56ce567617151b2da5e98368e7,1
5631,Wildfly,WFLY,3475,8.1.0.Final,9.0.0.Alpha1,wildfly/wildfly,8b650b900efc13247c8789df273aed98981443de,4
5632,Wildfly,WFLY,3448,8.1.0.Final,9.0.0.Alpha1,wildfly/wildfly,8b650b900efc13247c8789df273aed98981443de,2
5633,Wildfly,WFLY,3465,8.1.0.Final,9.0.0.Alpha1,wildfly/wildfly,8b650b900efc13247c8789df273aed98981443de,6
5634,Wildfly,WFLY,3499,8.1.0.Final,9.0.0.Alpha1,wildfly/wildfly,8b650b900efc13247c8789df273aed98981443de,1
5635,Wildfly,WFLY,3396,8.1.0.CR2,9.0.0.Alpha1,wildfly/wildfly,7dd6d2867a6c5f56ce567617151b2da5e98368e7,1
5636,Wildfly,WFLY,3533,8.1.0.Final,9.0.0.Alpha1,wildfly/wildfly,8b650b900efc13247c8789df273aed98981443de,1
5637,Wildfly,WFLY,3401,8.1.0.CR2,9.0.0.Alpha1,wildfly/wildfly,7dd6d2867a6c5f56ce567617151b2da5e98368e7,3
5638,Wildfly,WFLY,3568,8.1.0.Final,9.0.0.Alpha1,wildfly/wildfly,8b650b900efc13247c8789df273aed98981443de,1
5639,Wildfly,WFLY,3479,8.1.0.Final,9.0.0.Alpha1,wildfly/wildfly,8b650b900efc13247c8789df273aed98981443de,8
5640,Wildfly,WFLY,3627,8.1.0.Final,9.0.0.Alpha1,wildfly/wildfly,8b650b900efc13247c8789df273aed98981443de,1
5641,Wildfly,WFLY,3493,8.1.0.Final,9.0.0.Alpha1,wildfly/wildfly,8b650b900efc13247c8789df273aed98981443de,5
5642,Wildfly,WFLY,3507,8.1.0.Final,9.0.0.Alpha1,wildfly/wildfly,8b650b900efc13247c8789df273aed98981443de,1
5643,Wildfly,WFLY,3691,8.1.0.Final,9.0.0.Alpha1,wildfly/wildfly,8b650b900efc13247c8789df273aed98981443de,1
5644,Wildfly,WFLY,3738,8.1.0.Final,9.0.0.Alpha1,wildfly/wildfly,8b650b900efc13247c8789df273aed98981443de,1
5645,Wildfly,WFLY,3823,8.1.0.Final,9.0.0.Alpha1,wildfly/wildfly,8b650b900efc13247c8789df273aed98981443de,1
5646,Wildfly,WFLY,3847,8.1.0.Final,9.0.0.Alpha1,wildfly/wildfly,8b650b900efc13247c8789df273aed98981443de,1
5647,Wildfly,WFLY,3348,8.1.0.CR2,8.2.0.Final,wildfly/wildfly,7dd6d2867a6c5f56ce567617151b2da5e98368e7,1
5648,Wildfly,WFLY,3844,8.1.0.Final,9.0.0.Beta1,wildfly/wildfly,8b650b900efc13247c8789df273aed98981443de,1
5649,Wildfly,WFLY,3913,8.1.0.Final,9.0.0.CR1,wildfly/wildfly,8b650b900efc13247c8789df273aed98981443de,5
5650,Wildfly,WFLY,3968,8.1.0.Final,8.2.0.Final,wildfly/wildfly,8b650b900efc13247c8789df273aed98981443de,1
5651,Wildfly,WFLY,3989,8.1.0.Final,9.0.0.Beta1,wildfly/wildfly,8b650b900efc13247c8789df273aed98981443de,3
5652,Wildfly,WFLY,3939,8.1.0.Final,8.2.0.Final,wildfly/wildfly,8b650b900efc13247c8789df273aed98981443de,1
5653,Wildfly,WFLY,3972,8.1.0.Final,8.2.0.Final,wildfly/wildfly,8b650b900efc13247c8789df273aed98981443de,2
5654,Wildfly,WFLY,3830,8.1.0.Final,9.0.0.Beta1,wildfly/wildfly,8b650b900efc13247c8789df273aed98981443de,1
5655,Wildfly,WFLY,3429,8.1.0.Final,9.0.0.CR1,wildfly/wildfly,8b650b900efc13247c8789df273aed98981443de,1
5656,Wildfly,WFLY,4074,8.1.0.Final,9.0.0.Beta1,wildfly/wildfly,8b650b900efc13247c8789df273aed98981443de,2
5657,Wildfly,WFLY,3683,8.1.0.Final,9.0.0.Beta1,wildfly/wildfly,8b650b900efc13247c8789df273aed98981443de,1
5658,Wildfly,WFLY,4008,8.1.0.Final,9.0.0.Beta1,wildfly/wildfly,8b650b900efc13247c8789df273aed98981443de,1
5659,Wildfly,WFLY,3718,8.1.0.Final,9.0.0.Beta1,wildfly/wildfly,8b650b900efc13247c8789df273aed98981443de,2
5660,Wildfly,WFLY,3548,8.1.0.Final,9.0.0.Beta1,wildfly/wildfly,8b650b900efc13247c8789df273aed98981443de,3
5661,Wildfly,WFLY,3512,8.1.0.Final,9.0.0.Beta1,wildfly/wildfly,8b650b900efc13247c8789df273aed98981443de,7
5662,Wildfly,WFLY,4347,8.1.0.Final,9.0.0.Beta1,wildfly/wildfly,8b650b900efc13247c8789df273aed98981443de,1
5663,Wildfly,WFLY,3657,8.1.0.Final,9.0.0.Beta1,wildfly/wildfly,8b650b900efc13247c8789df273aed98981443de,2
5664,Wildfly,WFLY,3988,8.1.0.Final,9.0.0.Beta1,wildfly/wildfly,8b650b900efc13247c8789df273aed98981443de,1
5665,Wildfly,WFLY,3518,8.1.0.Final,9.0.0.CR2,wildfly/wildfly,8b650b900efc13247c8789df273aed98981443de,1
5666,Wildfly,WFLY,3334,8.1.0.CR1,10.0.0.Alpha5,wildfly/wildfly,37048291008a3d84d3aa351e0453f8285cd9e2e6,6
5667,Wildfly,WFLY,5006,8.1.0.Final,10.0.0.Beta1,wildfly/wildfly,8b650b900efc13247c8789df273aed98981443de,2
5668,Wildfly,WFLY,4106,8.2.0.Final,9.0.0.Beta1,wildfly/wildfly,cad226d05a0ac1edaca2d36f805abf70c1c44852,1
5669,Wildfly,WFLY,4149,8.2.0.Final,9.0.0.Beta1,wildfly/wildfly,cad226d05a0ac1edaca2d36f805abf70c1c44852,1
5670,Wildfly,WFLY,4139,8.2.0.Final,9.0.0.Beta1,wildfly/wildfly,cad226d05a0ac1edaca2d36f805abf70c1c44852,4
5671,Wildfly,WFLY,4210,8.2.0.Final,9.0.0.Beta1,wildfly/wildfly,cad226d05a0ac1edaca2d36f805abf70c1c44852,1
5672,Wildfly,WFLY,4205,8.2.0.Final,9.0.0.Beta1,wildfly/wildfly,cad226d05a0ac1edaca2d36f805abf70c1c44852,1
5673,Wildfly,WFLY,4250,8.2.0.Final,9.0.0.Beta1,wildfly/wildfly,cad226d05a0ac1edaca2d36f805abf70c1c44852,1
5674,Wildfly,WFLY,4323,8.2.0.Final,9.0.0.Beta1,wildfly/wildfly,cad226d05a0ac1edaca2d36f805abf70c1c44852,1
5675,Wildfly,WFLY,4388,8.2.0.Final,9.0.0.Beta1,wildfly/wildfly,cad226d05a0ac1edaca2d36f805abf70c1c44852,2
5676,Wildfly,WFLY,4320,8.2.0.Final,9.0.0.Beta1,wildfly/wildfly,cad226d05a0ac1edaca2d36f805abf70c1c44852,9
5677,Wildfly,WFLY,4438,8.2.0.Final,9.0.0.Beta1,wildfly/wildfly,cad226d05a0ac1edaca2d36f805abf70c1c44852,2
5678,Wildfly,WFLY,4579,8.2.0.Final,9.0.0.CR2,wildfly/wildfly,cad226d05a0ac1edaca2d36f805abf70c1c44852,1
5679,Wildfly,WFLY,4464,8.2.0.Final,9.0.0.CR1,wildfly/wildfly,cad226d05a0ac1edaca2d36f805abf70c1c44852,4
5680,Wildfly,WFLY,4120,8.2.0.Final,10.0.0.Alpha3,wildfly/wildfly,cad226d05a0ac1edaca2d36f805abf70c1c44852,1
5681,Wildfly,WFLY,4754,8.2.0.Final,10.0.0.Alpha4,wildfly/wildfly,cad226d05a0ac1edaca2d36f805abf70c1c44852,1
5682,Wildfly,WFLY,4198,8.2.0.Final,10.0.0.Alpha6,wildfly/wildfly,cad226d05a0ac1edaca2d36f805abf70c1c44852,2
5683,Wildfly,WFLY,4844,8.2.0.Final,10.0.0.Alpha6,wildfly/wildfly,cad226d05a0ac1edaca2d36f805abf70c1c44852,5
5684,Wildfly,WFLY,4340,8.2.0.Final,10.0.0.Beta1,wildfly/wildfly,cad226d05a0ac1edaca2d36f805abf70c1c44852,1
5685,Wildfly,WFLY,4339,8.2.0.Final,10.0.0.Beta2,wildfly/wildfly,cad226d05a0ac1edaca2d36f805abf70c1c44852,2
5686,Wildfly,WFLY,6672,8.2.0.Final,10.1.0.Final,wildfly/wildfly,cad226d05a0ac1edaca2d36f805abf70c1c44852,1
5687,Wildfly,WFLY,4908,8.2.0.Final,10.1.0.Final,wildfly/wildfly,cad226d05a0ac1edaca2d36f805abf70c1c44852,1
5688,Wildfly,WFLY,5995,8.2.1.Final,10.0.0.Final,wildfly/wildfly,cca2eee168169f0fe6c8ffe96bd9122d3b0a11e2,2
5708,Wildfly,WFLY,4470,9.0.0.Beta2,9.0.0.CR1,wildfly/wildfly,4b6828ba90ba25d1c0f126d9c6fcd24c38472ec3,2
5709,Wildfly,WFLY,4475,9.0.0.Beta2,9.0.0.CR1,wildfly/wildfly,4b6828ba90ba25d1c0f126d9c6fcd24c38472ec3,2
5711,Wildfly,WFLY,4483,9.0.0.Beta2,9.0.0.CR1,wildfly/wildfly,4b6828ba90ba25d1c0f126d9c6fcd24c38472ec3,1
5712,Wildfly,WFLY,4489,9.0.0.Beta2,9.0.0.CR1,wildfly/wildfly,4b6828ba90ba25d1c0f126d9c6fcd24c38472ec3,1
5713,Wildfly,WFLY,4498,9.0.0.Beta2,9.0.0.CR1,wildfly/wildfly,4b6828ba90ba25d1c0f126d9c6fcd24c38472ec3,1
5714,Wildfly,WFLY,4511,9.0.0.Beta2,9.0.0.CR1,wildfly/wildfly,4b6828ba90ba25d1c0f126d9c6fcd24c38472ec3,1
5716,Wildfly,WFLY,2881,9.0.0.Beta2,8.1.0.Final,wildfly/wildfly,4b6828ba90ba25d1c0f126d9c6fcd24c38472ec3,2
5717,Wildfly,WFLY,4604,9.0.0.CR1,9.0.0.CR2,wildfly/wildfly,89ba74569dbaafa2354d48d7586adf2d0887bc10,1
5718,Wildfly,WFLY,4624,9.0.0.CR1,9.0.0.CR2,wildfly/wildfly,89ba74569dbaafa2354d48d7586adf2d0887bc10,3
5723,Wildfly,WFLY,4660,9.0.0.CR1,10.0.0.Alpha2,wildfly/wildfly,89ba74569dbaafa2354d48d7586adf2d0887bc10,3
5724,Wildfly,WFLY,4548,9.0.0.Beta2,9.0.0.CR2,wildfly/wildfly,4b6828ba90ba25d1c0f126d9c6fcd24c38472ec3,1
5725,Wildfly,WFLY,4549,9.0.0.Beta2,9.0.0.CR2,wildfly/wildfly,4b6828ba90ba25d1c0f126d9c6fcd24c38472ec3,1
5726,Wildfly,WFLY,4668,9.0.0.CR1,10.0.0.Alpha3,wildfly/wildfly,89ba74569dbaafa2354d48d7586adf2d0887bc10,2
5727,Wildfly,WFLY,4644,9.0.0.CR1,10.0.0.Alpha3,wildfly/wildfly,89ba74569dbaafa2354d48d7586adf2d0887bc10,4
5728,Wildfly,WFLY,4736,9.0.0.CR1,9.0.0.CR2,wildfly/wildfly,89ba74569dbaafa2354d48d7586adf2d0887bc10,2
5729,Wildfly,WFLY,4720,9.0.0.CR1,9.0.0.CR2,wildfly/wildfly,89ba74569dbaafa2354d48d7586adf2d0887bc10,1
5730,Wildfly,WFLY,4746,9.0.0.CR1,9.0.0.CR2,wildfly/wildfly,89ba74569dbaafa2354d48d7586adf2d0887bc10,1
5731,Wildfly,WFLY,4635,9.0.0.CR1,10.0.0.Alpha3,wildfly/wildfly,89ba74569dbaafa2354d48d7586adf2d0887bc10,1
5732,Wildfly,WFLY,4715,9.0.0.CR1,10.0.0.Alpha3,wildfly/wildfly,89ba74569dbaafa2354d48d7586adf2d0887bc10,1
5733,Wildfly,WFLY,4777,9.0.0.CR2,9.0.0.Final,wildfly/wildfly,b1ac71d52b504dbf740b13472b7c38852fa77eec,1
5734,Wildfly,WFLY,4757,9.0.0.CR1,9.0.0.Final,wildfly/wildfly,89ba74569dbaafa2354d48d7586adf2d0887bc10,3
5735,Wildfly,WFLY,4612,9.0.0.CR1,10.0.0.Alpha4,wildfly/wildfly,89ba74569dbaafa2354d48d7586adf2d0887bc10,2
5736,Wildfly,WFLY,4748,9.0.0.CR1,10.0.0.Alpha6,wildfly/wildfly,89ba74569dbaafa2354d48d7586adf2d0887bc10,1
5737,Wildfly,WFLY,4792,9.0.0.CR2,10.0.0.Beta1,wildfly/wildfly,b1ac71d52b504dbf740b13472b7c38852fa77eec,15
5740,Wildfly,WFLY,5426,9.0.0.Final,10.0.0.CR3,wildfly/wildfly,bb382e0b0c80920ae33d9ef4bb568a28cc7e8477,2
5741,Wildfly,WFLY,4678,9.0.0.CR1,10.0.0.Final,wildfly/wildfly,89ba74569dbaafa2354d48d7586adf2d0887bc10,3
5743,Wildfly,WFLY,835,9.0.0.CR2,11.0.0.Alpha1,wildfly/wildfly,b1ac71d52b504dbf740b13472b7c38852fa77eec,1
5744,Wildfly,WFLY,5140,9.0.1.Final,10.0.0.CR1,wildfly/wildfly,56d0d601c396dcfca53e1fe1ab0322869f3e1dc3,2
5745,Wildfly,WFLY,5777,9.0.1.Final,10.0.0.CR5,wildfly/wildfly,56d0d601c396dcfca53e1fe1ab0322869f3e1dc3,2
5746,Wildfly,WFLY,5612,9.0.2.Final,10.0.0.CR5,wildfly/wildfly,3fbeffe9495e0a7073eedd4a5bfb3a1de6d8f201,1
5747,Wildfly,WFLY,5907,9.0.2.Final,10.1.0.Final,wildfly/wildfly,3fbeffe9495e0a7073eedd4a5bfb3a1de6d8f201,1
5748,Wildfly,WFLY,6127,9.0.2.Final,10.1.0.Final,wildfly/wildfly,3fbeffe9495e0a7073eedd4a5bfb3a1de6d8f201,6
5749,Wildfly,WFLY,7163,9.0.2.Final,11.0.0.Alpha1,wildfly/wildfly,3fbeffe9495e0a7073eedd4a5bfb3a1de6d8f201,1
5750,Wildfly,WFMP,14,1.1.0.Alpha3,1.1.0.Alpha4,wildfly/wildfly-maven-plugin,db74cad0245abc14b0d1d2c8f84a722251a50c3d,2
5751,Wildfly,WFMP,26,1.1.0.Alpha5,1.1.0.Alpha7,wildfly/wildfly-maven-plugin,cab3e5cc39bec0fcd31801165600cbe0b41268bb,1
5752,Wildfly,WFMP,58,1.1.0.Alpha11,1.1.0.Beta1,wildfly/wildfly-maven-plugin,560bd1b6ac9984ef4c40f7aad4c213c78712d46f,2
5753,Wildfly,ELY,16120806,2.4.2.Final,2.6.0.Final,wildfly-security/wildfly-elytron,1dfa97fb282dad2b438a8dc7636398860a9d51e1,1
5754,Wildfly,ELY,15628862,2.1.0.Final,2.6.0.Final,wildfly-security/wildfly-elytron,b201a05f41e0e7b8bbedb05e275f6ee4a696a625,2
5755,Wildfly,ELY,15470180,2.2.2.Final,2.2.4.Final,wildfly-security/wildfly-elytron,b9d3be1853e66209d1ed15057b5d067d4116e9f9,1
5756,Wildfly,ELY,15212591,2.1.0.Final,2.2.0.Final,wildfly-security/wildfly-elytron,b201a05f41e0e7b8bbedb05e275f6ee4a696a625,2
5757,Wildfly,ELY,15118370,2.1.0.Final,2.2.0.Final,wildfly-security/wildfly-elytron,b201a05f41e0e7b8bbedb05e275f6ee4a696a625,2
5758,Wildfly,ELY,15012575,1.15.15.Final,1.15.16.Final,wildfly-security/wildfly-elytron,be47dedc17c4bb8b7f4e8bdc7659196bc7c24745,2
5759,Wildfly,ELY,14924854,1.19.1.Final,1.15.18.Final,wildfly-security/wildfly-elytron,f99d577fe1446e2a376575d9a626dbd4160a8458,1
5760,Wildfly,ELY,14821235,1.20.1.Final,1.20.2.Final,wildfly-security/wildfly-elytron,96c377b046f798d6dd7cd7ebdd42f04ef83d7a02,2
5761,Wildfly,ELY,14789919,1.20.1.Final,1.20.3.Final,wildfly-security/wildfly-elytron,96c377b046f798d6dd7cd7ebdd42f04ef83d7a02,1
5762,Wildfly,ELY,14738113,1.18.3.Final,1.19.1.Final,wildfly-security/wildfly-elytron,63c6c7cfc807e06c965b6b9a322e796f023a24ae,1
5763,Wildfly,ELY,14706845,1.19.0.Final,1.20.1.Final,wildfly-security/wildfly-elytron,da0900cfe43bbe286af2bb8d10afadd3ae031b83,1
5764,Wildfly,ELY,14548180,1.15.11.Final,1.15.12.Final,wildfly-security/wildfly-elytron,fc18f139bc82939f9856e6906386d9b17e0d2af5,2
5765,Wildfly,ELY,14498593,1.19.0.Final,1.15.13.Final,wildfly-security/wildfly-elytron,da0900cfe43bbe286af2bb8d10afadd3ae031b83,2
5766,Wildfly,ELY,14468539,1.15.11.Final,1.15.12.Final,wildfly-security/wildfly-elytron,fc18f139bc82939f9856e6906386d9b17e0d2af5,2
5769,Wildfly,ELY,14420483,1.18.1.Final,1.18.2.Final,wildfly-security/wildfly-elytron,21159aece17f320eb5f6ee8c82193a833d558e22,2
5770,Wildfly,ELY,14319728,1.17.2.Final,1.18.0.Final,wildfly-security/wildfly-elytron,0881f795d85b7f7fdb72bf33a3eb31157148dd77,2
5771,Wildfly,ELY,14214039,1.16.1.Final,1.17.1.Final,wildfly-security/wildfly-elytron,ee74e5ad16d7b074676315e57e926b3def6d3366,9
5772,Wildfly,ELY,14214038,1.16.1.Final,1.17.0.Final,wildfly-security/wildfly-elytron,ee74e5ad16d7b074676315e57e926b3def6d3366,2
5773,Wildfly,ELY,14209264,1.15.5.Final,1.18.1.Final,wildfly-security/wildfly-elytron,250f676d8f72feec29b00a973facc82aa2604e79,1
5774,Wildfly,ELY,14206620,1.10.14.Final,1.10.15.Final,wildfly-security/wildfly-elytron,c81df0bd62298f925f8a2a523434721c36d11a93,4
5775,Wildfly,ELY,13371654,1.15.4.Final,1.16.0.Final,wildfly-security/wildfly-elytron,6bfd727f141c1a1fea45bfb5e6b99417b2b3716b,1
5776,Wildfly,ELY,13331819,1.15.3.Final,1.15.4.Final,wildfly-security/wildfly-elytron,29970b9ece948a0495887b50603804861625488f,1
5777,Wildfly,ELY,13314357,1.14.1.Final,1.16.0.CR1,wildfly-security/wildfly-elytron,85eea15cb4ab44e012671e664446b7549dd1c48c,2
5778,Wildfly,ELY,13304179,1.15.3.Final,1.15.4.Final,wildfly-security/wildfly-elytron,29970b9ece948a0495887b50603804861625488f,2
5779,Wildfly,ELY,13300239,1.15.2.Final,1.15.3.Final,wildfly-security/wildfly-elytron,c700c09c6783746b03848287de0ec184c3f632ff,2
5780,Wildfly,ELY,13230384,1.14.1.Final,1.14.2.Final,wildfly-security/wildfly-elytron,85eea15cb4ab44e012671e664446b7549dd1c48c,1
5781,Wildfly,ELY,13211129,1.14.0.Final,1.14.2.Final,wildfly-security/wildfly-elytron,ef006d2be0266baab21ed70d1758aa076da7ea6a,2
5782,Wildfly,ELY,13202306,1.14.0.Final,1.14.2.Final,wildfly-security/wildfly-elytron,ef006d2be0266baab21ed70d1758aa076da7ea6a,1
5783,Wildfly,ELY,13186007,1.10.9.Final,1.10.10.Final,wildfly-security/wildfly-elytron,f82b3c0e1dd70236739603a08641c2701a3ec5fc,3
5785,Wildfly,ELY,13173155,1.13.1.Final,1.13.2.Final,wildfly-security/wildfly-elytron,8d3ae4d65357a5e8dafa3b0e9ef702c2b479f724,1
5786,Wildfly,ELY,13165011,1.13.0.Final,1.13.2.Final,wildfly-security/wildfly-elytron,8f19a930dfa68c99b3fc9e0555d45ae957705bd6,1
5788,Wildfly,ELY,12947301,1.12.0.Final,1.13.0.CR1,wildfly-security/wildfly-elytron,826ccb5e0d8ac1b3583c473c96a4b940be6b4cec,1
5790,Wildfly,ELY,12836723,1.11.0.CR1,1.11.0.CR2,wildfly-security/wildfly-elytron,52f52c3f33d1fc760532844a78981a8ef7f7b8dd,3
5791,Wildfly,ELY,12834551,1.10.2.Final,1.10.4.Final,wildfly-security/wildfly-elytron,98c2952739741a1f69bbb80ae7dcf867ae406f06,1
5792,Wildfly,ELY,12833260,1.11.0.CR1,1.10.5.Final,wildfly-security/wildfly-elytron,52f52c3f33d1fc760532844a78981a8ef7f7b8dd,2
5793,Wildfly,ELY,12826861,2.0.0.Alpha4,2.0.0.Alpha6,wildfly-security/wildfly-elytron,c938848e17450d439172497f08f5e80e4703bc8d,1
5795,Wildfly,ELY,12819208,1.10.0.CR3,1.18.0.Final,wildfly-security/wildfly-elytron,270a3d78dd7a4801ded32818eef260b115b878ba,7
5796,Wildfly,ELY,12819108,1.10.0.CR3,1.10.0.CR4,wildfly-security/wildfly-elytron,270a3d78dd7a4801ded32818eef260b115b878ba,2
5797,Wildfly,ELY,12817941,1.9.1.Final,1.10.0.CR4,wildfly-security/wildfly-elytron,6d4dc2215344912c7e6e05b59c53726710f4e94b,5
5798,Wildfly,ELY,12815121,1.10.0.CR2,1.11.0.CR4,wildfly-security/wildfly-elytron,a1f9116f89553bad8f76cf7b8a34564b06c174a8,1
5799,Wildfly,ELY,12811678,1.6.2.Final,1.6.3.Final,wildfly-security/wildfly-elytron,e33bf38f7213858803d4ef5c6a90023c8809914e,1
5800,Wildfly,ELY,12803123,2.0.0.Alpha4,2.0.0.Alpha5,wildfly-security/wildfly-elytron,c938848e17450d439172497f08f5e80e4703bc8d,1
5802,Wildfly,ELY,12774348,1.7.0.CR2,1.8.0.CR1,wildfly-security/wildfly-elytron,699819dbdc9e9608c2aaf3478c568f6105b9e133,2
5803,Wildfly,ELY,12774093,1.7.0.CR2,1.7.0.CR3,wildfly-security/wildfly-elytron,699819dbdc9e9608c2aaf3478c568f6105b9e133,1
5804,Wildfly,ELY,12773460,1.7.0.CR2,1.7.0.CR3,wildfly-security/wildfly-elytron,699819dbdc9e9608c2aaf3478c568f6105b9e133,1
5805,Wildfly,ELY,12773251,1.7.0.CR2,1.8.0.Final,wildfly-security/wildfly-elytron,699819dbdc9e9608c2aaf3478c568f6105b9e133,1
5806,Wildfly,ELY,12771320,1.6.1.Final,1.7.0.Final,wildfly-security/wildfly-elytron,bb0921f1600f0d36ebcfadbca5e5e17c8e5cd759,1
5807,Wildfly,ELY,12771217,1.7.0.CR1,1.8.0.Final,wildfly-security/wildfly-elytron,42cd48280e06240a5a431d64ae406fd007d24533,1
5808,Wildfly,ELY,12769156,1.6.0.Final,1.6.1.Final,wildfly-security/wildfly-elytron,38def8326fc3cbadc147f65eee59c11566f150ae,1
5809,Wildfly,ELY,12769103,1.6.0.Final,1.8.0.CR1,wildfly-security/wildfly-elytron,38def8326fc3cbadc147f65eee59c11566f150ae,1
5811,Wildfly,ELY,12762858,1.5.1.Final,1.5.2.Final,wildfly-security/wildfly-elytron,1d166a240dfc0973ba104efeb0362c82506b3b91,1
5812,Wildfly,ELY,12762106,1.4.0.Final,1.5.1.Final,wildfly-security/wildfly-elytron,ed10cec118aebe682c66b41998483b1713332401,1
5814,Wildfly,ELY,12758946,1.4.0.Final,1.5.0.Final,wildfly-security/wildfly-elytron,ed10cec118aebe682c66b41998483b1713332401,1
5815,Wildfly,ELY,12758147,1.3.3.Final,1.5.0.Final,wildfly-security/wildfly-elytron,63f2805a804072dbd441991e5ab7791c7b990801,1
5816,Wildfly,WFCORE,16239901,26.0.0.Beta3,26.0.0.Final,wildfly/wildfly-core,c90f884c5b988de55ce3a5df8917eb8752d9fc6c,1
5817,Wildfly,WFCORE,16240014,27.0.0.Beta1,27.0.0.Final,wildfly/wildfly-core,f9872edc47acec23fcf4b22736cd3fad492db3ff,1
5818,Wildfly,WFCORE,16213415,26.0.0.Beta1,26.0.0.Beta2,wildfly/wildfly-core,907d8d8a08feedbe6e6a468b6209a47fab6fcf4b,1
5820,Wildfly,WFCORE,16094102,25.0.0.Beta4,25.0.0.Beta5,wildfly/wildfly-core,99e67bf0a8fec437e00ba2f801c8f208a28cd78c,3
5821,Wildfly,WFCORE,16052425,25.0.0.Beta2,25.0.0.Beta3,wildfly/wildfly-core,2d0027730ebc9f4fab07e4d6cd3cda3cde93cf15,1
5822,Wildfly,WFCORE,16038789,25.0.0.Beta2,25.0.0.Beta3,wildfly/wildfly-core,2d0027730ebc9f4fab07e4d6cd3cda3cde93cf15,1
5824,Wildfly,WFCORE,15994964,25.0.0.Beta1,25.0.0.Beta2,wildfly/wildfly-core,98ceedf4d0e080740c579a2c0105ee5901aac010,1
5825,Wildfly,WFCORE,15988571,25.0.0.Beta1,25.0.0.Beta2,wildfly/wildfly-core,98ceedf4d0e080740c579a2c0105ee5901aac010,1
5826,Wildfly,WFCORE,15988537,25.0.0.Beta1,25.0.0.Beta2,wildfly/wildfly-core,98ceedf4d0e080740c579a2c0105ee5901aac010,1
5828,Wildfly,WFCORE,15887301,24.0.0.Beta2,24.0.0.Final,wildfly/wildfly-core,e9de4d015dc7051ad93180c4cc79bd3fdc2bfe56,1
5829,Wildfly,WFCORE,15887517,24.0.0.Beta2,24.0.0.Beta3,wildfly/wildfly-core,e9de4d015dc7051ad93180c4cc79bd3fdc2bfe56,1
5832,Wildfly,WFCORE,15865942,24.0.0.Beta3,24.0.0.Final,wildfly/wildfly-core,c95416b77e5ae114afce3330f19b5e72dedde475,5
5833,Wildfly,WFCORE,15842874,24.0.0.Beta2,24.0.0.Beta3,wildfly/wildfly-core,e9de4d015dc7051ad93180c4cc79bd3fdc2bfe56,2
5834,Wildfly,WFCORE,15842767,24.0.0.Beta1,24.0.0.Beta3,wildfly/wildfly-core,e561a8736e0a6e02cc6e3ca41ff3fa3c1d760a3e,1
5835,Wildfly,WFCORE,15743694,24.0.0.Beta1,24.0.0.Beta2,wildfly/wildfly-core,e561a8736e0a6e02cc6e3ca41ff3fa3c1d760a3e,1
5836,Wildfly,WFCORE,15723710,23.0.0.Beta5,23.0.0.Final,wildfly/wildfly-core,35fdd3c2935e4eadca2571004f3ffef95e9bdab9,4
5837,Wildfly,WFCORE,15688080,23.0.0.Beta4,23.0.0.Beta5,wildfly/wildfly-core,a5a13a99b570b7fe1bc03deb76aeeb988a831048,5
5838,Wildfly,WFCORE,15680796,23.0.0.Beta3,23.0.0.Beta5,wildfly/wildfly-core,3ec50374458ae9155f0d595e7eee02dddca72631,2
5839,Wildfly,WFCORE,15491059,22.0.0.Beta2,22.0.0.Beta3,wildfly/wildfly-core,65996d58736fbb874b12709461bbdc3630c97067,1
5840,Wildfly,WFCORE,15181132,20.0.0.Beta8,20.0.0.Final,wildfly/wildfly-core,013ba8bb025e7894733302b5b0823d44f23911c8,1
5841,Wildfly,WFCORE,15164080,20.0.0.Beta7,20.0.0.Final,wildfly/wildfly-core,13e32710a388e75657806216273f73401a5965cf,2
5842,Wildfly,WFCORE,15135238,20.0.0.Beta8,20.0.0.Final,wildfly/wildfly-core,013ba8bb025e7894733302b5b0823d44f23911c8,1
5844,Wildfly,WFCORE,15015807,20.0.0.Beta5,20.0.0.Final,wildfly/wildfly-core,7163f1d363e26261a8bed0467b447ad1ab71de11,1
5846,Wildfly,WFCORE,14979717,19.0.0.Final,19.0.1.Final,wildfly/wildfly-core,a71d0b514220bafcec5ce19ba3d02e1428f0e200,1
5847,Wildfly,WFCORE,14958980,19.0.0.Final,19.0.1.Final,wildfly/wildfly-core,a71d0b514220bafcec5ce19ba3d02e1428f0e200,2
5848,Wildfly,WFCORE,14958964,19.0.0.Final,19.0.1.Final,wildfly/wildfly-core,a71d0b514220bafcec5ce19ba3d02e1428f0e200,2
5849,Wildfly,WFCORE,14957125,20.0.0.Beta3,20.0.0.Beta4,wildfly/wildfly-core,5123b52676bd7b2c45f2a8af123e3132b2c1dd25,6
5850,Wildfly,WFCORE,14954369,20.0.0.Beta3,20.0.0.Beta4,wildfly/wildfly-core,5123b52676bd7b2c45f2a8af123e3132b2c1dd25,9
5851,Wildfly,WFCORE,14947582,20.0.0.Beta2,20.0.0.Beta5,wildfly/wildfly-core,83dbfde97e26a463794051e9079477c977cbb449,7
5852,Wildfly,WFCORE,14946763,20.0.0.Beta2,20.0.0.Beta4,wildfly/wildfly-core,83dbfde97e26a463794051e9079477c977cbb449,3
5853,Wildfly,WFCORE,14864041,19.0.0.Beta18,19.0.0.Final,wildfly/wildfly-core,ab0d2bfbf3732c7c9aed9511677486c9e670e2dc,1
5855,Wildfly,WFCORE,14726143,19.0.0.Beta12,19.0.0.Beta17,wildfly/wildfly-core,75eb366d4dddcced967ae37ac5c174af1d33ac29,2
5856,Wildfly,WFCORE,14725857,19.0.0.Beta12,19.0.0.Beta15,wildfly/wildfly-core,75eb366d4dddcced967ae37ac5c174af1d33ac29,1
5857,Wildfly,WFCORE,14713988,19.0.0.Beta12,19.0.0.Beta13,wildfly/wildfly-core,75eb366d4dddcced967ae37ac5c174af1d33ac29,2
5858,Wildfly,WFCORE,14713987,19.0.0.Beta12,19.0.0.Beta13,wildfly/wildfly-core,75eb366d4dddcced967ae37ac5c174af1d33ac29,2
5859,Wildfly,WFCORE,14707479,19.0.0.Beta12,19.0.0.Beta13,wildfly/wildfly-core,75eb366d4dddcced967ae37ac5c174af1d33ac29,2
5860,Wildfly,WFCORE,14656752,18.1.0.Final,18.1.2.Final,wildfly/wildfly-core,7079fe70e233e0031620b7f70c2ce7953142916f,2
5862,Wildfly,WFCORE,14634206,19.0.0.Beta9,19.0.0.Final,wildfly/wildfly-core,0ea03f3b38a31effcf2b7acf07c2d974632d16d2,2
5864,Wildfly,WFCORE,14626882,19.0.0.Beta8,19.0.0.Final,wildfly/wildfly-core,1a7ee682150a1b1a3862f526f90b5897bc7746ea,1
5865,Wildfly,WFCORE,14609643,19.0.0.Beta7,19.0.0.Beta9,wildfly/wildfly-core,f4b93d15f3dd617cf3f9b68a0d342971aa7074b6,2
5866,Wildfly,WFCORE,14607700,19.0.0.Beta7,19.0.0.Beta9,wildfly/wildfly-core,f4b93d15f3dd617cf3f9b68a0d342971aa7074b6,1
5868,Wildfly,WFCORE,14536656,19.0.0.Beta5,19.0.0.Beta12,wildfly/wildfly-core,8f395f3c0bd65c0582223631f724d4165476c2e5,3
5869,Wildfly,WFCORE,14463233,19.0.0.Beta3,19.0.0.Beta6,wildfly/wildfly-core,d6cf65403da305530f2fa9755fbd1569303ed25c,2
5870,Wildfly,WFCORE,14316293,18.0.0.Beta2,18.0.0.Beta4,wildfly/wildfly-core,2b99a78f24bbe103323f545a0fdd2236df18c374,1
5871,Wildfly,WFCORE,14309496,18.0.0.Beta2,18.0.0.Beta3,wildfly/wildfly-core,2b99a78f24bbe103323f545a0fdd2236df18c374,1
5872,Wildfly,WFCORE,14294888,18.0.0.Beta1,18.0.0.Beta3,wildfly/wildfly-core,4f112f2091f65d9cc9af5cafe0c991f89c90643e,1
5873,Wildfly,WFCORE,14253497,17.0.0.Beta7,17.0.0.Final,wildfly/wildfly-core,20e21dbdb5015ffff0733e153110b4bdc3e05bbe,2
5874,Wildfly,WFCORE,14246586,17.0.0.Beta7,17.0.0.Final,wildfly/wildfly-core,20e21dbdb5015ffff0733e153110b4bdc3e05bbe,1
5875,Wildfly,WFCORE,14246522,17.0.0.Beta7,17.0.0.Final,wildfly/wildfly-core,20e21dbdb5015ffff0733e153110b4bdc3e05bbe,1
5876,Wildfly,WFCORE,13425825,17.0.0.Beta2,17.0.0.Beta5,wildfly/wildfly-core,b01b08b9d947af08a1dadad55e1a737e2d1258d4,1
5877,Wildfly,WFCORE,13422642,17.0.0.Beta2,17.0.0.Beta5,wildfly/wildfly-core,b01b08b9d947af08a1dadad55e1a737e2d1258d4,5
5878,Wildfly,WFCORE,13414378,16.0.0.Final,16.0.1.Final,wildfly/wildfly-core,e4c3677ae89ecbf68cbc23900fa2fb378db51771,2
5879,Wildfly,WFCORE,13373364,16.0.0.Beta5,16.0.0.Final,wildfly/wildfly-core,45e59d8aa44f6cc9dbd1f565eb0b120d8c3aa5b5,1
5880,Wildfly,WFCORE,13337569,16.0.0.Beta4,16.0.0.Final,wildfly/wildfly-core,199f6e03ed41ca9010641f5125ca82b147c3d35b,1
5882,Wildfly,WFCORE,13288275,15.0.0.Final,15.0.1.Final,wildfly/wildfly-core,b7772f5e2523a18c5d6fce04553f85204359047b,1
5883,Wildfly,WFCORE,13201579,14.0.0.Beta2,14.0.0.Beta3,wildfly/wildfly-core,521fffa254c2b97e44609034b011958ea191a3e4,3
5884,Wildfly,WFCORE,13194115,14.0.0.Beta1,14.0.0.Beta3,wildfly/wildfly-core,ace4de8ab3663217beb072a885f2a4c3139247c4,1
5885,Wildfly,WFCORE,13184752,13.0.1.Final,13.0.2.Final,wildfly/wildfly-core,5007ef807eec22fa2163ba667bfcf2e766716c9b,1
5886,Wildfly,WFCORE,13004701,13.0.0.Beta5,13.0.0.Final,wildfly/wildfly-core,237e8c1eb380f0c3519f5129254b90269b500a60,3
5887,Wildfly,WFCORE,12989287,13.0.0.Beta3,13.0.0.Beta6,wildfly/wildfly-core,7ad9027d57f8bedeff1007c874bcc7116b762de1,1
5888,Wildfly,WFCORE,12987897,13.0.0.Beta2,13.0.0.Beta4,wildfly/wildfly-core,6e37c0e32917c648203c2290d2ca89071c491a6a,1
5889,Wildfly,WFCORE,12980589,13.0.0.Beta2,13.0.0.Beta3,wildfly/wildfly-core,6e37c0e32917c648203c2290d2ca89071c491a6a,1
5890,Wildfly,WFCORE,12970923,13.0.0.Beta1,13.0.0.Beta2,wildfly/wildfly-core,b7c2db4d5746fe66ac92376e4c304d49912372c9,1
5892,Wildfly,WFCORE,12953395,13.0.0.Beta1,13.0.0.Final,wildfly/wildfly-core,b7c2db4d5746fe66ac92376e4c304d49912372c9,1
5893,Wildfly,WFCORE,12936243,12.0.0.Beta1,12.0.0.Final,wildfly/wildfly-core,80c2f90ef1e4500f638151c498b770212b80a11d,2
5894,Wildfly,WFCORE,12932721,12.0.0.Beta1,12.0.0.Beta2,wildfly/wildfly-core,80c2f90ef1e4500f638151c498b770212b80a11d,1
5895,Wildfly,WFCORE,12930320,12.0.0.Beta2,12.0.0.Final,wildfly/wildfly-core,e456d40d87098309278dffd74333566365d9e0aa,1
5896,Wildfly,WFCORE,12929952,12.0.0.Beta1,12.0.0.Beta2,wildfly/wildfly-core,80c2f90ef1e4500f638151c498b770212b80a11d,5
5897,Wildfly,WFCORE,12928147,11.0.0.Final,11.1.0.Final,wildfly/wildfly-core,f620c0f6c8463114971df4489125e87cbe44e322,1
5898,Wildfly,WFCORE,12840846,11.0.0.Beta3,11.0.0.Beta4,wildfly/wildfly-core,9748f253f0d1a399ab2112b60f1c60a6b092f708,1
5899,Wildfly,WFCORE,12840661,11.0.0.Beta3,11.0.0.Beta5,wildfly/wildfly-core,9748f253f0d1a399ab2112b60f1c60a6b092f708,2
5900,Wildfly,WFCORE,12827612,10.0.0.Beta4,10.0.0.Beta9,wildfly/wildfly-core,437aff48b3832fddfd415e37cea0cce5f339d9c6,1
5901,Wildfly,WFCORE,12820376,10.0.0.Beta2,10.0.0.Beta3,wildfly/wildfly-core,9ef034e22bf11261ab5fa9718823e74a57c21fb9,4
5902,Wildfly,WFCORE,12818884,10.0.0.Beta2,10.0.0.Beta3,wildfly/wildfly-core,9ef034e22bf11261ab5fa9718823e74a57c21fb9,1
5903,Wildfly,WFCORE,12818835,10.0.0.Beta2,10.0.0.Beta4,wildfly/wildfly-core,9ef034e22bf11261ab5fa9718823e74a57c21fb9,1
5904,Wildfly,WFCORE,12817229,10.0.0.Beta2,10.0.0.Final,wildfly/wildfly-core,9ef034e22bf11261ab5fa9718823e74a57c21fb9,3
5905,Wildfly,WFCORE,12816956,10.0.0.Beta1,10.0.0.Beta2,wildfly/wildfly-core,df339cdd9c3b302768161ef2bd8ad270b92cbcd9,1
5906,Wildfly,WFCORE,12816869,10.0.0.Beta1,10.0.0.Beta2,wildfly/wildfly-core,df339cdd9c3b302768161ef2bd8ad270b92cbcd9,1
5907,Wildfly,WFCORE,12811753,19.0.0.Final,19.0.1.Final,wildfly/wildfly-core,a71d0b514220bafcec5ce19ba3d02e1428f0e200,2
5908,Wildfly,WFCORE,12811543,19.0.0.Final,19.0.1.Final,wildfly/wildfly-core,a71d0b514220bafcec5ce19ba3d02e1428f0e200,1
5909,Wildfly,WFCORE,12805870,19.0.0.Beta4,19.0.0.Beta6,wildfly/wildfly-core,1bbb888c3be32d50c8de39933c740da7b0bb46ae,1
5910,Wildfly,WFCORE,12804005,19.0.0.Beta2,19.0.0.Beta4,wildfly/wildfly-core,1b9f8bb117eb9f14cd98ca5d14529774b534d036,1
5911,Wildfly,WFCORE,12799424,19.0.0.Beta1,19.0.0.Beta2,wildfly/wildfly-core,8e35c9ad6e54a05802366bd3f71af9a50f74f7a3,1
5912,Wildfly,WFCORE,12798821,19.0.0.Beta1,19.0.0.Beta2,wildfly/wildfly-core,8e35c9ad6e54a05802366bd3f71af9a50f74f7a3,1
5913,Wildfly,WFCORE,12791915,18.0.0.Beta5,8.0.0.CR1,wildfly/wildfly-core,59c116bca73643624172d56c5341f9c0a5487cfc,1
5914,Wildfly,WFCORE,12791646,16.0.0.Beta4,16.0.0.Final,wildfly/wildfly-core,199f6e03ed41ca9010641f5125ca82b147c3d35b,1
5915,Wildfly,WFCORE,12789340,18.0.0.Beta3,8.0.0.CR1,wildfly/wildfly-core,0df3faf54e16bb8f9ddcc5515d9b686d37cb1f72,1
5916,Wildfly,WFCORE,12783456,18.0.0.Beta1,18.0.0.Beta2,wildfly/wildfly-core,4f112f2091f65d9cc9af5cafe0c991f89c90643e,1
5917,Wildfly,WFCORE,12779099,7.0.0.Alpha5,7.0.0.CR1,wildfly/wildfly-core,52e0050921933b7b3769dd27ca6b0fa953ba3116,5
5918,Wildfly,WFCORE,12779097,7.0.0.Alpha5,7.0.0.CR1,wildfly/wildfly-core,52e0050921933b7b3769dd27ca6b0fa953ba3116,5
5919,Wildfly,WFCORE,12779095,7.0.0.Alpha5,7.0.0.CR1,wildfly/wildfly-core,52e0050921933b7b3769dd27ca6b0fa953ba3116,5
5920,Wildfly,WFCORE,12779080,7.0.0.Alpha5,7.0.0.CR1,wildfly/wildfly-core,52e0050921933b7b3769dd27ca6b0fa953ba3116,5
5921,Wildfly,WFCORE,12779074,7.0.0.Alpha5,7.0.0.CR1,wildfly/wildfly-core,52e0050921933b7b3769dd27ca6b0fa953ba3116,5
5922,Wildfly,WFCORE,12778252,17.0.0.Final,17.0.0.Beta1,wildfly/wildfly-core,38f40e77f5284243a5f469faf7e7165b857aa68e,2
5923,Wildfly,WFCORE,12777405,17.0.0.Final,7.0.0.Alpha5,wildfly/wildfly-core,38f40e77f5284243a5f469faf7e7165b857aa68e,1
5924,Wildfly,WFCORE,12777354,7.0.0.Alpha4,7.0.0.Alpha5,wildfly/wildfly-core,c8a072c91a3dc1efe8f739b6b5b3fd3da1a9fac5,2
5925,Wildfly,WFCORE,12777145,7.0.0.Alpha4,17.0.0.Beta1,wildfly/wildfly-core,c8a072c91a3dc1efe8f739b6b5b3fd3da1a9fac5,2
5926,Wildfly,WFCORE,12776713,17.0.0.Final,7.0.0.Alpha5,wildfly/wildfly-core,38f40e77f5284243a5f469faf7e7165b857aa68e,1
5927,Wildfly,WFCORE,12773483,7.0.0.Alpha4,17.0.0.Final,wildfly/wildfly-core,c8a072c91a3dc1efe8f739b6b5b3fd3da1a9fac5,1
5928,Wildfly,WFCORE,12773369,17.0.0.Final,7.0.0.Alpha4,wildfly/wildfly-core,38f40e77f5284243a5f469faf7e7165b857aa68e,10
5929,Wildfly,WFCORE,12772031,7.0.0.Alpha1,7.0.0.Alpha2,wildfly/wildfly-core,d58f01c20181f5fe07983e049ab7ed307427a731,1
5930,Wildfly,WFCORE,12771926,17.0.0.Final,7.0.0.Alpha2,wildfly/wildfly-core,38f40e77f5284243a5f469faf7e7165b857aa68e,2
5931,Wildfly,WFCORE,12771683,17.0.0.Final,7.0.0.Alpha2,wildfly/wildfly-core,38f40e77f5284243a5f469faf7e7165b857aa68e,5
5932,Wildfly,WFCORE,12770705,17.0.0.Final,7.0.0.Alpha2,wildfly/wildfly-core,38f40e77f5284243a5f469faf7e7165b857aa68e,3
5933,Wildfly,WFCORE,12770671,17.0.0.Final,7.0.0.Alpha2,wildfly/wildfly-core,38f40e77f5284243a5f469faf7e7165b857aa68e,3
5934,Wildfly,WFCORE,12770649,7.0.0.Alpha1,7.0.0.Alpha5,wildfly/wildfly-core,d58f01c20181f5fe07983e049ab7ed307427a731,3
5935,Wildfly,WFCORE,12770043,17.0.0.Final,7.0.0.Alpha5,wildfly/wildfly-core,38f40e77f5284243a5f469faf7e7165b857aa68e,1
5936,Wildfly,WFCORE,12769008,17.0.0.Final,7.0.0.Alpha1,wildfly/wildfly-core,38f40e77f5284243a5f469faf7e7165b857aa68e,1
5937,Wildfly,WFCORE,12768819,17.0.0.Final,7.0.0.Alpha2,wildfly/wildfly-core,38f40e77f5284243a5f469faf7e7165b857aa68e,1
5938,Wildfly,WFCORE,12768563,17.0.0.Final,7.0.0.Alpha1,wildfly/wildfly-core,38f40e77f5284243a5f469faf7e7165b857aa68e,1
5940,Wildfly,WFCORE,12767634,17.0.0.Final,7.0.0.Alpha1,wildfly/wildfly-core,38f40e77f5284243a5f469faf7e7165b857aa68e,1
5941,Wildfly,WFCORE,12767190,17.0.0.Final,7.0.0.Alpha1,wildfly/wildfly-core,38f40e77f5284243a5f469faf7e7165b857aa68e,1
5942,Wildfly,WFCORE,12765874,6.0.0.CR2,6.0.0.CR3,wildfly/wildfly-core,d2ab424d1209361eda17ad4513715cb7d4a79b48,1
5943,Wildfly,WFCORE,12764382,16.0.0.Beta1,6.0.0.CR1,wildfly/wildfly-core,793a1325143086a33dc5c037f6a5da681cdea86c,2
5946,Wildfly,WFLY,15980971,32.0.0.Final,32.0.1.Final,wildfly/wildfly,f409784b2d2f7619b503e0f42c05dec4846a3fd0,1
5947,Wildfly,WFLY,15858452,32.0.0.Final,32.0.0.Beta1,wildfly/wildfly,f409784b2d2f7619b503e0f42c05dec4846a3fd0,2
5948,Wildfly,WFLY,15838660,32.0.0.Beta1,32.0.0.Final,wildfly/wildfly,1370caf9f65e513811d3be33a154a8a1a7be8eec,7
5949,Wildfly,WFLY,15788870,31.0.0.Final,31.0.1.Final,wildfly/wildfly,0a43ba79b8f907ba8eb21188e4c934bbea65d1e8,1
5950,Wildfly,WFLY,15715752,31.0.0.Beta1,31.0.0.Final,wildfly/wildfly,f61e9720278e38950e07e0e57d3cc6ff83b9558c,1
5951,Wildfly,WFLY,15688483,31.0.0.Beta1,31.0.0.Final,wildfly/wildfly,f61e9720278e38950e07e0e57d3cc6ff83b9558c,1
5952,Wildfly,WFLY,15618413,30.0.0.Final,30.0.1.Final,wildfly/wildfly,6861ce03a2e1aabc315e41bdaae71a1912639e69,1
5953,Wildfly,WFLY,15615401,31.0.0.Beta1,31.0.0.Final,wildfly/wildfly,f61e9720278e38950e07e0e57d3cc6ff83b9558c,1
5954,Wildfly,WFLY,15613802,30.0.0.Final,30.0.1.Final,wildfly/wildfly,6861ce03a2e1aabc315e41bdaae71a1912639e69,1
5955,Wildfly,WFLY,15533922,30.0.0.Beta1,30.0.0.Final,wildfly/wildfly,058a68b3514ef7be229e21857885edadf6218394,1
5956,Wildfly,WFLY,15442991,30.0.0.Beta1,30.0.1.Final,wildfly/wildfly,058a68b3514ef7be229e21857885edadf6218394,2
5957,Wildfly,WFLY,15406846,30.0.0.Beta1,30.0.0.Final,wildfly/wildfly,058a68b3514ef7be229e21857885edadf6218394,3
5958,Wildfly,WFLY,15370330,29.0.0.Beta1,29.0.0.Final,wildfly/wildfly,b11368d04bcb93779259140c4cf8203cfab07700,1
5959,Wildfly,WFLY,15357339,29.0.0.Beta1,29.0.0.Final,wildfly/wildfly,b11368d04bcb93779259140c4cf8203cfab07700,2
5960,Wildfly,WFLY,15244377,28.0.0.Final,28.0.1.Final,wildfly/wildfly,ccf0a91d3858f6f304fa956e44100f3d9a5b685c,1
5962,Wildfly,WFLY,15196667,28.0.0.Beta1,28.0.0.Final,wildfly/wildfly,4e6e6b3c2e18f5efa8012edcff28b1d09cf656c4,3
5963,Wildfly,WFLY,15083611,28.0.0.Beta1,28.0.0.Final,wildfly/wildfly,4e6e6b3c2e18f5efa8012edcff28b1d09cf656c4,1
5964,Wildfly,WFLY,15020125,28.0.0.Beta1,28.0.0.Final,wildfly/wildfly,4e6e6b3c2e18f5efa8012edcff28b1d09cf656c4,1
5965,Wildfly,WFLY,14971391,28.0.0.Beta1,28.0.0.Final,wildfly/wildfly,4e6e6b3c2e18f5efa8012edcff28b1d09cf656c4,1
5967,Wildfly,WFLY,14893318,27.0.0.Beta1,27.0.0.Final,wildfly/wildfly,cd82234ba5102937ff379ea5086fab0aa95294fd,1
5968,Wildfly,WFLY,14888606,27.0.0.Beta1,27.0.0.Final,wildfly/wildfly,cd82234ba5102937ff379ea5086fab0aa95294fd,1
5970,Wildfly,WFLY,14827197,27.0.0.Alpha4,27.0.0.Alpha5,wildfly/wildfly,17f87a116ad3f139c7797b5cfa2aa84c1ebd9916,1
5971,Wildfly,WFLY,14804972,27.0.0.Alpha5,27.0.0.Beta1,wildfly/wildfly,ed517d25314d8d3868708ea59c2d93a6447460af,7
5972,Wildfly,WFLY,14790629,27.0.0.Alpha4,27.0.0.Alpha5,wildfly/wildfly,17f87a116ad3f139c7797b5cfa2aa84c1ebd9916,4
5974,Wildfly,WFLY,14725713,27.0.0.Alpha1,27.0.0.Alpha2,wildfly/wildfly,59d100a081868309d0ebb164351e6b159aeee0cb,1
5976,Wildfly,WFLY,14652491,26.1.0.Final,26.1.2.Final,wildfly/wildfly,9118edc514574332df0c95f33815683817f5f238,1
5977,Wildfly,WFLY,14630921,26.1.0.Final,26.1.1.Final,wildfly/wildfly,9118edc514574332df0c95f33815683817f5f238,2
5978,Wildfly,WFLY,14587562,26.0.1.Final,26.1.1.Final,wildfly/wildfly,9122d0e436459507717074bf2a808738f87b3dbc,1
5979,Wildfly,WFLY,14551614,26.0.1.Final,26.1.0.Final,wildfly/wildfly,9122d0e436459507717074bf2a808738f87b3dbc,1
5980,Wildfly,WFLY,14479718,26.0.1.Final,26.1.0.Beta1,wildfly/wildfly,9122d0e436459507717074bf2a808738f87b3dbc,1
5981,Wildfly,WFLY,14466020,26.0.1.Final,26.1.0.Beta1,wildfly/wildfly,9122d0e436459507717074bf2a808738f87b3dbc,1
5982,Wildfly,WFLY,14464802,26.0.1.Final,26.1.1.Final,wildfly/wildfly,9122d0e436459507717074bf2a808738f87b3dbc,1
5983,Wildfly,WFLY,14457379,26.0.0.Final,26.1.0.Beta1,wildfly/wildfly,f0dc6185813bcb12fa6cb978f3dadfda0afae9ab,1
5984,Wildfly,WFLY,14449845,26.0.1.Final,26.1.0.Beta1,wildfly/wildfly,9122d0e436459507717074bf2a808738f87b3dbc,1
5985,Wildfly,WFLY,14445777,26.0.0.Final,26.1.0.Beta1,wildfly/wildfly,f0dc6185813bcb12fa6cb978f3dadfda0afae9ab,3
5986,Wildfly,WFLY,14435759,26.0.0.Final,26.1.0.Beta1,wildfly/wildfly,f0dc6185813bcb12fa6cb978f3dadfda0afae9ab,1
5987,Wildfly,WFLY,14433176,27.0.0.Alpha1,27.0.0.Final,wildfly/wildfly,59d100a081868309d0ebb164351e6b159aeee0cb,3
5988,Wildfly,WFLY,14388770,27.0.0.Alpha1,27.0.0.Final,wildfly/wildfly,59d100a081868309d0ebb164351e6b159aeee0cb,1
5991,Wildfly,WFLY,14274018,25.0.0.Beta1,25.0.0.Final,wildfly/wildfly,9b330329ab522bd4972a43a5cee8aabaf9c91e38,1
5992,Wildfly,WFLY,14262149,25.0.0.Beta1,25.0.0.Final,wildfly/wildfly,9b330329ab522bd4972a43a5cee8aabaf9c91e38,1
5994,Wildfly,WFLY,13418540,25.0.0.Beta1,25.0.0.Final,wildfly/wildfly,9b330329ab522bd4972a43a5cee8aabaf9c91e38,1
5995,Wildfly,WFLY,13393878,24.0.0.Final,24.0.1.Final,wildfly/wildfly,c6f7e37b341a906303b87f9a9867bb115904845d,1
5996,Wildfly,WFLY,13386302,25.0.0.Beta1,25.0.0.Final,wildfly/wildfly,9b330329ab522bd4972a43a5cee8aabaf9c91e38,2
5997,Wildfly,WFLY,13376747,24.0.0.Beta1,24.0.0.Final,wildfly/wildfly,dacb52d6d450afeab785ff00cbe82f4872680efc,1
5998,Wildfly,WFLY,13373962,24.0.0.Beta1,24.0.0.Final,wildfly/wildfly,dacb52d6d450afeab785ff00cbe82f4872680efc,1
5999,Wildfly,WFLY,13373829,24.0.0.Beta1,24.0.0.Final,wildfly/wildfly,dacb52d6d450afeab785ff00cbe82f4872680efc,1
6000,Wildfly,WFLY,13328749,24.0.0.Beta1,24.0.0.Final,wildfly/wildfly,dacb52d6d450afeab785ff00cbe82f4872680efc,2
6001,Wildfly,WFLY,13314566,23.0.0.Final,23.0.1.Final,wildfly/wildfly,d11fa2b6637e60ce6196792136bd6107f8b3c5e2,2
6002,Wildfly,WFLY,13309628,23.0.0.Final,23.0.1.Final,wildfly/wildfly,d11fa2b6637e60ce6196792136bd6107f8b3c5e2,1
6003,Wildfly,WFLY,13288648,23.0.0.Final,23.0.1.Final,wildfly/wildfly,d11fa2b6637e60ce6196792136bd6107f8b3c5e2,1
6004,Wildfly,WFLY,13285764,23.0.0.Beta1,23.0.1.Final,wildfly/wildfly,e3c82d483a24574ec78be39bead2c1ebb792d406,3
6005,Wildfly,WFLY,13281691,23.0.0.Beta1,23.0.0.Final,wildfly/wildfly,e3c82d483a24574ec78be39bead2c1ebb792d406,6
6006,Wildfly,WFLY,13281688,23.0.0.Beta1,23.0.0.Final,wildfly/wildfly,e3c82d483a24574ec78be39bead2c1ebb792d406,6
6007,Wildfly,WFLY,13281597,23.0.0.Beta1,23.0.0.Final,wildfly/wildfly,e3c82d483a24574ec78be39bead2c1ebb792d406,1
6009,Wildfly,WFLY,13243291,22.0.0.Final,22.0.1.Final,wildfly/wildfly,c5e18f5a8e3cac7addabd980bdf910b6bb1cb1ae,1
6010,Wildfly,WFLY,13230296,22.0.0.Beta1,22.0.1.Final,wildfly/wildfly,edd174a566c9637611543536605b1d0323a2174e,2
6011,Wildfly,WFLY,13224303,22.0.0.Beta1,22.0.0.Final,wildfly/wildfly,edd174a566c9637611543536605b1d0323a2174e,1
6012,Wildfly,WFLY,13219628,22.0.0.Beta1,22.0.0.Final,wildfly/wildfly,edd174a566c9637611543536605b1d0323a2174e,1
6013,Wildfly,WFLY,13216200,22.0.0.Alpha1,22.0.0.Final,wildfly/wildfly,9f4bfb203356f7942942c4a7c2ef79826b06a669,2
6017,Wildfly,WFLY,13199407,21.0.0.Final,21.0.1.Final,wildfly/wildfly,f3d5adb5a36fdc908d421537a35e8feffb3639be,1
6019,Wildfly,WFLY,13198996,22.0.0.Alpha1,22.0.0.Beta1,wildfly/wildfly,9f4bfb203356f7942942c4a7c2ef79826b06a669,1
6020,Wildfly,WFLY,13198164,22.0.0.Alpha1,22.0.0.Beta1,wildfly/wildfly,9f4bfb203356f7942942c4a7c2ef79826b06a669,1
6021,Wildfly,WFLY,13177320,21.0.0.Final,21.0.1.Final,wildfly/wildfly,f3d5adb5a36fdc908d421537a35e8feffb3639be,2
6022,Wildfly,WFLY,13175476,21.0.0.Final,21.0.1.Final,wildfly/wildfly,f3d5adb5a36fdc908d421537a35e8feffb3639be,3
6023,Wildfly,WFLY,13008103,21.0.0.Beta1,21.0.0.Final,wildfly/wildfly,436dae1380e0c914987c02087f8b131f3c575b3b,1
6024,Wildfly,WFLY,13007098,21.0.0.Beta1,21.0.0.Final,wildfly/wildfly,436dae1380e0c914987c02087f8b131f3c575b3b,3
6025,Wildfly,WFLY,12956063,20.0.0.Final,20.0.1.Final,wildfly/wildfly,3c3bcf67db543eb09e7e7cea2b9426143ad64803,1
6026,Wildfly,WFLY,12935203,19.0.0.Final,19.1.0.Final,wildfly/wildfly,63ab71f6c88e3237bd502fa97a04054fb2793c1e,1
6027,Wildfly,WFLY,12926517,19.0.0.Final,19.1.0.Final,wildfly/wildfly,63ab71f6c88e3237bd502fa97a04054fb2793c1e,1
6028,Wildfly,WFLY,12921642,19.0.0.Final,19.1.0.Final,wildfly/wildfly,63ab71f6c88e3237bd502fa97a04054fb2793c1e,1
6029,Wildfly,WFLY,12917086,19.0.0.Beta3,19.0.0.Final,wildfly/wildfly,77ebac6fcba54043dcd3ac3cefaaf51a120566cb,3
6030,Wildfly,WFLY,12913198,19.0.0.Beta2,19.0.0.Beta3,wildfly/wildfly,6d1f5e4cc4341b08fd50d997c8ffedfe9c25700f,4
6031,Wildfly,WFLY,12910116,19.0.0.Beta2,19.0.0.Final,wildfly/wildfly,6d1f5e4cc4341b08fd50d997c8ffedfe9c25700f,1
6032,Wildfly,WFLY,12901461,19.0.0.Beta1,19.0.0.Final,wildfly/wildfly,44a8b8a3c92cbdb81a26e5c104c0089451e298f2,1
6034,Wildfly,WFLY,12827876,18.0.0.Beta1,18.0.0.Final,wildfly/wildfly,487b221d3b99082f32161dca540f8bf8bd03b8fc,1
6036,Wildfly,WFLY,12827272,18.0.0.Beta1,18.0.0.Final,wildfly/wildfly,487b221d3b99082f32161dca540f8bf8bd03b8fc,1
6037,Wildfly,WFLY,12827193,18.0.0.Beta1,18.0.0.Final,wildfly/wildfly,487b221d3b99082f32161dca540f8bf8bd03b8fc,1
6039,Wildfly,WFLY,12816239,17.0.0.Final,17.0.1.Final,wildfly/wildfly,6bbd905e3a20e4b07b420910b79346e03093b0a7,5
6040,Wildfly,WFLY,12815794,17.0.0.Final,17.0.1.Final,wildfly/wildfly,6bbd905e3a20e4b07b420910b79346e03093b0a7,1
6042,Wildfly,WFLY,12810658,17.0.0.Beta1,17.0.0.Final,wildfly/wildfly,ba3b15d966cd88f8b0f97ef53fc24bf53ca9ec1b,2
6043,Wildfly,WFLY,12810020,17.0.0.Beta1,17.0.0.Final,wildfly/wildfly,ba3b15d966cd88f8b0f97ef53fc24bf53ca9ec1b,1
6044,Wildfly,WFLY,12807779,17.0.0.Alpha1,17.0.0.Final,wildfly/wildfly,78781c3c1d00182034e2f88a8495f297b46582b7,1
6045,Wildfly,WFLY,12801762,17.0.0.Alpha1,17.0.0.Final,wildfly/wildfly,78781c3c1d00182034e2f88a8495f297b46582b7,2
6046,Wildfly,WFLY,12801041,17.0.0.Alpha1,17.0.0.Final,wildfly/wildfly,78781c3c1d00182034e2f88a8495f297b46582b7,4
6047,Wildfly,WFLY,12792649,16.0.0.Beta1,16.0.0.Final,wildfly/wildfly,1d73e76d835d3bb6f4156073cf5e1358668918fb,1
6049,Wildfly,WFLY,12788757,16.0.0.Beta1,16.0.0.Final,wildfly/wildfly,1d73e76d835d3bb6f4156073cf5e1358668918fb,1
6050,Wildfly,WFLY,12784557,16.0.0.Beta1,16.0.0.Final,wildfly/wildfly,1d73e76d835d3bb6f4156073cf5e1358668918fb,1
6051,Wildfly,WFLY,12783617,16.0.0.Beta1,16.0.0.Final,wildfly/wildfly,1d73e76d835d3bb6f4156073cf5e1358668918fb,1
6052,Wildfly,WFLY,12783608,16.0.0.Beta1,16.0.0.Final,wildfly/wildfly,1d73e76d835d3bb6f4156073cf5e1358668918fb,1
6054,Wildfly,WFLY,12780207,15.0.0.Beta1,15.0.0.Final,wildfly/wildfly,d5adff7d255f5149c922bf6b9942ac8b88448548,1
6055,Wildfly,WFLY,12779566,15.0.0.Beta1,15.0.0.Final,wildfly/wildfly,d5adff7d255f5149c922bf6b9942ac8b88448548,1
6056,Wildfly,WFLY,12777567,15.0.0.Beta1,15.0.0.Final,wildfly/wildfly,d5adff7d255f5149c922bf6b9942ac8b88448548,2
6057,Wildfly,WFLY,12776173,15.0.0.Beta1,15.0.0.Final,wildfly/wildfly,d5adff7d255f5149c922bf6b9942ac8b88448548,1
6058,Wildfly,WFLY,12775119,15.0.0.Beta1,15.0.0.Final,wildfly/wildfly,d5adff7d255f5149c922bf6b9942ac8b88448548,1
6059,Wildfly,WFLY,12766780,14.0.0.Beta2,14.0.0.Final,wildfly/wildfly,d929519c46498a4bd5853080369e08b5a265a096,2
6060,Wildfly,WFLY,12766541,14.0.0.Beta2,14.0.0.Final,wildfly/wildfly,d929519c46498a4bd5853080369e08b5a265a096,3
6061,Wildfly,WFLY,12766395,14.0.0.Beta2,14.0.0.Final,wildfly/wildfly,d929519c46498a4bd5853080369e08b5a265a096,1
6062,Wildfly,WFLY,12766036,14.0.0.Beta2,14.0.0.Final,wildfly/wildfly,d929519c46498a4bd5853080369e08b5a265a096,2
6063,Wildfly,WFLY,12765559,14.0.0.Beta2,14.0.0.Final,wildfly/wildfly,d929519c46498a4bd5853080369e08b5a265a096,1
6064,Wildfly,WFLY,12765111,14.0.0.Beta2,14.0.0.Final,wildfly/wildfly,d929519c46498a4bd5853080369e08b5a265a096,1
6065,Wildfly,WFLY,12763992,14.0.0.Beta2,14.0.0.Final,wildfly/wildfly,d929519c46498a4bd5853080369e08b5a265a096,1
6069,Wildfly,WFMP,15801258,5.0.0.Beta3,5.0.1.Final,wildfly/wildfly-maven-plugin,f51c539ea2603545a3f27e6d72067f69ba86720e,3
6070,Wildfly,WFMP,15700164,5.0.0.Beta1,5.0.0.Beta2,wildfly/wildfly-maven-plugin,66303c43b5f14382b173218198bb0c281394745c,2
6071,Wildfly,WFMP,15685370,5.0.0.Alpha2,5.0.0.Beta1,wildfly/wildfly-maven-plugin,87d637632a45e52cbd55f537f6051f0cb5230a19,1
6072,Wildfly,WFMP,15282887,4.1.0.Final,4.1.1.Final,wildfly/wildfly-maven-plugin,3b74031a1d29cd65a739e89b8555958a131c5bee,1
6073,Wildfly,WFMP,15274691,4.1.0.Final,4.1.1.Final,wildfly/wildfly-maven-plugin,3b74031a1d29cd65a739e89b8555958a131c5bee,1
6074,Wildfly,WFMP,15180781,4.1.0.Beta4,4.1.0.Final,wildfly/wildfly-maven-plugin,585125075b83119ab76364f5ee603e1570011d90,1
6075,Wildfly,WFMP,15147444,4.1.0.Beta3,4.1.0.Beta4,wildfly/wildfly-maven-plugin,a24111cb6585a987f4d4b1fd43729ff8ec607cf2,3
6076,Wildfly,WFMP,14699708,3.0.0.Final,3.0.1.Final,wildfly/wildfly-maven-plugin,68f5bd2d3f97d60562385261d871e6ccdccbf6ba,4
6077,Wildfly,WFMP,14429341,3.0.0.Alpha3,3.0.0.Beta1,wildfly/wildfly-maven-plugin,68982ab5a8395c1f4a61766366cf014f9cf4b023,3
6078,Wildfly,WFMP,14425854,3.0.0.Alpha3,3.0.0.Beta1,wildfly/wildfly-maven-plugin,68982ab5a8395c1f4a61766366cf014f9cf4b023,2
6079,Wildfly,WFMP,12791478,2.0.0.Final,2.0.1.Final,wildfly/wildfly-maven-plugin,0901095f7b65abea939afd7372533e31a98caa71,1
6080,Apache,CAMEL,13583004,camel-4.6.0,camel-4.7.0,apache/camel,66736471db8ddc22e50cc31c87d34b072455b488,1
6082,Apache,CAMEL,13579829,camel-4.4.2,camel-4.4.3,apache/camel,24bb983c83b780131dbe0426f70ff51addc141e8,1
6083,Apache,CAMEL,13579184,camel-4.2.0,camel-4.4.3,apache/camel,494237417219c3411cd6da582e15ee02b9f23641,2
6085,Apache,CAMEL,13577584,camel-4.4.0,camel-4.4.3,apache/camel,aab0e881d960959cce968804cc269fa38dd1aae5,3
6086,Apache,CAMEL,13573544,camel-4.4.1,camel-4.4.2,apache/camel,d57ffb8acbfbfaf1880587bf77fa44d2db052f48,1
6087,Apache,CAMEL,13572882,camel-4.4.1,camel-4.4.2,apache/camel,d57ffb8acbfbfaf1880587bf77fa44d2db052f48,1
6088,Apache,CAMEL,13572082,camel-4.4.1,camel-4.4.2,apache/camel,d57ffb8acbfbfaf1880587bf77fa44d2db052f48,2
6089,Apache,CAMEL,13572072,camel-4.4.0,camel-4.4.2,apache/camel,aab0e881d960959cce968804cc269fa38dd1aae5,2
6090,Apache,CAMEL,13571064,camel-4.4.0,camel-4.4.1,apache/camel,aab0e881d960959cce968804cc269fa38dd1aae5,2
6091,Apache,CAMEL,13570807,camel-4.4.0,camel-4.5.0,apache/camel,aab0e881d960959cce968804cc269fa38dd1aae5,1
6092,Apache,CAMEL,13570386,camel-4.4.0,camel-4.4.1,apache/camel,aab0e881d960959cce968804cc269fa38dd1aae5,2
6093,Apache,CAMEL,13569326,camel-4.0.4,camel-4.0.5,apache/camel,344cacf9ea0afec8639e901868202767d2b66ce3,7
6095,Apache,CAMEL,13567973,camel-3.22.1,camel-3.22.2,apache/camel,41afdf6e2439f37684055943105379d74bc0488f,1
6096,Apache,CAMEL,13562710,camel-4.3.0,camel-4.4.0,apache/camel,1a07777487d5c6f61e9479c249d5f202f3323c20,1
6098,Apache,CAMEL,13561141,camel-4.2.0,camel-4.3.0,apache/camel,494237417219c3411cd6da582e15ee02b9f23641,2
6099,Apache,CAMEL,13559526,camel-4.0.2,camel-4.3.0,apache/camel,3b6f72df432e452d2233c213e0a925e1271348f2,3
6100,Apache,CAMEL,13558410,camel-4.2.0,camel-4.4.0,apache/camel,494237417219c3411cd6da582e15ee02b9f23641,4
6101,Apache,CAMEL,13557132,camel-3.21.2,camel-3.21.3,apache/camel,6ffed9f0b50a2629309ed02a5c076f753067fafe,1
6102,Apache,CAMEL,13556989,camel-4.1.0,camel-4.2.0,apache/camel,363e7e1c93f61e23cdae808f2180908169c78f6e,1
6103,Apache,CAMEL,13554548,camel-4.0.1,camel-4.0.2,apache/camel,a17d4ee38cf31e03f6031eb45fbe47aabe39142b,1
6104,Apache,CAMEL,13554253,camel-4.1.0,camel-4.0.2,apache/camel,363e7e1c93f61e23cdae808f2180908169c78f6e,1
6105,Apache,CAMEL,13553400,camel-3.21.1,camel-3.21.2,apache/camel,8a2e1845341429f513acd99bfe999d1877be324d,1
6107,Apache,CAMEL,13552195,camel-4.0.1,camel-4.1.0,apache/camel,a17d4ee38cf31e03f6031eb45fbe47aabe39142b,1
6108,Apache,CAMEL,13552066,camel-4.0.0,camel-4.0.2,apache/camel,8d135894cd73970c82da5da0dc71ecc7f5521ad5,1
6109,Apache,CAMEL,13551429,camel-4.0.0,camel-4.1.0,apache/camel,8d135894cd73970c82da5da0dc71ecc7f5521ad5,1
6110,Apache,CAMEL,13550790,camel-3.21.0,camel-3.21.1,apache/camel,17bf191fc470361b6e85f1a449f4edad5c364a19,2
6111,Apache,CAMEL,13550485,camel-4.0.0,camel-4.1.0,apache/camel,8d135894cd73970c82da5da0dc71ecc7f5521ad5,1
6113,Apache,CAMEL,13548955,camel-4.0.0,camel-4.0.1,apache/camel,8d135894cd73970c82da5da0dc71ecc7f5521ad5,10
6116,Apache,CAMEL,13547899,camel-4.0.0,camel-4.0.1,apache/camel,8d135894cd73970c82da5da0dc71ecc7f5521ad5,2
6117,Apache,CAMEL,13547741,camel-3.18.8,camel-3.14.10,apache/camel,e6675aaf8506e2eb5c05637fb16c5c03aa0922f0,1
6121,Apache,CAMEL,13545282,camel-3.13.0,camel-3.21.1,apache/camel,025640ccb468f9426f078025b2e00ce7010f7715,1
6122,Apache,CAMEL,13545151,camel-3.21.0,camel-3.21.1,apache/camel,17bf191fc470361b6e85f1a449f4edad5c364a19,1
6124,Apache,CAMEL,13542478,camel-3.21.0,camel-3.21.1,apache/camel,17bf191fc470361b6e85f1a449f4edad5c364a19,3
6125,Apache,CAMEL,13542271,camel-4.0.0-M3,camel-1.4.0-RC2,apache/camel,a1188ec85214ec83f2b1a164342c59b7ac029c1b,1
6126,Apache,CAMEL,13542266,camel-4.0.0-RC1,camel-1.4.0-RC2,apache/camel,ccf252ea6274c96289f38dd143dbe37544fac0a1,3
6127,Apache,CAMEL,13541234,camel-3.14.0,camel-3.14.10,apache/camel,317cd59639739d674a03b2ca9fc3b05570bd1dbc,1
6128,Apache,CAMEL,13538016,camel-3.20.5,camel-3.20.6,apache/camel,8861921a39d964440ed1a42d113f4d983aaef605,1
6130,Apache,CAMEL,13536845,camel-3.20.4,camel-3.20.7,apache/camel,b7d934f8c3c434939126f41dffcab0d3903bda8b,1
6131,Apache,CAMEL,13536560,camel-4.0.0,camel-4.0.0-RC1,apache/camel,8d135894cd73970c82da5da0dc71ecc7f5521ad5,3
6132,Apache,CAMEL,13533803,camel-4.0.0-M2,camel-4.0.0-M3,apache/camel,8f8ef99538021c889adf20ca2fa9bf35c7977e03,1
6133,Apache,CAMEL,13533436,camel-3.20.2,camel-3.20.7,apache/camel,2b01740bd788d28ccd2ef961b308a390dc8334a1,1
6135,Apache,CAMEL,13531770,camel-3.20.3,camel-3.20.4,apache/camel,faae87b41f77f9810ffeab01eaf68c6f0576611b,4
6136,Apache,CAMEL,13531477,camel-3.20.3,camel-3.20.4,apache/camel,faae87b41f77f9810ffeab01eaf68c6f0576611b,1
6137,Apache,CAMEL,13530799,camel-3.20.3,camel-3.20.4,apache/camel,faae87b41f77f9810ffeab01eaf68c6f0576611b,2
6138,Apache,CAMEL,13530068,camel-3.18.3,camel-3.18.6,apache/camel,b0ae1902de59a47b1c2f3d8cb878e89db025110f,4
6139,Apache,CAMEL,13529318,camel-3.20.2,camel-3.20.3,apache/camel,2b01740bd788d28ccd2ef961b308a390dc8334a1,7
6140,Apache,CAMEL,13529078,camel-3.18.5,camel-3.18.6,apache/camel,9904d7fce6a1d69159e9313a69268a622fbc09f0,1
6142,Apache,CAMEL,13528577,camel-3.18.5,camel-3.18.6,apache/camel,9904d7fce6a1d69159e9313a69268a622fbc09f0,2
6144,Apache,CAMEL,13526523,camel-3.20.2,camel-3.20.3,apache/camel,2b01740bd788d28ccd2ef961b308a390dc8334a1,1
6145,Apache,CAMEL,13525625,camel-3.20.1,camel-3.20.3,apache/camel,b48592912d97821fed9d41ec30affebb475d7ec1,1
6148,Apache,CAMEL,13524634,camel-4.0.0-M1,camel-4.0.0-M2,apache/camel,9b28021524439b9ff689e782ad99fcdada5a63bd,1
6149,Apache,CAMEL,13521955,camel-3.19.0,camel-3.18.7,apache/camel,2b06753d6bef79b52e09cd1b6270ec64458ad62a,1
6152,Apache,CAMEL,13517556,camel-3.20.1,camel-3.20.2,apache/camel,b48592912d97821fed9d41ec30affebb475d7ec1,2
6153,Apache,CAMEL,13517250,camel-3.20.1,camel-3.20.2,apache/camel,b48592912d97821fed9d41ec30affebb475d7ec1,1
6154,Apache,CAMEL,13516292,camel-3.20.0,camel-3.20.2,apache/camel,aa243e962ffc34122650156305ff6f04aa6c1a7b,4
6156,Apache,CAMEL,13515219,camel-3.20.0,camel-3.20.1,apache/camel,aa243e962ffc34122650156305ff6f04aa6c1a7b,3
6159,Apache,CAMEL,13510460,camel-3.19.0,camel-3.20.0,apache/camel,2b06753d6bef79b52e09cd1b6270ec64458ad62a,2
6162,Apache,CAMEL,13506256,camel-3.19.0,camel-3.18.5,apache/camel,2b06753d6bef79b52e09cd1b6270ec64458ad62a,4
6165,Apache,CAMEL,13503741,camel-3.19.0,camel-3.18.4,apache/camel,2b06753d6bef79b52e09cd1b6270ec64458ad62a,1
6167,Apache,CAMEL,13502337,camel-3.18.2,camel-3.18.4,apache/camel,318bfdee255d718ee1fea601c2d1bc7951571776,1
6172,Apache,CAMEL,13484770,camel-3.19.0,camel-3.20.0,apache/camel,2b06753d6bef79b52e09cd1b6270ec64458ad62a,1
6173,Apache,CAMEL,13481673,camel-3.18.2,camel-3.18.3,apache/camel,318bfdee255d718ee1fea601c2d1bc7951571776,2
6175,Apache,CAMEL,13480402,camel-3.18.1,camel-3.18.3,apache/camel,b58c47812cb5b1b9e2dec256558140c603f20308,1
6176,Apache,CAMEL,13479613,camel-3.18.2,camel-3.18.4,apache/camel,318bfdee255d718ee1fea601c2d1bc7951571776,2
6178,Apache,CAMEL,13477566,camel-3.14.3,camel-3.14.6,apache/camel,901f3d9b0170fed54bd991d0d58ce644e705083c,4
6179,Apache,CAMEL,13476782,camel-3.18.1,camel-3.18.2,apache/camel,b58c47812cb5b1b9e2dec256558140c603f20308,1
6182,Apache,CAMEL,13475957,camel-3.18.0,camel-3.18.2,apache/camel,3c09791e376678cdb95f85d3cac625385e0f7b01,1
6183,Apache,CAMEL,13475696,camel-3.18.0,camel-3.18.2,apache/camel,3c09791e376678cdb95f85d3cac625385e0f7b01,4
6184,Apache,CAMEL,13475069,camel-3.18.0,camel-3.18.2,apache/camel,3c09791e376678cdb95f85d3cac625385e0f7b01,6
6186,Apache,CAMEL,13473733,camel-3.18.0,camel-3.18.1,apache/camel,3c09791e376678cdb95f85d3cac625385e0f7b01,1
6187,Apache,CAMEL,13473406,camel-3.18.0,camel-3.18.1,apache/camel,3c09791e376678cdb95f85d3cac625385e0f7b01,1
6188,Apache,CAMEL,13472817,camel-3.18.0,camel-3.18.1,apache/camel,3c09791e376678cdb95f85d3cac625385e0f7b01,2
6190,Apache,CAMEL,13471155,camel-3.18.0,camel-3.18.1,apache/camel,3c09791e376678cdb95f85d3cac625385e0f7b01,1
6191,Apache,CAMEL,13469588,camel-3.17.0,camel-3.18.0,apache/camel,2b91ed466835c8fdc7dbc710aadb1d23e0b62c62,4
6193,Apache,CAMEL,13469453,camel-3.17.0,camel-3.18.0,apache/camel,2b91ed466835c8fdc7dbc710aadb1d23e0b62c62,1
6197,Apache,CAMEL,13447065,camel-3.17.0,camel-3.18.0,apache/camel,2b91ed466835c8fdc7dbc710aadb1d23e0b62c62,2
6198,Apache,CAMEL,13446254,camel-3.17.0,camel-3.18.0,apache/camel,2b91ed466835c8fdc7dbc710aadb1d23e0b62c62,2
6200,Apache,CAMEL,13445587,camel-3.17.0,camel-3.14.4,apache/camel,2b91ed466835c8fdc7dbc710aadb1d23e0b62c62,6
6202,Apache,CAMEL,13444853,camel-3.14.2,camel-3.14.4,apache/camel,2c755489d39e84034f8300ecfc57a3772561ac0c,4
6204,Apache,CAMEL,13438993,camel-3.15.0,camel-3.11.7,apache/camel,bc487f3f1645702e0ac9329bdb30b380a0380f7d,1
6205,Apache,CAMEL,13438339,camel-3.16.0,camel-3.17.0,apache/camel,db3d4b8048daab55f346fe41c605f8a36d555de9,1
6206,Apache,CAMEL,13438122,camel-3.16.0,camel-3.14.4,apache/camel,db3d4b8048daab55f346fe41c605f8a36d555de9,5
6207,Apache,CAMEL,13437621,camel-3.14.1,camel-3.14.3,apache/camel,551357dac466c8d6e11c5d9721361a956255d9f1,1
6209,Apache,CAMEL,13436187,camel-3.16.0,camel-3.14.3,apache/camel,db3d4b8048daab55f346fe41c605f8a36d555de9,2
6210,Apache,CAMEL,13436033,camel-3.15.0,camel-3.19.0,apache/camel,bc487f3f1645702e0ac9329bdb30b380a0380f7d,2
6212,Apache,CAMEL,13432810,camel-3.16.0,camel-3.14.3,apache/camel,db3d4b8048daab55f346fe41c605f8a36d555de9,3
6213,Apache,CAMEL,13432795,camel-3.14.2,camel-3.14.3,apache/camel,2c755489d39e84034f8300ecfc57a3772561ac0c,1
6214,Apache,CAMEL,13432621,camel-3.16.0,camel-3.14.3,apache/camel,db3d4b8048daab55f346fe41c605f8a36d555de9,2
6215,Apache,CAMEL,13432177,camel-3.14.1,camel-3.14.3,apache/camel,551357dac466c8d6e11c5d9721361a956255d9f1,1
6218,Apache,CAMEL,13428803,camel-3.14.0,camel-3.14.2,apache/camel,317cd59639739d674a03b2ca9fc3b05570bd1dbc,2
6221,Apache,CAMEL,13425912,camel-3.14.1,camel-3.14.2,apache/camel,551357dac466c8d6e11c5d9721361a956255d9f1,2
6222,Apache,CAMEL,13423079,camel-3.14.0,camel-3.14.1,apache/camel,317cd59639739d674a03b2ca9fc3b05570bd1dbc,1
6223,Apache,CAMEL,13422960,camel-3.12.0,camel-3.14.1,apache/camel,08c93c958de7ed62bc011da933681188da0e18c4,3
6224,Apache,CAMEL,13421542,camel-3.14.0,camel-3.14.1,apache/camel,317cd59639739d674a03b2ca9fc3b05570bd1dbc,1
6225,Apache,CAMEL,13421343,camel-3.14.0,camel-3.14.1,apache/camel,317cd59639739d674a03b2ca9fc3b05570bd1dbc,2
6226,Apache,CAMEL,13420622,camel-3.13.0,camel-3.14.1,apache/camel,025640ccb468f9426f078025b2e00ce7010f7715,1
6227,Apache,CAMEL,13420459,camel-3.13.0,camel-3.14.1,apache/camel,025640ccb468f9426f078025b2e00ce7010f7715,1
6229,Apache,CAMEL,13418612,camel-3.11.4,camel-3.11.6,apache/camel,d3ccbb69898ffed4cb02f9f3727fe31729ffb994,3
6230,Apache,CAMEL,13417494,camel-3.13.0,camel-3.14.1,apache/camel,025640ccb468f9426f078025b2e00ce7010f7715,1
6231,Apache,CAMEL,13416764,camel-3.13.0,camel-3.14.0,apache/camel,025640ccb468f9426f078025b2e00ce7010f7715,1
6232,Apache,CAMEL,13415300,camel-3.13.0,camel-3.14.0,apache/camel,025640ccb468f9426f078025b2e00ce7010f7715,2
6233,Apache,CAMEL,13414364,camel-3.13.0,camel-3.14.0,apache/camel,025640ccb468f9426f078025b2e00ce7010f7715,2
6234,Apache,CAMEL,13414037,camel-3.12.0,camel-3.14.0,apache/camel,08c93c958de7ed62bc011da933681188da0e18c4,6
6235,Apache,CAMEL,13413772,camel-3.13.0,camel-3.14.0,apache/camel,025640ccb468f9426f078025b2e00ce7010f7715,2
6237,Apache,CAMEL,13412222,camel-3.13.0,camel-3.14.0,apache/camel,025640ccb468f9426f078025b2e00ce7010f7715,1
6240,Apache,CAMEL,13408189,camel-3.11.3,camel-3.11.4,apache/camel,70ce4a94f27e961bbc9f0f7ddff583da884a5836,2
6242,Apache,CAMEL,13405980,camel-3.11.0,camel-3.11.4,apache/camel,e102036b43100f4b82276013af0414e2008982c4,2
6248,Apache,CAMEL,13399268,camel-3.11.1,camel-3.11.2,apache/camel,18eaa8b9b8cc5795fcf6c886f3cf3931b9058ae8,8
6251,Apache,CAMEL,13395401,camel-3.11.1,camel-3.11.2,apache/camel,18eaa8b9b8cc5795fcf6c886f3cf3931b9058ae8,2
6252,Apache,CAMEL,13389869,camel-3.8.0,camel-3.11.1,apache/camel,1541a742d1fa2633ee2251eeea72904f3447c8f5,1
6253,Apache,CAMEL,13388397,camel-3.11.0,camel-3.11.1,apache/camel,e102036b43100f4b82276013af0414e2008982c4,1
6254,Apache,CAMEL,13388361,camel-3.8.0,camel-3.11.1,apache/camel,1541a742d1fa2633ee2251eeea72904f3447c8f5,1
6257,Apache,CAMEL,13386356,camel-3.8.0,camel-3.11.1,apache/camel,1541a742d1fa2633ee2251eeea72904f3447c8f5,3
6258,Apache,CAMEL,13383566,camel-3.7.4,camel-3.7.5,apache/camel,f5cba202e7ec360594bec02cc0b783439d6994ca,1
6260,Apache,CAMEL,13383054,camel-3.7.3,camel-3.11.0,apache/camel,835cd243c525f28bf84c9945f9ca80bf7725705d,1
6262,Apache,CAMEL,13379500,camel-3.10.0,camel-3.11.0,apache/camel,545627aaf16cc13ce72c09e2e2b10d94f7bc8f98,1
6263,Apache,CAMEL,13377017,camel-3.8.0,camel-3.10.0,apache/camel,1541a742d1fa2633ee2251eeea72904f3447c8f5,1
6266,Apache,CAMEL,13373763,camel-3.9.0,camel-3.11.0,apache/camel,2fe5d10943c250b6d1431d7b1346498e505be303,1
6267,Apache,CAMEL,13373681,camel-3.7.0,camel-3.10.0,apache/camel,996f224e95664deafa3a3e4345568e63ae3ba667,2
6272,Apache,CAMEL,13362667,camel-3.7.0,camel-3.7.4,apache/camel,996f224e95664deafa3a3e4345568e63ae3ba667,1
6275,Apache,CAMEL,13359002,camel-3.7.0,camel-3.7.3,apache/camel,996f224e95664deafa3a3e4345568e63ae3ba667,1
6277,Apache,CAMEL,13357967,camel-3.8.0,camel-3.9.0,apache/camel,1541a742d1fa2633ee2251eeea72904f3447c8f5,3
6279,Apache,CAMEL,13356762,camel-3.7.1,camel-3.7.3,apache/camel,3af6af224c3dbaf1970903c9932ca2165ef0b173,1
6282,Apache,CAMEL,13351572,camel-3.7.0,camel-3.7.2,apache/camel,996f224e95664deafa3a3e4345568e63ae3ba667,10
6283,Apache,CAMEL,13351422,camel-3.7.0,camel-3.7.1,apache/camel,996f224e95664deafa3a3e4345568e63ae3ba667,1
6284,Apache,CAMEL,13351091,camel-3.7.0,camel-3.7.1,apache/camel,996f224e95664deafa3a3e4345568e63ae3ba667,1
6285,Apache,CAMEL,13347469,camel-3.6.0,camel-3.7.1,apache/camel,29e1fe28ffabeccea29ad4246f10ba793f490150,1
6287,Apache,CAMEL,13346174,camel-3.6.0,camel-3.7.1,apache/camel,29e1fe28ffabeccea29ad4246f10ba793f490150,1
6288,Apache,CAMEL,13345918,camel-3.6.0,camel-3.7.1,apache/camel,29e1fe28ffabeccea29ad4246f10ba793f490150,1
6289,Apache,CAMEL,13344053,camel-3.5.0,camel-3.7.0,apache/camel,62ef0198c65d95a55ce6e218cd49ba110fc9306c,2
6291,Apache,CAMEL,13342970,camel-3.5.0,camel-3.7.0,apache/camel,62ef0198c65d95a55ce6e218cd49ba110fc9306c,6
6292,Apache,CAMEL,13342522,camel-2.24.2,camel-2.25.3,apache/camel,1b37f8bae1368db69d4ddf397f719bc7c1d39925,1
6294,Apache,CAMEL,13342193,camel-3.6.0,camel-3.7.0,apache/camel,29e1fe28ffabeccea29ad4246f10ba793f490150,2
6296,Apache,CAMEL,13341717,camel-3.6.0,camel-3.7.0,apache/camel,29e1fe28ffabeccea29ad4246f10ba793f490150,6
6298,Apache,CAMEL,13340721,camel-3.6.0,camel-3.7.0,apache/camel,29e1fe28ffabeccea29ad4246f10ba793f490150,1
6300,Apache,CAMEL,13339472,camel-3.4.4,camel-3.7.0,apache/camel,89937eb413852e07a13cf433150571c463a48a8e,2
6302,Apache,CAMEL,13338841,camel-3.6.0,camel-3.7.0,apache/camel,29e1fe28ffabeccea29ad4246f10ba793f490150,1
6303,Apache,CAMEL,13338838,camel-3.6.0,camel-3.7.0,apache/camel,29e1fe28ffabeccea29ad4246f10ba793f490150,1
6305,Apache,CAMEL,13338672,camel-3.5.0,camel-3.7.0,apache/camel,62ef0198c65d95a55ce6e218cd49ba110fc9306c,1
6306,Apache,CAMEL,13338587,camel-3.6.0,camel-3.7.0,apache/camel,29e1fe28ffabeccea29ad4246f10ba793f490150,2
6309,Apache,CAMEL,13336440,camel-3.4.2,camel-3.13.0,apache/camel,85f679b8ef5ff6f2de222741bc4512b7a52dfb12,1
6311,Apache,CAMEL,13335204,camel-3.5.0,camel-3.6.0,apache/camel,62ef0198c65d95a55ce6e218cd49ba110fc9306c,1
6312,Apache,CAMEL,13335028,camel-3.5.0,camel-3.6.0,apache/camel,62ef0198c65d95a55ce6e218cd49ba110fc9306c,8
6314,Apache,CAMEL,13330371,camel-3.5.0,camel-3.6.0,apache/camel,62ef0198c65d95a55ce6e218cd49ba110fc9306c,3
6316,Apache,CAMEL,13329427,camel-3.4.3,camel-3.4.5,apache/camel,54abda5aa2ede3878028e1270eb52ae278e6aa35,2
6318,Apache,CAMEL,13328495,camel-3.4.3,camel-3.4.5,apache/camel,54abda5aa2ede3878028e1270eb52ae278e6aa35,2
6321,Apache,CAMEL,13327681,camel-3.5.0,camel-3.4.4,apache/camel,62ef0198c65d95a55ce6e218cd49ba110fc9306c,1
6323,Apache,CAMEL,13327301,camel-3.5.0,camel-3.4.4,apache/camel,62ef0198c65d95a55ce6e218cd49ba110fc9306c,1
6326,Apache,CAMEL,13325873,camel-3.4.3,camel-3.4.4,apache/camel,54abda5aa2ede3878028e1270eb52ae278e6aa35,3
6327,Apache,CAMEL,13325507,camel-3.4.3,camel-3.4.4,apache/camel,54abda5aa2ede3878028e1270eb52ae278e6aa35,1
6328,Apache,CAMEL,13325312,camel-3.4.3,camel-3.6.0,apache/camel,54abda5aa2ede3878028e1270eb52ae278e6aa35,1
6329,Apache,CAMEL,13323523,camel-3.4.3,camel-3.4.4,apache/camel,54abda5aa2ede3878028e1270eb52ae278e6aa35,2
6332,Apache,CAMEL,13321940,camel-3.4.2,camel-3.4.4,apache/camel,85f679b8ef5ff6f2de222741bc4512b7a52dfb12,1
6333,Apache,CAMEL,13321206,camel-3.4.2,camel-3.4.3,apache/camel,85f679b8ef5ff6f2de222741bc4512b7a52dfb12,1
6334,Apache,CAMEL,13320948,camel-3.3.0,camel-3.4.3,apache/camel,7f96e2e248cc52a8d3c5899e50bbfe71427c69d4,2
6335,Apache,CAMEL,13320866,camel-3.4.2,camel-3.4.3,apache/camel,85f679b8ef5ff6f2de222741bc4512b7a52dfb12,1
6336,Apache,CAMEL,13320208,camel-3.4.2,camel-3.4.3,apache/camel,85f679b8ef5ff6f2de222741bc4512b7a52dfb12,1
6337,Apache,CAMEL,13319241,camel-3.4.2,camel-3.4.3,apache/camel,85f679b8ef5ff6f2de222741bc4512b7a52dfb12,1
6338,Apache,CAMEL,13318703,camel-3.4.2,camel-3.4.3,apache/camel,85f679b8ef5ff6f2de222741bc4512b7a52dfb12,1
6339,Apache,CAMEL,13318674,camel-3.4.1,camel-3.4.2,apache/camel,e14a305b76b121c054596321c84d2adc18b33536,1
6341,Apache,CAMEL,13318226,camel-3.4.0,camel-3.4.3,apache/camel,b665e5cf4b47f9b074bea40c86a5133f0db00454,1
6342,Apache,CAMEL,13314906,camel-3.4.0,camel-3.4.1,apache/camel,b665e5cf4b47f9b074bea40c86a5133f0db00454,1
6344,Apache,CAMEL,13313821,camel-3.3.0,camel-3.4.1,apache/camel,7f96e2e248cc52a8d3c5899e50bbfe71427c69d4,2
6345,Apache,CAMEL,13313017,camel-3.4.0,camel-3.4.3,apache/camel,b665e5cf4b47f9b074bea40c86a5133f0db00454,2
6347,Apache,CAMEL,13311034,camel-3.3.0,camel-3.4.0,apache/camel,7f96e2e248cc52a8d3c5899e50bbfe71427c69d4,1
6348,Apache,CAMEL,13308035,camel-3.3.0,camel-3.4.0,apache/camel,7f96e2e248cc52a8d3c5899e50bbfe71427c69d4,1
6349,Apache,CAMEL,13307728,camel-3.3.0,camel-3.4.0,apache/camel,7f96e2e248cc52a8d3c5899e50bbfe71427c69d4,2
6350,Apache,CAMEL,13307407,camel-3.3.0,camel-3.20.1,apache/camel,7f96e2e248cc52a8d3c5899e50bbfe71427c69d4,3
6351,Apache,CAMEL,13304681,camel-3.2.0,camel-3.4.0,apache/camel,77ae2991cd198ef1b5f4d6ac8c57bcba031f6d98,2
6352,Apache,CAMEL,13303383,camel-3.2.0,camel-3.3.0,apache/camel,77ae2991cd198ef1b5f4d6ac8c57bcba031f6d98,4
6353,Apache,CAMEL,13303345,camel-3.2.0,camel-3.3.0,apache/camel,77ae2991cd198ef1b5f4d6ac8c57bcba031f6d98,1
6354,Apache,CAMEL,13303177,camel-2.23.4,camel-2.25.2,apache/camel,86f99c9d20bf27870784baaff76df5a80e929a13,1
6357,Apache,CAMEL,13298835,camel-3.2.0,camel-3.3.0,apache/camel,77ae2991cd198ef1b5f4d6ac8c57bcba031f6d98,1
6358,Apache,CAMEL,13296819,camel-3.1.0,camel-3.3.0,apache/camel,9636f69dd42c5b01052875f960fb05d2edc4a8a9,1
6360,Apache,CAMEL,13288463,camel-2.25.0,camel-2.25.1,apache/camel,fa2a3c885e621014e1d54663b141b9f10b1299a4,9
6361,Apache,CAMEL,13283024,camel-3.0.1,camel-3.7.0,apache/camel,388fee27bb150b6cc0582ce5202cf87a6ccae43d,1
6363,Apache,CAMEL,13281899,camel-3.0.0,camel-3.1.0,apache/camel,ac11f88de7594232c3c28532a19377764665ce13,2
6364,Apache,CAMEL,13281585,camel-3.0.0,camel-3.1.0,apache/camel,ac11f88de7594232c3c28532a19377764665ce13,1
6365,Apache,CAMEL,13281327,camel-2.24.3,camel-2.25.1,apache/camel,d373c4c321ad45a949b568d5503e80a3cc486518,1
6366,Apache,CAMEL,13280982,camel-3.0.0,camel-3.1.0,apache/camel,ac11f88de7594232c3c28532a19377764665ce13,1
6368,Apache,CAMEL,13278631,camel-3.0.0-RC3,camel-3.1.0,apache/camel,2e137e3386d32a59d1ba86bfbc1883b164797300,1
6369,Apache,CAMEL,13275457,camel-3.0.0,camel-3.0.1,apache/camel,ac11f88de7594232c3c28532a19377764665ce13,1
6372,Apache,CAMEL,13271737,camel-3.0.0,camel-3.0.1,apache/camel,ac11f88de7594232c3c28532a19377764665ce13,1
6373,Apache,CAMEL,13271018,camel-3.0.0,camel-3.0.1,apache/camel,ac11f88de7594232c3c28532a19377764665ce13,2
6374,Apache,CAMEL,13270561,camel-3.0.0,camel-3.0.1,apache/camel,ac11f88de7594232c3c28532a19377764665ce13,4
6375,Apache,CAMEL,13269437,camel-2.24.2,camel-2.24.3,apache/camel,1b37f8bae1368db69d4ddf397f719bc7c1d39925,1
6376,Apache,CAMEL,13268004,camel-3.0.0-RC3,camel-3.0.0,apache/camel,2e137e3386d32a59d1ba86bfbc1883b164797300,2
6377,Apache,CAMEL,13267763,camel-2.24.2,camel-2.24.3,apache/camel,1b37f8bae1368db69d4ddf397f719bc7c1d39925,1
6380,Apache,CAMEL,13266132,camel-3.0.0-RC3,camel-3.0.0,apache/camel,2e137e3386d32a59d1ba86bfbc1883b164797300,2
6383,Apache,CAMEL,13263348,camel-3.0.0-RC3,camel-3.0.0,apache/camel,2e137e3386d32a59d1ba86bfbc1883b164797300,1
6384,Apache,CAMEL,13262352,camel-3.0.0,camel-3.0.0-RC3,apache/camel,ac11f88de7594232c3c28532a19377764665ce13,3
6385,Apache,CAMEL,13261599,camel-3.0.0-RC2,camel-3.0.0-RC3,apache/camel,785698d28a9e3f8c9bb1eec9dc7c3393a87f83e0,1
6387,Apache,CAMEL,13257947,camel-3.0.0,camel-3.0.0-RC2,apache/camel,ac11f88de7594232c3c28532a19377764665ce13,2
6388,Apache,CAMEL,13256512,camel-3.0.0-RC1,camel-3.0.0-RC2,apache/camel,9845ce208e9bb672a11379d5089e1e11f802306a,2
6389,Apache,CAMEL,13256131,camel-3.0.0-RC1,camel-3.0.0-RC2,apache/camel,9845ce208e9bb672a11379d5089e1e11f802306a,1
6390,Apache,CAMEL,13255351,camel-3.0.0-RC1,camel-3.0.0-RC2,apache/camel,9845ce208e9bb672a11379d5089e1e11f802306a,4
6391,Apache,CAMEL,13254711,camel-2.20.1,camel-2.24.2,apache/camel,1398cc8e8f58b2bf5c9e9a7f8dffd113ae290d88,1
6392,Apache,CAMEL,13254084,camel-3.0.0-M4,camel-3.0.0-RC2,apache/camel,4b135cbc2548dee00c49cd3caf7f8d5ac3e2e0c7,1
6393,Apache,CAMEL,13252014,camel-3.0.0-M4,camel-3.0.0-RC2,apache/camel,4b135cbc2548dee00c49cd3caf7f8d5ac3e2e0c7,1
6395,Apache,CAMEL,13250252,camel-3.0.0-M4,camel-3.0.0-RC1,apache/camel,4b135cbc2548dee00c49cd3caf7f8d5ac3e2e0c7,4
6398,Apache,CAMEL,13235838,camel-2.22.1,camel-2.22.5,apache/camel,d0acf8d36004425b4fcdd047d5c9454a41764437,2
6402,Apache,CAMEL,13233017,camel-2.17.0,camel-2.23.3,apache/camel,cf2e1749fae7c2d7526c705eb2c9e45e7f8f1af4,2
6403,Apache,CAMEL,13229109,camel-3.0.0-M2,camel-3.0.0-M3,apache/camel,da4c2562d54989ef43e215321b226bb358d2e3c8,4
6405,Apache,CAMEL,13228578,camel-3.0.0-M2,camel-3.0.0-M3,apache/camel,da4c2562d54989ef43e215321b226bb358d2e3c8,1
6407,Apache,CAMEL,13225379,camel-2.23.1,camel-2.23.2,apache/camel,e6a908507df14801ee44a527c6f1b2b84c49d143,1
6409,Apache,CAMEL,13223083,camel-3.0.0-M1,camel-3.0.0-M2,apache/camel,1b7c971c4a45dd85988b3b6f0a8bceabb6ee7796,2
6412,Apache,CAMEL,13221659,camel-2.23.1,camel-2.23.2,apache/camel,e6a908507df14801ee44a527c6f1b2b84c49d143,2
6413,Apache,CAMEL,13221127,camel-2.21.4,camel-2.24.1,apache/camel,757bc836d1d9ed11d11de73c5dc72fc53617d6a0,4
6416,Apache,CAMEL,13216773,camel-2.21.0,camel-2.23.2,apache/camel,36bea62e844c5037b8c4d9e0eab5cc6b189fe1da,3
6417,Apache,CAMEL,13216220,camel-2.23.1,camel-2.23.2,apache/camel,e6a908507df14801ee44a527c6f1b2b84c49d143,2
6419,Apache,CAMEL,13215004,camel-2.23.1,camel-2.23.2,apache/camel,e6a908507df14801ee44a527c6f1b2b84c49d143,1
6420,Apache,CAMEL,13213318,camel-2.23.1,camel-2.23.2,apache/camel,e6a908507df14801ee44a527c6f1b2b84c49d143,2
6421,Apache,CAMEL,13210821,camel-2.17.1,camel-2.22.3,apache/camel,c3d54e2ff5c412ff9d663e6386c38eb9c18e2282,1
6425,Apache,CAMEL,13204575,camel-2.21.0,camel-2.21.4,apache/camel,36bea62e844c5037b8c4d9e0eab5cc6b189fe1da,1
6427,Apache,CAMEL,13203243,camel-2.18.0,camel-2.23.1,apache/camel,da8694f8c5392881ac5ab49c37a7947451bb65af,2
6429,Apache,CAMEL,13201658,camel-2.18.0,camel-2.21.4,apache/camel,da8694f8c5392881ac5ab49c37a7947451bb65af,3
6430,Apache,CAMEL,13200915,camel-2.22.2,camel-2.22.5,apache/camel,65d603ddf448e8450dbe4c86abd2bed475c451c5,9
6432,Apache,CAMEL,13198040,camel-2.22.1,camel-2.22.3,apache/camel,d0acf8d36004425b4fcdd047d5c9454a41764437,1
6434,Apache,CAMEL,13193014,camel-2.22.0,camel-2.22.2,apache/camel,363777cc93ab6072cd12d2a231c2165cbc6c0524,2
6435,Apache,CAMEL,13192456,camel-2.17.0,camel-2.22.2,apache/camel,cf2e1749fae7c2d7526c705eb2c9e45e7f8f1af4,2
6436,Apache,CAMEL,13191454,camel-2.22.1,camel-2.22.2,apache/camel,d0acf8d36004425b4fcdd047d5c9454a41764437,1
6439,Apache,CAMEL,13189043,camel-2.22.1,camel-2.22.2,apache/camel,d0acf8d36004425b4fcdd047d5c9454a41764437,3
6440,Apache,CAMEL,13187095,camel-2.22.1,camel-2.22.2,apache/camel,d0acf8d36004425b4fcdd047d5c9454a41764437,1
6442,Apache,CAMEL,13185839,camel-2.22.1,camel-2.22.2,apache/camel,d0acf8d36004425b4fcdd047d5c9454a41764437,1
6443,Apache,CAMEL,13184904,camel-2.22.2,camel-2.23.0,apache/camel,65d603ddf448e8450dbe4c86abd2bed475c451c5,1
6444,Apache,CAMEL,13183611,camel-2.21.1,camel-2.21.3,apache/camel,dedf656c7526ab6189519f0733e25ed3fed369f7,1
6445,Apache,CAMEL,13183571,camel-2.19.0,camel-2.21.3,apache/camel,6cb00233e8e94dc9028f9ec02b5580d04de24c66,2
6446,Apache,CAMEL,13183443,camel-2.18.3,camel-2.21.3,apache/camel,268d8bc86cec4ccf410abd6810e29e65c7c9ec50,1
6448,Apache,CAMEL,13181598,camel-2.22.0,camel-2.22.2,apache/camel,363777cc93ab6072cd12d2a231c2165cbc6c0524,1
6449,Apache,CAMEL,13180237,camel-2.20.2,camel-2.22.1,apache/camel,2a3310822da3f1992083e206b68af3172fcd3792,1
6450,Apache,CAMEL,13179585,camel-2.22.0,camel-2.22.1,apache/camel,363777cc93ab6072cd12d2a231c2165cbc6c0524,2
6451,Apache,CAMEL,13178204,camel-2.22.0,camel-2.22.1,apache/camel,363777cc93ab6072cd12d2a231c2165cbc6c0524,1
6454,Apache,CAMEL,13174208,camel-2.21.1,camel-2.21.3,apache/camel,dedf656c7526ab6189519f0733e25ed3fed369f7,2
6455,Apache,CAMEL,13172420,camel-2.21.1,camel-2.21.3,apache/camel,dedf656c7526ab6189519f0733e25ed3fed369f7,1
6456,Apache,CAMEL,13172363,camel-2.21.1,camel-2.21.3,apache/camel,dedf656c7526ab6189519f0733e25ed3fed369f7,7
6457,Apache,CAMEL,13171366,camel-2.20.2,camel-2.22.1,apache/camel,2a3310822da3f1992083e206b68af3172fcd3792,1
6459,Apache,CAMEL,13169169,camel-2.21.1,camel-2.21.2,apache/camel,dedf656c7526ab6189519f0733e25ed3fed369f7,2
6460,Apache,CAMEL,13165641,camel-2.21.1,camel-2.21.3,apache/camel,dedf656c7526ab6189519f0733e25ed3fed369f7,1
6461,Apache,CAMEL,13138135,camel-2.20.2,camel-2.21.0,apache/camel,2a3310822da3f1992083e206b68af3172fcd3792,5
6462,Apache,CAMEL,13136276,camel-2.20.2,camel-2.23.0,apache/camel,2a3310822da3f1992083e206b68af3172fcd3792,2
6463,Apache,CAMEL,13100094,camel-2.18.4,camel-2.18.5,apache/camel,609347c52c1fc4f4d623353f5f1e6cfe3f586676,1
6464,Commons,COMPRESS,13569740,rel/commons-compress-1.26.0,rel/commons-compress-1.26.1,apache/commons-compress,acaf5642b1e16d872870a4dc4618e46ccd349493,1
6465,Commons,COMPRESS,13569624,rel/commons-compress-1.26.0,rel/commons-compress-1.26.1,apache/commons-compress,acaf5642b1e16d872870a4dc4618e46ccd349493,2
6467,Commons,COMPRESS,13566811,rel/commons-compress-1.23.0,rel/commons-compress-1.26.0,apache/commons-compress,b19df3e5b9a85000cf46be3afd998fc58c0ea538,2
6468,Commons,COMPRESS,13564221,rel/commons-compress-1.25.0,rel/commons-compress-1.26.0,apache/commons-compress,38dec7fb4690c023ef0af9661e0e1ae4f254a769,2
6469,Commons,COMPRESS,13528798,commons-compress-1.22,rel/commons-compress-1.23.0,apache/commons-compress,5183d0b08c0897e6f0c41a038487b7c795136425,2
6470,Commons,COMPRESS,13400318,rel/1.21,commons-compress-1.22,apache/commons-compress,60e3d9f6bef1e431f8738e881c051d706f81e6cf,2
6471,Commons,COMPRESS,13358954,rel/1.20,rel/1.21,apache/commons-compress,f7503adfbad8b44eb079d564f2784aeaa034647c,3
6472,Commons,COMPRESS,13315633,rel/1.20,rel/1.21,apache/commons-compress,f7503adfbad8b44eb079d564f2784aeaa034647c,2
6473,Commons,COMPRESS,13273218,rel/1.19,rel/1.20,apache/commons-compress,516f76ac1fe48be9a5162e53e4d0a99f23774565,2
6474,Commons,COMPRESS,13213038,rel/1.18,rel/1.19,apache/commons-compress,b95d5cde4c68640f886e3c6802384fae47408a37,3
6475,Commons,COMPRESS,13170797,COMPRESS-1.9,rel/1.18,apache/commons-compress,3a5c8403d892ff1bc245f5ccc6a00bbc860529eb,4
6476,Commons,CSV,13291503,rel/commons-csv-1.8,rel/commons-csv-1.9.0,apache/commons-csv,660f7c9f853092ec8abf5d6c81d260e3c80c2194,2
6480,Apache,HBASE,13583220,rel/2.6.0,rel/1.2.6.1,apache/hbase,de99f8754135ea69adc39da48d2bc2b2710a5366,2
6482,Apache,HBASE,13582415,rel/2.4.13,rel/2.5.9,apache/hbase,90fb1ddc1df9b345f26687d5d24cedfb19621d63,5
6483,Apache,HBASE,13580548,rel/2.4.13,rel/2.5.9,apache/hbase,90fb1ddc1df9b345f26687d5d24cedfb19621d63,1
6484,Apache,HBASE,13579460,rel/2.6.0,rel/1.2.6.1,apache/hbase,de99f8754135ea69adc39da48d2bc2b2710a5366,1
6485,Apache,HBASE,13578442,rel/2.4.13,rel/2.4.18,apache/hbase,90fb1ddc1df9b345f26687d5d24cedfb19621d63,1
6486,Apache,HBASE,13578269,rel/2.6.0,rel/1.2.6.1,apache/hbase,de99f8754135ea69adc39da48d2bc2b2710a5366,3
6487,Apache,HBASE,13578210,rel/2.5.8,rel/2.5.9,apache/hbase,37444de6531b1bdabf2e445c83d0268ab1a6f919,1
6489,Apache,HBASE,13576685,rel/2.6.0,rel/1.2.6.1,apache/hbase,de99f8754135ea69adc39da48d2bc2b2710a5366,2
6490,Apache,HBASE,13576231,rel/2.5.8,rel/2.5.9,apache/hbase,37444de6531b1bdabf2e445c83d0268ab1a6f919,2
6491,Apache,HBASE,13574971,rel/2.6.0,rel/1.2.6.1,apache/hbase,de99f8754135ea69adc39da48d2bc2b2710a5366,8
6492,Apache,HBASE,13574163,rel/2.4.13,rel/2.4.18,apache/hbase,90fb1ddc1df9b345f26687d5d24cedfb19621d63,3
6494,Apache,HBASE,13570004,rel/2.4.17,rel/2.4.18,apache/hbase,7fd096f39b4284da9a71da3ce67c48d259ffa79a,2
6495,Apache,HBASE,13568367,rel/2.4.17,rel/2.4.18,apache/hbase,7fd096f39b4284da9a71da3ce67c48d259ffa79a,1
6496,Apache,HBASE,13566120,rel/2.5.7,rel/2.5.8,apache/hbase,6788f98356dd70b4a7ff766ea7a8298e022e7b95,1
6497,Apache,HBASE,13565428,rel/2.5.7,rel/2.5.8,apache/hbase,6788f98356dd70b4a7ff766ea7a8298e022e7b95,1
6498,Apache,HBASE,13562867,rel/2.5.0,rel/2.5.8,apache/hbase,6cdbc46c022c797cf5e3bc17007290201d451569,2
6499,Apache,HBASE,13562249,rel/3.0.0-alpha-4,rel/3.0.0-beta-1,apache/hbase,e44cc02c75ecae7ece845f04722eb16b7528393f,2
6500,Apache,HBASE,13559736,2.5.5,rel/2.5.8,apache/hbase,7ebd4381261fefd78fc2acf258a95184f4147cee,1
6501,Apache,HBASE,13559081,rel/2.4.17,rel/2.4.18,apache/hbase,7fd096f39b4284da9a71da3ce67c48d259ffa79a,3
6502,Apache,HBASE,13558728,rel/2.4.17,rel/2.4.18,apache/hbase,7fd096f39b4284da9a71da3ce67c48d259ffa79a,2
6503,Apache,HBASE,13556503,rel/2.4.14,rel/2.4.18,apache/hbase,2e7d75a892000071a7479b2f668c4db7a241be3f,1
6504,Apache,HBASE,13555137,rel/2.4.17,rel/2.4.18,apache/hbase,7fd096f39b4284da9a71da3ce67c48d259ffa79a,9
6505,Apache,HBASE,13554325,rel/2.5.6,rel/2.5.7,apache/hbase,6bac842797dc26bedb7adc0759358e4c8fd5a992,2
6506,Apache,HBASE,13553690,2.5.5,rel/2.5.7,apache/hbase,7ebd4381261fefd78fc2acf258a95184f4147cee,1
6507,Apache,HBASE,13553443,2.5.5,rel/2.5.6,apache/hbase,7ebd4381261fefd78fc2acf258a95184f4147cee,1
6509,Apache,HBASE,13551758,rel/2.4.17,rel/2.4.18,apache/hbase,7fd096f39b4284da9a71da3ce67c48d259ffa79a,1
6510,Apache,HBASE,13551470,rel/2.4.17,rel/2.4.18,apache/hbase,7fd096f39b4284da9a71da3ce67c48d259ffa79a,1
6511,Apache,HBASE,13550433,rel/3.0.0-alpha-4,rel/3.0.0-beta-1,apache/hbase,e44cc02c75ecae7ece845f04722eb16b7528393f,1
6512,Apache,HBASE,13550368,rel/2.4.17,rel/2.4.18,apache/hbase,7fd096f39b4284da9a71da3ce67c48d259ffa79a,1
6514,Apache,HBASE,13546372,rel/2.4.13,rel/2.4.18,apache/hbase,90fb1ddc1df9b345f26687d5d24cedfb19621d63,1
6515,Apache,HBASE,13541222,rel/2.4.10,rel/2.4.18,apache/hbase,3e5359c73d1a96dd7d2ac5bc8f987e9a89ef90ea,1
6518,Apache,HBASE,13536649,rel/2.5.4,2.5.5,apache/hbase,2e426ab69d126e683577b6e94f890800c5122910,4
6519,Apache,HBASE,13536581,rel/2.4.16,rel/2.4.18,apache/hbase,d1714710877653691e2125bd94b68a5b484a3a06,3
6520,Apache,HBASE,13536318,rel/2.5.4,2.5.5,apache/hbase,2e426ab69d126e683577b6e94f890800c5122910,1
6521,Apache,HBASE,13535824,rel/2.3.7,rel/2.5.6,apache/hbase,8b2f5141e900c851a2b351fccd54b13bcac5e2ed,1
6522,Apache,HBASE,13533498,rel/2.3.0,2.5.5,apache/hbase,e0e1382705c59d3fb3ad8f5bff720a9dc7120fb8,1
6524,Apache,HBASE,13531449,rel/3.0.0-alpha-3,rel/3.0.0-alpha-4,apache/hbase,b3657484850f9fa9679f2186bf53e7df768f21c7,3
6525,Apache,HBASE,13528462,rel/2.4.14,rel/2.4.17,apache/hbase,2e7d75a892000071a7479b2f668c4db7a241be3f,2
6526,Apache,HBASE,13528336,rel/3.0.0-alpha-3,rel/3.0.0-alpha-4,apache/hbase,b3657484850f9fa9679f2186bf53e7df768f21c7,5
6527,Apache,HBASE,13528239,rel/2.5.0,rel/2.5.4,apache/hbase,6cdbc46c022c797cf5e3bc17007290201d451569,1
6528,Apache,HBASE,13526924,rel/2.0.0,rel/2.4.17,apache/hbase,7483b111e4da77adbfc8062b3b22cbe7c2cb91c1,3
6529,Apache,HBASE,13517453,rel/2.4.16,rel/2.5.3,apache/hbase,d1714710877653691e2125bd94b68a5b484a3a06,1
6530,Apache,HBASE,13517299,rel/2.5.2,rel/2.5.3,apache/hbase,3e28acf0b819f4b4a1ada2b98d59e05b0ef94f96,2
6531,Apache,HBASE,13517244,rel/3.0.0-alpha-3,rel/3.0.0-alpha-4,apache/hbase,b3657484850f9fa9679f2186bf53e7df768f21c7,2
6532,Apache,HBASE,13503620,rel/2.5.1,rel/2.5.3,apache/hbase,894ac15342ae9ac1e0d7c827c00fda4b83627758,1
6533,Apache,HBASE,13498465,rel/3.0.0-alpha-3,rel/3.0.0-alpha-4,apache/hbase,b3657484850f9fa9679f2186bf53e7df768f21c7,2
6534,Apache,HBASE,13491550,rel/3.0.0-alpha-3,rel/3.0.0-alpha-4,apache/hbase,b3657484850f9fa9679f2186bf53e7df768f21c7,1
6537,Apache,HBASE,13484233,rel/3.0.0-alpha-3,rel/3.0.0-alpha-4,apache/hbase,b3657484850f9fa9679f2186bf53e7df768f21c7,1
6538,Apache,HBASE,13483288,rel/2.4.14,rel/2.4.15,apache/hbase,2e7d75a892000071a7479b2f668c4db7a241be3f,1
6539,Apache,HBASE,13482736,rel/3.0.0-alpha-3,rel/3.0.0-alpha-4,apache/hbase,b3657484850f9fa9679f2186bf53e7df768f21c7,2
6540,Apache,HBASE,13482258,rel/2.0.0,rel/2.5.2,apache/hbase,7483b111e4da77adbfc8062b3b22cbe7c2cb91c1,1
6541,Apache,HBASE,13480473,rel/3.0.0-alpha-3,rel/3.0.0-alpha-4,apache/hbase,b3657484850f9fa9679f2186bf53e7df768f21c7,1
6542,Apache,HBASE,13479629,rel/3.0.0-alpha-1,rel/3.0.0-alpha-4,apache/hbase,b80d70cd5356cf582b3a584c41b1b9c4f7784e22,1
6543,Apache,HBASE,13478837,rel/2.5.0,rel/2.5.1,apache/hbase,6cdbc46c022c797cf5e3bc17007290201d451569,1
6544,Apache,HBASE,13450539,rel/2.5.0,rel/2.4.13,apache/hbase,6cdbc46c022c797cf5e3bc17007290201d451569,1
6545,Apache,HBASE,13448907,rel/2.3.7,rel/2.4.13,apache/hbase,8b2f5141e900c851a2b351fccd54b13bcac5e2ed,1
6546,Apache,HBASE,13446684,rel/3.0.0-alpha-2,rel/3.0.0-alpha-3,apache/hbase,314e924e960d0d5c0c5e8ec436c75aaa6190b4c1,1
6547,Apache,HBASE,13445026,rel/3.0.0-alpha-2,rel/3.0.0-alpha-3,apache/hbase,314e924e960d0d5c0c5e8ec436c75aaa6190b4c1,2
6548,Apache,HBASE,13442210,rel/2.4.11,rel/2.4.13,apache/hbase,7e672a0da0586e6b7449310815182695bc6ae193,1
6549,Apache,HBASE,13442179,rel/2.4.11,rel/2.5.0,apache/hbase,7e672a0da0586e6b7449310815182695bc6ae193,2
6550,Apache,HBASE,13441811,rel/1.7.1,rel/1.7.2,apache/hbase,2d9273667e418e7023f9104a830cdcb8233b6f25,3
6551,Apache,HBASE,13440944,rel/2.4.11,rel/2.4.16,apache/hbase,7e672a0da0586e6b7449310815182695bc6ae193,2
6552,Apache,HBASE,13439010,rel/3.0.0-alpha-2,rel/3.0.0-alpha-3,apache/hbase,314e924e960d0d5c0c5e8ec436c75aaa6190b4c1,1
6553,Apache,HBASE,13437434,rel/2.4.0,rel/2.4.12,apache/hbase,282ab70012ae843af54a6779543ff20acbcbb629,2
6554,Apache,HBASE,13436442,rel/3.0.0-alpha-2,rel/3.0.0-alpha-3,apache/hbase,314e924e960d0d5c0c5e8ec436c75aaa6190b4c1,2
6555,Apache,HBASE,13434935,rel/2.4.11,rel/2.4.12,apache/hbase,7e672a0da0586e6b7449310815182695bc6ae193,1
6557,Apache,HBASE,13434618,rel/2.4.10,rel/2.4.12,apache/hbase,3e5359c73d1a96dd7d2ac5bc8f987e9a89ef90ea,3
6558,Apache,HBASE,13432822,rel/2.4.10,rel/2.4.11,apache/hbase,3e5359c73d1a96dd7d2ac5bc8f987e9a89ef90ea,1
6559,Apache,HBASE,13431748,rel/1.7.1,rel/1.7.2,apache/hbase,2d9273667e418e7023f9104a830cdcb8233b6f25,2
6562,Apache,HBASE,13430960,rel/2.4.10,rel/2.4.11,apache/hbase,3e5359c73d1a96dd7d2ac5bc8f987e9a89ef90ea,1
6563,Apache,HBASE,13429996,rel/2.4.9,rel/2.4.10,apache/hbase,c49f7f63fca144765bf7c2da41791769286dfccc,1
6565,Apache,HBASE,13427946,rel/1.7.1,rel/1.7.2,apache/hbase,2d9273667e418e7023f9104a830cdcb8233b6f25,1
6566,Apache,HBASE,13427208,rel/1.7.1,rel/1.7.2,apache/hbase,2d9273667e418e7023f9104a830cdcb8233b6f25,2
6567,Apache,HBASE,13427082,rel/3.0.0-alpha-2,rel/3.0.0-alpha-3,apache/hbase,314e924e960d0d5c0c5e8ec436c75aaa6190b4c1,2
6569,Apache,HBASE,13424615,rel/1.7.1,rel/1.7.2,apache/hbase,2d9273667e418e7023f9104a830cdcb8233b6f25,2
6570,Apache,HBASE,13422564,rel/3.0.0-alpha-2,rel/3.0.0-alpha-3,apache/hbase,314e924e960d0d5c0c5e8ec436c75aaa6190b4c1,1
6571,Apache,HBASE,13417602,rel/2.0.0,rel/2.5.0,apache/hbase,7483b111e4da77adbfc8062b3b22cbe7c2cb91c1,1
6572,Apache,HBASE,13415305,rel/1.1.13,rel/1.7.2,apache/hbase,c64bf8a9f35352cd504f2b8f4b02f9148cf45ab6,4
6573,Apache,HBASE,13414976,rel/2.3.6,rel/2.4.9,apache/hbase,7414579f2620fca6b75146c29ab2726fc4643ac9,2
6574,Apache,HBASE,13414786,rel/2.2.7,rel/2.4.9,apache/hbase,0fc18a9056e5eb3a80fdbde916865607946c5195,1
6575,Apache,HBASE,13414073,rel/3.0.0-alpha-2,rel/3.0.0-alpha-3,apache/hbase,314e924e960d0d5c0c5e8ec436c75aaa6190b4c1,5
6577,Apache,HBASE,13413184,rel/1.7.0,rel/1.7.2,apache/hbase,4bcec1776b351c28513d803b6108e1ec89522ada,2
6579,Apache,HBASE,13411247,rel/2.5.0,rel/2.4.9,apache/hbase,6cdbc46c022c797cf5e3bc17007290201d451569,2
6580,Apache,HBASE,13410981,rel/3.0.0-alpha-1,rel/3.0.0-alpha-2,apache/hbase,b80d70cd5356cf582b3a584c41b1b9c4f7784e22,1
6582,Apache,HBASE,13410331,rel/2.4.8,rel/2.4.9,apache/hbase,f844d09157d9dce6c54fcd53975b7a45865ee9ac,1
6583,Apache,HBASE,13408687,rel/2.4.8,rel/2.4.9,apache/hbase,f844d09157d9dce6c54fcd53975b7a45865ee9ac,1
6584,Apache,HBASE,13408516,rel/2.2.7,rel/2.4.9,apache/hbase,0fc18a9056e5eb3a80fdbde916865607946c5195,1
6585,Apache,HBASE,13408219,rel/3.0.0-alpha-1,rel/3.0.0-alpha-2,apache/hbase,b80d70cd5356cf582b3a584c41b1b9c4f7784e22,1
6586,Apache,HBASE,13407493,rel/2.4.7,rel/2.4.8,apache/hbase,dad725bbe22c2a55d567ee6a75808eb1c1ebc6b0,1
6588,Apache,HBASE,13405817,rel/3.0.0-alpha-1,rel/3.0.0-alpha-2,apache/hbase,b80d70cd5356cf582b3a584c41b1b9c4f7784e22,3
6590,Apache,HBASE,13400771,rel/3.0.0-alpha-1,rel/3.0.0-alpha-2,apache/hbase,b80d70cd5356cf582b3a584c41b1b9c4f7784e22,8
6592,Apache,HBASE,13397191,rel/2.2.7,rel/2.3.7,apache/hbase,0fc18a9056e5eb3a80fdbde916865607946c5195,4
6594,Apache,HBASE,13394994,rel/2.4.5,rel/2.4.6,apache/hbase,4810fd1096fcf8a75a46e9d726e64fed892e6986,2
6596,Apache,HBASE,13394233,rel/3.0.0-alpha-1,rel/3.0.0-alpha-2,apache/hbase,b80d70cd5356cf582b3a584c41b1b9c4f7784e22,1
6598,Apache,HBASE,13391360,rel/2.2.0,rel/2.5.0,apache/hbase,3ec693241f2edb0cf78e71739874f2323a86bf1e,1
6599,Apache,HBASE,13391156,rel/3.0.0-alpha-1,rel/3.0.0-alpha-2,apache/hbase,b80d70cd5356cf582b3a584c41b1b9c4f7784e22,2
6600,Apache,HBASE,13389963,rel/1.7.0,rel/1.7.2,apache/hbase,4bcec1776b351c28513d803b6108e1ec89522ada,7
6601,Apache,HBASE,13389698,rel/2.0.0,rel/2.4.5,apache/hbase,7483b111e4da77adbfc8062b3b22cbe7c2cb91c1,2
6602,Apache,HBASE,13388435,rel/1.7.0,rel/1.7.1,apache/hbase,4bcec1776b351c28513d803b6108e1ec89522ada,3
6603,Apache,HBASE,13385413,rel/2.3.5,rel/2.5.0,apache/hbase,fd3fdc08d1cd43eb3432a1a70d31c3aece6ecabe,2
6604,Apache,HBASE,13380590,rel/2.4.4,rel/2.5.0,apache/hbase,20e7ba45b0c3affdc0c06b1a0e5cbddd1b2d8d18,4
6605,Apache,HBASE,13379493,rel/2.1.4,rel/2.3.6,apache/hbase,5b7722f8551bca783adb36a920ca77e417ca99d1,1
6607,Apache,HBASE,13370167,rel/2.4.3,rel/2.3.6,apache/hbase,401b60b217d45c0be5654d219515c94bd97ef572,1
6608,Apache,HBASE,13368598,rel/2.2.6,rel/2.2.7,apache/hbase,88c9a386176e2c2b5fd9915d0e9d3ce17d0e456e,1
6609,Apache,HBASE,13367704,rel/2.4.2,rel/2.4.5,apache/hbase,3e98c51c512cbd5ef779ae6bcef178ce89c46e37,2
6611,Apache,HBASE,13363389,rel/2.3.0,rel/2.5.0,apache/hbase,e0e1382705c59d3fb3ad8f5bff720a9dc7120fb8,2
6612,Apache,HBASE,13363106,rel/2.4.3,rel/2.3.5,apache/hbase,401b60b217d45c0be5654d219515c94bd97ef572,1
6613,Apache,HBASE,13361213,rel/2.0.0,rel/2.4.2,apache/hbase,7483b111e4da77adbfc8062b3b22cbe7c2cb91c1,2
6614,Apache,HBASE,13360278,rel/2.3.4,rel/2.3.5,apache/hbase,afd5e4fc3cd259257229df3422f2857ed35da4cc,1
6616,Apache,HBASE,13359429,rel/2.4.1,rel/2.4.6,apache/hbase,b4d9639f66fccdb45fea0244202ffbd755341260,1
6617,Apache,HBASE,13357693,rel/2.2.6,rel/2.3.5,apache/hbase,88c9a386176e2c2b5fd9915d0e9d3ce17d0e456e,1
6618,Apache,HBASE,13357504,rel/2.4.2,rel/2.5.0,apache/hbase,3e98c51c512cbd5ef779ae6bcef178ce89c46e37,2
6620,Apache,HBASE,13357194,rel/2.4.1,rel/2.4.2,apache/hbase,b4d9639f66fccdb45fea0244202ffbd755341260,1
6621,Apache,HBASE,13353870,rel/1.5.0,rel/1.7.0,apache/hbase,d14e335edc9c22c30827bc75e73b5303ca64ee0d,3
6622,Apache,HBASE,13353788,rel/1.6.0,rel/1.7.0,apache/hbase,5ec5a5b115ee36fb28903667c008218abd21b3f5,1
6623,Apache,HBASE,13352454,rel/2.4.1,rel/2.4.2,apache/hbase,b4d9639f66fccdb45fea0244202ffbd755341260,2
6624,Apache,HBASE,13352427,rel/2.4.1,rel/2.5.0,apache/hbase,b4d9639f66fccdb45fea0244202ffbd755341260,2
6625,Apache,HBASE,13347910,rel/2.2.3,rel/2.2.7,apache/hbase,6a830d87542b766bd3dc4cfdee28655f62de3974,2
6626,Apache,HBASE,13346969,rel/2.2.3,rel/2.2.7,apache/hbase,6a830d87542b766bd3dc4cfdee28655f62de3974,1
6627,Apache,HBASE,13345078,rel/2.3.2,rel/2.4.0,apache/hbase,8dc7de1c75ab615b8992b928150e8b476cb053e3,2
6628,Apache,HBASE,13344721,rel/2.2.3,rel/2.2.7,apache/hbase,6a830d87542b766bd3dc4cfdee28655f62de3974,2
6630,Apache,HBASE,13344088,rel/2.3.3,rel/2.3.4,apache/hbase,3e4bf4bee3a08b25591b9c22fea0518686a7e834,5
6632,Apache,HBASE,13341745,rel/2.2.3,rel/2.2.7,apache/hbase,6a830d87542b766bd3dc4cfdee28655f62de3974,1
6633,Apache,HBASE,13341532,rel/2.4.0,rel/2.3.4,apache/hbase,282ab70012ae843af54a6779543ff20acbcbb629,1
6635,Apache,HBASE,13329880,rel/2.2.6,rel/2.2.7,apache/hbase,88c9a386176e2c2b5fd9915d0e9d3ce17d0e456e,2
6636,Apache,HBASE,13329048,rel/2.3.2,rel/2.3.4,apache/hbase,8dc7de1c75ab615b8992b928150e8b476cb053e3,1
6637,Apache,HBASE,13328573,rel/2.2.3,rel/2.2.7,apache/hbase,6a830d87542b766bd3dc4cfdee28655f62de3974,1
6638,Apache,HBASE,13327915,rel/2.3.1,rel/2.4.0,apache/hbase,1ca30e5f0702350ffe6b13307685700f5400f6ae,1
6639,Apache,HBASE,13327864,rel/2.3.1,rel/2.4.0,apache/hbase,1ca30e5f0702350ffe6b13307685700f5400f6ae,4
6640,Apache,HBASE,13327078,rel/2.2.3,rel/2.2.7,apache/hbase,6a830d87542b766bd3dc4cfdee28655f62de3974,2
6641,Apache,HBASE,13327013,rel/2.3.0,rel/2.3.2,apache/hbase,e0e1382705c59d3fb3ad8f5bff720a9dc7120fb8,1
6642,Apache,HBASE,13326939,rel/2.3.1,rel/2.3.2,apache/hbase,1ca30e5f0702350ffe6b13307685700f5400f6ae,1
6643,Apache,HBASE,13326378,rel/2.2.3,rel/2.3.2,apache/hbase,6a830d87542b766bd3dc4cfdee28655f62de3974,2
6644,Apache,HBASE,13326245,rel/1.6.0,rel/1.7.0,apache/hbase,5ec5a5b115ee36fb28903667c008218abd21b3f5,1
6645,Apache,HBASE,13325840,rel/2.3.0,rel/2.4.0,apache/hbase,e0e1382705c59d3fb3ad8f5bff720a9dc7120fb8,2
6646,Apache,HBASE,13324746,rel/2.2.5,rel/2.2.7,apache/hbase,f76a601273e834267b55c0cda12474590283fd4c,4
6648,Apache,HBASE,13323810,rel/2.2.3,rel/2.3.2,apache/hbase,6a830d87542b766bd3dc4cfdee28655f62de3974,2
6651,Apache,HBASE,13315526,rel/2.2.3,rel/2.2.6,apache/hbase,6a830d87542b766bd3dc4cfdee28655f62de3974,2
6655,Apache,HBASE,13312626,rel/2.2.5,rel/2.5.0,apache/hbase,f76a601273e834267b55c0cda12474590283fd4c,1
6656,Apache,HBASE,13312074,rel/2.3.0,rel/2.3.1,apache/hbase,e0e1382705c59d3fb3ad8f5bff720a9dc7120fb8,5
6657,Apache,HBASE,13311704,rel/2.2.3,rel/2.4.6,apache/hbase,6a830d87542b766bd3dc4cfdee28655f62de3974,1
6658,Apache,HBASE,13311551,rel/2.3.0,rel/2.4.0,apache/hbase,e0e1382705c59d3fb3ad8f5bff720a9dc7120fb8,3
6659,Apache,HBASE,13311067,rel/2.2.5,rel/2.2.6,apache/hbase,f76a601273e834267b55c0cda12474590283fd4c,1
6662,Apache,HBASE,13308635,rel/2.2.3,rel/2.2.7,apache/hbase,6a830d87542b766bd3dc4cfdee28655f62de3974,2
6664,Apache,HBASE,13305923,rel/2.3.0,rel/2.2.5,apache/hbase,e0e1382705c59d3fb3ad8f5bff720a9dc7120fb8,4
6665,Apache,HBASE,13305262,rel/2.3.0,rel/2.2.6,apache/hbase,e0e1382705c59d3fb3ad8f5bff720a9dc7120fb8,2
6666,Apache,HBASE,13304695,rel/2.1.9,rel/2.2.5,apache/hbase,ec4145ba5dc9cd30d4eb700bca2de2d08104207c,1
6667,Apache,HBASE,13304584,rel/2.2.4,rel/2.2.5,apache/hbase,67779d1a325a4f78a468af3339e73bf075888bac,1
6669,Apache,HBASE,13301379,rel/2.2.4,rel/2.2.5,apache/hbase,67779d1a325a4f78a468af3339e73bf075888bac,3
6672,Apache,HBASE,13297575,rel/2.2.4,rel/2.2.5,apache/hbase,67779d1a325a4f78a468af3339e73bf075888bac,1
6673,Apache,HBASE,13293574,rel/2.2.0,rel/2.2.5,apache/hbase,3ec693241f2edb0cf78e71739874f2323a86bf1e,2
6674,Apache,HBASE,13290727,rel/2.2.0,rel/2.2.4,apache/hbase,3ec693241f2edb0cf78e71739874f2323a86bf1e,1
6675,Apache,HBASE,13290705,rel/2.2.0,rel/2.2.4,apache/hbase,3ec693241f2edb0cf78e71739874f2323a86bf1e,3
6676,Apache,HBASE,13289970,rel/2.2.2,rel/2.2.4,apache/hbase,e6513a76c91cceda95dad7af246ac81d46fa2589,2
6677,Apache,HBASE,13287562,rel/2.2.3,rel/2.2.4,apache/hbase,6a830d87542b766bd3dc4cfdee28655f62de3974,2
6678,Apache,HBASE,13279574,rel/1.4.8,rel/1.6.0,apache/hbase,91118ce5f10fb4efa03cc8c5a47c7ce97175e85e,2
6680,Apache,HBASE,13278148,rel/2.1.5,rel/2.1.9,apache/hbase,0ba7cc01a13dbb7fec8e6c5d599fc8b4936bae61,2
6681,Apache,HBASE,13277913,rel/2.2.2,rel/2.2.3,apache/hbase,e6513a76c91cceda95dad7af246ac81d46fa2589,1
6682,Apache,HBASE,13275254,rel/2.2.2,rel/2.2.3,apache/hbase,e6513a76c91cceda95dad7af246ac81d46fa2589,1
6683,Apache,HBASE,13274887,rel/1.4.12,rel/1.4.13,apache/hbase,6ae4a77408ad35d6a7a4e5cebfd401fc4b72b5ec,1
6684,Apache,HBASE,13274688,rel/2.2.2,rel/2.2.3,apache/hbase,e6513a76c91cceda95dad7af246ac81d46fa2589,3
6686,Apache,HBASE,13266481,rel/1.3.5,rel/1.4.12,apache/hbase,b59afe7b1dc650ff3a86034477b563734e8799a9,2
6687,Apache,HBASE,13265858,rel/2.2.2,rel/2.2.3,apache/hbase,e6513a76c91cceda95dad7af246ac81d46fa2589,1
6688,Apache,HBASE,13265720,rel/2.2.2,rel/2.2.3,apache/hbase,e6513a76c91cceda95dad7af246ac81d46fa2589,1
6690,Apache,HBASE,13263304,rel/2.1.7,rel/2.1.8,apache/hbase,b1aa63f22b0180330378d99212886692d4a152ff,2
6691,Apache,HBASE,13262997,rel/1.2.12,rel/1.4.12,apache/hbase,91d5ec4c4dcd10ceec984c6e663ea82acf353995,6
6692,Apache,HBASE,13262218,rel/2.1.3,rel/2.1.8,apache/hbase,da5ec9e4c06c537213883cca8f3cc9a7c19daf67,1
6693,Apache,HBASE,13261922,rel/2.2.1,rel/2.2.2,apache/hbase,f93aaf770cce81caacbf22174dfee2860dbb4810,2
6694,Apache,HBASE,13261214,rel/1.5.0,rel/1.3.6,apache/hbase,d14e335edc9c22c30827bc75e73b5303ca64ee0d,1
6696,Apache,HBASE,13257587,rel/2.1.7,rel/2.2.2,apache/hbase,b1aa63f22b0180330378d99212886692d4a152ff,2
6697,Apache,HBASE,13257341,rel/1.2.6.1,rel/1.6.0,apache/hbase,61297b5e3acf2a77606b59e0b6f0013c9dae0fbb,1
6698,Apache,HBASE,13257257,rel/2.1.0,rel/2.1.7,apache/hbase,e1673bb0bbfea21d6e5dba73e013b09b8b49b89b,1
6700,Apache,HBASE,13252963,rel/2.2.1,rel/2.1.7,apache/hbase,f93aaf770cce81caacbf22174dfee2860dbb4810,1
6701,Apache,HBASE,13252095,rel/2.0.0,rel/2.3.0,apache/hbase,7483b111e4da77adbfc8062b3b22cbe7c2cb91c1,2
6702,Apache,HBASE,13251368,rel/2.1.5,rel/2.1.6,apache/hbase,0ba7cc01a13dbb7fec8e6c5d599fc8b4936bae61,1
6704,Apache,HBASE,13250930,rel/2.2.1,rel/2.3.0,apache/hbase,f93aaf770cce81caacbf22174dfee2860dbb4810,1
6706,Apache,HBASE,13249233,rel/2.1.3,rel/2.1.6,apache/hbase,da5ec9e4c06c537213883cca8f3cc9a7c19daf67,2
6707,Apache,HBASE,13248079,rel/1.4.6,rel/1.4.11,apache/hbase,a55bcbd4fc87ff9cd3caaae25277e0cfdbb344a5,5
6708,Apache,HBASE,13245935,rel/1.4.10,rel/1.4.11,apache/hbase,76ab087819fe82ccf6f531096e18ad1bed079651,2
6709,Apache,HBASE,13245903,rel/2.1.5,rel/2.3.0,apache/hbase,0ba7cc01a13dbb7fec8e6c5d599fc8b4936bae61,1
6710,Apache,HBASE,13241887,rel/2.0.6,rel/2.1.6,apache/hbase,d65cccb5fda039217954a558c65bda423e0d6df3,1
6711,Apache,HBASE,13240321,rel/1.3.2,rel/1.3.6,apache/hbase,1bedb5bfbb5a99067e7bc54718c3124f632b6e17,2
6712,Apache,HBASE,13235896,rel/2.2.0,rel/2.3.0,apache/hbase,3ec693241f2edb0cf78e71739874f2323a86bf1e,2
6713,Apache,HBASE,13234764,rel/1.5.0,rel/1.4.10,apache/hbase,d14e335edc9c22c30827bc75e73b5303ca64ee0d,1
6714,Apache,HBASE,13232523,rel/1.5.0,rel/1.4.10,apache/hbase,d14e335edc9c22c30827bc75e73b5303ca64ee0d,1
6715,Apache,HBASE,13232521,rel/1.5.0,rel/1.4.10,apache/hbase,d14e335edc9c22c30827bc75e73b5303ca64ee0d,1
6716,Apache,HBASE,13230870,rel/2.0.4,rel/2.0.6,apache/hbase,205e39c5704bf38568b34926dde9f1ee76e6b5d0,2
6717,Apache,HBASE,13229002,rel/1.4.9,rel/1.4.10,apache/hbase,d625b212e46d01cb17db9ac2e9e927fdb201afa1,1
6719,Apache,HBASE,13220380,rel/2.2.1,rel/2.2.2,apache/hbase,f93aaf770cce81caacbf22174dfee2860dbb4810,4
6720,Apache,HBASE,13219888,rel/2.2.0,rel/2.1.5,apache/hbase,3ec693241f2edb0cf78e71739874f2323a86bf1e,1
6721,Apache,HBASE,13211718,rel/1.5.0,rel/1.6.0,apache/hbase,d14e335edc9c22c30827bc75e73b5303ca64ee0d,1
6722,Apache,HBASE,13211650,rel/2.1.0,rel/2.3.0,apache/hbase,e1673bb0bbfea21d6e5dba73e013b09b8b49b89b,4
6723,Apache,HBASE,13121423,rel/1.2.6,rel/1.7.0,apache/hbase,2f9b9e17d0522e36063bf52ecc58576243d20b3f,1
6724,Apache,HIVE,13535887,rel/release-4.0.0-alpha-2,rel/release-4.0.0-alpha-1,apache/hive,36f5d91acb0fac00a5d46049bd45b744fe9aaab6,4
6725,Apache,HIVE,13473840,rel/release-2.3.9,rel/release-2.3.10,apache/hive,92dd0159f440ca7863be3232f3a683a510a62b9d,1
6726,Apache,HIVE,13432843,rel/release-4.0.0,rel/release-4.0.0-alpha-1,apache/hive,183f8cb41d3dbed961ffd27999876468ff06690c,1
6727,Apache,HIVE,13315222,rel/release-2.3.0,rel/release-2.3.7,apache/hive,6f4c35c9e904d226451c465effdc5bfd31d395a0,1
6728,Apache,HIVE,13213315,rel/release-2.3.4,rel/release-2.3.9,apache/hive,56acdd2120b9ce6790185c679223b8b5e884aaf2,3
6729,Apache,HIVE,13038569,rel/release-2.1.1,rel/release-2.3.0,apache/hive,1af77bbf8356e86cabbed92cfa8cc2e1470a1d5c,1
6730,Commons,IO,13294390,commons-io-2.6,rel/commons-io-2.9.0,apache/commons-io,2ae025fe5c4a7d2046c53072b0898e37a079fe62,1
6732,Commons,LANG,13556478,rel/commons-lang-3.12.0,rel/commons-lang-3.14.0,apache/commons-lang,105a350b154eac7c3f3a6bac94ec2cfb0fbe232b,3
6733,Commons,LANG,13524496,rel/commons-lang-3.12.0,rel/commons-lang-3.13.0,apache/commons-lang,105a350b154eac7c3f3a6bac94ec2cfb0fbe232b,2
6734,Commons,LANG,13285970,commons-lang-3.9,rel/commons-lang-3.10,apache/commons-lang,abb39c22c0e538fff03ea4e53d78ee60c6c08092,4
6735,Spring,AMQP,2741,v3.1.5,v3.2.0-M1,spring-projects/spring-amqp,e3a5d814b062104b0b4353788eb85a36dd54277d,1
6736,Spring,AMQP,2724,v3.1.5,v3.2.0-M1,spring-projects/spring-amqp,e3a5d814b062104b0b4353788eb85a36dd54277d,1
6737,Spring,AMQP,2721,v3.1.5,v3.2.0-M1,spring-projects/spring-amqp,e3a5d814b062104b0b4353788eb85a36dd54277d,3
6738,Spring,AMQP,2715,v3.1.4,v3.1.5,spring-projects/spring-amqp,c92453ba9a1fe86cef7872399ae59eac04182b7a,1
6739,Spring,AMQP,2673,v3.1.3,v3.1.4,spring-projects/spring-amqp,8fc46711773cc4e250f781348a2545c7e55207ea,2
6740,Spring,AMQP,2667,v3.1.3,v3.1.4,spring-projects/spring-amqp,8fc46711773cc4e250f781348a2545c7e55207ea,1
6741,Spring,AMQP,2653,v3.1.2,v3.1.3,spring-projects/spring-amqp,d0eb4fc74157fed3eb70f20cd16df34ea94e3306,4
6742,Spring,AMQP,2652,v3.1.2,v3.1.3,spring-projects/spring-amqp,d0eb4fc74157fed3eb70f20cd16df34ea94e3306,2
6743,Spring,AMQP,2640,v3.1.2,v3.1.3,spring-projects/spring-amqp,d0eb4fc74157fed3eb70f20cd16df34ea94e3306,2
6744,Spring,AMQP,2638,v3.1.2,v3.1.3,spring-projects/spring-amqp,d0eb4fc74157fed3eb70f20cd16df34ea94e3306,1
6745,Spring,AMQP,2609,v3.1.1,v3.1.2,spring-projects/spring-amqp,33bd06cbf28fdb3b8a4ce3968b33958b03f512fa,3
6746,Spring,AMQP,2602,v3.1.1,v3.1.2,spring-projects/spring-amqp,33bd06cbf28fdb3b8a4ce3968b33958b03f512fa,6
6747,Spring,AMQP,2593,v3.1.1,v3.1.2,spring-projects/spring-amqp,33bd06cbf28fdb3b8a4ce3968b33958b03f512fa,5
6748,Spring,AMQP,2573,v3.1.0,v3.1.1,spring-projects/spring-amqp,1f62b1dc471969b3df9a075044b425d2882d0637,2
6749,Spring,AMQP,2568,v3.1.0,v3.1.1,spring-projects/spring-amqp,1f62b1dc471969b3df9a075044b425d2882d0637,5
6750,Spring,AMQP,2552,v3.1.0-RC1,v3.1.0,spring-projects/spring-amqp,7fdc55d6c0f14ffbcb3f71c85c86a79e5d7a466b,6
6752,Spring,AMQP,2534,v2.4.16,v2.4.17,spring-projects/spring-amqp,b95c1e83a5075e792292e8e51623b8d888be5b84,1
6753,Spring,AMQP,2533,v3.0.9,v3.0.10,spring-projects/spring-amqp,ff7355c5d81335c3eae17960bbef076ac65b9994,1
6754,Spring,AMQP,2532,v3.1.0-M1,v3.1.0-RC1,spring-projects/spring-amqp,7a7579698ed567de801695ec4857eb43ff9d470f,1
6755,Spring,AMQP,2501,v2.4.14,v2.4.15,spring-projects/spring-amqp,f54279c57aaaedf7bb07ccc4bee4463849de6720,4
6756,Spring,AMQP,2498,v3.0.7,v3.0.8,spring-projects/spring-amqp,20c39f48d47d7a890a915ca58ba6036c3a7f6812,4
6757,Spring,AMQP,2482,v3.0.5,v3.0.6,spring-projects/spring-amqp,7ff0db916304faed1f92e76742753ac2f7c73c2b,7
6758,Spring,AMQP,2456,v3.0.4,v3.0.5,spring-projects/spring-amqp,da1e2ac27d2ad7949795a80cf4faff18ff4d0641,2
6759,Spring,AMQP,2452,v3.0.4,v3.0.5,spring-projects/spring-amqp,da1e2ac27d2ad7949795a80cf4faff18ff4d0641,4
6764,Spring,AMQP,2425,v3.0.2,v3.0.3,spring-projects/spring-amqp,81dd39db6238aff6aa5c1f71add89209d88e97e2,3
6765,Spring,AMQP,1563,v2.4.9,v2.4.10,spring-projects/spring-amqp,561a079ded2085254ae7c757f22b4a29e5b2b91d,2
6766,Spring,AMQP,1524,v3.0.0-RC1,v3.0.0,spring-projects/spring-amqp,9f8de0e9af575b969269cad047c9b6b37ea2f783,2
6767,Spring,AMQP,1487,v3.0.0-M3,v3.0.0-M4,spring-projects/spring-amqp,398294431eb42908415b078b5dc6dcfe689fcf66,2
6768,Spring,AMQP,1474,v3.0.0-M3,v3.0.0-M4,spring-projects/spring-amqp,398294431eb42908415b078b5dc6dcfe689fcf66,7
6769,Spring,AMQP,1452,v3.0.0-M2,v3.0.0-M3,spring-projects/spring-amqp,f50c2e8df3fea35cf3ff7927560329852daf16f1,1
6770,Spring,AMQP,1441,v3.0.0-M2,v3.0.0-M3,spring-projects/spring-amqp,f50c2e8df3fea35cf3ff7927560329852daf16f1,2
6771,Spring,AMQP,1439,v3.0.0-M2,v3.0.0-M3,spring-projects/spring-amqp,f50c2e8df3fea35cf3ff7927560329852daf16f1,2
6772,Spring,AMQP,1436,v3.0.0-M1,v3.0.0-M2,spring-projects/spring-amqp,a43ebe43b00ad9de633c8d7d6e46dd71b9548692,2
6773,Spring,AMQP,1433,v3.0.0-M1,v3.0.0-M2,spring-projects/spring-amqp,a43ebe43b00ad9de633c8d7d6e46dd71b9548692,3
6774,Spring,AMQP,1422,v3.0.0-M1,v3.0.0-M2,spring-projects/spring-amqp,a43ebe43b00ad9de633c8d7d6e46dd71b9548692,4
6775,Spring,AMQP,1415,v2.4.1,v2.4.2,spring-projects/spring-amqp,9a2a5a0c7b8edf102377a004c119d5d664ec12a9,2
6776,Spring,AMQP,1412,v2.4.1,v2.4.2,spring-projects/spring-amqp,9a2a5a0c7b8edf102377a004c119d5d664ec12a9,3
6777,Spring,AMQP,1406,v2.4.0,v2.4.1,spring-projects/spring-amqp,6235c7b3f7c1c2b6e4caa3b7ff65c6f383703432,2
6779,Spring,AMQP,1347,v2.3.7,v2.3.8,spring-projects/spring-amqp,2e893120190df948122e01780e8342a9940a1ecd,3
6781,Spring,AMQP,1339,v2.3.7,v2.3.8,spring-projects/spring-amqp,2e893120190df948122e01780e8342a9940a1ecd,4
6782,Spring,AMQP,1320,v2.3.6,v2.3.7,spring-projects/spring-amqp,a52eede771074e18621894e63909d47df0029f95,1
6783,Spring,AMQP,1317,v2.3.6,v2.3.7,spring-projects/spring-amqp,a52eede771074e18621894e63909d47df0029f95,1
6786,Spring,AMQP,1289,v2.3.2,v2.3.3,spring-projects/spring-amqp,64062f84ee3e8a1db9374168d88f3d66c5a4941e,2
6787,Spring,AMQP,1285,v2.3.2,v2.3.3,spring-projects/spring-amqp,64062f84ee3e8a1db9374168d88f3d66c5a4941e,2
6788,Spring,AMQP,1274,v2.3.1,v2.3.2,spring-projects/spring-amqp,46367c560cda8ce108ea5380d2166e24dd4d73be,6
6789,Spring,AMQP,1268,v2.3.1,v2.3.2,spring-projects/spring-amqp,46367c560cda8ce108ea5380d2166e24dd4d73be,6
6790,Spring,AMQP,1166,v2.2.4.RELEASE,v2.2.5.RELEASE,spring-projects/spring-amqp,e23da85349158063382f483f6ecaaa5f3da9ae6e,2
6791,Spring,AMQP,1108,v2.2.0.RELEASE,v2.2.1.RELEASE,spring-projects/spring-amqp,e45f1a8ae69e88a2738a98b63d4dc7c20c6d44ff,2
6792,Spring,AMQP,1106,v2.2.0.RELEASE,v2.2.1.RELEASE,spring-projects/spring-amqp,e45f1a8ae69e88a2738a98b63d4dc7c20c6d44ff,3
6794,Spring,AMQP,1086,v2.1.10.RELEASE,v2.1.11.RELEASE,spring-projects/spring-amqp,982fbc7b4c170c7895c3aad687e30545e8b081d6,1
6795,Spring,AMQP,1065,v2.1.8.RELEASE,v2.1.9.RELEASE,spring-projects/spring-amqp,23a3ba61ef33f2b4ebd00537c880a98d2b49f79a,7
6797,Spring,AMQP,1038,v2.1.7.RELEASE,v2.1.8.RELEASE,spring-projects/spring-amqp,5cdbf425212a6c57b9719a79503a5fad8f0f24be,2
6798,Spring,AMQP,1026,v2.1.7.RELEASE,v2.1.8.RELEASE,spring-projects/spring-amqp,5cdbf425212a6c57b9719a79503a5fad8f0f24be,2
6799,Spring,AMQP,1021,v2.1.6.RELEASE,v2.1.7.RELEASE,spring-projects/spring-amqp,f4b653006dff8e5a28efc1c89656d7481408161d,4
6800,Spring,AMQP,1009,v2.1.6.RELEASE,v2.1.7.RELEASE,spring-projects/spring-amqp,f4b653006dff8e5a28efc1c89656d7481408161d,2
6801,Spring,AMQP,1006,v2.1.6.RELEASE,v2.1.7.RELEASE,spring-projects/spring-amqp,f4b653006dff8e5a28efc1c89656d7481408161d,2
6802,Spring,AMQP,999,v2.1.6.RELEASE,v2.1.7.RELEASE,spring-projects/spring-amqp,f4b653006dff8e5a28efc1c89656d7481408161d,2
6804,Spring,AMQP,967,v2.1.4.RELEASE,v2.2.0.M1,spring-projects/spring-amqp,2cb471ff38ce0ddae2f1f87efc412311694266d8,1
6807,Spring,AMQP,920,v2.1.4.RELEASE,v2.2.0.M1,spring-projects/spring-amqp,2cb471ff38ce0ddae2f1f87efc412311694266d8,4
6808,Spring,AMQP,918,v2.1.4.RELEASE,v2.2.0.M1,spring-projects/spring-amqp,2cb471ff38ce0ddae2f1f87efc412311694266d8,2
6809,Spring,AMQP,914,v2.1.4.RELEASE,v2.2.0.M1,spring-projects/spring-amqp,2cb471ff38ce0ddae2f1f87efc412311694266d8,4
6810,Spring,AMQP,897,v2.1.3.RELEASE,v2.1.4.RELEASE,spring-projects/spring-amqp,02026341cbf96ba219836253785ebb90ea9abe2d,2
6811,Spring,BATCH,4598,v5.1.0,v5.2.0-M1,spring-projects/spring-batch,ebedd02e216437de12789ce068c30018f0317f72,1
6812,Spring,BATCH,4576,v5.1.0,v5.2.0-M1,spring-projects/spring-batch,ebedd02e216437de12789ce068c30018f0317f72,1
6813,Spring,BATCH,4570,v5.1.0,v5.2.0-M1,spring-projects/spring-batch,ebedd02e216437de12789ce068c30018f0317f72,1
6814,Spring,BATCH,4564,v5.1.0,v5.2.0-M1,spring-projects/spring-batch,ebedd02e216437de12789ce068c30018f0317f72,1
6815,Spring,BATCH,4560,v5.1.0,v5.2.0-M1,spring-projects/spring-batch,ebedd02e216437de12789ce068c30018f0317f72,5
6816,Spring,BATCH,4552,v5.1.0,v5.2.0-M1,spring-projects/spring-batch,ebedd02e216437de12789ce068c30018f0317f72,1
6817,Spring,BATCH,4543,v5.1.0,v5.2.0-M1,spring-projects/spring-batch,ebedd02e216437de12789ce068c30018f0317f72,1
6818,Spring,BATCH,4526,v5.1.0,v5.2.0-M1,spring-projects/spring-batch,ebedd02e216437de12789ce068c30018f0317f72,1
6819,Spring,BATCH,4505,v5.1.0,v5.2.0-M1,spring-projects/spring-batch,ebedd02e216437de12789ce068c30018f0317f72,2
6820,Spring,BATCH,4494,v5.1.0-RC1,v5.1.0,spring-projects/spring-batch,3a9c468c9c68dfe0408222a1e0352ca1b575c2bc,2
6821,Spring,BATCH,4483,v5.1.0,v5.2.0-M1,spring-projects/spring-batch,ebedd02e216437de12789ce068c30018f0317f72,2
6822,Spring,BATCH,4458,v5.1.0-M3,v5.1.0-RC1,spring-projects/spring-batch,63a039358a3a04850c60593821f88f5676c93c1e,2
6823,Spring,BATCH,4456,v5.1.0,v5.2.0-M1,spring-projects/spring-batch,ebedd02e216437de12789ce068c30018f0317f72,2
6824,Spring,BATCH,4432,v5.1.0-RC1,v5.1.0,spring-projects/spring-batch,3a9c468c9c68dfe0408222a1e0352ca1b575c2bc,3
6825,Spring,BATCH,4402,v5.0.2,v5.1.0-M1,spring-projects/spring-batch,1266de6e353f8074ace24f62beef4167d78eed03,1
6826,Spring,BATCH,4389,v5.1.0-RC1,v5.1.0,spring-projects/spring-batch,3a9c468c9c68dfe0408222a1e0352ca1b575c2bc,1
6827,Spring,BATCH,4384,v5.1.0,v5.2.0-M1,spring-projects/spring-batch,ebedd02e216437de12789ce068c30018f0317f72,3
6828,Spring,BATCH,4382,v5.1.0,v5.2.0-M1,spring-projects/spring-batch,ebedd02e216437de12789ce068c30018f0317f72,2
6829,Spring,BATCH,4314,v5.0.1,v5.0.2,spring-projects/spring-batch,3aa503d6caeaa93c26ee30dbe1a803ec4fd6bd11,1
6831,Spring,BATCH,4301,v5.0.0,v5.0.1,spring-projects/spring-batch,3bef84da7c7c5220b972bc6af1bc2ce70d386537,5
6832,Spring,BATCH,4299,v5.0.0,v5.0.1,spring-projects/spring-batch,3bef84da7c7c5220b972bc6af1bc2ce70d386537,2
6833,Spring,BATCH,4276,v5.0.0,v5.0.1,spring-projects/spring-batch,3bef84da7c7c5220b972bc6af1bc2ce70d386537,6
6834,Spring,BATCH,4263,v5.0.0,v5.0.1,spring-projects/spring-batch,3bef84da7c7c5220b972bc6af1bc2ce70d386537,1
6835,Spring,BATCH,4253,v5.0.0,v5.0.1,spring-projects/spring-batch,3bef84da7c7c5220b972bc6af1bc2ce70d386537,5
6836,Spring,BATCH,4250,v5.0.0,v5.0.1,spring-projects/spring-batch,3bef84da7c7c5220b972bc6af1bc2ce70d386537,4
6837,Spring,BATCH,4249,v5.0.0,v5.0.1,spring-projects/spring-batch,3bef84da7c7c5220b972bc6af1bc2ce70d386537,3
6838,Spring,BATCH,4248,v5.0.0,v5.0.1,spring-projects/spring-batch,3bef84da7c7c5220b972bc6af1bc2ce70d386537,1
6839,Spring,BATCH,4246,v5.0.1,v5.0.2,spring-projects/spring-batch,3aa503d6caeaa93c26ee30dbe1a803ec4fd6bd11,3
6840,Spring,BATCH,4242,5.0.0-RC2,v5.0.0,spring-projects/spring-batch,420a7baa7511bcfeeefff95bf2be8c8ee692ee29,2
6841,Spring,BATCH,4239,5.0.0-RC2,v5.0.0,spring-projects/spring-batch,420a7baa7511bcfeeefff95bf2be8c8ee692ee29,1
6842,Spring,BATCH,4238,5.0.0-RC2,v5.0.0,spring-projects/spring-batch,420a7baa7511bcfeeefff95bf2be8c8ee692ee29,1
6843,Spring,BATCH,4233,5.0.0-RC2,v5.0.0,spring-projects/spring-batch,420a7baa7511bcfeeefff95bf2be8c8ee692ee29,7
6844,Spring,BATCH,4230,5.0.0-RC2,v5.0.0,spring-projects/spring-batch,420a7baa7511bcfeeefff95bf2be8c8ee692ee29,1
6845,Spring,BATCH,4229,5.0.0-RC2,v5.0.0,spring-projects/spring-batch,420a7baa7511bcfeeefff95bf2be8c8ee692ee29,5
6846,Spring,BATCH,4197,5.0.0-M6,5.0.0-M7,spring-projects/spring-batch,ba7cad4ad81dfc44ad380b58944522102a56634a,2
6847,Spring,BATCH,4191,5.0.0-M5,5.0.0-M6,spring-projects/spring-batch,7fc0af6785ade9b03f56120a42d5ce63ad070b59,5
6848,Spring,BATCH,4178,5.0.0-M4,5.0.0-M5,spring-projects/spring-batch,d46aeef01df7416f75f8a27295ad2813b81578a3,5
6849,Spring,BATCH,4164,5.0.0-M4,5.0.0-M5,spring-projects/spring-batch,d46aeef01df7416f75f8a27295ad2813b81578a3,3
6850,Spring,BATCH,4137,5.0.0-M3,5.0.0-M4,spring-projects/spring-batch,a99f1c8645f59d5952cb9c6eb005e761ce3423b9,2
6851,Spring,BATCH,4132,5.0.0-M3,5.0.0-M4,spring-projects/spring-batch,a99f1c8645f59d5952cb9c6eb005e761ce3423b9,4
6853,Spring,BATCH,4095,v5.0.1,v5.0.2,spring-projects/spring-batch,3aa503d6caeaa93c26ee30dbe1a803ec4fd6bd11,1
6854,Spring,BATCH,4092,v5.1.0-M1,v5.1.0-M2,spring-projects/spring-batch,b874b794c828b0bd83d87e97d88f4d517b9228df,1
6855,Spring,BATCH,4087,4.3.5,4.3.6,spring-projects/spring-batch,d588027fe5cc2905a6985ec78fc22ff9b5a0d9fc,2
6856,Spring,BATCH,4082,5.0.0-M2,5.0.0-M3,spring-projects/spring-batch,273ddeed90454a5337f8477fb3d3bebe91ddc2eb,2
6857,Spring,BATCH,4073,v5.1.0-M2,v5.1.0-M3,spring-projects/spring-batch,f4e9eea4e4eabab894f9ef0a6341314769369a4c,2
6858,Spring,BATCH,4064,5.0.0-RC2,v5.0.0,spring-projects/spring-batch,420a7baa7511bcfeeefff95bf2be8c8ee692ee29,2
6859,Spring,BATCH,4044,5.0.0-M2,5.0.0-M3,spring-projects/spring-batch,273ddeed90454a5337f8477fb3d3bebe91ddc2eb,1
6860,Spring,BATCH,3996,v5.1.0,v5.2.0-M1,spring-projects/spring-batch,ebedd02e216437de12789ce068c30018f0317f72,3
6862,Spring,BATCH,3980,4.3.3,4.3.4,spring-projects/spring-batch,680eac960c1961cf043d95c16dcecdad683f0a70,1
6863,Spring,BATCH,3968,4.3.3,4.3.4,spring-projects/spring-batch,680eac960c1961cf043d95c16dcecdad683f0a70,3
6864,Spring,BATCH,3943,4.3.3,4.3.4,spring-projects/spring-batch,680eac960c1961cf043d95c16dcecdad683f0a70,2
6865,Spring,BATCH,3940,4.3.3,4.3.4,spring-projects/spring-batch,680eac960c1961cf043d95c16dcecdad683f0a70,1
6866,Spring,BATCH,3939,v5.2.0,v5.2.1,spring-projects/spring-batch,ade546bf0eff6fc6e8c39f4e7a774f4e865b0d2c,2
6867,Spring,BATCH,3936,v5.0.0,v5.0.1,spring-projects/spring-batch,3bef84da7c7c5220b972bc6af1bc2ce70d386537,2
6869,Spring,BATCH,3893,4.3.2,4.3.3,spring-projects/spring-batch,3aa76244fd3a110a6c2be17027a5df02a46b7034,2
6870,Spring,BATCH,3857,v5.0.2,v5.1.0-M1,spring-projects/spring-batch,1266de6e353f8074ace24f62beef4167d78eed03,3
6871,Spring,BATCH,3847,v5.0.1,v5.0.2,spring-projects/spring-batch,3aa503d6caeaa93c26ee30dbe1a803ec4fd6bd11,1
6873,Spring,BATCH,3799,4.3.0,4.3.1,spring-projects/spring-batch,60c53a2bead506dd400616a4634402fafd7e4105,2
6874,Spring,BATCH,3794,4.3.3,4.3.4,spring-projects/spring-batch,680eac960c1961cf043d95c16dcecdad683f0a70,2
6875,Spring,BATCH,3773,4.3.1,4.3.2,spring-projects/spring-batch,28a8b09f90f742f3767668d7ea7b36e7e5bcd487,5
6876,Spring,BATCH,3761,4.3.0-M2,4.3.0,spring-projects/spring-batch,857adcf17be01cdda420c77678dc8c29d865cdd8,3
6877,Spring,BATCH,3749,4.3.2,4.3.3,spring-projects/spring-batch,3aa76244fd3a110a6c2be17027a5df02a46b7034,2
6878,Spring,BATCH,3745,4.3.1,4.3.2,spring-projects/spring-batch,28a8b09f90f742f3767668d7ea7b36e7e5bcd487,2
6879,Spring,BATCH,3738,4.3.0-M1,4.3.0,spring-projects/spring-batch,a9cbb6cf20ee31cb22cf5f2df5fa053e16aa41dc,1
6880,Spring,BATCH,3736,4.3.0-RC1,4.3.0,spring-projects/spring-batch,01385eee6d8895f5ae01be035b700d5e7019279d,2
6881,Spring,BATCH,3731,4.3.0-RC1,4.3.0,spring-projects/spring-batch,01385eee6d8895f5ae01be035b700d5e7019279d,3
6882,Spring,BATCH,3717,4.2.0.RELEASE,4.3.0,spring-projects/spring-batch,228e39f9761711fb31180f576298b648c36eb03c,2
6883,Spring,BATCH,3688,4.2.0.RELEASE,4.3.0,spring-projects/spring-batch,228e39f9761711fb31180f576298b648c36eb03c,2
6884,Spring,BATCH,3681,4.2.0.RELEASE,4.3.0,spring-projects/spring-batch,228e39f9761711fb31180f576298b648c36eb03c,2
6885,Spring,BATCH,3674,v5.1.0,v5.2.0-M1,spring-projects/spring-batch,ebedd02e216437de12789ce068c30018f0317f72,2
6886,Spring,BATCH,3673,4.2.0.RELEASE,4.3.0,spring-projects/spring-batch,228e39f9761711fb31180f576298b648c36eb03c,4
6887,Spring,BATCH,3664,4.2.0.RELEASE,4.3.0,spring-projects/spring-batch,228e39f9761711fb31180f576298b648c36eb03c,4
6888,Spring,BATCH,3638,4.2.0.RELEASE,4.3.0,spring-projects/spring-batch,228e39f9761711fb31180f576298b648c36eb03c,2
6889,Spring,BATCH,765,4.2.0.RELEASE,4.3.0,spring-projects/spring-batch,228e39f9761711fb31180f576298b648c36eb03c,2
6890,Spring,BATCH,766,4.2.0.RELEASE,4.3.0,spring-projects/spring-batch,228e39f9761711fb31180f576298b648c36eb03c,2
6891,Spring,BATCH,773,5.0.0-M3,5.0.0-M4,spring-projects/spring-batch,a99f1c8645f59d5952cb9c6eb005e761ce3423b9,10
6892,Spring,BATCH,793,5.0.0-M3,5.0.0-M4,spring-projects/spring-batch,a99f1c8645f59d5952cb9c6eb005e761ce3423b9,4
6893,Spring,BATCH,809,v5.1.0-M2,v5.1.0-M3,spring-projects/spring-batch,f4e9eea4e4eabab894f9ef0a6341314769369a4c,2
6894,Spring,BATCH,811,v5.1.0,v5.2.0-M1,spring-projects/spring-batch,ebedd02e216437de12789ce068c30018f0317f72,2
6895,Spring,BATCH,821,4.2.0.RELEASE,4.3.0,spring-projects/spring-batch,228e39f9761711fb31180f576298b648c36eb03c,2
6896,Spring,BATCH,834,4.3.2,4.3.3,spring-projects/spring-batch,3aa76244fd3a110a6c2be17027a5df02a46b7034,2
6898,Spring,BATCH,868,4.2.0.RELEASE,4.3.0,spring-projects/spring-batch,228e39f9761711fb31180f576298b648c36eb03c,1
6899,Spring,DATACMNS,3109,3.2.7,3.2.8,spring-projects/spring-data-commons,15d4ec32f33afb046478f02c137528ec27e661ac,1
6902,Spring,DATACMNS,3094,3.2.5,3.2.6,spring-projects/spring-data-commons,dd53fbc09b5c0420179b4361ceeb002d9716f92c,4
6903,Spring,DATACMNS,3087,3.2.5,3.2.6,spring-projects/spring-data-commons,dd53fbc09b5c0420179b4361ceeb002d9716f92c,3
6904,Spring,DATACMNS,3056,3.2.3,3.2.4,spring-projects/spring-data-commons,a08c4c65c705313e6c5a62651fbdec0b84347aea,2
6905,Spring,DATACMNS,3041,3.2.3,3.2.4,spring-projects/spring-data-commons,a08c4c65c705313e6c5a62651fbdec0b84347aea,1
6906,Spring,DATACMNS,3038,3.1.8,3.1.9,spring-projects/spring-data-commons,ce35012fa9796adde7391b4b56992bf0a3cdb8a6,3
6908,Spring,DATACMNS,3023,3.2.2,3.2.3,spring-projects/spring-data-commons,b3c47d584ef54f9eab92b3e52c6490a9f5d837c2,2
6909,Spring,DATACMNS,2994,3.2.0,3.2.1,spring-projects/spring-data-commons,4701ada20929dccabcb8c9896206b14c07d1e84b,1
6910,Spring,DATACMNS,2990,3.2.0,3.2.1,spring-projects/spring-data-commons,4701ada20929dccabcb8c9896206b14c07d1e84b,1
6912,Spring,DATACMNS,2986,3.2.0,3.2.1,spring-projects/spring-data-commons,4701ada20929dccabcb8c9896206b14c07d1e84b,1
6913,Spring,DATACMNS,2972,3.1.5,3.1.6,spring-projects/spring-data-commons,4ba4c82faca325820c62fb9701b2e39d37adfd87,2
6916,Spring,DATACMNS,2869,2.7.13,2.7.14,spring-projects/spring-data-commons,4ea5361a4e0431c460bf7e787c3646c1bd77d91f,5
6917,Spring,DATACMNS,2857,3.1.0,3.1.1,spring-projects/spring-data-commons,06f99322a2f1fb418a027623f16afdf6fdd1ca8e,2
6918,Spring,DATACMNS,2851,3.1.0,3.1.1,spring-projects/spring-data-commons,06f99322a2f1fb418a027623f16afdf6fdd1ca8e,2
6919,Spring,DATACMNS,2840,3.1.1,3.1.2,spring-projects/spring-data-commons,f833c3c257283bae9ab6f13f1eb486f429faead2,2
6920,Spring,DATACMNS,2834,3.0.6,3.0.7,spring-projects/spring-data-commons,eef71d082bf36f934096bcfd8e985d47d9b2fde1,3
6921,Spring,DATACMNS,2831,2.7.12,2.7.13,spring-projects/spring-data-commons,d055a7f22693d6fe4fcaf5ab87b0e7d0a26f6b21,3
6922,Spring,DATACMNS,2822,3.0.5,3.0.6,spring-projects/spring-data-commons,19a5fccf475b55536f9cc612a892a83af9a2c85d,2
6923,Spring,DATACMNS,2808,3.0.4,3.0.5,spring-projects/spring-data-commons,15cc7038363ccd53241e7680087562f28add1e89,2
6924,Spring,DATACMNS,2760,3.0.0,3.0.1,spring-projects/spring-data-commons,ac92b5ee9ed83432cec927a47c893dcd4f61e0b1,2
6925,Spring,DATACMNS,2744,3.0.0,3.0.1,spring-projects/spring-data-commons,ac92b5ee9ed83432cec927a47c893dcd4f61e0b1,4
6926,Spring,DATACMNS,2589,2.6.3,2.6.4,spring-projects/spring-data-commons,b98f27e206168b9bb4b47b4e4118eb2f2f370f31,2
6927,Spring,DATACMNS,2585,2.5.10,2.5.11,spring-projects/spring-data-commons,139b3b6f216096a7425287934e0d7e0791e7c60e,3
6928,Spring,DATACMNS,2531,3.2.0,3.3.0-M1,spring-projects/spring-data-commons,4701ada20929dccabcb8c9896206b14c07d1e84b,9
6930,Spring,DATACMNS,2472,2.4.14,2.4.15,spring-projects/spring-data-commons,de112698bc453afac29d4dddf3dee04af5f1b5ed,3
6932,Spring,DATACMNS,2392,2.4.10,2.4.11,spring-projects/spring-data-commons,b6929a5b5521bb462f514cde51e3cdac4c1b6bb2,2
6933,Spring,DATACMNS,2383,2.5.5,2.5.6,spring-projects/spring-data-commons,e1b0b67019d8726456ca2f2a362952865f836dbb,1
6934,Spring,DATACMNS,2358,2.4.8,2.4.9,spring-projects/spring-data-commons,eb415038862f0293e9845a7b02fb41a83463cffe,2
6935,Spring,DATACMNS,2329,2.5.3,2.5.4,spring-projects/spring-data-commons,57c1d290275304e0265b1d868b3baac6d9fc394a,1
6937,Spring,DATACMNS,2313,2.3.7.RELEASE,2.3.8.RELEASE,spring-projects/spring-data-commons,62ed4a1f94cd3e024fbe278eb956dbf8efdcd3e7,2
6938,Spring,DATACMNS,2296,2.2.12.RELEASE,2.2.13.RELEASE,spring-projects/spring-data-commons,62689e452a6563502e8562f1ade7ef7d3cfc60c6,1
6939,Spring,DATACMNS,2270,2.3.6.RELEASE,2.3.7.RELEASE,spring-projects/spring-data-commons,bf27322ddca71c145893f6da7717643e3522677f,2
6940,Spring,DATACMNS,2223,2.4.2,2.4.3,spring-projects/spring-data-commons,f8ae10e8a04002146b1d16f0d603dd951ae46c61,2
6941,Spring,DATACMNS,2215,2.3.6.RELEASE,2.3.7.RELEASE,spring-projects/spring-data-commons,bf27322ddca71c145893f6da7717643e3522677f,1
6942,Spring,DATACMNS,2173,2.3.6.RELEASE,2.3.7.RELEASE,spring-projects/spring-data-commons,bf27322ddca71c145893f6da7717643e3522677f,5
6943,Spring,DATACMNS,2103,2.4.9,2.4.10,spring-projects/spring-data-commons,8caee0aef81451dacc45923e5a92dd8e924f7895,2
6944,Spring,DATACMNS,2068,2.3.6.RELEASE,2.3.7.RELEASE,spring-projects/spring-data-commons,bf27322ddca71c145893f6da7717643e3522677f,1
6945,Spring,DATAJPA,3505,3.2.6,3.2.7,spring-projects/spring-data-jpa,07cadeaaa3fd9c6bd8b852fd17dd754da7a5d77e,1
6946,Spring,DATAJPA,3499,3.2.6,3.2.7,spring-projects/spring-data-jpa,07cadeaaa3fd9c6bd8b852fd17dd754da7a5d77e,1
6947,Spring,DATAJPA,3496,3.2.6,3.2.7,spring-projects/spring-data-jpa,07cadeaaa3fd9c6bd8b852fd17dd754da7a5d77e,3
6948,Spring,DATAJPA,3460,3.2.5,3.2.6,spring-projects/spring-data-jpa,8dc8c0c801af39bfdb3a8f2501000891b1e6b4dd,7
6951,Spring,DATAJPA,3356,3.1.8,3.1.9,spring-projects/spring-data-jpa,199186ea8bb848c6637f325eae36e2a385cc94c9,3
6953,Spring,DATAJPA,3329,3.1.8,3.1.9,spring-projects/spring-data-jpa,199186ea8bb848c6637f325eae36e2a385cc94c9,3
6954,Spring,DATAJPA,3308,3.1.7,3.1.8,spring-projects/spring-data-jpa,f1ee82a7575b9d678405f7a84fe8b705eee9d08a,2
6955,Spring,DATAJPA,3293,3.1.8,3.1.9,spring-projects/spring-data-jpa,199186ea8bb848c6637f325eae36e2a385cc94c9,8
6957,Spring,DATAJPA,3263,3.1.6,3.1.7,spring-projects/spring-data-jpa,2725d92a61569ae48d976ced6a60bb042f723ffd,2
6958,Spring,DATAJPA,3219,3.1.5,3.1.6,spring-projects/spring-data-jpa,c1fdd1d41a550d1aed6ccea080817c4e0b6a693c,2
6959,Spring,DATAJPA,3085,3.0.9,3.0.10,spring-projects/spring-data-jpa,b40a45f022396a607349d765ba5b9bb0d91cbf72,1
6960,Spring,DATAJPA,3077,3.1.2,3.1.3,spring-projects/spring-data-jpa,6a355ebe9d0f6d89b2c423dfb5a9650e21770b4c,3
6961,Spring,DATAJPA,3054,3.1.1,3.1.2,spring-projects/spring-data-jpa,35fd2995a22d629d878f373fffd24f0a16d286e5,2
6963,Spring,DATAJPA,3015,3.1.1,3.1.2,spring-projects/spring-data-jpa,35fd2995a22d629d878f373fffd24f0a16d286e5,3
6964,Spring,DATAJPA,2999,3.1.0,3.1.1,spring-projects/spring-data-jpa,0ef008ad4f1a8f404aa984ab8a78e4a56f42e3fa,2
6965,Spring,DATAJPA,2991,3.0.6,3.0.7,spring-projects/spring-data-jpa,7b8bfaaf31cc00614eb30a4397c989e39111e885,3
6967,Spring,DATAJPA,2897,3.0.5,3.0.6,spring-projects/spring-data-jpa,528cec8dc8cf0c6b1708196e9b20466ec2a6448f,1
6968,Spring,DATAJPA,2864,3.1.0-M3,3.1.0-RC1,spring-projects/spring-data-jpa,f60c8a66435444b37afddceb199756a8f10f2666,2
6969,Spring,DATAJPA,2848,3.1.0-M3,3.1.0-RC1,spring-projects/spring-data-jpa,f60c8a66435444b37afddceb199756a8f10f2666,1
6970,Spring,DATAJPA,2820,3.0.2,3.0.3,spring-projects/spring-data-jpa,70372279cdf6af76891bd849963b0ce57250eed1,4
6971,Spring,DATAJPA,2796,3.0.4,3.0.5,spring-projects/spring-data-jpa,2f7b87fec49d8ce87205e557a9610984c1c178b9,3
6973,Spring,DATAJPA,2607,3.0.0-M5,3.0.0-M6,spring-projects/spring-data-jpa,c4148e5bd519c6ce179f17663564dfd6d07b4f12,4
6974,Spring,DATAJPA,2551,3.0.0-M4,3.0.0-M5,spring-projects/spring-data-jpa,5b4a4d949026a970e2aa7ce2f18daaaed28425c7,2
6975,Spring,DATAJPA,2537,3.0.0-M4,3.0.0-M5,spring-projects/spring-data-jpa,5b4a4d949026a970e2aa7ce2f18daaaed28425c7,2
6976,Spring,DATAJPA,2527,3.0.0,3.1.0-M1,spring-projects/spring-data-jpa,de4af44466ddc39c870159d4eb6f0b595f47b927,2
6977,Spring,DATAJPA,2522,3.0.0-M4,3.0.0-M5,spring-projects/spring-data-jpa,5b4a4d949026a970e2aa7ce2f18daaaed28425c7,2
6978,Spring,DATAJPA,2496,3.0.0-M4,3.0.0-M5,spring-projects/spring-data-jpa,5b4a4d949026a970e2aa7ce2f18daaaed28425c7,2
6979,Spring,DATAJPA,2348,3.1.0-M3,3.1.0-RC1,spring-projects/spring-data-jpa,f60c8a66435444b37afddceb199756a8f10f2666,2
6981,Spring,DATAJPA,2217,2.4.13,2.4.14,spring-projects/spring-data-jpa,5f50a53a55f4e768ab7d9a68c29a1301e389dc83,9
6982,Spring,DATAJPA,2146,2.3.6.RELEASE,2.3.7.RELEASE,spring-projects/spring-data-jpa,82834dfcefc85b525ed227ce772e88080d4afa06,2
6983,Spring,DATAJPA,2074,3.1.0-M3,3.1.0-RC1,spring-projects/spring-data-jpa,f60c8a66435444b37afddceb199756a8f10f2666,2
6984,Spring,DATAJPA,2054,3.0.0-M4,3.0.0-M5,spring-projects/spring-data-jpa,5b4a4d949026a970e2aa7ce2f18daaaed28425c7,2
6985,Spring,DATAJPA,2045,3.0.0-M4,3.0.0-M5,spring-projects/spring-data-jpa,5b4a4d949026a970e2aa7ce2f18daaaed28425c7,4
6986,Spring,DATAJPA,2032,3.1.0-M3,3.1.0-RC1,spring-projects/spring-data-jpa,f60c8a66435444b37afddceb199756a8f10f2666,3
6987,Spring,DATAJPA,2018,3.0.0-M4,3.0.0-M5,spring-projects/spring-data-jpa,5b4a4d949026a970e2aa7ce2f18daaaed28425c7,3
6990,Spring,DATAJPA,1759,3.3.5,3.3.6,spring-projects/spring-data-jpa,7ff86e1dfc13fbd97a6ef627277b63ca3a84ee7a,2
6991,Spring,DATAMONGO,4732,4.2.7,4.2.8,spring-projects/spring-data-mongodb,04ba69a45a996305f895305e51141c90ec498c67,2
6992,Spring,DATAMONGO,4722,4.2.10,4.2.11,spring-projects/spring-data-mongodb,0b6970ce59cfc77a3b0a6c533e0d07751a7565d4,2
6994,Spring,DATAMONGO,4710,4.2.9,4.2.10,spring-projects/spring-data-mongodb,7e69a6b39f25d6fa58be4446c565723fe55d9fba,4
6995,Spring,DATAMONGO,4709,4.2.6,4.2.7,spring-projects/spring-data-mongodb,1c4243cf6396b552b2467b58c43f3b93683c213a,2
6996,Spring,DATAMONGO,4698,4.2.5,4.2.6,spring-projects/spring-data-mongodb,b8eb49d942799b01fde8841cc68316b9931c68a2,2
6997,Spring,DATAMONGO,4687,4.2.5,4.2.6,spring-projects/spring-data-mongodb,b8eb49d942799b01fde8841cc68316b9931c68a2,2
6998,Spring,DATAMONGO,4665,4.2.4,4.2.5,spring-projects/spring-data-mongodb,b8b93bcf93050d923aadef60a8142eda03c8f62f,1
6999,Spring,DATAMONGO,4644,4.1.9,4.1.10,spring-projects/spring-data-mongodb,c15b903e1b1cfab212c2408097e75266722887fa,2
7000,Spring,DATAMONGO,4626,4.1.8,4.1.9,spring-projects/spring-data-mongodb,7b48cf75a8d2b3713580c45e6bfd5e48b40fb933,2
7001,Spring,DATAMONGO,4612,4.2.4,4.2.5,spring-projects/spring-data-mongodb,b8b93bcf93050d923aadef60a8142eda03c8f62f,3
7002,Spring,DATAMONGO,4609,4.1.8,4.1.9,spring-projects/spring-data-mongodb,7b48cf75a8d2b3713580c45e6bfd5e48b40fb933,3
7003,Spring,DATAMONGO,4579,4.2.0,4.3.0-M1,spring-projects/spring-data-mongodb,bae0d91010bc4acfd16dd60468108f8d4da16309,4
7004,Spring,DATAMONGO,4577,4.1.6,4.1.7,spring-projects/spring-data-mongodb,8455869f627541a9c4ca17fdd5e5a1789d85d6cb,1
7005,Spring,DATAMONGO,4524,3.4.16,3.4.17,spring-projects/spring-data-mongodb,b25b9fcfc21470ee73c2ada7a259f4a76cbcbe52,2
7006,Spring,DATAMONGO,4510,4.2.0,4.3.0-M1,spring-projects/spring-data-mongodb,bae0d91010bc4acfd16dd60468108f8d4da16309,6
7007,Spring,DATAMONGO,4495,4.0.11,4.0.12,spring-projects/spring-data-mongodb,5492fa6759ebfb676ad4a24c952f217a1d8de517,5
7009,Spring,DATAMONGO,4490,4.2.0,4.3.0-M1,spring-projects/spring-data-mongodb,bae0d91010bc4acfd16dd60468108f8d4da16309,2
7010,Spring,DATAMONGO,4484,4.0.9,4.0.10,spring-projects/spring-data-mongodb,adc76123a765fa1a7d3d91e7ed50d8969d1715ab,2
7011,Spring,DATAMONGO,4481,4.0.9,4.0.10,spring-projects/spring-data-mongodb,adc76123a765fa1a7d3d91e7ed50d8969d1715ab,2
7012,Spring,DATAMONGO,4454,4.0.8,4.0.9,spring-projects/spring-data-mongodb,c1a587692f5a17781979f1d86a9e4c296b68a71d,1
7013,Spring,DATAMONGO,4443,3.4.14,3.4.15,spring-projects/spring-data-mongodb,06e11ec75dd024ca29a5241ec46d304c80663c25,3
7015,Spring,DATAMONGO,4426,3.4.13,3.4.14,spring-projects/spring-data-mongodb,bc9b32871b7d7b5497dfbd53077e8cc8908b6369,2
7017,Spring,DATAMONGO,4404,3.4.12,3.4.13,spring-projects/spring-data-mongodb,b6c732718b596c89ea74cf7ac34ed700d308dfd3,4
7018,Spring,DATAMONGO,4394,3.4.12,3.4.13,spring-projects/spring-data-mongodb,b6c732718b596c89ea74cf7ac34ed700d308dfd3,2
7019,Spring,DATAMONGO,4390,3.4.12,3.4.13,spring-projects/spring-data-mongodb,b6c732718b596c89ea74cf7ac34ed700d308dfd3,3
7020,Spring,DATAMONGO,4374,3.4.11,3.4.12,spring-projects/spring-data-mongodb,86d6ba9cc98631e40bfe7d96d279144b6f5ccb23,8
7022,Spring,DATAMONGO,4343,4.1.0-M3,4.1.0-RC1,spring-projects/spring-data-mongodb,a2296534c7f3ad58c8874f60ac3e899a0715905f,2
7024,Spring,DATAMONGO,4282,4.0.4,4.0.5,spring-projects/spring-data-mongodb,77b2b28ab21157ca7f69ac2a1f7e9b440ce47d1e,2
7025,Spring,DATAMONGO,4253,3.4.9,3.4.10,spring-projects/spring-data-mongodb,5d530993364175169eaada6102ecac560b64f0f2,2
7028,Spring,DATAMONGO,4241,3.4.6,3.4.7,spring-projects/spring-data-mongodb,4f15880d7b2d8206571caef7d376e00ba08e2e7c,2
7030,Spring,DATAMONGO,4167,3.3.6,3.3.7,spring-projects/spring-data-mongodb,0de55deb033a193a6cbca19c6a9a39de657c1f83,2
7031,Spring,DATAMONGO,4132,3.4.2,3.4.3,spring-projects/spring-data-mongodb,3342c75ecf3e560c70637155df8cae658ff4a6bb,2
7032,Spring,DATAMONGO,4123,3.3.6,3.3.7,spring-projects/spring-data-mongodb,0de55deb033a193a6cbca19c6a9a39de657c1f83,2
7033,Spring,DATAMONGO,4120,3.4.2,3.4.3,spring-projects/spring-data-mongodb,3342c75ecf3e560c70637155df8cae658ff4a6bb,2
7034,Spring,DATAMONGO,4104,3.3.6,3.3.7,spring-projects/spring-data-mongodb,0de55deb033a193a6cbca19c6a9a39de657c1f83,2
7035,Spring,DATAMONGO,4098,3.4.2,3.4.3,spring-projects/spring-data-mongodb,3342c75ecf3e560c70637155df8cae658ff4a6bb,2
7037,Spring,DATAMONGO,4087,3.3.5,3.3.6,spring-projects/spring-data-mongodb,404ce6a9877e449da6a260a63ab7b68205dfafc0,2
7038,Spring,DATAMONGO,4080,3.4.9,3.4.10,spring-projects/spring-data-mongodb,5d530993364175169eaada6102ecac560b64f0f2,2
7040,Spring,DATAMONGO,4043,3.4.6,3.4.7,spring-projects/spring-data-mongodb,4f15880d7b2d8206571caef7d376e00ba08e2e7c,2
7041,Spring,DATAMONGO,4041,3.3.6,3.3.7,spring-projects/spring-data-mongodb,0de55deb033a193a6cbca19c6a9a39de657c1f83,2
7042,Spring,DATAMONGO,4033,3.4.2,3.4.3,spring-projects/spring-data-mongodb,3342c75ecf3e560c70637155df8cae658ff4a6bb,2
7043,Spring,DATAMONGO,4026,3.4.2,3.4.3,spring-projects/spring-data-mongodb,3342c75ecf3e560c70637155df8cae658ff4a6bb,7
7044,Spring,DATAMONGO,4014,3.4.0-M4,3.4.0-RC1,spring-projects/spring-data-mongodb,a70f592b265f1272d038c4c5585073dfc1dbf6ca,1
7045,Spring,DATAMONGO,4004,3.4.3,3.4.4,spring-projects/spring-data-mongodb,68769004b04d5d1760f4afa25fb6e74f731a8ce4,5
7046,Spring,DATAMONGO,3998,3.4.0-M3,3.4.0-M4,spring-projects/spring-data-mongodb,182536981a94007a667203445c74c79958b6996e,2
7047,Spring,DATAMONGO,3989,3.2.9,3.2.10,spring-projects/spring-data-mongodb,547b96e1323a90dedffe678973b7ef61e19daaeb,1
7048,Spring,DATAMONGO,3984,3.3.2,3.3.3,spring-projects/spring-data-mongodb,92a07fd0245c226530c3a330c822b66ddf790bdb,7
7049,Spring,DATAMONGO,3968,3.2.8,3.2.9,spring-projects/spring-data-mongodb,20a8b5e5f1f1b6d6d4324456fe131be3715d1dfd,2
7050,Spring,DATAMONGO,3929,3.3.0,3.3.1,spring-projects/spring-data-mongodb,b28da2eed32f5b23e30607050f6bc574dcd46cbc,2
7051,Spring,DATAMONGO,3917,4.0.3,4.0.4,spring-projects/spring-data-mongodb,8ebc632130ee731a420e508c1cd21ad19de73179,2
7052,Spring,DATAMONGO,3898,3.2.7,3.2.8,spring-projects/spring-data-mongodb,d855a0b07d011083182690d8dfa39ff002f10b39,3
7053,Spring,DATAMONGO,3853,3.3.0-M3,3.3.0-RC1,spring-projects/spring-data-mongodb,00350edd3265b3d81c1551e7ffb90fa1a72c9fd6,4
7054,Spring,DATAMONGO,3851,3.3.0-M3,3.3.0-RC1,spring-projects/spring-data-mongodb,00350edd3265b3d81c1551e7ffb90fa1a72c9fd6,2
7055,Spring,DATAMONGO,3847,3.3.0-M3,3.3.0-RC1,spring-projects/spring-data-mongodb,00350edd3265b3d81c1551e7ffb90fa1a72c9fd6,2
7057,Spring,DATAMONGO,3811,3.1.12,3.1.13,spring-projects/spring-data-mongodb,6ce5a26dc647b57d2a16566ead9d48e6c1a45b0d,2
7059,Spring,DATAMONGO,3805,3.3.0-M2,3.3.0-M3,spring-projects/spring-data-mongodb,87ab1ac48ceaec1f014a6f50148cb6b4d9c20544,2
7060,Spring,DATAMONGO,3782,3.3.0-M2,3.3.0-M3,spring-projects/spring-data-mongodb,87ab1ac48ceaec1f014a6f50148cb6b4d9c20544,3
7061,Spring,DATAMONGO,3775,3.2.4,3.2.5,spring-projects/spring-data-mongodb,7385262c475b06611f0101ac2fb6599c9f3453b2,2
7062,Spring,DATAMONGO,3751,3.1.11,3.1.12,spring-projects/spring-data-mongodb,3e97d47248fee14c94419600ed2be3eed33ed998,2
7063,Spring,DATAMONGO,3635,3.1.9,3.1.10,spring-projects/spring-data-mongodb,9ef138678400d237cfe4e94bc7fc16535e5af2c4,2
7064,Spring,DATAMONGO,3633,3.1.9,3.1.10,spring-projects/spring-data-mongodb,9ef138678400d237cfe4e94bc7fc16535e5af2c4,6
7065,Spring,DATAMONGO,3623,3.0.8.RELEASE,3.0.9.RELEASE,spring-projects/spring-data-mongodb,05b46779cba06554dbf7b26cced7953b9fdb5816,2
7066,Spring,DATAMONGO,3609,3.0.8.RELEASE,3.0.9.RELEASE,spring-projects/spring-data-mongodb,05b46779cba06554dbf7b26cced7953b9fdb5816,3
7067,Spring,DATAMONGO,3590,3.0.7.RELEASE,3.0.8.RELEASE,spring-projects/spring-data-mongodb,e49119038db70b09838e9be1b5c17e77eb5f2bea,4
7068,Spring,DATAMONGO,3566,3.0.7.RELEASE,3.0.8.RELEASE,spring-projects/spring-data-mongodb,e49119038db70b09838e9be1b5c17e77eb5f2bea,2
7069,Spring,DATAMONGO,3552,3.0.7.RELEASE,3.0.8.RELEASE,spring-projects/spring-data-mongodb,e49119038db70b09838e9be1b5c17e77eb5f2bea,2
7070,Spring,DATAMONGO,3546,3.1.3,3.1.4,spring-projects/spring-data-mongodb,1b60eae77178f180023de1fd2031a4a3ff8920f9,3
7071,Spring,DATAMONGO,3544,2.2.12.RELEASE,2.2.13.RELEASE,spring-projects/spring-data-mongodb,47f1b53ca0835242eeafc7b0765b8b9161e4edfc,3
7073,Spring,DATAMONGO,3414,3.0.8.RELEASE,3.0.9.RELEASE,spring-projects/spring-data-mongodb,05b46779cba06554dbf7b26cced7953b9fdb5816,2
7074,Spring,DATAMONGO,2911,3.2.0-M4,3.2.0-M5,spring-projects/spring-data-mongodb,f4f24ec1a7704f729427e9a97dc732d3a7afe3a3,1
7075,Spring,DATAREDIS,2920,3.2.6,3.2.7,spring-projects/spring-data-redis,f49845066868b3bdb1e874e02173437aa2285f17,1
7076,Spring,DATAREDIS,2903,3.1.11,3.1.12,spring-projects/spring-data-redis,dd6a3b86207860ca05d928d17c506f275673de8a,2
7077,Spring,DATAREDIS,2888,3.2.4,3.2.5,spring-projects/spring-data-redis,59481726f4c5f7451c19d639ec5edbba2f373649,4
7078,Spring,DATAREDIS,2882,3.1.11,3.1.12,spring-projects/spring-data-redis,dd6a3b86207860ca05d928d17c506f275673de8a,4
7080,Spring,DATAREDIS,2838,3.1.11,3.1.12,spring-projects/spring-data-redis,dd6a3b86207860ca05d928d17c506f275673de8a,1
7081,Spring,DATAREDIS,2799,3.1.6,3.1.7,spring-projects/spring-data-redis,2b627e3b6d06735fe17cf244b4cb32c5cb4af4fc,2
7082,Spring,DATAREDIS,2782,3.1.6,3.1.7,spring-projects/spring-data-redis,2b627e3b6d06735fe17cf244b4cb32c5cb4af4fc,2
7083,Spring,DATAREDIS,2755,2.7.17,2.7.18,spring-projects/spring-data-redis,f8c43c92e4dea428bd080189bef4dc8ee0dd7164,1
7084,Spring,DATAREDIS,2731,2.7.16,2.7.17,spring-projects/spring-data-redis,db6394d923f31ac6720d24ab02da93f495e66d6a,3
7086,Spring,DATAREDIS,2678,3.0.8,3.0.9,spring-projects/spring-data-redis,90b8c6ec8eddef9ad857d633b52c32babae410b5,2
7088,Spring,DATAREDIS,2651,2.7.14,2.7.15,spring-projects/spring-data-redis,c6257c4668bce6853e382440fa6537e595360a4b,3
7089,Spring,DATAREDIS,2591,3.1.0,3.1.1,spring-projects/spring-data-redis,49ecf1c49da5540bb919947c7ae5005ee18d41c2,3
7090,Spring,DATAREDIS,2589,3.0.6,3.0.7,spring-projects/spring-data-redis,a6f0bc1133871bc9704a82c36a3f82e9263c9170,1
7092,Spring,DATAREDIS,2565,2.7.11,2.7.12,spring-projects/spring-data-redis,5cba2e49c7ac43734d666d38e266ec2f9be485da,3
7094,Spring,DATAREDIS,2473,2.7.6,2.7.7,spring-projects/spring-data-redis,20ec9a04df3ffb50ccb93da3c7bca96e6cde1fae,2
7095,Spring,DATAREDIS,2457,3.0.0,3.1.0-M1,spring-projects/spring-data-redis,4aa995577ff315e9baab40801338a6b29ab16bd8,3
7096,Spring,DATAREDIS,2418,2.6.7,2.6.8,spring-projects/spring-data-redis,f54ba3206a87d6052f5a1d5e37797bd900b97ea7,5
7097,Spring,DATAREDIS,2414,2.6.7,2.6.8,spring-projects/spring-data-redis,f54ba3206a87d6052f5a1d5e37797bd900b97ea7,2
7098,Spring,DATAREDIS,2402,2.6.6,2.6.7,spring-projects/spring-data-redis,e07dee599fb86ec78e92cb8984c2ba177fc2a05a,3
7099,Spring,DATAREDIS,2396,2.7.2,2.7.3,spring-projects/spring-data-redis,7b4d199baa0d6ae970dc667302a78b2eed723ca5,2
7100,Spring,DATAREDIS,2392,2.6.6,2.6.7,spring-projects/spring-data-redis,e07dee599fb86ec78e92cb8984c2ba177fc2a05a,2
7101,Spring,DATAREDIS,2365,2.7.1,2.7.2,spring-projects/spring-data-redis,3f3979df8652c45d04047974a529117c3711fa6f,2
7102,Spring,DATAREDIS,2361,2.7.1,2.7.2,spring-projects/spring-data-redis,3f3979df8652c45d04047974a529117c3711fa6f,2
7103,Spring,DATAREDIS,2356,2.7.1,2.7.2,spring-projects/spring-data-redis,3f3979df8652c45d04047974a529117c3711fa6f,4
7104,Spring,DATAREDIS,2355,2.7.2,2.7.3,spring-projects/spring-data-redis,7b4d199baa0d6ae970dc667302a78b2eed723ca5,5
7105,Spring,DATAREDIS,2349,2.6.5,2.6.6,spring-projects/spring-data-redis,de990482fdbf5fb2a6da2f2d90ad195b549ec050,2
7106,Spring,DATAREDIS,2341,2.6.5,2.6.6,spring-projects/spring-data-redis,de990482fdbf5fb2a6da2f2d90ad195b549ec050,5
7107,Spring,DATAREDIS,2335,2.7.0,2.7.1,spring-projects/spring-data-redis,28efb91bcdea5b383602d74379a8b71442751632,2
7108,Spring,DATAREDIS,2331,2.7.0,2.7.1,spring-projects/spring-data-redis,28efb91bcdea5b383602d74379a8b71442751632,6
7109,Spring,DATAREDIS,2330,2.6.4,2.6.5,spring-projects/spring-data-redis,78e91c5205be2843e31540d0d1d726a91a504936,1
7110,Spring,DATAREDIS,2307,2.6.4,2.6.5,spring-projects/spring-data-redis,78e91c5205be2843e31540d0d1d726a91a504936,2
7112,Spring,DATAREDIS,2279,2.5.10,2.5.11,spring-projects/spring-data-redis,125a0313705b1924d2feb282eb12cfc3b89080e7,2
7113,Spring,DATAREDIS,2186,2.4.14,2.4.15,spring-projects/spring-data-redis,4fda5e296b298de97b03ccb55e8f0199349a613d,2
7114,Spring,DATAREDIS,2080,2.5.0,2.6.0-M1,spring-projects/spring-data-redis,39d52f40745ac54d7eac922f3e3b7cb3861f5dc2,2
7115,Spring,DATAREDIS,1998,2.4.5,2.4.6,spring-projects/spring-data-redis,9d18fa8a45e129a902ca74680776ad492cd80772,3
7116,Spring,DATAREDIS,1995,2.5.0-M4,2.5.0-M5,spring-projects/spring-data-redis,c93c8d78c096713000b2ff34fba5e620971a367a,3
7117,Spring,DATAREDIS,1981,2.5.0-M5,2.5.0-RC1,spring-projects/spring-data-redis,869e961ebe75c5cba3b0e89adecaf554d1c10c83,4
7118,Spring,DATAREDIS,1969,2.3.6.RELEASE,2.3.7.RELEASE,spring-projects/spring-data-redis,a42ac2b8226af279effb5fffe8753987fe433386,1
7119,Spring,DATAREDIS,1955,2.3.6.RELEASE,2.3.7.RELEASE,spring-projects/spring-data-redis,a42ac2b8226af279effb5fffe8753987fe433386,2
7120,Spring,DATAREDIS,1834,2.5.0,2.6.0-M1,spring-projects/spring-data-redis,39d52f40745ac54d7eac922f3e3b7cb3861f5dc2,3
7121,Spring,DATAREDIS,1686,3.2.5,3.2.6,spring-projects/spring-data-redis,b0755f7d44d846132acc3481d94982ff05986ae5,2
7122,Spring,DATAREST,2358,4.2.0,4.3.0-M1,spring-projects/spring-data-rest,7248dc016afcddf22837b97c95a2cdee49346a37,2
7123,Spring,DATAREST,2357,4.1.8,4.1.9,spring-projects/spring-data-rest,0e68bdb117baf64262f2ac2808c5eeb1b5b333c7,2
7124,Spring,DATAREST,2325,3.7.17,3.7.18,spring-projects/spring-data-rest,edc9de48c85f9846d8fffc1a62d74930018ea1de,2
7125,Spring,DATAREST,2264,3.7.12,3.7.13,spring-projects/spring-data-rest,7b70321ce8fd616c9401ac5af8e32e32b406aaf2,2
7126,Spring,DATAREST,2261,3.7.12,3.7.13,spring-projects/spring-data-rest,7b70321ce8fd616c9401ac5af8e32e32b406aaf2,2
7127,Spring,DATAREST,2245,4.0.5,4.0.6,spring-projects/spring-data-rest,8a90565336ecc09c88c911b2c60bca29e523fa2c,1
7129,Spring,DATAREST,2165,3.7.8,3.7.9,spring-projects/spring-data-rest,dd3638939809478aee21959e3433edaa09ad481a,3
7130,Spring,DATAREST,2130,3.5.10,3.5.11,spring-projects/spring-data-rest,c8fd127ba17408de5635034065f8ace01b9bb426,5
7131,Spring,DATAREST,2123,3.5.10,3.5.11,spring-projects/spring-data-rest,c8fd127ba17408de5635034065f8ace01b9bb426,2
7132,Spring,DATAREST,2054,3.5.4,3.5.5,spring-projects/spring-data-rest,31d9eacc4a6262b9103c65fc3c90f740f91c2ec8,1
7133,Spring,DATAREST,2007,3.4.8,3.4.9,spring-projects/spring-data-rest,fe9c2f478952ed0d827ac301be077dc3bd63eb76,1
7134,Spring,DATAREST,1980,3.3.7.RELEASE,3.3.8.RELEASE,spring-projects/spring-data-rest,10000f4af5026dea47854975ffc87a6c085965e9,2
7135,Spring,DATAREST,1955,3.4.3,3.4.4,spring-projects/spring-data-rest,9cbe1d82d098395ca605518a5a34aa5e6519d458,2
7136,Spring,DATAREST,1947,4.1.6,4.1.7,spring-projects/spring-data-rest,ce1d04581b2ffd759fcf486be7b1cb111c8665df,4
7137,Spring,DATAREST,1926,3.2.12.RELEASE,3.2.13.RELEASE,spring-projects/spring-data-rest,94fa938434ee28bbf0faa24aeb6f19784d871c67,2
7138,Spring,LDAP,723,3.0.0,3.0.1,spring-projects/spring-ldap,b4cf3992e56e2fc8ecfa8578c717b5bd5d7c83b6,2
7139,Spring,LDAP,721,3.0.0,3.0.1,spring-projects/spring-ldap,b4cf3992e56e2fc8ecfa8578c717b5bd5d7c83b6,2
7140,Spring,LDAP,660,3.2.6,3.2.7,spring-projects/spring-ldap,d715d3fd7ea7374b1892befb4a673b7bc0c65dd8,1
7141,Spring,LDAP,659,3.0.0-M2,3.0.0-M3,spring-projects/spring-ldap,3c5f8beaedf4056fc297b1c4d21fb5b92f7dde00,1
7142,Spring,LDAP,543,2.3.3.RELEASE,2.3.4.RELEASE,spring-projects/spring-ldap,83fb635467ab0fa1aff02dccfe93fb88aad78c36,1
7143,Spring,LDAP,538,2.4.0-RC1,2.4.0,spring-projects/spring-ldap,724e3741871065117e4ef4f2a18ed52e6339bb8e,2
7144,Spring,LDAP,489,2.4.0-M1,2.4.0-M2,spring-projects/spring-ldap,10873ca84b0a59cc0e401c0154a0311884384ae9,2
7145,Spring,SEC,7059,5.4.0-M1,5.4.0-M2,spring-projects/spring-security,c506ee6b692dcc3ad2e8d2a89abd2d1a4403b34c,2
7146,Spring,SEC,7035,5.2.0.M3,5.2.0.M4,spring-projects/spring-security,77235e1f1de25172a9801b3e4c78f4926850a5b7,2
7147,Spring,SEC,7011,5.2.0.M3,5.2.0.M4,spring-projects/spring-security,77235e1f1de25172a9801b3e4c78f4926850a5b7,4
7149,Spring,SEC,6958,5.2.0.M2,5.2.0.M3,spring-projects/spring-security,e66e52d08c258d4988a7cfe88dcb750cf116660e,1
7150,Spring,SEC,6952,5.2.0.M2,5.2.0.M3,spring-projects/spring-security,e66e52d08c258d4988a7cfe88dcb750cf116660e,2
7151,Spring,SEC,6911,5.2.0.M2,5.2.0.M3,spring-projects/spring-security,e66e52d08c258d4988a7cfe88dcb750cf116660e,2
7152,Spring,SEC,6843,5.2.0.M2,5.2.0.M3,spring-projects/spring-security,e66e52d08c258d4988a7cfe88dcb750cf116660e,2
7153,Spring,SEC,6812,5.2.0.M2,5.2.0.M3,spring-projects/spring-security,e66e52d08c258d4988a7cfe88dcb750cf116660e,2
7155,Spring,SEC,6503,5.2.0.M1,5.2.0.M2,spring-projects/spring-security,fdd22e50829576c8d40abb2f1cca6a7d36da7883,4
7156,Spring,SEC,6483,5.2.0.M1,5.2.0.M2,spring-projects/spring-security,fdd22e50829576c8d40abb2f1cca6a7d36da7883,2
7157,Spring,SEC,6463,5.3.0.RC1,5.3.0.RELEASE,spring-projects/spring-security,f85f2fa740bbdbde60e6707f1c72fef6d545780d,2
7159,Spring,SEC,6417,5.2.0.M1,5.2.0.M2,spring-projects/spring-security,fdd22e50829576c8d40abb2f1cca6a7d36da7883,2
7161,Spring,SEC,6341,5.2.0.M1,5.2.0.M2,spring-projects/spring-security,fdd22e50829576c8d40abb2f1cca6a7d36da7883,2
7162,Spring,SEC,6295,5.1.1.RELEASE,5.2.0.M1,spring-projects/spring-security,8d5d0fd8919cb858dfc9177b0657997b7e50a992,1
7163,Spring,SEC,6281,5.1.1.RELEASE,5.2.0.M1,spring-projects/spring-security,8d5d0fd8919cb858dfc9177b0657997b7e50a992,2
7165,Spring,SEC,6215,5.2.0.M1,5.2.0.M2,spring-projects/spring-security,fdd22e50829576c8d40abb2f1cca6a7d36da7883,2
7167,Spring,SEC,6089,5.1.1.RELEASE,5.2.0.M1,spring-projects/spring-security,8d5d0fd8919cb858dfc9177b0657997b7e50a992,2
7168,Spring,SEC,6087,5.1.1.RELEASE,5.2.0.M1,spring-projects/spring-security,8d5d0fd8919cb858dfc9177b0657997b7e50a992,2
7169,Spring,SEC,6073,5.1.1.RELEASE,5.2.0.M1,spring-projects/spring-security,8d5d0fd8919cb858dfc9177b0657997b7e50a992,4
7170,Spring,SEC,6017,5.1.1.RELEASE,5.2.0.M1,spring-projects/spring-security,8d5d0fd8919cb858dfc9177b0657997b7e50a992,4
7171,Spring,SEC,6009,5.1.1.RELEASE,5.2.0.M1,spring-projects/spring-security,8d5d0fd8919cb858dfc9177b0657997b7e50a992,3
7172,Spring,SEC,5915,5.1.0.RELEASE,5.1.1.RELEASE,spring-projects/spring-security,c073705d555d94bd271dabb16990d87a33a8284c,2
7173,Spring,SEC,5890,5.1.0.RC2,5.1.0.RELEASE,spring-projects/spring-security,8c4ff64db02cc3968950acc3eb6bfb2fcc120c4d,3
7174,Spring,SEC,5873,5.1.0.RC2,5.1.0.RELEASE,spring-projects/spring-security,8c4ff64db02cc3968950acc3eb6bfb2fcc120c4d,3
7176,Spring,SEC,5756,5.0.8.RELEASE,5.0.9.RELEASE,spring-projects/spring-security,5fde56d84a507c9b2c7987b82a26b597807bb502,3
7178,Spring,SEC,5726,5.1.0.RC2,5.1.0.RELEASE,spring-projects/spring-security,8c4ff64db02cc3968950acc3eb6bfb2fcc120c4d,4
7179,Spring,SEC,5708,5.6.0-M3,5.6.0-RC1,spring-projects/spring-security,e9449beb5f665e360d5abf356f65847b89e168ae,2
7180,Spring,SEC,5660,5.2.0.M3,5.2.0.M4,spring-projects/spring-security,77235e1f1de25172a9801b3e4c78f4926850a5b7,3
7181,Spring,SEC,5635,5.1.0.M2,5.1.0.RC1,spring-projects/spring-security,ff06fcb1abb4788610c99c94155680ed9af87a17,1
7182,Spring,SEC,5617,4.2.7.RELEASE,4.2.8.RELEASE,spring-projects/spring-security,e0d95c7c8adb35476568d58d487bb6593e972a61,2
7183,Spring,SEC,5616,5.0.7.RELEASE,5.0.8.RELEASE,spring-projects/spring-security,85c8d53b366cc5f792435d6a5b203ceea41b2e30,2
7184,Spring,SEC,5615,5.0.7.RELEASE,5.0.8.RELEASE,spring-projects/spring-security,85c8d53b366cc5f792435d6a5b203ceea41b2e30,2
7185,Spring,SEC,5608,5.1.0.M2,5.1.0.RC1,spring-projects/spring-security,ff06fcb1abb4788610c99c94155680ed9af87a17,2
7186,Spring,SEC,5599,5.1.0.M2,5.1.0.RC1,spring-projects/spring-security,ff06fcb1abb4788610c99c94155680ed9af87a17,2
7187,Spring,SEC,5560,5.1.0.M1,5.1.0.M2,spring-projects/spring-security,a1c93b1cce804072f34bc54f7c9aef5b736a1793,2
7188,Spring,SEC,5539,5.1.0.M1,5.1.0.M2,spring-projects/spring-security,a1c93b1cce804072f34bc54f7c9aef5b736a1793,3
7189,Spring,SEC,5534,5.0.6.RELEASE,5.0.7.RELEASE,spring-projects/spring-security,09429479feb2ace3c97acb6ef6d8c2bb17e98d9a,4
7191,Spring,SEC,5508,5.1.1.RELEASE,5.2.0.M1,spring-projects/spring-security,8d5d0fd8919cb858dfc9177b0657997b7e50a992,3
7192,Spring,SEC,5499,5.1.1.RELEASE,5.2.0.M1,spring-projects/spring-security,8d5d0fd8919cb858dfc9177b0657997b7e50a992,2
7193,Spring,SEC,5492,5.1.0.M1,5.1.0.M2,spring-projects/spring-security,a1c93b1cce804072f34bc54f7c9aef5b736a1793,2
7195,Spring,SEC,5488,5.1.0.M1,5.1.0.M2,spring-projects/spring-security,a1c93b1cce804072f34bc54f7c9aef5b736a1793,2
7196,Spring,SEC,8744,5.4.0-M1,5.4.0-M2,spring-projects/spring-security,c506ee6b692dcc3ad2e8d2a89abd2d1a4403b34c,1
7197,Spring,SEC,8743,5.4.0-M1,5.4.0-M2,spring-projects/spring-security,c506ee6b692dcc3ad2e8d2a89abd2d1a4403b34c,1
7199,Spring,SEC,8650,5.4.0-M1,5.4.0-M2,spring-projects/spring-security,c506ee6b692dcc3ad2e8d2a89abd2d1a4403b34c,2
7200,Spring,SEC,8613,5.4.0-M1,5.4.0-M2,spring-projects/spring-security,c506ee6b692dcc3ad2e8d2a89abd2d1a4403b34c,2
7201,Spring,SEC,8556,5.4.0-M1,5.4.0-M2,spring-projects/spring-security,c506ee6b692dcc3ad2e8d2a89abd2d1a4403b34c,2
7202,Spring,SEC,8555,5.4.0-M1,5.4.0-M2,spring-projects/spring-security,c506ee6b692dcc3ad2e8d2a89abd2d1a4403b34c,2
7203,Spring,SEC,8518,5.0.16.RELEASE,5.0.17.RELEASE,spring-projects/spring-security,ef78626045724492cf88b086873cc71d224483e7,1
7204,Spring,SEC,8506,5.4.0-M1,5.4.0-M2,spring-projects/spring-security,c506ee6b692dcc3ad2e8d2a89abd2d1a4403b34c,1
7205,Spring,SEC,8502,5.4.0-M2,5.4.0-RC1,spring-projects/spring-security,cb9d524e1678ac1a97c82dcc5e12e03e51d36d9a,4
7206,Spring,SEC,8480,5.3.0.RELEASE,5.4.0-M1,spring-projects/spring-security,747d8817cbadc307f7407c26fc88b2ff63c37149,1
7207,Spring,SEC,8425,5.3.0.RELEASE,5.4.0-M1,spring-projects/spring-security,747d8817cbadc307f7407c26fc88b2ff63c37149,2
7208,Spring,SEC,8421,5.3.0.RELEASE,5.4.0-M1,spring-projects/spring-security,747d8817cbadc307f7407c26fc88b2ff63c37149,2
7209,Spring,SEC,8407,5.3.0.RELEASE,5.4.0-M1,spring-projects/spring-security,747d8817cbadc307f7407c26fc88b2ff63c37149,4
7210,Spring,SEC,8375,5.3.0.RELEASE,5.4.0-M1,spring-projects/spring-security,747d8817cbadc307f7407c26fc88b2ff63c37149,3
7211,Spring,SEC,8260,5.2.2.RELEASE,5.2.3.RELEASE,spring-projects/spring-security,9a2b71d931d3b639567fab4a50f1ad2fffa46961,2
7212,Spring,SEC,8187,5.3.0.RELEASE,5.4.0-M1,spring-projects/spring-security,747d8817cbadc307f7407c26fc88b2ff63c37149,2
7213,Spring,SEC,8177,5.3.0.RELEASE,5.4.0-M1,spring-projects/spring-security,747d8817cbadc307f7407c26fc88b2ff63c37149,6
7214,Spring,SEC,8157,5.3.0.RELEASE,5.4.0-M1,spring-projects/spring-security,747d8817cbadc307f7407c26fc88b2ff63c37149,2
7215,Spring,SEC,8154,5.3.0.RELEASE,5.4.0-M1,spring-projects/spring-security,747d8817cbadc307f7407c26fc88b2ff63c37149,1
7216,Spring,SEC,8128,5.4.0-M1,5.4.0-M2,spring-projects/spring-security,c506ee6b692dcc3ad2e8d2a89abd2d1a4403b34c,1
7217,Spring,SEC,8118,5.3.0.RELEASE,5.4.0-M1,spring-projects/spring-security,747d8817cbadc307f7407c26fc88b2ff63c37149,2
7218,Spring,SEC,8108,5.3.0.RELEASE,5.4.0-M1,spring-projects/spring-security,747d8817cbadc307f7407c26fc88b2ff63c37149,2
7219,Spring,SEC,8031,5.3.0.RC1,5.3.0.RELEASE,spring-projects/spring-security,f85f2fa740bbdbde60e6707f1c72fef6d545780d,2
7220,Spring,SEC,7966,5.3.0.RC1,5.3.0.RELEASE,spring-projects/spring-security,f85f2fa740bbdbde60e6707f1c72fef6d545780d,3
7221,Spring,SEC,7963,5.3.0.RC1,5.3.0.RELEASE,spring-projects/spring-security,f85f2fa740bbdbde60e6707f1c72fef6d545780d,2
7222,Spring,SEC,7952,5.3.0.RC1,5.3.0.RELEASE,spring-projects/spring-security,f85f2fa740bbdbde60e6707f1c72fef6d545780d,4
7223,Spring,SEC,7876,5.3.0.RC1,5.3.0.RELEASE,spring-projects/spring-security,f85f2fa740bbdbde60e6707f1c72fef6d545780d,1
7224,Spring,SEC,7871,5.3.0.RC1,5.3.0.RELEASE,spring-projects/spring-security,f85f2fa740bbdbde60e6707f1c72fef6d545780d,2
7225,Spring,SEC,7863,5.3.0.M1,5.3.0.RC1,spring-projects/spring-security,7af26f12dc1e0feb6ffcd3d9f446085ef08e944f,2
7226,Spring,SEC,7835,5.3.0.M1,5.3.0.RC1,spring-projects/spring-security,7af26f12dc1e0feb6ffcd3d9f446085ef08e944f,2
7228,Spring,SEC,7800,5.3.0.M1,5.3.0.RC1,spring-projects/spring-security,7af26f12dc1e0feb6ffcd3d9f446085ef08e944f,3
7230,Spring,SEC,7782,5.3.0.M1,5.3.0.RC1,spring-projects/spring-security,7af26f12dc1e0feb6ffcd3d9f446085ef08e944f,2
7231,Spring,SEC,7731,5.2.0.RELEASE,5.3.0.M1,spring-projects/spring-security,b7d97ca077ef92a2eb750b56f7b2415e1e02ea01,2
7233,Spring,SEC,7723,5.2.0.RELEASE,5.3.0.M1,spring-projects/spring-security,b7d97ca077ef92a2eb750b56f7b2415e1e02ea01,2
7234,Spring,SEC,7721,5.2.0.RELEASE,5.3.0.M1,spring-projects/spring-security,b7d97ca077ef92a2eb750b56f7b2415e1e02ea01,2
7235,Spring,SEC,7682,5.2.0.RELEASE,5.3.0.M1,spring-projects/spring-security,b7d97ca077ef92a2eb750b56f7b2415e1e02ea01,3
7237,Spring,SEC,7670,5.2.0.RELEASE,5.3.0.M1,spring-projects/spring-security,b7d97ca077ef92a2eb750b56f7b2415e1e02ea01,1
7238,Spring,SEC,7641,5.2.0.RELEASE,5.2.2.RELEASE,spring-projects/spring-security,b7d97ca077ef92a2eb750b56f7b2415e1e02ea01,6
7239,Spring,SEC,7621,5.4.0-M1,5.4.0-M2,spring-projects/spring-security,c506ee6b692dcc3ad2e8d2a89abd2d1a4403b34c,2
7240,Spring,SEC,7576,5.2.0.RELEASE,5.2.1.RELEASE,spring-projects/spring-security,b7d97ca077ef92a2eb750b56f7b2415e1e02ea01,3
7241,Spring,SEC,7549,5.2.0.RELEASE,5.2.1.RELEASE,spring-projects/spring-security,b7d97ca077ef92a2eb750b56f7b2415e1e02ea01,2
7242,Spring,SEC,7546,5.2.0.RELEASE,5.2.1.RELEASE,spring-projects/spring-security,b7d97ca077ef92a2eb750b56f7b2415e1e02ea01,3
7243,Spring,SEC,7522,5.4.0-M1,5.4.0-M2,spring-projects/spring-security,c506ee6b692dcc3ad2e8d2a89abd2d1a4403b34c,1
7244,Spring,SEC,7514,5.2.0.RELEASE,5.2.1.RELEASE,spring-projects/spring-security,b7d97ca077ef92a2eb750b56f7b2415e1e02ea01,2
7245,Spring,SEC,7494,5.2.0.RC1,5.2.0.RELEASE,spring-projects/spring-security,ecf00625ffe7ca703711a8e8143435e33ec1ccac,2
7246,Spring,SEC,7492,5.2.0.RC1,5.2.0.RELEASE,spring-projects/spring-security,ecf00625ffe7ca703711a8e8143435e33ec1ccac,2
7247,Spring,SEC,7489,5.2.0.RC1,5.2.0.RELEASE,spring-projects/spring-security,ecf00625ffe7ca703711a8e8143435e33ec1ccac,1
7248,Spring,SEC,7448,5.2.0.RC1,5.2.0.RELEASE,spring-projects/spring-security,ecf00625ffe7ca703711a8e8143435e33ec1ccac,1
7249,Spring,SEC,7442,5.2.0.RC1,5.2.0.RELEASE,spring-projects/spring-security,ecf00625ffe7ca703711a8e8143435e33ec1ccac,1
7250,Spring,SEC,7434,5.2.0.RC1,5.2.0.RELEASE,spring-projects/spring-security,ecf00625ffe7ca703711a8e8143435e33ec1ccac,1
7251,Spring,SEC,7415,5.2.0.RC1,5.2.0.RELEASE,spring-projects/spring-security,ecf00625ffe7ca703711a8e8143435e33ec1ccac,1
7252,Spring,SEC,7414,5.2.0.RC1,5.2.0.RELEASE,spring-projects/spring-security,ecf00625ffe7ca703711a8e8143435e33ec1ccac,3
7253,Spring,SEC,7380,5.2.0.M4,5.2.0.RC1,spring-projects/spring-security,be23fd626ea5753a2a415501580c26c455ae6cfc,1
7254,Spring,SEC,7327,5.2.0.M4,5.2.0.RC1,spring-projects/spring-security,be23fd626ea5753a2a415501580c26c455ae6cfc,2
7255,Spring,SEC,7299,5.2.0.M4,5.2.0.RC1,spring-projects/spring-security,be23fd626ea5753a2a415501580c26c455ae6cfc,1
7257,Spring,SEC,7290,5.2.0.M4,5.2.0.RC1,spring-projects/spring-security,be23fd626ea5753a2a415501580c26c455ae6cfc,4
7258,Spring,SEC,7282,5.5.0,5.6.0-M1,spring-projects/spring-security,abd100122e54fa07c8b11c78808e56ba96521fa2,2
7260,Spring,SEC,7261,5.2.0.M4,5.2.0.RC1,spring-projects/spring-security,be23fd626ea5753a2a415501580c26c455ae6cfc,2
7262,Spring,SEC,7166,5.2.0.M4,5.2.0.RC1,spring-projects/spring-security,be23fd626ea5753a2a415501580c26c455ae6cfc,2
7265,Spring,SEC,7123,5.2.0.M3,5.2.0.M4,spring-projects/spring-security,77235e1f1de25172a9801b3e4c78f4926850a5b7,1
7266,Spring,SEC,9973,5.5.0,5.6.0-M1,spring-projects/spring-security,abd100122e54fa07c8b11c78808e56ba96521fa2,2
7267,Spring,SEC,9901,5.5.0,5.6.0-M1,spring-projects/spring-security,abd100122e54fa07c8b11c78808e56ba96521fa2,1
7268,Spring,SEC,9828,5.5.0,5.6.0-M1,spring-projects/spring-security,abd100122e54fa07c8b11c78808e56ba96521fa2,2
7269,Spring,SEC,9814,5.5.0,5.6.0-M1,spring-projects/spring-security,abd100122e54fa07c8b11c78808e56ba96521fa2,2
7270,Spring,SEC,9795,5.5.0,5.6.0-M1,spring-projects/spring-security,abd100122e54fa07c8b11c78808e56ba96521fa2,2
7271,Spring,SEC,9748,5.5.0-RC2,5.5.0,spring-projects/spring-security,2242bf09c48b55ef0a29f73c443da0ee8e7f270b,1
7272,Spring,SEC,9741,5.5.0,5.6.0-M1,spring-projects/spring-security,abd100122e54fa07c8b11c78808e56ba96521fa2,2
7273,Spring,SEC,9718,5.5.0-RC2,5.5.0,spring-projects/spring-security,2242bf09c48b55ef0a29f73c443da0ee8e7f270b,3
7274,Spring,SEC,9700,5.5.0-RC1,5.5.0-RC2,spring-projects/spring-security,c562b7d439a1cdc41bbd814ea6656b3b5b25d91b,2
7275,Spring,SEC,9694,5.5.0-RC1,5.5.0-RC2,spring-projects/spring-security,c562b7d439a1cdc41bbd814ea6656b3b5b25d91b,1
7276,Spring,SEC,9676,5.5.0-RC1,5.5.0-RC2,spring-projects/spring-security,c562b7d439a1cdc41bbd814ea6656b3b5b25d91b,1
7277,Spring,SEC,9660,5.5.0-RC1,5.5.0-RC2,spring-projects/spring-security,c562b7d439a1cdc41bbd814ea6656b3b5b25d91b,4
7278,Spring,SEC,9651,5.5.0-RC1,5.5.0-RC2,spring-projects/spring-security,c562b7d439a1cdc41bbd814ea6656b3b5b25d91b,2
7280,Spring,SEC,9598,5.5.0-RC1,5.5.0-RC2,spring-projects/spring-security,c562b7d439a1cdc41bbd814ea6656b3b5b25d91b,2
7281,Spring,SEC,9576,5.5.0-M3,5.5.0-RC1,spring-projects/spring-security,1c351ca2fd4a9b2f1d038b913b7cbd1acbf985e4,6
7283,Spring,SEC,9475,5.5.0,5.6.0-M1,spring-projects/spring-security,abd100122e54fa07c8b11c78808e56ba96521fa2,4
7284,Spring,SEC,9457,5.5.0-RC1,5.5.0-RC2,spring-projects/spring-security,c562b7d439a1cdc41bbd814ea6656b3b5b25d91b,4
7285,Spring,SEC,9421,5.5.0-M1,5.5.0-M2,spring-projects/spring-security,3cba4eccdcd5f17932ea9f365bd6df2684820819,2
7286,Spring,SEC,9399,5.4.2,5.4.3,spring-projects/spring-security,9effebe93475a685b156de364a4704cc95c10124,2
7287,Spring,SEC,9366,5.5.0-M1,5.5.0-M2,spring-projects/spring-security,3cba4eccdcd5f17932ea9f365bd6df2684820819,3
7288,Spring,SEC,9364,5.4.2,5.4.3,spring-projects/spring-security,9effebe93475a685b156de364a4704cc95c10124,2
7289,Spring,SEC,9345,5.5.0,5.6.0-M1,spring-projects/spring-security,abd100122e54fa07c8b11c78808e56ba96521fa2,2
7290,Spring,SEC,9337,5.5.0-M1,5.5.0-M2,spring-projects/spring-security,3cba4eccdcd5f17932ea9f365bd6df2684820819,2
7292,Spring,SEC,9256,5.5.0-M1,5.5.0-M2,spring-projects/spring-security,3cba4eccdcd5f17932ea9f365bd6df2684820819,2
7293,Spring,SEC,9203,5.5.0-M1,5.5.0-M2,spring-projects/spring-security,3cba4eccdcd5f17932ea9f365bd6df2684820819,2
7294,Spring,SEC,9193,5.5.0-M1,5.5.0-M2,spring-projects/spring-security,3cba4eccdcd5f17932ea9f365bd6df2684820819,2
7295,Spring,SEC,9154,5.4.0,5.5.0-RC1,spring-projects/spring-security,651c94b3859eb6c3eee4ee632b1419e59d99d8dd,2
7296,Spring,SEC,9136,5.4.0,5.5.0-M1,spring-projects/spring-security,651c94b3859eb6c3eee4ee632b1419e59d99d8dd,2
7297,Spring,SEC,9121,5.4.0,5.5.0-M1,spring-projects/spring-security,651c94b3859eb6c3eee4ee632b1419e59d99d8dd,1
7298,Spring,SEC,9051,5.4.0,5.4.1,spring-projects/spring-security,651c94b3859eb6c3eee4ee632b1419e59d99d8dd,2
7299,Spring,SEC,9031,5.4.0,5.4.1,spring-projects/spring-security,651c94b3859eb6c3eee4ee632b1419e59d99d8dd,3
7300,Spring,SEC,9026,5.4.0,5.4.1,spring-projects/spring-security,651c94b3859eb6c3eee4ee632b1419e59d99d8dd,1
7301,Spring,SEC,9018,5.4.0,5.4.1,spring-projects/spring-security,651c94b3859eb6c3eee4ee632b1419e59d99d8dd,1
7302,Spring,SEC,9017,5.4.0,5.4.1,spring-projects/spring-security,651c94b3859eb6c3eee4ee632b1419e59d99d8dd,1
7303,Spring,SEC,9011,5.4.0,5.4.1,spring-projects/spring-security,651c94b3859eb6c3eee4ee632b1419e59d99d8dd,2
7305,Spring,SEC,8948,5.4.0-RC1,5.4.0,spring-projects/spring-security,74b42ba956ededc997565edf0c73c2242b653614,6
7306,Spring,SEC,8865,5.4.0-M2,5.4.0-RC1,spring-projects/spring-security,cb9d524e1678ac1a97c82dcc5e12e03e51d36d9a,2
7307,Spring,SEC,8864,5.4.0-RC1,5.4.0,spring-projects/spring-security,74b42ba956ededc997565edf0c73c2242b653614,3
7308,Spring,SEC,8846,5.5.0,5.6.0-M1,spring-projects/spring-security,abd100122e54fa07c8b11c78808e56ba96521fa2,2
7314,Spring,SEC,11449,5.8.0-M2,5.8.0-M3,spring-projects/spring-security,063e56ce8be850c0fdaec6c3a5af5a6b06a3f83a,4
7316,Spring,SEC,11379,6.0.0-M5,6.0.0-M6,spring-projects/spring-security,8eb235d36e3269e15f5ab05f41e28a501d532814,2
7318,Spring,SEC,11290,5.6.5,5.6.6,spring-projects/spring-security,fdad14af6328da45ec2c9be7913127cb35d976ba,2
7319,Spring,SEC,11289,5.7.1,5.7.2,spring-projects/spring-security,22a1c99b9e74f0f5177e050b4ffe0dd59b3a5341,2
7320,Spring,SEC,11283,6.0.0-M5,6.0.0-M6,spring-projects/spring-security,8eb235d36e3269e15f5ab05f41e28a501d532814,2
7321,Spring,SEC,11264,6.0.0-M4,6.0.0-M5,spring-projects/spring-security,eaac43a179212942269433562ca75bdc38938de8,2
7322,Spring,SEC,11262,5.7.0-RC1,5.8.0-M1,spring-projects/spring-security,e80b3cc5a22bc5739a9d2109895fb0df2e9385bc,7
7323,Spring,SEC,11235,5.7.0-RC1,5.8.0-M1,spring-projects/spring-security,e80b3cc5a22bc5739a9d2109895fb0df2e9385bc,9
7324,Spring,SEC,11196,5.7.0-RC1,5.8.0-M1,spring-projects/spring-security,e80b3cc5a22bc5739a9d2109895fb0df2e9385bc,2
7325,Spring,SEC,11158,6.0.0-M3,6.0.0-M4,spring-projects/spring-security,6dbba7b4a8464c6a90a9cd7a6e61924de53cd62f,4
7326,Spring,SEC,11091,6.0.0-M3,6.0.0-M4,spring-projects/spring-security,6dbba7b4a8464c6a90a9cd7a6e61924de53cd62f,5
7327,Spring,SEC,11042,6.0.0-M6,6.0.0-M7,spring-projects/spring-security,79912a0a44d984073fe45205b8af5aa105be1a2e,4
7328,Spring,SEC,11016,5.7.0-M3,5.7.0-RC1,spring-projects/spring-security,ed0a323a7168d10507678bba49215cbb5f695fe7,1
7329,Spring,SEC,10950,5.7.0-M2,5.7.0-M3,spring-projects/spring-security,2426989441cb5ea56f1a774a3d2b7db2b4054c81,2
7330,Spring,SEC,10923,5.7.0-M2,5.7.0-M3,spring-projects/spring-security,2426989441cb5ea56f1a774a3d2b7db2b4054c81,10
7331,Spring,SEC,10909,5.7.0-M2,5.7.0-M3,spring-projects/spring-security,2426989441cb5ea56f1a774a3d2b7db2b4054c81,1
7332,Spring,SEC,10908,5.7.0-M3,5.7.0-RC1,spring-projects/spring-security,ed0a323a7168d10507678bba49215cbb5f695fe7,3
7333,Spring,SEC,10864,5.7.0-M3,5.7.0-RC1,spring-projects/spring-security,ed0a323a7168d10507678bba49215cbb5f695fe7,2
7334,Spring,SEC,10844,5.7.0-M1,5.7.0-M2,spring-projects/spring-security,a8457b518fa7185985504991340dc64837731bd1,2
7335,Spring,SEC,10814,5.7.0-M1,5.7.0-M2,spring-projects/spring-security,a8457b518fa7185985504991340dc64837731bd1,2
7336,Spring,SEC,10779,5.7.0-M1,5.7.0-M2,spring-projects/spring-security,a8457b518fa7185985504991340dc64837731bd1,2
7337,Spring,SEC,10703,5.7.0-M1,5.7.0-M2,spring-projects/spring-security,a8457b518fa7185985504991340dc64837731bd1,7
7338,Spring,SEC,10697,5.6.0-RC1,6.0.0-M1,spring-projects/spring-security,38691e66623601dcf71938fdae8e5f52a47a37d0,1
7339,Spring,SEC,10695,5.6.0,5.8.0-M1,spring-projects/spring-security,fa628f7491277c02c820eda6f8d13a98566dd6fa,6
7340,Spring,SEC,10607,5.6.0,5.7.0-M1,spring-projects/spring-security,fa628f7491277c02c820eda6f8d13a98566dd6fa,1
7341,Spring,SEC,10569,5.6.0-RC1,6.0.0-M1,spring-projects/spring-security,38691e66623601dcf71938fdae8e5f52a47a37d0,1
7342,Spring,SEC,10566,5.6.0,5.7.0-M1,spring-projects/spring-security,fa628f7491277c02c820eda6f8d13a98566dd6fa,4
7344,Spring,SEC,10557,5.6.0,5.7.0-M1,spring-projects/spring-security,fa628f7491277c02c820eda6f8d13a98566dd6fa,2
7347,Spring,SEC,10444,5.6.0-RC1,5.6.0,spring-projects/spring-security,38691e66623601dcf71938fdae8e5f52a47a37d0,3
7349,Spring,SEC,10436,5.6.0-RC1,5.6.0,spring-projects/spring-security,38691e66623601dcf71938fdae8e5f52a47a37d0,1
7350,Spring,SEC,10326,5.6.0-M3,5.6.0-RC1,spring-projects/spring-security,e9449beb5f665e360d5abf356f65847b89e168ae,4
7351,Spring,SEC,10319,5.6.0-M3,5.6.0-RC1,spring-projects/spring-security,e9449beb5f665e360d5abf356f65847b89e168ae,2
7352,Spring,SEC,10305,5.6.0-M3,5.6.0-RC1,spring-projects/spring-security,e9449beb5f665e360d5abf356f65847b89e168ae,2
7353,Spring,SEC,10208,5.6.0-M3,5.6.0-RC1,spring-projects/spring-security,e9449beb5f665e360d5abf356f65847b89e168ae,4
7354,Spring,SEC,10176,5.5.2,5.5.3,spring-projects/spring-security,bdc3feaa6d4e63eb7b696418c38848177ad37337,4
7355,Spring,SEC,10174,5.6.0,5.7.0-M1,spring-projects/spring-security,fa628f7491277c02c820eda6f8d13a98566dd6fa,2
7356,Spring,SEC,10148,5.6.0-M3,5.6.0-RC1,spring-projects/spring-security,e9449beb5f665e360d5abf356f65847b89e168ae,4
7357,Spring,SEC,10135,5.6.0-M1,5.6.0-M2,spring-projects/spring-security,38d2b21967f7370e1a1f4f13cb16133cc1085289,4
7358,Spring,SEC,10076,5.6.0-M1,5.6.0-M2,spring-projects/spring-security,38d2b21967f7370e1a1f4f13cb16133cc1085289,2
7359,Spring,SEC,13438,5.6.11,5.8.5,spring-projects/spring-security,aa8440e1ee713921c714586ab94db36be7e28f11,2
7360,Spring,SEC,13243,6.1.0,6.1.1,spring-projects/spring-security,ad2b1d40b881850de5d3a2a3b5e5d1a56a0d2b4c,2
7361,Spring,SEC,13203,5.7.8,5.7.9,spring-projects/spring-security,d6eeafb10cbe7e96be5077a1b7cf0afee5f673f4,3
7367,Spring,SEC,13131,5.7.8,5.7.9,spring-projects/spring-security,d6eeafb10cbe7e96be5077a1b7cf0afee5f673f4,1
7368,Spring,SEC,13106,5.8.3,5.8.4,spring-projects/spring-security,e75b210015650a6a044e25fecc597ed9f5bc2201,6
7369,Spring,SEC,13104,5.8.3,5.8.4,spring-projects/spring-security,e75b210015650a6a044e25fecc597ed9f5bc2201,2
7370,Spring,SEC,13084,5.8.3,6.0.4,spring-projects/spring-security,e75b210015650a6a044e25fecc597ed9f5bc2201,2
7371,Spring,SEC,13079,5.8.3,6.0.4,spring-projects/spring-security,e75b210015650a6a044e25fecc597ed9f5bc2201,2
7372,Spring,SEC,13075,5.8.3,6.1.0,spring-projects/spring-security,e75b210015650a6a044e25fecc597ed9f5bc2201,2
7373,Spring,SEC,13069,5.8.3,5.8.4,spring-projects/spring-security,e75b210015650a6a044e25fecc597ed9f5bc2201,2
7374,Spring,SEC,13008,6.0.3,6.0.4,spring-projects/spring-security,ff3c560c532e51fc6d8837e276fd424370db1608,2
7375,Spring,SEC,12998,5.7.7,5.7.8,spring-projects/spring-security,faadadf71a10f2523d57230ff664ecf52aafd251,2
7376,Spring,SEC,12960,5.7.7,5.7.8,spring-projects/spring-security,faadadf71a10f2523d57230ff664ecf52aafd251,2
7377,Spring,SEC,12877,5.8.8,5.8.9,spring-projects/spring-security,e4e31f2c900fd85a5517b92e5238cea01ac9535d,8
7378,Spring,SEC,12873,5.7.7,5.8.3,spring-projects/spring-security,faadadf71a10f2523d57230ff664ecf52aafd251,3
7380,Spring,SEC,12834,5.7.7,5.7.8,spring-projects/spring-security,faadadf71a10f2523d57230ff664ecf52aafd251,2
7385,Spring,SEC,12665,5.6.10,5.8.2,spring-projects/spring-security,972075677f970c7a2c9fb80e6992f8618bf1ec30,2
7386,Spring,SEC,12664,5.7.7,5.7.8,spring-projects/spring-security,faadadf71a10f2523d57230ff664ecf52aafd251,2
7387,Spring,SEC,12637,5.6.10,5.7.7,spring-projects/spring-security,972075677f970c7a2c9fb80e6992f8618bf1ec30,2
7389,Spring,SEC,12616,5.6.10,6.0.2,spring-projects/spring-security,972075677f970c7a2c9fb80e6992f8618bf1ec30,1
7391,Spring,SEC,12579,5.6.10,6.0.2,spring-projects/spring-security,972075677f970c7a2c9fb80e6992f8618bf1ec30,2
7392,Spring,SEC,12548,5.6.10,6.0.2,spring-projects/spring-security,972075677f970c7a2c9fb80e6992f8618bf1ec30,2
7394,Spring,SEC,12539,5.7.11,5.8.8,spring-projects/spring-security,3656fa6e0c3ba0e6c737ec98a9d2ca50a3e17bf6,2
7396,Spring,SEC,12506,5.6.10,6.0.2,spring-projects/spring-security,972075677f970c7a2c9fb80e6992f8618bf1ec30,2
7397,Spring,SEC,12504,5.6.10,5.7.7,spring-projects/spring-security,972075677f970c7a2c9fb80e6992f8618bf1ec30,2
7399,Spring,SEC,12483,5.8.8,5.8.9,spring-projects/spring-security,e4e31f2c900fd85a5517b92e5238cea01ac9535d,2
7400,Spring,SEC,12411,5.8.0,5.8.1,spring-projects/spring-security,b873b244138eb7371e954cff9a2dcc791217ed5e,1
7404,Spring,SEC,12241,6.0.0-RC2,6.0.0,spring-projects/spring-security,92d4599fb008c679db023ab8290dcf7602c461c9,1
7405,Spring,SEC,12236,5.6.9,5.8.0,spring-projects/spring-security,60f44b347f4af4c56ba897723881ad5a40af0b23,3
7406,Spring,SEC,12235,6.0.0-RC2,6.0.0,spring-projects/spring-security,92d4599fb008c679db023ab8290dcf7602c461c9,2
7407,Spring,SEC,12156,6.0.0-RC2,6.0.0,spring-projects/spring-security,92d4599fb008c679db023ab8290dcf7602c461c9,7
7408,Spring,SEC,12144,5.6.9,5.6.10,spring-projects/spring-security,60f44b347f4af4c56ba897723881ad5a40af0b23,3
7409,Spring,SEC,12141,5.6.9,5.8.0,spring-projects/spring-security,60f44b347f4af4c56ba897723881ad5a40af0b23,2
7410,Spring,SEC,12132,5.6.9,5.8.0,spring-projects/spring-security,60f44b347f4af4c56ba897723881ad5a40af0b23,3
7411,Spring,SEC,12102,5.5.8,5.6.9,spring-projects/spring-security,e70752954af3dbae673fd3c4124c1ddd5d0ad636,2
7412,Spring,SEC,12081,5.6.9,5.6.10,spring-projects/spring-security,60f44b347f4af4c56ba897723881ad5a40af0b23,2
7413,Spring,SEC,12070,6.0.0-RC1,6.0.0-RC2,spring-projects/spring-security,1ece9f35a39d9a9ed57d887bbcb2046f8a2ee063,3
7414,Spring,SEC,12026,5.6.9,5.6.10,spring-projects/spring-security,60f44b347f4af4c56ba897723881ad5a40af0b23,2
7416,Spring,SEC,11948,5.8.8,5.8.9,spring-projects/spring-security,e4e31f2c900fd85a5517b92e5238cea01ac9535d,5
7417,Spring,SEC,11898,5.7.7,5.7.8,spring-projects/spring-security,faadadf71a10f2523d57230ff664ecf52aafd251,2
7418,Spring,SEC,11888,5.7.4,5.7.5,spring-projects/spring-security,6b25307339bd9983a5520cf0ac47fa70ceb8b1fc,2
7419,Spring,SEC,11879,5.8.0-M3,5.8.0-RC1,spring-projects/spring-security,dcbe900ff854c66fb122a644e49f9d3b60ed5639,3
7420,Spring,SEC,11822,5.8.0,6.1.0-M1,spring-projects/spring-security,b873b244138eb7371e954cff9a2dcc791217ed5e,2
7421,Spring,SEC,11785,5.6.10,5.7.7,spring-projects/spring-security,972075677f970c7a2c9fb80e6992f8618bf1ec30,2
7422,Spring,SEC,11726,5.8.0-M2,5.8.0-M3,spring-projects/spring-security,063e56ce8be850c0fdaec6c3a5af5a6b06a3f83a,4
7423,Spring,SEC,11710,6.0.0-M6,6.0.0-M7,spring-projects/spring-security,79912a0a44d984073fe45205b8af5aa105be1a2e,1
7424,Spring,SEC,11706,5.8.0-M2,5.8.0-M3,spring-projects/spring-security,063e56ce8be850c0fdaec6c3a5af5a6b06a3f83a,1
7425,Spring,SEC,11676,5.8.0-M2,5.8.0-M3,spring-projects/spring-security,063e56ce8be850c0fdaec6c3a5af5a6b06a3f83a,6
7426,Spring,SEC,11657,5.8.0-M1,5.8.0-M2,spring-projects/spring-security,8d3586f94907c040f3c417b3f5740d330a237a94,2
7427,Spring,SEC,11645,5.8.0-M1,5.8.0-M2,spring-projects/spring-security,8d3586f94907c040f3c417b3f5740d330a237a94,2
7428,Spring,SEC,11634,5.8.0-M1,5.8.0-M2,spring-projects/spring-security,8d3586f94907c040f3c417b3f5740d330a237a94,1
7429,Spring,SEC,11606,5.7.2,5.7.3,spring-projects/spring-security,c40f65f5a20ec9a34ebc2320eb9520dabbc51622,2
7430,Spring,SEC,11476,6.0.0-M5,6.0.0-M6,spring-projects/spring-security,8eb235d36e3269e15f5ab05f41e28a501d532814,2
7431,Spring,SEC,11470,6.0.0-M5,6.0.0-M6,spring-projects/spring-security,8eb235d36e3269e15f5ab05f41e28a501d532814,1
7432,Spring,SEC,15324,5.8.13,6.3.2,spring-projects/spring-security,20332fedb01e9ea6750aa3a497d18bb25fddc194,1
7433,Spring,SEC,15184,5.8.12,5.8.13,spring-projects/spring-security,17873adf1f2bb98f2f3f466f2f84ae7b0de6bfbb,6
7434,Spring,SEC,15172,6.3.0,6.3.1,spring-projects/spring-security,5d3c0621d1ba97e1b9710005e52e72c31f63349a,2
7435,Spring,SEC,15165,6.3.0,6.3.1,spring-projects/spring-security,5d3c0621d1ba97e1b9710005e52e72c31f63349a,4
7437,Spring,SEC,14931,5.8.12,5.8.13,spring-projects/spring-security,17873adf1f2bb98f2f3f466f2f84ae7b0de6bfbb,2
7440,Spring,SEC,14825,5.7.12,6.1.9,spring-projects/spring-security,b38b495630b389041f9114dde6e2b209bb6b3a4d,2
7442,Spring,SEC,14720,5.8.10,5.8.11,spring-projects/spring-security,8b9beb0e1fa7d2e7b0f1fe726e0ccabe93b97998,1
7443,Spring,SEC,14715,5.7.11,5.7.12,spring-projects/spring-security,3656fa6e0c3ba0e6c737ec98a9d2ca50a3e17bf6,2
7444,Spring,SEC,14674,5.8.10,6.3.0-M3,spring-projects/spring-security,8b9beb0e1fa7d2e7b0f1fe726e0ccabe93b97998,1
7449,Spring,SEC,14529,5.8.9,6.1.7,spring-projects/spring-security,b97c310aba2a855d612ff2be15a4d1a3be0f7423,3
7451,Spring,SEC,14418,5.8.12,5.8.13,spring-projects/spring-security,17873adf1f2bb98f2f3f466f2f84ae7b0de6bfbb,5
7452,Spring,SEC,14402,5.8.9,6.1.7,spring-projects/spring-security,b97c310aba2a855d612ff2be15a4d1a3be0f7423,3
7455,Spring,SEC,14370,5.8.9,6.1.7,spring-projects/spring-security,b97c310aba2a855d612ff2be15a4d1a3be0f7423,2
7458,Spring,SEC,14358,5.8.12,5.8.13,spring-projects/spring-security,17873adf1f2bb98f2f3f466f2f84ae7b0de6bfbb,1
7459,Spring,SEC,14268,6.2.0,6.3.0-M1,spring-projects/spring-security,fd1b92b7d06af8fbaf71d9cdd54e219ac247ef51,1
7460,Spring,SEC,14221,5.8.8,5.8.9,spring-projects/spring-security,e4e31f2c900fd85a5517b92e5238cea01ac9535d,1
7461,Spring,SEC,14131,6.2.0-RC2,6.1.6,spring-projects/spring-security,3fb1a5e7d22e9c4359c624183b74b00b937ad524,2
7462,Spring,SEC,14095,6.2.0-RC2,6.2.0,spring-projects/spring-security,3fb1a5e7d22e9c4359c624183b74b00b937ad524,1
7463,Spring,SEC,14094,6.2.0-RC2,6.2.0,spring-projects/spring-security,3fb1a5e7d22e9c4359c624183b74b00b937ad524,3
7464,Spring,SEC,14012,6.2.0-M3,6.2.0-RC1,spring-projects/spring-security,af6fce4a714aa9919164da6e57555327ffae3790,1
7465,Spring,SEC,13913,5.8.8,5.8.9,spring-projects/spring-security,e4e31f2c900fd85a5517b92e5238cea01ac9535d,2
7466,Spring,SEC,13849,5.8.12,5.8.13,spring-projects/spring-security,17873adf1f2bb98f2f3f466f2f84ae7b0de6bfbb,2
7467,Spring,SEC,13804,5.8.6,5.8.7,spring-projects/spring-security,612909ac4f9b1372269a01703a95b51d1b3deaa5,1
7468,Spring,SEC,13794,5.8.8,5.8.9,spring-projects/spring-security,e4e31f2c900fd85a5517b92e5238cea01ac9535d,2
7469,Spring,SEC,13792,5.8.6,5.8.7,spring-projects/spring-security,612909ac4f9b1372269a01703a95b51d1b3deaa5,2
7470,Spring,SEC,13776,5.7.11,5.8.8,spring-projects/spring-security,3656fa6e0c3ba0e6c737ec98a9d2ca50a3e17bf6,2
7471,Spring,SEC,13757,5.8.8,5.8.9,spring-projects/spring-security,e4e31f2c900fd85a5517b92e5238cea01ac9535d,2
7472,Spring,SEC,13737,5.8.6,5.8.7,spring-projects/spring-security,612909ac4f9b1372269a01703a95b51d1b3deaa5,2
7473,Spring,SEC,13731,5.8.6,6.0.7,spring-projects/spring-security,612909ac4f9b1372269a01703a95b51d1b3deaa5,2
7475,Spring,SEC,13659,6.1.3,6.1.4,spring-projects/spring-security,741bdcff62e274fc2c5ec76b2f17448c3ce6330d,2
7477,Spring,SEC,13625,5.8.8,5.8.9,spring-projects/spring-security,e4e31f2c900fd85a5517b92e5238cea01ac9535d,3
7480,Spring,SEC,13491,5.6.11,6.0.5,spring-projects/spring-security,aa8440e1ee713921c714586ab94db36be7e28f11,2
7481,Spring,SEC,13456,5.6.11,6.0.5,spring-projects/spring-security,aa8440e1ee713921c714586ab94db36be7e28f11,1
7482,Spring,SWS,1206,v3.1.1,v3.1.2,spring-projects/spring-ws,5c5b8e3f0acd596e9062614205b0a9e0f184605a,2
