dataset_index,old_author_record_index,author_record_index,owner_repo,snapshot_sha,n_unique_gt,n_documents,evaluable_fingerprint
0,0,0,apache/camel,52049de85ae349fef5051552ec7d7a715cf23d09,1,686,c0ff7833c0013b08
1,1,1,apache/camel,52049de85ae349fef5051552ec7d7a715cf23d09,4,686,c0ff7833c0013b08
2,2,2,apache/camel,52049de85ae349fef5051552ec7d7a715cf23d09,1,686,c0ff7833c0013b08
3,3,3,apache/camel,52049de85ae349fef5051552ec7d7a715cf23d09,1,686,c0ff7833c0013b08
4,4,4,apache/camel,4d5ad0e79544e371035d180d02f26611e5708b6f,1,941,c0ff7833c0013b08
5,5,5,apache/camel,4d5ad0e79544e371035d180d02f26611e5708b6f,20,941,c0ff7833c0013b08
6,6,6,apache/camel,4d5ad0e79544e371035d180d02f26611e5708b6f,1,941,c0ff7833c0013b08
7,7,7,apache/camel,4d5ad0e79544e371035d180d02f26611e5708b6f,1,941,c0ff7833c0013b08
8,8,8,apache/camel,4d5ad0e79544e371035d180d02f26611e5708b6f,1,941,c0ff7833c0013b08
9,9,9,apache/camel,4d5ad0e79544e371035d180d02f26611e5708b6f,15,941,c0ff7833c0013b08
10,10,10,apache/camel,4d5ad0e79544e371035d180d02f26611e5708b6f,6,941,c0ff7833c0013b08
11,11,11,apache/camel,4d5ad0e79544e371035d180d02f26611e5708b6f,1,941,c0ff7833c0013b08
12,12,12,apache/camel,4d5ad0e79544e371035d180d02f26611e5708b6f,1,941,c0ff7833c0013b08
13,13,13,apache/camel,4d5ad0e79544e371035d180d02f26611e5708b6f,2,941,c0ff7833c0013b08
14,14,14,apache/camel,4d5ad0e79544e371035d180d02f26611e5708b6f,2,941,c0ff7833c0013b08
15,15,15,apache/camel,4d5ad0e79544e371035d180d02f26611e5708b6f,3,941,c0ff7833c0013b08
16,16,16,apache/camel,4d5ad0e79544e371035d180d02f26611e5708b6f,1,941,c0ff7833c0013b08
17,17,17,apache/camel,52049de85ae349fef5051552ec7d7a715cf23d09,3,686,c0ff7833c0013b08
18,18,18,apache/camel,4d5ad0e79544e371035d180d02f26611e5708b6f,4,941,c0ff7833c0013b08
19,19,19,apache/camel,4d5ad0e79544e371035d180d02f26611e5708b6f,1,941,c0ff7833c0013b08
20,20,20,apache/camel,11dc8da54fe1870f62f16683106b2c322cf4dbe1,1,1245,c0ff7833c0013b08
21,21,21,apache/camel,11dc8da54fe1870f62f16683106b2c322cf4dbe1,1,1245,c0ff7833c0013b08
22,22,22,apache/camel,4d5ad0e79544e371035d180d02f26611e5708b6f,1,941,c0ff7833c0013b08
23,23,23,apache/camel,11dc8da54fe1870f62f16683106b2c322cf4dbe1,1,1245,c0ff7833c0013b08
24,24,24,apache/camel,11dc8da54fe1870f62f16683106b2c322cf4dbe1,1,1245,c0ff7833c0013b08
25,25,25,apache/camel,11dc8da54fe1870f62f16683106b2c322cf4dbe1,1,1245,c0ff7833c0013b08
26,26,26,apache/camel,11dc8da54fe1870f62f16683106b2c322cf4dbe1,1,1245,c0ff7833c0013b08
27,27,27,apache/camel,11dc8da54fe1870f62f16683106b2c322cf4dbe1,5,1245,c0ff7833c0013b08
28,28,28,apache/camel,4d5ad0e79544e371035d180d02f26611e5708b6f,2,941,c0ff7833c0013b08
29,29,29,apache/camel,11dc8da54fe1870f62f16683106b2c322cf4dbe1,1,1245,c0ff7833c0013b08
30,30,30,apache/camel,11dc8da54fe1870f62f16683106b2c322cf4dbe1,1,1245,c0ff7833c0013b08
31,31,31,apache/camel,11dc8da54fe1870f62f16683106b2c322cf4dbe1,1,1245,c0ff7833c0013b08
32,32,32,apache/camel,11dc8da54fe1870f62f16683106b2c322cf4dbe1,5,1245,c0ff7833c0013b08
33,33,33,apache/camel,11dc8da54fe1870f62f16683106b2c322cf4dbe1,9,1245,c0ff7833c0013b08
34,34,34,apache/camel,11dc8da54fe1870f62f16683106b2c322cf4dbe1,1,1245,c0ff7833c0013b08
35,35,35,apache/camel,11dc8da54fe1870f62f16683106b2c322cf4dbe1,1,1245,c0ff7833c0013b08
36,36,36,apache/camel,11dc8da54fe1870f62f16683106b2c322cf4dbe1,1,1245,c0ff7833c0013b08
37,37,37,apache/camel,11dc8da54fe1870f62f16683106b2c322cf4dbe1,1,1245,c0ff7833c0013b08
38,38,38,apache/camel,11dc8da54fe1870f62f16683106b2c322cf4dbe1,3,1245,c0ff7833c0013b08
39,39,39,apache/camel,11dc8da54fe1870f62f16683106b2c322cf4dbe1,1,1245,c0ff7833c0013b08
40,40,40,apache/camel,11dc8da54fe1870f62f16683106b2c322cf4dbe1,2,1245,c0ff7833c0013b08
41,41,41,apache/camel,11dc8da54fe1870f62f16683106b2c322cf4dbe1,1,1245,c0ff7833c0013b08
42,42,42,apache/camel,11dc8da54fe1870f62f16683106b2c322cf4dbe1,1,1245,c0ff7833c0013b08
43,43,43,apache/camel,4d5ad0e79544e371035d180d02f26611e5708b6f,1,941,c0ff7833c0013b08
44,44,44,apache/camel,11dc8da54fe1870f62f16683106b2c322cf4dbe1,2,1245,c0ff7833c0013b08
45,45,45,apache/camel,11dc8da54fe1870f62f16683106b2c322cf4dbe1,3,1245,c0ff7833c0013b08
46,46,46,apache/camel,3246f4735c80bd22446ce3d78dd1de63368c9bcc,3,1515,c0ff7833c0013b08
47,47,47,apache/camel,11dc8da54fe1870f62f16683106b2c322cf4dbe1,1,1245,c0ff7833c0013b08
48,48,48,apache/camel,3246f4735c80bd22446ce3d78dd1de63368c9bcc,1,1515,c0ff7833c0013b08
49,49,49,apache/camel,3246f4735c80bd22446ce3d78dd1de63368c9bcc,1,1515,c0ff7833c0013b08
50,50,50,apache/camel,3246f4735c80bd22446ce3d78dd1de63368c9bcc,1,1515,c0ff7833c0013b08
51,51,51,apache/camel,3246f4735c80bd22446ce3d78dd1de63368c9bcc,3,1515,c0ff7833c0013b08
52,52,52,apache/camel,3246f4735c80bd22446ce3d78dd1de63368c9bcc,1,1515,c0ff7833c0013b08
53,53,53,apache/camel,3246f4735c80bd22446ce3d78dd1de63368c9bcc,1,1515,c0ff7833c0013b08
54,54,54,apache/camel,3246f4735c80bd22446ce3d78dd1de63368c9bcc,2,1515,c0ff7833c0013b08
55,55,55,apache/camel,3246f4735c80bd22446ce3d78dd1de63368c9bcc,8,1515,c0ff7833c0013b08
56,56,56,apache/camel,3246f4735c80bd22446ce3d78dd1de63368c9bcc,2,1515,c0ff7833c0013b08
57,57,57,apache/camel,3246f4735c80bd22446ce3d78dd1de63368c9bcc,1,1515,c0ff7833c0013b08
58,58,58,apache/camel,11dc8da54fe1870f62f16683106b2c322cf4dbe1,10,1245,c0ff7833c0013b08
59,59,59,apache/camel,11dc8da54fe1870f62f16683106b2c322cf4dbe1,2,1245,c0ff7833c0013b08
60,60,60,apache/camel,3246f4735c80bd22446ce3d78dd1de63368c9bcc,1,1515,c0ff7833c0013b08
61,61,61,apache/camel,3246f4735c80bd22446ce3d78dd1de63368c9bcc,2,1515,c0ff7833c0013b08
62,62,62,apache/camel,3246f4735c80bd22446ce3d78dd1de63368c9bcc,5,1515,c0ff7833c0013b08
63,63,63,apache/camel,3246f4735c80bd22446ce3d78dd1de63368c9bcc,3,1515,c0ff7833c0013b08
64,64,64,apache/camel,3246f4735c80bd22446ce3d78dd1de63368c9bcc,2,1515,c0ff7833c0013b08
65,65,65,apache/camel,3246f4735c80bd22446ce3d78dd1de63368c9bcc,16,1515,c0ff7833c0013b08
66,66,66,apache/camel,feed6f962aba4aefb144b424945d1232b73ccef3,1,1842,c0ff7833c0013b08
67,67,67,apache/camel,3246f4735c80bd22446ce3d78dd1de63368c9bcc,1,1515,c0ff7833c0013b08
68,68,68,apache/camel,3246f4735c80bd22446ce3d78dd1de63368c9bcc,9,1515,c0ff7833c0013b08
69,69,69,apache/camel,3246f4735c80bd22446ce3d78dd1de63368c9bcc,1,1515,c0ff7833c0013b08
70,70,70,apache/camel,3246f4735c80bd22446ce3d78dd1de63368c9bcc,3,1515,c0ff7833c0013b08
71,71,71,apache/camel,3246f4735c80bd22446ce3d78dd1de63368c9bcc,2,1515,c0ff7833c0013b08
72,72,72,apache/camel,3246f4735c80bd22446ce3d78dd1de63368c9bcc,1,1515,c0ff7833c0013b08
73,73,73,apache/camel,3246f4735c80bd22446ce3d78dd1de63368c9bcc,3,1515,c0ff7833c0013b08
74,74,74,apache/camel,3246f4735c80bd22446ce3d78dd1de63368c9bcc,2,1515,c0ff7833c0013b08
75,75,75,apache/camel,3246f4735c80bd22446ce3d78dd1de63368c9bcc,1,1515,c0ff7833c0013b08
76,76,76,apache/camel,3246f4735c80bd22446ce3d78dd1de63368c9bcc,1,1515,c0ff7833c0013b08
77,77,77,apache/camel,3246f4735c80bd22446ce3d78dd1de63368c9bcc,1,1515,c0ff7833c0013b08
78,78,78,apache/camel,3246f4735c80bd22446ce3d78dd1de63368c9bcc,1,1515,c0ff7833c0013b08
79,79,79,apache/camel,3246f4735c80bd22446ce3d78dd1de63368c9bcc,8,1515,c0ff7833c0013b08
80,80,80,apache/camel,3246f4735c80bd22446ce3d78dd1de63368c9bcc,2,1515,c0ff7833c0013b08
81,81,81,apache/camel,3246f4735c80bd22446ce3d78dd1de63368c9bcc,17,1515,c0ff7833c0013b08
82,82,82,apache/camel,3246f4735c80bd22446ce3d78dd1de63368c9bcc,1,1515,c0ff7833c0013b08
83,83,83,apache/camel,feed6f962aba4aefb144b424945d1232b73ccef3,1,1842,c0ff7833c0013b08
84,84,84,apache/camel,3246f4735c80bd22446ce3d78dd1de63368c9bcc,1,1515,c0ff7833c0013b08
85,85,85,apache/camel,3246f4735c80bd22446ce3d78dd1de63368c9bcc,1,1515,c0ff7833c0013b08
86,86,86,apache/camel,11dc8da54fe1870f62f16683106b2c322cf4dbe1,7,1245,c0ff7833c0013b08
87,87,87,apache/camel,feed6f962aba4aefb144b424945d1232b73ccef3,1,1842,c0ff7833c0013b08
88,88,88,apache/camel,feed6f962aba4aefb144b424945d1232b73ccef3,1,1842,c0ff7833c0013b08
89,89,89,apache/camel,feed6f962aba4aefb144b424945d1232b73ccef3,7,1842,c0ff7833c0013b08
90,90,90,apache/camel,feed6f962aba4aefb144b424945d1232b73ccef3,7,1842,c0ff7833c0013b08
91,91,91,apache/camel,feed6f962aba4aefb144b424945d1232b73ccef3,7,1842,c0ff7833c0013b08
92,92,92,apache/camel,feed6f962aba4aefb144b424945d1232b73ccef3,7,1842,c0ff7833c0013b08
93,93,93,apache/camel,feed6f962aba4aefb144b424945d1232b73ccef3,3,1842,c0ff7833c0013b08
94,94,94,apache/camel,feed6f962aba4aefb144b424945d1232b73ccef3,1,1842,c0ff7833c0013b08
95,95,95,apache/camel,feed6f962aba4aefb144b424945d1232b73ccef3,1,1842,c0ff7833c0013b08
96,96,96,apache/camel,11dc8da54fe1870f62f16683106b2c322cf4dbe1,2,1245,c0ff7833c0013b08
97,97,97,apache/camel,feed6f962aba4aefb144b424945d1232b73ccef3,1,1842,c0ff7833c0013b08
98,98,98,apache/camel,feed6f962aba4aefb144b424945d1232b73ccef3,8,1842,c0ff7833c0013b08
99,99,99,apache/camel,feed6f962aba4aefb144b424945d1232b73ccef3,3,1842,c0ff7833c0013b08
100,100,100,apache/camel,feed6f962aba4aefb144b424945d1232b73ccef3,1,1842,c0ff7833c0013b08
101,101,101,apache/camel,3246f4735c80bd22446ce3d78dd1de63368c9bcc,2,1515,c0ff7833c0013b08
102,102,102,apache/camel,3246f4735c80bd22446ce3d78dd1de63368c9bcc,1,1515,c0ff7833c0013b08
103,103,103,apache/camel,feed6f962aba4aefb144b424945d1232b73ccef3,2,1842,c0ff7833c0013b08
104,104,104,apache/camel,feed6f962aba4aefb144b424945d1232b73ccef3,1,1842,c0ff7833c0013b08
105,105,105,apache/camel,feed6f962aba4aefb144b424945d1232b73ccef3,3,1842,c0ff7833c0013b08
106,106,106,apache/camel,3246f4735c80bd22446ce3d78dd1de63368c9bcc,3,1515,c0ff7833c0013b08
107,107,107,apache/camel,feed6f962aba4aefb144b424945d1232b73ccef3,2,1842,c0ff7833c0013b08
108,108,108,apache/camel,feed6f962aba4aefb144b424945d1232b73ccef3,1,1842,c0ff7833c0013b08
109,109,109,apache/camel,feed6f962aba4aefb144b424945d1232b73ccef3,2,1842,c0ff7833c0013b08
110,110,110,apache/camel,feed6f962aba4aefb144b424945d1232b73ccef3,1,1842,c0ff7833c0013b08
111,111,111,apache/camel,feed6f962aba4aefb144b424945d1232b73ccef3,1,1842,c0ff7833c0013b08
112,112,112,apache/camel,feed6f962aba4aefb144b424945d1232b73ccef3,1,1842,c0ff7833c0013b08
113,113,113,apache/camel,11dc8da54fe1870f62f16683106b2c322cf4dbe1,1,1245,c0ff7833c0013b08
114,114,114,apache/camel,feed6f962aba4aefb144b424945d1232b73ccef3,2,1842,c0ff7833c0013b08
115,115,115,apache/camel,feed6f962aba4aefb144b424945d1232b73ccef3,1,1842,c0ff7833c0013b08
116,116,116,apache/camel,feed6f962aba4aefb144b424945d1232b73ccef3,3,1842,c0ff7833c0013b08
117,117,117,apache/camel,feed6f962aba4aefb144b424945d1232b73ccef3,2,1842,c0ff7833c0013b08
118,118,118,apache/camel,feed6f962aba4aefb144b424945d1232b73ccef3,2,1842,c0ff7833c0013b08
119,119,119,apache/camel,6d7eacbab831d4484638bfb2b4456f8b2fcdc367,2,1987,c0ff7833c0013b08
120,120,120,apache/camel,feed6f962aba4aefb144b424945d1232b73ccef3,1,1842,c0ff7833c0013b08
121,121,121,apache/camel,feed6f962aba4aefb144b424945d1232b73ccef3,1,1842,c0ff7833c0013b08
122,122,122,apache/camel,6d7eacbab831d4484638bfb2b4456f8b2fcdc367,2,1987,c0ff7833c0013b08
123,123,123,apache/camel,6d7eacbab831d4484638bfb2b4456f8b2fcdc367,2,1987,c0ff7833c0013b08
124,124,124,apache/camel,feed6f962aba4aefb144b424945d1232b73ccef3,4,1842,c0ff7833c0013b08
125,125,125,apache/camel,6d7eacbab831d4484638bfb2b4456f8b2fcdc367,4,1987,c0ff7833c0013b08
126,126,126,apache/camel,6d7eacbab831d4484638bfb2b4456f8b2fcdc367,1,1987,c0ff7833c0013b08
127,127,127,apache/camel,6d7eacbab831d4484638bfb2b4456f8b2fcdc367,2,1987,c0ff7833c0013b08
128,128,128,apache/camel,feed6f962aba4aefb144b424945d1232b73ccef3,3,1842,c0ff7833c0013b08
129,129,129,apache/camel,3246f4735c80bd22446ce3d78dd1de63368c9bcc,1,1515,c0ff7833c0013b08
130,130,130,apache/camel,6d7eacbab831d4484638bfb2b4456f8b2fcdc367,1,1987,c0ff7833c0013b08
131,131,131,apache/camel,6d7eacbab831d4484638bfb2b4456f8b2fcdc367,7,1987,c0ff7833c0013b08
132,132,132,apache/camel,6d7eacbab831d4484638bfb2b4456f8b2fcdc367,3,1987,c0ff7833c0013b08
133,133,133,apache/camel,6d7eacbab831d4484638bfb2b4456f8b2fcdc367,3,1987,c0ff7833c0013b08
134,134,134,apache/camel,6d7eacbab831d4484638bfb2b4456f8b2fcdc367,1,1987,c0ff7833c0013b08
135,135,135,apache/camel,6d7eacbab831d4484638bfb2b4456f8b2fcdc367,1,1987,c0ff7833c0013b08
136,136,136,apache/camel,6d7eacbab831d4484638bfb2b4456f8b2fcdc367,1,1987,c0ff7833c0013b08
137,137,137,apache/camel,6d7eacbab831d4484638bfb2b4456f8b2fcdc367,3,1987,c0ff7833c0013b08
138,138,138,apache/camel,3246f4735c80bd22446ce3d78dd1de63368c9bcc,3,1515,c0ff7833c0013b08
139,139,139,apache/camel,3246f4735c80bd22446ce3d78dd1de63368c9bcc,2,1515,c0ff7833c0013b08
140,140,140,apache/camel,3246f4735c80bd22446ce3d78dd1de63368c9bcc,2,1515,c0ff7833c0013b08
141,141,141,apache/camel,6d7eacbab831d4484638bfb2b4456f8b2fcdc367,1,1987,c0ff7833c0013b08
142,142,142,apache/camel,6d7eacbab831d4484638bfb2b4456f8b2fcdc367,1,1987,c0ff7833c0013b08
143,143,143,apache/camel,6d7eacbab831d4484638bfb2b4456f8b2fcdc367,2,1987,c0ff7833c0013b08
144,144,144,apache/camel,6d7eacbab831d4484638bfb2b4456f8b2fcdc367,1,1987,c0ff7833c0013b08
145,145,145,apache/camel,3246f4735c80bd22446ce3d78dd1de63368c9bcc,1,1515,c0ff7833c0013b08
146,146,146,apache/camel,6d7eacbab831d4484638bfb2b4456f8b2fcdc367,1,1987,c0ff7833c0013b08
147,147,147,apache/camel,6d7eacbab831d4484638bfb2b4456f8b2fcdc367,2,1987,c0ff7833c0013b08
148,148,148,apache/camel,3246f4735c80bd22446ce3d78dd1de63368c9bcc,2,1515,c0ff7833c0013b08
149,149,149,apache/camel,feed6f962aba4aefb144b424945d1232b73ccef3,1,1842,c0ff7833c0013b08
150,150,150,apache/camel,3246f4735c80bd22446ce3d78dd1de63368c9bcc,1,1515,c0ff7833c0013b08
151,151,151,apache/camel,11dc8da54fe1870f62f16683106b2c322cf4dbe1,1,1245,c0ff7833c0013b08
152,152,152,apache/camel,3246f4735c80bd22446ce3d78dd1de63368c9bcc,2,1515,c0ff7833c0013b08
153,153,153,apache/camel,3246f4735c80bd22446ce3d78dd1de63368c9bcc,1,1515,c0ff7833c0013b08
154,154,154,apache/camel,3246f4735c80bd22446ce3d78dd1de63368c9bcc,1,1515,c0ff7833c0013b08
155,155,155,apache/camel,3246f4735c80bd22446ce3d78dd1de63368c9bcc,3,1515,c0ff7833c0013b08
156,156,156,apache/camel,6d7eacbab831d4484638bfb2b4456f8b2fcdc367,2,1987,c0ff7833c0013b08
157,157,157,apache/camel,3246f4735c80bd22446ce3d78dd1de63368c9bcc,2,1515,c0ff7833c0013b08
158,158,158,apache/camel,246d982d790269a8ef504fc55b407a0af3e683fe,2,2075,c0ff7833c0013b08
159,159,159,apache/camel,246d982d790269a8ef504fc55b407a0af3e683fe,5,2075,c0ff7833c0013b08
160,160,160,apache/camel,246d982d790269a8ef504fc55b407a0af3e683fe,1,2075,c0ff7833c0013b08
161,161,161,apache/camel,246d982d790269a8ef504fc55b407a0af3e683fe,1,2075,c0ff7833c0013b08
162,162,162,apache/camel,246d982d790269a8ef504fc55b407a0af3e683fe,3,2075,c0ff7833c0013b08
163,163,163,apache/camel,246d982d790269a8ef504fc55b407a0af3e683fe,1,2075,c0ff7833c0013b08
164,164,164,apache/camel,246d982d790269a8ef504fc55b407a0af3e683fe,1,2075,c0ff7833c0013b08
165,165,165,apache/camel,246d982d790269a8ef504fc55b407a0af3e683fe,1,2075,c0ff7833c0013b08
166,166,166,apache/camel,246d982d790269a8ef504fc55b407a0af3e683fe,2,2075,c0ff7833c0013b08
167,167,167,apache/camel,246d982d790269a8ef504fc55b407a0af3e683fe,1,2075,c0ff7833c0013b08
168,168,168,apache/camel,246d982d790269a8ef504fc55b407a0af3e683fe,2,2075,c0ff7833c0013b08
169,169,169,apache/camel,246d982d790269a8ef504fc55b407a0af3e683fe,1,2075,c0ff7833c0013b08
170,170,170,apache/camel,246d982d790269a8ef504fc55b407a0af3e683fe,1,2075,c0ff7833c0013b08
171,171,171,apache/camel,246d982d790269a8ef504fc55b407a0af3e683fe,2,2075,c0ff7833c0013b08
172,172,172,apache/camel,246d982d790269a8ef504fc55b407a0af3e683fe,1,2075,c0ff7833c0013b08
173,173,173,apache/camel,246d982d790269a8ef504fc55b407a0af3e683fe,1,2075,c0ff7833c0013b08
174,174,174,apache/camel,246d982d790269a8ef504fc55b407a0af3e683fe,1,2075,c0ff7833c0013b08
175,175,175,apache/camel,246d982d790269a8ef504fc55b407a0af3e683fe,3,2075,c0ff7833c0013b08
176,176,176,apache/camel,246d982d790269a8ef504fc55b407a0af3e683fe,2,2075,c0ff7833c0013b08
177,177,177,apache/camel,246d982d790269a8ef504fc55b407a0af3e683fe,4,2075,c0ff7833c0013b08
178,178,178,apache/camel,246d982d790269a8ef504fc55b407a0af3e683fe,1,2075,c0ff7833c0013b08
179,179,179,apache/camel,246d982d790269a8ef504fc55b407a0af3e683fe,2,2075,c0ff7833c0013b08
180,180,180,apache/camel,246d982d790269a8ef504fc55b407a0af3e683fe,1,2075,c0ff7833c0013b08
181,181,181,apache/camel,bb4dc2ba787f413f86569156b6b28f5ded34347e,1,2170,c0ff7833c0013b08
182,182,182,apache/camel,bb4dc2ba787f413f86569156b6b28f5ded34347e,2,2170,c0ff7833c0013b08
183,183,183,apache/camel,bb4dc2ba787f413f86569156b6b28f5ded34347e,1,2170,c0ff7833c0013b08
184,184,184,apache/camel,25936119f63409e167c1b76a341a7e9aeb946854,1,2397,c0ff7833c0013b08
185,185,185,apache/camel,25936119f63409e167c1b76a341a7e9aeb946854,1,2397,c0ff7833c0013b08
186,186,186,apache/camel,25936119f63409e167c1b76a341a7e9aeb946854,1,2397,c0ff7833c0013b08
187,187,187,apache/camel,25936119f63409e167c1b76a341a7e9aeb946854,7,2397,c0ff7833c0013b08
188,188,188,apache/camel,25936119f63409e167c1b76a341a7e9aeb946854,2,2397,c0ff7833c0013b08
189,189,189,apache/camel,25936119f63409e167c1b76a341a7e9aeb946854,1,2397,c0ff7833c0013b08
190,190,190,apache/camel,25936119f63409e167c1b76a341a7e9aeb946854,4,2397,c0ff7833c0013b08
191,191,191,apache/camel,25936119f63409e167c1b76a341a7e9aeb946854,2,2397,c0ff7833c0013b08
192,192,192,apache/camel,a57ab48a877981dd1039e79871a0a391b9e16238,1,2813,c0ff7833c0013b08
193,193,193,apache/camel,a57ab48a877981dd1039e79871a0a391b9e16238,6,2813,c0ff7833c0013b08
194,194,194,apache/camel,a57ab48a877981dd1039e79871a0a391b9e16238,4,2813,c0ff7833c0013b08
195,195,195,apache/camel,a57ab48a877981dd1039e79871a0a391b9e16238,1,2813,c0ff7833c0013b08
196,196,196,apache/camel,25936119f63409e167c1b76a341a7e9aeb946854,6,2397,c0ff7833c0013b08
197,197,197,apache/camel,a57ab48a877981dd1039e79871a0a391b9e16238,3,2813,c0ff7833c0013b08
198,198,198,apache/camel,a57ab48a877981dd1039e79871a0a391b9e16238,6,2813,c0ff7833c0013b08
199,199,199,apache/camel,a57ab48a877981dd1039e79871a0a391b9e16238,6,2813,c0ff7833c0013b08
200,200,200,apache/camel,a57ab48a877981dd1039e79871a0a391b9e16238,1,2813,c0ff7833c0013b08
201,201,201,apache/camel,a57ab48a877981dd1039e79871a0a391b9e16238,4,2813,c0ff7833c0013b08
202,202,202,apache/camel,a57ab48a877981dd1039e79871a0a391b9e16238,1,2813,c0ff7833c0013b08
203,203,203,apache/camel,a57ab48a877981dd1039e79871a0a391b9e16238,1,2813,c0ff7833c0013b08
204,204,204,apache/camel,b877a280fd1eae2ddda5b485f1f519c75a691357,3,2959,c0ff7833c0013b08
205,205,205,apache/camel,b877a280fd1eae2ddda5b485f1f519c75a691357,9,2959,c0ff7833c0013b08
206,206,206,apache/camel,b877a280fd1eae2ddda5b485f1f519c75a691357,1,2959,c0ff7833c0013b08
207,207,207,apache/camel,b877a280fd1eae2ddda5b485f1f519c75a691357,3,2959,c0ff7833c0013b08
208,208,208,apache/camel,b877a280fd1eae2ddda5b485f1f519c75a691357,1,2959,c0ff7833c0013b08
209,209,209,apache/camel,b877a280fd1eae2ddda5b485f1f519c75a691357,2,2959,c0ff7833c0013b08
210,210,210,apache/camel,a57ab48a877981dd1039e79871a0a391b9e16238,2,2813,c0ff7833c0013b08
211,211,211,apache/camel,b877a280fd1eae2ddda5b485f1f519c75a691357,7,2959,c0ff7833c0013b08
212,212,212,apache/camel,b877a280fd1eae2ddda5b485f1f519c75a691357,8,2959,c0ff7833c0013b08
213,213,213,apache/camel,b877a280fd1eae2ddda5b485f1f519c75a691357,1,2959,c0ff7833c0013b08
214,214,214,apache/camel,b877a280fd1eae2ddda5b485f1f519c75a691357,2,2959,c0ff7833c0013b08
215,215,215,apache/camel,25936119f63409e167c1b76a341a7e9aeb946854,1,2397,c0ff7833c0013b08
216,216,216,apache/camel,25936119f63409e167c1b76a341a7e9aeb946854,4,2397,c0ff7833c0013b08
217,217,217,apache/camel,a57ab48a877981dd1039e79871a0a391b9e16238,1,2813,c0ff7833c0013b08
218,218,218,apache/camel,b877a280fd1eae2ddda5b485f1f519c75a691357,2,2959,c0ff7833c0013b08
219,219,219,apache/camel,6c88ad61b73dbfbc49c62624096ca0c250111430,2,3127,c0ff7833c0013b08
220,220,220,apache/camel,6c88ad61b73dbfbc49c62624096ca0c250111430,1,3127,c0ff7833c0013b08
221,221,221,apache/camel,6c88ad61b73dbfbc49c62624096ca0c250111430,2,3127,c0ff7833c0013b08
222,222,222,apache/camel,6c88ad61b73dbfbc49c62624096ca0c250111430,3,3127,c0ff7833c0013b08
223,223,223,apache/camel,6c88ad61b73dbfbc49c62624096ca0c250111430,2,3127,c0ff7833c0013b08
224,224,224,apache/camel,6c88ad61b73dbfbc49c62624096ca0c250111430,4,3127,c0ff7833c0013b08
225,225,225,apache/camel,6c88ad61b73dbfbc49c62624096ca0c250111430,3,3127,c0ff7833c0013b08
226,226,226,apache/camel,6c88ad61b73dbfbc49c62624096ca0c250111430,4,3127,c0ff7833c0013b08
227,227,227,apache/camel,6c88ad61b73dbfbc49c62624096ca0c250111430,3,3127,c0ff7833c0013b08
228,228,228,apache/camel,6c88ad61b73dbfbc49c62624096ca0c250111430,1,3127,c0ff7833c0013b08
229,229,229,apache/camel,6c88ad61b73dbfbc49c62624096ca0c250111430,5,3127,c0ff7833c0013b08
230,230,230,apache/camel,6c88ad61b73dbfbc49c62624096ca0c250111430,1,3127,c0ff7833c0013b08
231,231,231,apache/camel,6c88ad61b73dbfbc49c62624096ca0c250111430,3,3127,c0ff7833c0013b08
232,232,232,apache/camel,6c88ad61b73dbfbc49c62624096ca0c250111430,1,3127,c0ff7833c0013b08
233,233,233,apache/camel,6c88ad61b73dbfbc49c62624096ca0c250111430,1,3127,c0ff7833c0013b08
234,234,234,apache/camel,6c88ad61b73dbfbc49c62624096ca0c250111430,1,3127,c0ff7833c0013b08
235,235,235,apache/camel,6c88ad61b73dbfbc49c62624096ca0c250111430,2,3127,c0ff7833c0013b08
236,236,236,apache/camel,6c88ad61b73dbfbc49c62624096ca0c250111430,6,3127,c0ff7833c0013b08
237,237,237,apache/camel,6c88ad61b73dbfbc49c62624096ca0c250111430,3,3127,c0ff7833c0013b08
238,238,238,apache/camel,6c88ad61b73dbfbc49c62624096ca0c250111430,1,3127,c0ff7833c0013b08
239,239,239,apache/camel,6c88ad61b73dbfbc49c62624096ca0c250111430,1,3127,c0ff7833c0013b08
240,240,240,apache/camel,6c88ad61b73dbfbc49c62624096ca0c250111430,5,3127,c0ff7833c0013b08
241,241,241,apache/camel,6c88ad61b73dbfbc49c62624096ca0c250111430,2,3127,c0ff7833c0013b08
242,242,242,apache/camel,6c88ad61b73dbfbc49c62624096ca0c250111430,12,3127,c0ff7833c0013b08
243,243,243,apache/camel,6c88ad61b73dbfbc49c62624096ca0c250111430,8,3127,c0ff7833c0013b08
244,244,244,apache/camel,6c88ad61b73dbfbc49c62624096ca0c250111430,1,3127,c0ff7833c0013b08
245,245,245,apache/camel,6c88ad61b73dbfbc49c62624096ca0c250111430,1,3127,c0ff7833c0013b08
246,246,246,apache/camel,6c88ad61b73dbfbc49c62624096ca0c250111430,2,3127,c0ff7833c0013b08
247,247,247,apache/camel,6c88ad61b73dbfbc49c62624096ca0c250111430,2,3127,c0ff7833c0013b08
248,248,248,apache/camel,6c88ad61b73dbfbc49c62624096ca0c250111430,1,3127,c0ff7833c0013b08
249,249,249,apache/camel,6c88ad61b73dbfbc49c62624096ca0c250111430,2,3127,c0ff7833c0013b08
250,250,250,apache/camel,6c88ad61b73dbfbc49c62624096ca0c250111430,5,3127,c0ff7833c0013b08
251,251,251,apache/camel,6c88ad61b73dbfbc49c62624096ca0c250111430,1,3127,c0ff7833c0013b08
252,252,252,apache/camel,6c88ad61b73dbfbc49c62624096ca0c250111430,5,3127,c0ff7833c0013b08
253,253,253,apache/camel,6c88ad61b73dbfbc49c62624096ca0c250111430,2,3127,c0ff7833c0013b08
254,254,254,apache/camel,6c88ad61b73dbfbc49c62624096ca0c250111430,1,3127,c0ff7833c0013b08
255,255,255,apache/camel,6c88ad61b73dbfbc49c62624096ca0c250111430,5,3127,c0ff7833c0013b08
256,256,256,apache/camel,6c88ad61b73dbfbc49c62624096ca0c250111430,2,3127,c0ff7833c0013b08
257,257,257,apache/camel,6c88ad61b73dbfbc49c62624096ca0c250111430,1,3127,c0ff7833c0013b08
258,258,258,apache/camel,6c88ad61b73dbfbc49c62624096ca0c250111430,1,3127,c0ff7833c0013b08
259,259,259,apache/camel,6c88ad61b73dbfbc49c62624096ca0c250111430,1,3127,c0ff7833c0013b08
260,260,260,apache/camel,6c88ad61b73dbfbc49c62624096ca0c250111430,2,3127,c0ff7833c0013b08
261,261,261,apache/camel,6c88ad61b73dbfbc49c62624096ca0c250111430,1,3127,c0ff7833c0013b08
262,262,262,apache/camel,6c88ad61b73dbfbc49c62624096ca0c250111430,3,3127,c0ff7833c0013b08
263,263,263,apache/camel,6c88ad61b73dbfbc49c62624096ca0c250111430,9,3127,c0ff7833c0013b08
264,264,264,apache/camel,6c88ad61b73dbfbc49c62624096ca0c250111430,10,3127,c0ff7833c0013b08
265,265,265,apache/camel,6c88ad61b73dbfbc49c62624096ca0c250111430,3,3127,c0ff7833c0013b08
266,266,266,apache/camel,6c88ad61b73dbfbc49c62624096ca0c250111430,1,3127,c0ff7833c0013b08
267,267,267,apache/camel,6c88ad61b73dbfbc49c62624096ca0c250111430,4,3127,c0ff7833c0013b08
268,268,268,apache/camel,6c88ad61b73dbfbc49c62624096ca0c250111430,1,3127,c0ff7833c0013b08
269,269,269,apache/camel,6c88ad61b73dbfbc49c62624096ca0c250111430,1,3127,c0ff7833c0013b08
270,270,270,apache/camel,6c88ad61b73dbfbc49c62624096ca0c250111430,1,3127,c0ff7833c0013b08
271,271,271,apache/camel,6c88ad61b73dbfbc49c62624096ca0c250111430,1,3127,c0ff7833c0013b08
272,272,272,apache/camel,6c88ad61b73dbfbc49c62624096ca0c250111430,1,3127,c0ff7833c0013b08
273,273,273,apache/camel,6c88ad61b73dbfbc49c62624096ca0c250111430,1,3127,c0ff7833c0013b08
274,274,274,apache/camel,6c88ad61b73dbfbc49c62624096ca0c250111430,10,3127,c0ff7833c0013b08
275,275,275,apache/camel,476d3f9948235efa806c02b70a99032b02fc0a97,1,8076,c0ff7833c0013b08
276,276,276,apache/camel,476d3f9948235efa806c02b70a99032b02fc0a97,3,8076,c0ff7833c0013b08
277,277,277,apache/camel,476d3f9948235efa806c02b70a99032b02fc0a97,1,8076,c0ff7833c0013b08
278,278,278,apache/camel,d6232e111cd3e414b8184723e9500e366fc6e4a3,1,8136,c0ff7833c0013b08
279,279,279,apache/camel,29a11b8547d03c1d3d1bab3a467477393a2ec07f,1,8159,c0ff7833c0013b08
280,280,280,apache/camel,29a11b8547d03c1d3d1bab3a467477393a2ec07f,1,8159,c0ff7833c0013b08
281,281,281,apache/camel,29a11b8547d03c1d3d1bab3a467477393a2ec07f,1,8159,c0ff7833c0013b08
282,282,282,apache/camel,99b5784e1fc5fd529c0178f9a8f60ac37fed5682,2,8846,c0ff7833c0013b08
283,283,283,apache/camel,5475e74a864ad650dc13174c4e9e3aeb2ee5585d,1,8970,c0ff7833c0013b08
284,284,284,apache/camel,5475e74a864ad650dc13174c4e9e3aeb2ee5585d,2,8970,c0ff7833c0013b08
285,285,285,apache/camel,c4376c9ed719cd5efa469bdee420fa7c7e536f34,2,9011,c0ff7833c0013b08
286,286,286,apache/camel,c4376c9ed719cd5efa469bdee420fa7c7e536f34,1,9011,c0ff7833c0013b08
287,287,287,apache/camel,c4376c9ed719cd5efa469bdee420fa7c7e536f34,1,9011,c0ff7833c0013b08
288,288,288,apache/camel,a150a28345af64ea5e55fc95f42917705f1b40ef,1,9024,c0ff7833c0013b08
289,289,289,apache/camel,a150a28345af64ea5e55fc95f42917705f1b40ef,9,9024,c0ff7833c0013b08
290,290,290,apache/camel,a150a28345af64ea5e55fc95f42917705f1b40ef,2,9024,c0ff7833c0013b08
291,291,291,apache/camel,a150a28345af64ea5e55fc95f42917705f1b40ef,9,9024,c0ff7833c0013b08
292,292,292,apache/camel,127b8654d5cf99bb8b3b579a23656b238658e366,2,9675,c0ff7833c0013b08
293,293,293,apache/camel,127b8654d5cf99bb8b3b579a23656b238658e366,2,9675,c0ff7833c0013b08
294,294,294,apache/camel,127b8654d5cf99bb8b3b579a23656b238658e366,1,9675,c0ff7833c0013b08
295,295,295,apache/camel,127b8654d5cf99bb8b3b579a23656b238658e366,1,9675,c0ff7833c0013b08
296,296,296,apache/camel,127b8654d5cf99bb8b3b579a23656b238658e366,2,9675,c0ff7833c0013b08
297,297,297,apache/camel,127b8654d5cf99bb8b3b579a23656b238658e366,1,9675,c0ff7833c0013b08
298,298,298,apache/camel,127b8654d5cf99bb8b3b579a23656b238658e366,12,9675,c0ff7833c0013b08
299,299,299,apache/camel,127b8654d5cf99bb8b3b579a23656b238658e366,1,9675,c0ff7833c0013b08
300,300,300,apache/camel,127b8654d5cf99bb8b3b579a23656b238658e366,1,9675,c0ff7833c0013b08
301,301,301,apache/camel,127b8654d5cf99bb8b3b579a23656b238658e366,1,9675,c0ff7833c0013b08
302,302,302,apache/camel,127b8654d5cf99bb8b3b579a23656b238658e366,8,9675,c0ff7833c0013b08
303,303,303,apache/camel,0121737351140384c528abe14e11ab6b94a871e9,1,9710,c0ff7833c0013b08
304,304,304,apache/camel,0121737351140384c528abe14e11ab6b94a871e9,4,9710,c0ff7833c0013b08
305,305,305,apache/camel,0121737351140384c528abe14e11ab6b94a871e9,2,9710,c0ff7833c0013b08
306,306,306,apache/camel,0121737351140384c528abe14e11ab6b94a871e9,2,9710,c0ff7833c0013b08
307,307,307,apache/camel,031f4067d00c6b07ea61fc7c1442b184d40a3a65,1,9777,c0ff7833c0013b08
308,308,308,apache/camel,031f4067d00c6b07ea61fc7c1442b184d40a3a65,1,9777,c0ff7833c0013b08
309,309,309,apache/camel,031f4067d00c6b07ea61fc7c1442b184d40a3a65,1,9777,c0ff7833c0013b08
310,310,310,apache/camel,031f4067d00c6b07ea61fc7c1442b184d40a3a65,1,9777,c0ff7833c0013b08
311,311,311,apache/camel,031f4067d00c6b07ea61fc7c1442b184d40a3a65,1,9777,c0ff7833c0013b08
312,312,312,apache/camel,031f4067d00c6b07ea61fc7c1442b184d40a3a65,2,9777,c0ff7833c0013b08
313,313,313,apache/camel,031f4067d00c6b07ea61fc7c1442b184d40a3a65,4,9777,c0ff7833c0013b08
314,314,314,apache/camel,031f4067d00c6b07ea61fc7c1442b184d40a3a65,1,9777,c0ff7833c0013b08
315,315,315,apache/camel,031f4067d00c6b07ea61fc7c1442b184d40a3a65,1,9777,c0ff7833c0013b08
316,316,316,apache/camel,031f4067d00c6b07ea61fc7c1442b184d40a3a65,1,9777,c0ff7833c0013b08
317,317,317,apache/camel,031f4067d00c6b07ea61fc7c1442b184d40a3a65,3,9777,c0ff7833c0013b08
318,318,318,apache/camel,031f4067d00c6b07ea61fc7c1442b184d40a3a65,1,9777,c0ff7833c0013b08
319,319,319,apache/camel,031f4067d00c6b07ea61fc7c1442b184d40a3a65,2,9777,c0ff7833c0013b08
320,320,320,apache/camel,031f4067d00c6b07ea61fc7c1442b184d40a3a65,1,9777,c0ff7833c0013b08
321,321,321,apache/camel,031f4067d00c6b07ea61fc7c1442b184d40a3a65,1,9777,c0ff7833c0013b08
322,322,322,apache/camel,031f4067d00c6b07ea61fc7c1442b184d40a3a65,4,9777,c0ff7833c0013b08
323,323,323,apache/camel,031f4067d00c6b07ea61fc7c1442b184d40a3a65,3,9777,c0ff7833c0013b08
324,324,324,apache/camel,031f4067d00c6b07ea61fc7c1442b184d40a3a65,1,9777,c0ff7833c0013b08
325,325,325,apache/camel,031f4067d00c6b07ea61fc7c1442b184d40a3a65,2,9777,c0ff7833c0013b08
326,326,326,apache/camel,031f4067d00c6b07ea61fc7c1442b184d40a3a65,1,9777,c0ff7833c0013b08
327,327,327,apache/camel,031f4067d00c6b07ea61fc7c1442b184d40a3a65,2,9777,c0ff7833c0013b08
328,328,328,apache/camel,031f4067d00c6b07ea61fc7c1442b184d40a3a65,3,9777,c0ff7833c0013b08
329,329,329,apache/camel,031f4067d00c6b07ea61fc7c1442b184d40a3a65,2,9777,c0ff7833c0013b08
330,330,330,apache/camel,031f4067d00c6b07ea61fc7c1442b184d40a3a65,1,9777,c0ff7833c0013b08
331,331,331,apache/camel,031f4067d00c6b07ea61fc7c1442b184d40a3a65,3,9777,c0ff7833c0013b08
332,332,332,apache/camel,031f4067d00c6b07ea61fc7c1442b184d40a3a65,1,9777,c0ff7833c0013b08
333,333,333,apache/camel,031f4067d00c6b07ea61fc7c1442b184d40a3a65,2,9777,c0ff7833c0013b08
334,334,334,apache/camel,031f4067d00c6b07ea61fc7c1442b184d40a3a65,3,9777,c0ff7833c0013b08
335,335,335,apache/camel,031f4067d00c6b07ea61fc7c1442b184d40a3a65,3,9777,c0ff7833c0013b08
336,336,336,apache/camel,031f4067d00c6b07ea61fc7c1442b184d40a3a65,3,9777,c0ff7833c0013b08
337,337,337,apache/camel,031f4067d00c6b07ea61fc7c1442b184d40a3a65,3,9777,c0ff7833c0013b08
338,338,338,apache/camel,031f4067d00c6b07ea61fc7c1442b184d40a3a65,1,9777,c0ff7833c0013b08
339,339,339,apache/camel,031f4067d00c6b07ea61fc7c1442b184d40a3a65,1,9777,c0ff7833c0013b08
340,340,340,apache/camel,031f4067d00c6b07ea61fc7c1442b184d40a3a65,1,9777,c0ff7833c0013b08
341,341,341,apache/camel,031f4067d00c6b07ea61fc7c1442b184d40a3a65,2,9777,c0ff7833c0013b08
342,342,342,apache/camel,031f4067d00c6b07ea61fc7c1442b184d40a3a65,1,9777,c0ff7833c0013b08
343,343,343,apache/camel,5e808bef8083be1b338472bfb49a8336d15e6225,1,9860,c0ff7833c0013b08
344,344,344,apache/camel,5e808bef8083be1b338472bfb49a8336d15e6225,2,9860,c0ff7833c0013b08
345,345,345,apache/camel,5e808bef8083be1b338472bfb49a8336d15e6225,3,9860,c0ff7833c0013b08
346,346,346,apache/camel,5e808bef8083be1b338472bfb49a8336d15e6225,1,9860,c0ff7833c0013b08
347,347,347,apache/camel,5e808bef8083be1b338472bfb49a8336d15e6225,4,9860,c0ff7833c0013b08
348,348,348,apache/camel,5e808bef8083be1b338472bfb49a8336d15e6225,4,9860,c0ff7833c0013b08
349,349,349,apache/camel,5e808bef8083be1b338472bfb49a8336d15e6225,2,9860,c0ff7833c0013b08
350,350,350,apache/camel,5e808bef8083be1b338472bfb49a8336d15e6225,2,9860,c0ff7833c0013b08
351,351,351,apache/camel,5e808bef8083be1b338472bfb49a8336d15e6225,2,9860,c0ff7833c0013b08
352,352,352,apache/camel,5e808bef8083be1b338472bfb49a8336d15e6225,1,9860,c0ff7833c0013b08
353,353,353,apache/camel,5e808bef8083be1b338472bfb49a8336d15e6225,2,9860,c0ff7833c0013b08
354,354,354,apache/camel,5e808bef8083be1b338472bfb49a8336d15e6225,3,9860,c0ff7833c0013b08
355,355,355,apache/camel,5e808bef8083be1b338472bfb49a8336d15e6225,2,9860,c0ff7833c0013b08
356,356,356,apache/camel,5e808bef8083be1b338472bfb49a8336d15e6225,1,9860,c0ff7833c0013b08
357,357,357,apache/camel,5e808bef8083be1b338472bfb49a8336d15e6225,2,9860,c0ff7833c0013b08
358,358,358,apache/camel,5e808bef8083be1b338472bfb49a8336d15e6225,1,9860,c0ff7833c0013b08
359,359,359,apache/camel,5e808bef8083be1b338472bfb49a8336d15e6225,2,9860,c0ff7833c0013b08
360,360,360,apache/camel,5e808bef8083be1b338472bfb49a8336d15e6225,1,9860,c0ff7833c0013b08
361,361,361,apache/camel,5e808bef8083be1b338472bfb49a8336d15e6225,4,9860,c0ff7833c0013b08
362,362,362,apache/camel,5e808bef8083be1b338472bfb49a8336d15e6225,2,9860,c0ff7833c0013b08
363,363,363,apache/camel,5e808bef8083be1b338472bfb49a8336d15e6225,2,9860,c0ff7833c0013b08
364,364,364,apache/camel,5e808bef8083be1b338472bfb49a8336d15e6225,1,9860,c0ff7833c0013b08
365,365,365,apache/camel,5e808bef8083be1b338472bfb49a8336d15e6225,2,9860,c0ff7833c0013b08
366,366,366,apache/camel,5e808bef8083be1b338472bfb49a8336d15e6225,1,9860,c0ff7833c0013b08
367,367,367,apache/camel,5e808bef8083be1b338472bfb49a8336d15e6225,1,9860,c0ff7833c0013b08
368,368,368,apache/camel,5e808bef8083be1b338472bfb49a8336d15e6225,2,9860,c0ff7833c0013b08
369,369,369,apache/camel,5e808bef8083be1b338472bfb49a8336d15e6225,2,9860,c0ff7833c0013b08
370,370,370,apache/camel,5e808bef8083be1b338472bfb49a8336d15e6225,2,9860,c0ff7833c0013b08
371,371,371,apache/camel,5e808bef8083be1b338472bfb49a8336d15e6225,1,9860,c0ff7833c0013b08
372,372,372,apache/camel,5e808bef8083be1b338472bfb49a8336d15e6225,1,9860,c0ff7833c0013b08
373,373,373,apache/camel,5e808bef8083be1b338472bfb49a8336d15e6225,1,9860,c0ff7833c0013b08
374,374,374,apache/camel,5e808bef8083be1b338472bfb49a8336d15e6225,3,9860,c0ff7833c0013b08
375,375,375,apache/camel,5e808bef8083be1b338472bfb49a8336d15e6225,1,9860,c0ff7833c0013b08
376,376,376,apache/camel,9229fe95c498a71f9d49bc4b44dcc72165fa6f17,2,9910,c0ff7833c0013b08
377,377,377,apache/camel,9229fe95c498a71f9d49bc4b44dcc72165fa6f17,1,9910,c0ff7833c0013b08
378,378,378,apache/camel,9229fe95c498a71f9d49bc4b44dcc72165fa6f17,3,9910,c0ff7833c0013b08
379,379,379,apache/camel,9229fe95c498a71f9d49bc4b44dcc72165fa6f17,1,9910,c0ff7833c0013b08
380,380,380,apache/camel,9229fe95c498a71f9d49bc4b44dcc72165fa6f17,1,9910,c0ff7833c0013b08
381,381,381,apache/camel,9229fe95c498a71f9d49bc4b44dcc72165fa6f17,1,9910,c0ff7833c0013b08
382,382,382,apache/camel,9229fe95c498a71f9d49bc4b44dcc72165fa6f17,6,9910,c0ff7833c0013b08
383,383,383,apache/camel,9229fe95c498a71f9d49bc4b44dcc72165fa6f17,3,9910,c0ff7833c0013b08
384,384,384,apache/camel,9229fe95c498a71f9d49bc4b44dcc72165fa6f17,1,9910,c0ff7833c0013b08
385,385,385,apache/camel,9229fe95c498a71f9d49bc4b44dcc72165fa6f17,5,9910,c0ff7833c0013b08
386,386,386,apache/camel,9229fe95c498a71f9d49bc4b44dcc72165fa6f17,1,9910,c0ff7833c0013b08
387,387,387,apache/camel,9229fe95c498a71f9d49bc4b44dcc72165fa6f17,1,9910,c0ff7833c0013b08
388,388,388,apache/camel,9229fe95c498a71f9d49bc4b44dcc72165fa6f17,1,9910,c0ff7833c0013b08
389,389,389,apache/camel,9229fe95c498a71f9d49bc4b44dcc72165fa6f17,2,9910,c0ff7833c0013b08
390,390,390,apache/camel,9229fe95c498a71f9d49bc4b44dcc72165fa6f17,3,9910,c0ff7833c0013b08
391,391,391,apache/camel,9229fe95c498a71f9d49bc4b44dcc72165fa6f17,1,9910,c0ff7833c0013b08
392,392,392,apache/camel,9229fe95c498a71f9d49bc4b44dcc72165fa6f17,1,9910,c0ff7833c0013b08
393,393,393,apache/camel,9229fe95c498a71f9d49bc4b44dcc72165fa6f17,2,9910,c0ff7833c0013b08
394,394,394,apache/camel,ec5e558a7073e72c62d7308486689593bbd6cf9f,1,10118,c0ff7833c0013b08
395,395,395,apache/camel,ec5e558a7073e72c62d7308486689593bbd6cf9f,2,10118,c0ff7833c0013b08
396,396,396,apache/camel,ec5e558a7073e72c62d7308486689593bbd6cf9f,1,10118,c0ff7833c0013b08
397,397,397,apache/camel,ec5e558a7073e72c62d7308486689593bbd6cf9f,1,10118,c0ff7833c0013b08
398,398,398,apache/camel,ec5e558a7073e72c62d7308486689593bbd6cf9f,1,10118,c0ff7833c0013b08
399,399,399,apache/camel,ec5e558a7073e72c62d7308486689593bbd6cf9f,1,10118,c0ff7833c0013b08
400,400,400,apache/camel,ec5e558a7073e72c62d7308486689593bbd6cf9f,2,10118,c0ff7833c0013b08
401,401,401,apache/camel,ec5e558a7073e72c62d7308486689593bbd6cf9f,2,10118,c0ff7833c0013b08
402,402,402,apache/camel,ec5e558a7073e72c62d7308486689593bbd6cf9f,4,10118,c0ff7833c0013b08
403,403,403,apache/camel,ec5e558a7073e72c62d7308486689593bbd6cf9f,1,10118,c0ff7833c0013b08
404,404,404,apache/camel,ec5e558a7073e72c62d7308486689593bbd6cf9f,2,10118,c0ff7833c0013b08
405,405,405,apache/camel,ec5e558a7073e72c62d7308486689593bbd6cf9f,1,10118,c0ff7833c0013b08
406,406,406,apache/camel,ec5e558a7073e72c62d7308486689593bbd6cf9f,1,10118,c0ff7833c0013b08
407,407,407,apache/camel,ec5e558a7073e72c62d7308486689593bbd6cf9f,3,10118,c0ff7833c0013b08
408,408,408,apache/camel,ec5e558a7073e72c62d7308486689593bbd6cf9f,1,10118,c0ff7833c0013b08
409,409,409,apache/camel,ec5e558a7073e72c62d7308486689593bbd6cf9f,1,10118,c0ff7833c0013b08
410,410,410,apache/camel,ec5e558a7073e72c62d7308486689593bbd6cf9f,1,10118,c0ff7833c0013b08
411,411,411,apache/camel,ec5e558a7073e72c62d7308486689593bbd6cf9f,4,10118,c0ff7833c0013b08
412,412,412,apache/camel,ec5e558a7073e72c62d7308486689593bbd6cf9f,1,10118,c0ff7833c0013b08
413,413,413,apache/camel,ec5e558a7073e72c62d7308486689593bbd6cf9f,2,10118,c0ff7833c0013b08
414,414,414,apache/camel,ec5e558a7073e72c62d7308486689593bbd6cf9f,3,10118,c0ff7833c0013b08
415,415,415,apache/camel,ec5e558a7073e72c62d7308486689593bbd6cf9f,1,10118,c0ff7833c0013b08
416,416,416,apache/camel,b64d1814ec901dcc612c65b76fad1b322f4759d2,3,10159,c0ff7833c0013b08
417,417,417,apache/camel,b64d1814ec901dcc612c65b76fad1b322f4759d2,1,10159,c0ff7833c0013b08
418,418,418,apache/camel,b64d1814ec901dcc612c65b76fad1b322f4759d2,2,10159,c0ff7833c0013b08
419,419,419,apache/camel,b64d1814ec901dcc612c65b76fad1b322f4759d2,1,10159,c0ff7833c0013b08
420,420,420,apache/camel,b64d1814ec901dcc612c65b76fad1b322f4759d2,2,10159,c0ff7833c0013b08
421,421,421,apache/camel,b64d1814ec901dcc612c65b76fad1b322f4759d2,2,10159,c0ff7833c0013b08
422,422,422,apache/camel,b64d1814ec901dcc612c65b76fad1b322f4759d2,1,10159,c0ff7833c0013b08
423,423,423,apache/camel,b64d1814ec901dcc612c65b76fad1b322f4759d2,2,10159,c0ff7833c0013b08
424,424,424,apache/camel,b64d1814ec901dcc612c65b76fad1b322f4759d2,1,10159,c0ff7833c0013b08
425,425,425,apache/camel,b64d1814ec901dcc612c65b76fad1b322f4759d2,1,10159,c0ff7833c0013b08
426,426,426,apache/camel,b64d1814ec901dcc612c65b76fad1b322f4759d2,1,10159,c0ff7833c0013b08
427,427,427,apache/camel,b64d1814ec901dcc612c65b76fad1b322f4759d2,1,10159,c0ff7833c0013b08
428,428,428,apache/camel,b64d1814ec901dcc612c65b76fad1b322f4759d2,1,10159,c0ff7833c0013b08
429,429,429,apache/camel,b64d1814ec901dcc612c65b76fad1b322f4759d2,2,10159,c0ff7833c0013b08
430,430,430,apache/camel,b64d1814ec901dcc612c65b76fad1b322f4759d2,1,10159,c0ff7833c0013b08
431,431,431,apache/camel,b64d1814ec901dcc612c65b76fad1b322f4759d2,1,10159,c0ff7833c0013b08
432,432,432,apache/camel,b64d1814ec901dcc612c65b76fad1b322f4759d2,1,10159,c0ff7833c0013b08
433,433,433,apache/camel,b64d1814ec901dcc612c65b76fad1b322f4759d2,3,10159,c0ff7833c0013b08
434,434,434,apache/camel,b64d1814ec901dcc612c65b76fad1b322f4759d2,1,10159,c0ff7833c0013b08
435,435,435,apache/camel,373a8110efc004122c122422c73160fcde12660a,1,10170,c0ff7833c0013b08
436,436,436,apache/camel,373a8110efc004122c122422c73160fcde12660a,1,10170,c0ff7833c0013b08
437,437,437,apache/camel,373a8110efc004122c122422c73160fcde12660a,3,10170,c0ff7833c0013b08
439,439,439,apache/camel,373a8110efc004122c122422c73160fcde12660a,3,10170,c0ff7833c0013b08
440,440,440,apache/camel,373a8110efc004122c122422c73160fcde12660a,1,10170,c0ff7833c0013b08
441,441,441,apache/camel,373a8110efc004122c122422c73160fcde12660a,2,10170,c0ff7833c0013b08
442,442,442,apache/camel,373a8110efc004122c122422c73160fcde12660a,3,10170,c0ff7833c0013b08
443,443,443,apache/camel,373a8110efc004122c122422c73160fcde12660a,1,10170,c0ff7833c0013b08
444,444,444,apache/camel,373a8110efc004122c122422c73160fcde12660a,1,10170,c0ff7833c0013b08
445,445,445,apache/camel,373a8110efc004122c122422c73160fcde12660a,1,10170,c0ff7833c0013b08
446,446,446,apache/camel,373a8110efc004122c122422c73160fcde12660a,1,10170,c0ff7833c0013b08
447,447,447,apache/camel,373a8110efc004122c122422c73160fcde12660a,1,10170,c0ff7833c0013b08
448,448,448,apache/camel,373a8110efc004122c122422c73160fcde12660a,3,10170,c0ff7833c0013b08
449,449,449,apache/camel,373a8110efc004122c122422c73160fcde12660a,1,10170,c0ff7833c0013b08
450,450,450,apache/camel,373a8110efc004122c122422c73160fcde12660a,2,10170,c0ff7833c0013b08
451,451,451,apache/camel,373a8110efc004122c122422c73160fcde12660a,1,10170,c0ff7833c0013b08
452,452,452,apache/camel,373a8110efc004122c122422c73160fcde12660a,3,10170,c0ff7833c0013b08
453,453,453,apache/camel,373a8110efc004122c122422c73160fcde12660a,1,10170,c0ff7833c0013b08
454,454,454,apache/camel,373a8110efc004122c122422c73160fcde12660a,1,10170,c0ff7833c0013b08
455,455,455,apache/camel,373a8110efc004122c122422c73160fcde12660a,2,10170,c0ff7833c0013b08
456,456,456,apache/camel,373a8110efc004122c122422c73160fcde12660a,1,10170,c0ff7833c0013b08
457,457,457,apache/camel,373a8110efc004122c122422c73160fcde12660a,1,10170,c0ff7833c0013b08
458,458,458,apache/camel,373a8110efc004122c122422c73160fcde12660a,5,10170,c0ff7833c0013b08
459,459,459,apache/camel,373a8110efc004122c122422c73160fcde12660a,1,10170,c0ff7833c0013b08
460,460,460,apache/camel,373a8110efc004122c122422c73160fcde12660a,3,10170,c0ff7833c0013b08
461,461,461,apache/camel,b1f8e1d3cd0d24cdf7e1296565eef946222eecf1,2,10206,c0ff7833c0013b08
462,462,462,apache/camel,b1f8e1d3cd0d24cdf7e1296565eef946222eecf1,2,10206,c0ff7833c0013b08
463,463,463,apache/camel,b1f8e1d3cd0d24cdf7e1296565eef946222eecf1,4,10206,c0ff7833c0013b08
464,464,464,apache/camel,b1f8e1d3cd0d24cdf7e1296565eef946222eecf1,1,10206,c0ff7833c0013b08
465,465,465,apache/camel,b1f8e1d3cd0d24cdf7e1296565eef946222eecf1,2,10206,c0ff7833c0013b08
466,466,466,apache/camel,b1f8e1d3cd0d24cdf7e1296565eef946222eecf1,1,10206,c0ff7833c0013b08
467,467,467,apache/camel,b1f8e1d3cd0d24cdf7e1296565eef946222eecf1,2,10206,c0ff7833c0013b08
468,468,468,apache/camel,b1f8e1d3cd0d24cdf7e1296565eef946222eecf1,1,10206,c0ff7833c0013b08
469,469,469,apache/camel,b1f8e1d3cd0d24cdf7e1296565eef946222eecf1,1,10206,c0ff7833c0013b08
470,470,470,apache/camel,b1f8e1d3cd0d24cdf7e1296565eef946222eecf1,1,10206,c0ff7833c0013b08
471,471,471,apache/camel,b1f8e1d3cd0d24cdf7e1296565eef946222eecf1,2,10206,c0ff7833c0013b08
472,472,472,apache/camel,b1f8e1d3cd0d24cdf7e1296565eef946222eecf1,2,10206,c0ff7833c0013b08
473,473,473,apache/camel,b1f8e1d3cd0d24cdf7e1296565eef946222eecf1,1,10206,c0ff7833c0013b08
474,474,474,apache/camel,b1f8e1d3cd0d24cdf7e1296565eef946222eecf1,3,10206,c0ff7833c0013b08
475,475,475,apache/camel,b1f8e1d3cd0d24cdf7e1296565eef946222eecf1,2,10206,c0ff7833c0013b08
476,476,476,apache/camel,b1f8e1d3cd0d24cdf7e1296565eef946222eecf1,1,10206,c0ff7833c0013b08
477,477,477,apache/camel,82c9157395811194d521d4a72d39815c9d798c3b,2,10237,c0ff7833c0013b08
478,478,478,apache/camel,82c9157395811194d521d4a72d39815c9d798c3b,1,10237,c0ff7833c0013b08
479,479,479,apache/camel,dd691214b68369d3db5a758ad5be2610d4e28fc8,2,11130,c0ff7833c0013b08
480,480,480,apache/camel,dd691214b68369d3db5a758ad5be2610d4e28fc8,1,11130,c0ff7833c0013b08
481,481,481,apache/camel,dd691214b68369d3db5a758ad5be2610d4e28fc8,2,11130,c0ff7833c0013b08
482,482,482,apache/camel,dd691214b68369d3db5a758ad5be2610d4e28fc8,1,11130,c0ff7833c0013b08
483,483,483,apache/camel,dd691214b68369d3db5a758ad5be2610d4e28fc8,2,11130,c0ff7833c0013b08
484,484,484,apache/camel,dd691214b68369d3db5a758ad5be2610d4e28fc8,2,11130,c0ff7833c0013b08
485,485,485,apache/camel,dd691214b68369d3db5a758ad5be2610d4e28fc8,1,11130,c0ff7833c0013b08
486,486,486,apache/camel,dd691214b68369d3db5a758ad5be2610d4e28fc8,1,11130,c0ff7833c0013b08
487,487,487,apache/camel,dd691214b68369d3db5a758ad5be2610d4e28fc8,3,11130,c0ff7833c0013b08
488,488,488,apache/camel,dd691214b68369d3db5a758ad5be2610d4e28fc8,1,11130,c0ff7833c0013b08
489,489,489,apache/camel,dd691214b68369d3db5a758ad5be2610d4e28fc8,4,11130,c0ff7833c0013b08
490,490,490,apache/camel,dd691214b68369d3db5a758ad5be2610d4e28fc8,3,11130,c0ff7833c0013b08
491,491,491,apache/camel,dd691214b68369d3db5a758ad5be2610d4e28fc8,5,11130,c0ff7833c0013b08
492,492,492,apache/camel,dd691214b68369d3db5a758ad5be2610d4e28fc8,15,11130,c0ff7833c0013b08
493,493,493,apache/camel,dd691214b68369d3db5a758ad5be2610d4e28fc8,1,11130,c0ff7833c0013b08
494,494,494,apache/camel,dd691214b68369d3db5a758ad5be2610d4e28fc8,2,11130,c0ff7833c0013b08
495,495,495,apache/camel,dd691214b68369d3db5a758ad5be2610d4e28fc8,1,11130,c0ff7833c0013b08
496,496,496,apache/camel,dd691214b68369d3db5a758ad5be2610d4e28fc8,10,11130,c0ff7833c0013b08
497,497,497,apache/camel,dd691214b68369d3db5a758ad5be2610d4e28fc8,2,11130,c0ff7833c0013b08
498,498,498,apache/camel,dd691214b68369d3db5a758ad5be2610d4e28fc8,2,11130,c0ff7833c0013b08
499,499,499,apache/camel,dd691214b68369d3db5a758ad5be2610d4e28fc8,2,11130,c0ff7833c0013b08
500,500,500,apache/camel,dd691214b68369d3db5a758ad5be2610d4e28fc8,1,11130,c0ff7833c0013b08
501,501,501,apache/camel,dd691214b68369d3db5a758ad5be2610d4e28fc8,3,11130,c0ff7833c0013b08
502,502,502,apache/camel,dd691214b68369d3db5a758ad5be2610d4e28fc8,2,11130,c0ff7833c0013b08
503,503,503,apache/camel,dd691214b68369d3db5a758ad5be2610d4e28fc8,2,11130,c0ff7833c0013b08
504,504,504,apache/camel,dd691214b68369d3db5a758ad5be2610d4e28fc8,1,11130,c0ff7833c0013b08
505,505,505,apache/camel,dd691214b68369d3db5a758ad5be2610d4e28fc8,3,11130,c0ff7833c0013b08
506,506,506,apache/camel,dd691214b68369d3db5a758ad5be2610d4e28fc8,4,11130,c0ff7833c0013b08
507,507,507,apache/camel,dd691214b68369d3db5a758ad5be2610d4e28fc8,1,11130,c0ff7833c0013b08
508,508,508,apache/camel,dd691214b68369d3db5a758ad5be2610d4e28fc8,4,11130,c0ff7833c0013b08
509,509,509,apache/camel,dd691214b68369d3db5a758ad5be2610d4e28fc8,3,11130,c0ff7833c0013b08
510,510,510,apache/camel,dd691214b68369d3db5a758ad5be2610d4e28fc8,1,11130,c0ff7833c0013b08
511,511,511,apache/camel,dd691214b68369d3db5a758ad5be2610d4e28fc8,1,11130,c0ff7833c0013b08
512,512,512,apache/camel,dd691214b68369d3db5a758ad5be2610d4e28fc8,1,11130,c0ff7833c0013b08
513,513,513,apache/camel,dd691214b68369d3db5a758ad5be2610d4e28fc8,2,11130,c0ff7833c0013b08
514,514,514,apache/camel,dd691214b68369d3db5a758ad5be2610d4e28fc8,1,11130,c0ff7833c0013b08
515,515,515,apache/camel,dd691214b68369d3db5a758ad5be2610d4e28fc8,3,11130,c0ff7833c0013b08
516,516,516,apache/camel,dd691214b68369d3db5a758ad5be2610d4e28fc8,4,11130,c0ff7833c0013b08
517,517,517,apache/camel,dd691214b68369d3db5a758ad5be2610d4e28fc8,2,11130,c0ff7833c0013b08
518,518,518,apache/camel,dd691214b68369d3db5a758ad5be2610d4e28fc8,2,11130,c0ff7833c0013b08
519,519,519,apache/camel,dd691214b68369d3db5a758ad5be2610d4e28fc8,2,11130,c0ff7833c0013b08
520,520,520,apache/camel,dd691214b68369d3db5a758ad5be2610d4e28fc8,2,11130,c0ff7833c0013b08
521,521,521,apache/camel,dd691214b68369d3db5a758ad5be2610d4e28fc8,1,11130,c0ff7833c0013b08
522,522,522,apache/camel,dd691214b68369d3db5a758ad5be2610d4e28fc8,1,11130,c0ff7833c0013b08
523,523,523,apache/camel,dd691214b68369d3db5a758ad5be2610d4e28fc8,7,11130,c0ff7833c0013b08
524,524,524,apache/camel,dd691214b68369d3db5a758ad5be2610d4e28fc8,2,11130,c0ff7833c0013b08
525,525,525,apache/camel,dd691214b68369d3db5a758ad5be2610d4e28fc8,2,11130,c0ff7833c0013b08
526,526,526,apache/camel,dd691214b68369d3db5a758ad5be2610d4e28fc8,1,11130,c0ff7833c0013b08
527,527,527,apache/camel,dd691214b68369d3db5a758ad5be2610d4e28fc8,1,11130,c0ff7833c0013b08
528,528,528,apache/camel,dd691214b68369d3db5a758ad5be2610d4e28fc8,2,11130,c0ff7833c0013b08
529,529,529,apache/camel,42de535ac375cda42e0522f081158534af6d27a8,1,11192,c0ff7833c0013b08
530,530,530,apache/camel,42de535ac375cda42e0522f081158534af6d27a8,1,11192,c0ff7833c0013b08
531,531,531,apache/camel,42de535ac375cda42e0522f081158534af6d27a8,3,11192,c0ff7833c0013b08
532,532,532,apache/camel,42de535ac375cda42e0522f081158534af6d27a8,1,11192,c0ff7833c0013b08
533,533,533,apache/camel,42de535ac375cda42e0522f081158534af6d27a8,1,11192,c0ff7833c0013b08
534,534,534,apache/camel,42de535ac375cda42e0522f081158534af6d27a8,1,11192,c0ff7833c0013b08
535,535,535,apache/camel,42de535ac375cda42e0522f081158534af6d27a8,1,11192,c0ff7833c0013b08
536,536,536,apache/camel,42de535ac375cda42e0522f081158534af6d27a8,2,11192,c0ff7833c0013b08
537,537,537,apache/camel,42de535ac375cda42e0522f081158534af6d27a8,2,11192,c0ff7833c0013b08
538,538,538,apache/camel,42de535ac375cda42e0522f081158534af6d27a8,2,11192,c0ff7833c0013b08
539,539,539,apache/camel,42de535ac375cda42e0522f081158534af6d27a8,2,11192,c0ff7833c0013b08
540,540,540,apache/camel,42de535ac375cda42e0522f081158534af6d27a8,2,11192,c0ff7833c0013b08
541,541,541,apache/camel,42de535ac375cda42e0522f081158534af6d27a8,2,11192,c0ff7833c0013b08
542,542,542,apache/camel,42de535ac375cda42e0522f081158534af6d27a8,1,11192,c0ff7833c0013b08
543,543,543,apache/camel,42de535ac375cda42e0522f081158534af6d27a8,3,11192,c0ff7833c0013b08
544,544,544,apache/camel,42de535ac375cda42e0522f081158534af6d27a8,2,11192,c0ff7833c0013b08
545,545,545,apache/camel,42de535ac375cda42e0522f081158534af6d27a8,1,11192,c0ff7833c0013b08
546,546,546,apache/camel,42de535ac375cda42e0522f081158534af6d27a8,3,11192,c0ff7833c0013b08
547,547,547,apache/camel,42de535ac375cda42e0522f081158534af6d27a8,2,11192,c0ff7833c0013b08
548,548,548,apache/camel,42de535ac375cda42e0522f081158534af6d27a8,3,11192,c0ff7833c0013b08
549,549,549,apache/camel,42de535ac375cda42e0522f081158534af6d27a8,5,11192,c0ff7833c0013b08
550,550,550,apache/camel,42de535ac375cda42e0522f081158534af6d27a8,3,11192,c0ff7833c0013b08
551,551,551,apache/camel,42de535ac375cda42e0522f081158534af6d27a8,4,11192,c0ff7833c0013b08
552,552,552,apache/camel,42de535ac375cda42e0522f081158534af6d27a8,5,11192,c0ff7833c0013b08
553,553,553,apache/camel,42de535ac375cda42e0522f081158534af6d27a8,1,11192,c0ff7833c0013b08
554,554,554,apache/camel,42de535ac375cda42e0522f081158534af6d27a8,2,11192,c0ff7833c0013b08
555,555,555,apache/camel,42de535ac375cda42e0522f081158534af6d27a8,2,11192,c0ff7833c0013b08
556,556,556,apache/camel,42de535ac375cda42e0522f081158534af6d27a8,2,11192,c0ff7833c0013b08
557,557,557,apache/camel,42de535ac375cda42e0522f081158534af6d27a8,1,11192,c0ff7833c0013b08
558,558,558,apache/camel,42de535ac375cda42e0522f081158534af6d27a8,3,11192,c0ff7833c0013b08
559,559,559,apache/camel,42de535ac375cda42e0522f081158534af6d27a8,3,11192,c0ff7833c0013b08
560,560,560,apache/camel,42de535ac375cda42e0522f081158534af6d27a8,1,11192,c0ff7833c0013b08
561,561,561,apache/camel,42de535ac375cda42e0522f081158534af6d27a8,1,11192,c0ff7833c0013b08
562,562,562,apache/camel,42de535ac375cda42e0522f081158534af6d27a8,2,11192,c0ff7833c0013b08
563,563,563,apache/camel,42de535ac375cda42e0522f081158534af6d27a8,1,11192,c0ff7833c0013b08
564,564,564,apache/camel,42de535ac375cda42e0522f081158534af6d27a8,1,11192,c0ff7833c0013b08
565,565,565,apache/camel,42de535ac375cda42e0522f081158534af6d27a8,1,11192,c0ff7833c0013b08
566,566,566,apache/camel,42de535ac375cda42e0522f081158534af6d27a8,3,11192,c0ff7833c0013b08
567,567,567,apache/camel,42de535ac375cda42e0522f081158534af6d27a8,1,11192,c0ff7833c0013b08
568,568,568,apache/camel,42de535ac375cda42e0522f081158534af6d27a8,2,11192,c0ff7833c0013b08
569,569,569,apache/camel,c0edeeb38adc343f854d179e402ac95da597ee59,8,11248,c0ff7833c0013b08
570,570,570,apache/camel,c0edeeb38adc343f854d179e402ac95da597ee59,6,11248,c0ff7833c0013b08
571,571,571,apache/camel,c0edeeb38adc343f854d179e402ac95da597ee59,2,11248,c0ff7833c0013b08
572,572,572,apache/camel,c0edeeb38adc343f854d179e402ac95da597ee59,4,11248,c0ff7833c0013b08
573,573,573,apache/camel,c0edeeb38adc343f854d179e402ac95da597ee59,1,11248,c0ff7833c0013b08
574,574,574,apache/camel,c0edeeb38adc343f854d179e402ac95da597ee59,2,11248,c0ff7833c0013b08
575,575,575,apache/camel,c0edeeb38adc343f854d179e402ac95da597ee59,2,11248,c0ff7833c0013b08
576,576,576,apache/camel,c0edeeb38adc343f854d179e402ac95da597ee59,2,11248,c0ff7833c0013b08
577,577,577,apache/camel,c0edeeb38adc343f854d179e402ac95da597ee59,2,11248,c0ff7833c0013b08
578,578,578,apache/camel,c0edeeb38adc343f854d179e402ac95da597ee59,3,11248,c0ff7833c0013b08
579,579,579,apache/camel,c0edeeb38adc343f854d179e402ac95da597ee59,2,11248,c0ff7833c0013b08
580,580,580,apache/camel,c0edeeb38adc343f854d179e402ac95da597ee59,1,11248,c0ff7833c0013b08
581,581,581,apache/camel,c0edeeb38adc343f854d179e402ac95da597ee59,1,11248,c0ff7833c0013b08
582,582,582,apache/camel,c0edeeb38adc343f854d179e402ac95da597ee59,4,11248,c0ff7833c0013b08
583,583,583,apache/camel,c0edeeb38adc343f854d179e402ac95da597ee59,1,11248,c0ff7833c0013b08
584,584,584,apache/camel,c0edeeb38adc343f854d179e402ac95da597ee59,1,11248,c0ff7833c0013b08
585,585,585,apache/camel,c0edeeb38adc343f854d179e402ac95da597ee59,1,11248,c0ff7833c0013b08
586,586,586,apache/camel,c0edeeb38adc343f854d179e402ac95da597ee59,1,11248,c0ff7833c0013b08
587,587,587,apache/camel,f46778d88f6df0822f9d89323b558ac8da5f223b,2,11275,c0ff7833c0013b08
588,588,588,apache/camel,f46778d88f6df0822f9d89323b558ac8da5f223b,1,11275,c0ff7833c0013b08
589,589,589,apache/camel,f46778d88f6df0822f9d89323b558ac8da5f223b,3,11275,c0ff7833c0013b08
590,590,590,apache/camel,f46778d88f6df0822f9d89323b558ac8da5f223b,2,11275,c0ff7833c0013b08
591,591,591,apache/camel,f46778d88f6df0822f9d89323b558ac8da5f223b,4,11275,c0ff7833c0013b08
592,592,592,apache/camel,f46778d88f6df0822f9d89323b558ac8da5f223b,1,11275,c0ff7833c0013b08
593,593,593,apache/camel,52ef69cb6cbfc85776b73430e96241f7dbcdadec,2,11959,c0ff7833c0013b08
594,594,594,apache/camel,52ef69cb6cbfc85776b73430e96241f7dbcdadec,4,11959,c0ff7833c0013b08
595,595,595,apache/camel,52ef69cb6cbfc85776b73430e96241f7dbcdadec,3,11959,c0ff7833c0013b08
596,596,596,apache/camel,52ef69cb6cbfc85776b73430e96241f7dbcdadec,16,11959,c0ff7833c0013b08
597,597,597,apache/camel,52ef69cb6cbfc85776b73430e96241f7dbcdadec,2,11959,c0ff7833c0013b08
598,598,598,apache/camel,52ef69cb6cbfc85776b73430e96241f7dbcdadec,1,11959,c0ff7833c0013b08
599,599,599,apache/camel,52ef69cb6cbfc85776b73430e96241f7dbcdadec,3,11959,c0ff7833c0013b08
600,600,600,apache/camel,52ef69cb6cbfc85776b73430e96241f7dbcdadec,1,11959,c0ff7833c0013b08
601,601,601,apache/camel,52ef69cb6cbfc85776b73430e96241f7dbcdadec,4,11959,c0ff7833c0013b08
602,602,602,apache/camel,52ef69cb6cbfc85776b73430e96241f7dbcdadec,4,11959,c0ff7833c0013b08
603,603,603,apache/camel,52ef69cb6cbfc85776b73430e96241f7dbcdadec,1,11959,c0ff7833c0013b08
604,604,604,apache/camel,52ef69cb6cbfc85776b73430e96241f7dbcdadec,2,11959,c0ff7833c0013b08
605,605,605,apache/camel,52ef69cb6cbfc85776b73430e96241f7dbcdadec,3,11959,c0ff7833c0013b08
606,606,606,apache/camel,52ef69cb6cbfc85776b73430e96241f7dbcdadec,1,11959,c0ff7833c0013b08
607,607,607,apache/camel,52ef69cb6cbfc85776b73430e96241f7dbcdadec,2,11959,c0ff7833c0013b08
608,608,608,apache/camel,52ef69cb6cbfc85776b73430e96241f7dbcdadec,1,11959,c0ff7833c0013b08
609,609,609,apache/camel,52ef69cb6cbfc85776b73430e96241f7dbcdadec,6,11959,c0ff7833c0013b08
610,610,610,apache/camel,52ef69cb6cbfc85776b73430e96241f7dbcdadec,2,11959,c0ff7833c0013b08
611,611,611,apache/camel,e18459e53cf77514bb0fdfeceb423c456bbc4d9d,1,11983,c0ff7833c0013b08
612,612,612,apache/camel,e18459e53cf77514bb0fdfeceb423c456bbc4d9d,1,11983,c0ff7833c0013b08
613,613,613,apache/camel,e18459e53cf77514bb0fdfeceb423c456bbc4d9d,3,11983,c0ff7833c0013b08
614,614,614,apache/camel,e18459e53cf77514bb0fdfeceb423c456bbc4d9d,3,11983,c0ff7833c0013b08
615,615,615,apache/camel,e18459e53cf77514bb0fdfeceb423c456bbc4d9d,2,11983,c0ff7833c0013b08
616,616,616,apache/camel,e18459e53cf77514bb0fdfeceb423c456bbc4d9d,1,11983,c0ff7833c0013b08
617,617,617,apache/camel,e18459e53cf77514bb0fdfeceb423c456bbc4d9d,1,11983,c0ff7833c0013b08
618,618,618,apache/camel,e18459e53cf77514bb0fdfeceb423c456bbc4d9d,2,11983,c0ff7833c0013b08
619,619,619,apache/camel,e18459e53cf77514bb0fdfeceb423c456bbc4d9d,2,11983,c0ff7833c0013b08
620,620,620,apache/camel,e18459e53cf77514bb0fdfeceb423c456bbc4d9d,4,11983,c0ff7833c0013b08
621,621,621,apache/camel,e18459e53cf77514bb0fdfeceb423c456bbc4d9d,1,11983,c0ff7833c0013b08
622,622,622,apache/camel,e18459e53cf77514bb0fdfeceb423c456bbc4d9d,1,11983,c0ff7833c0013b08
623,623,623,apache/camel,e18459e53cf77514bb0fdfeceb423c456bbc4d9d,1,11983,c0ff7833c0013b08
624,624,624,apache/camel,e18459e53cf77514bb0fdfeceb423c456bbc4d9d,3,11983,c0ff7833c0013b08
625,625,625,apache/camel,e18459e53cf77514bb0fdfeceb423c456bbc4d9d,1,11983,c0ff7833c0013b08
626,626,626,apache/camel,e18459e53cf77514bb0fdfeceb423c456bbc4d9d,1,11983,c0ff7833c0013b08
627,627,627,apache/camel,e18459e53cf77514bb0fdfeceb423c456bbc4d9d,4,11983,c0ff7833c0013b08
628,628,628,apache/camel,e18459e53cf77514bb0fdfeceb423c456bbc4d9d,2,11983,c0ff7833c0013b08
629,629,629,apache/camel,e18459e53cf77514bb0fdfeceb423c456bbc4d9d,2,11983,c0ff7833c0013b08
630,630,630,apache/camel,e18459e53cf77514bb0fdfeceb423c456bbc4d9d,2,11983,c0ff7833c0013b08
631,631,631,apache/camel,e18459e53cf77514bb0fdfeceb423c456bbc4d9d,2,11983,c0ff7833c0013b08
632,632,632,apache/camel,e18459e53cf77514bb0fdfeceb423c456bbc4d9d,2,11983,c0ff7833c0013b08
633,633,633,apache/camel,f27cda0a7a8132259e8caad043f0d63809bd901d,3,12014,c0ff7833c0013b08
634,634,634,apache/camel,f27cda0a7a8132259e8caad043f0d63809bd901d,2,12014,c0ff7833c0013b08
635,635,635,apache/camel,f27cda0a7a8132259e8caad043f0d63809bd901d,1,12014,c0ff7833c0013b08
636,636,636,apache/camel,f27cda0a7a8132259e8caad043f0d63809bd901d,1,12014,c0ff7833c0013b08
637,637,637,apache/camel,f27cda0a7a8132259e8caad043f0d63809bd901d,7,12014,c0ff7833c0013b08
638,638,638,apache/camel,f27cda0a7a8132259e8caad043f0d63809bd901d,2,12014,c0ff7833c0013b08
639,639,639,apache/camel,f27cda0a7a8132259e8caad043f0d63809bd901d,5,12014,c0ff7833c0013b08
640,640,640,apache/camel,f27cda0a7a8132259e8caad043f0d63809bd901d,5,12014,c0ff7833c0013b08
641,641,641,apache/camel,f27cda0a7a8132259e8caad043f0d63809bd901d,6,12014,c0ff7833c0013b08
642,642,642,apache/camel,f27cda0a7a8132259e8caad043f0d63809bd901d,1,12014,c0ff7833c0013b08
643,643,643,apache/camel,f27cda0a7a8132259e8caad043f0d63809bd901d,3,12014,c0ff7833c0013b08
644,644,644,apache/camel,f27cda0a7a8132259e8caad043f0d63809bd901d,1,12014,c0ff7833c0013b08
645,645,645,apache/camel,f27cda0a7a8132259e8caad043f0d63809bd901d,2,12014,c0ff7833c0013b08
646,646,646,apache/camel,f27cda0a7a8132259e8caad043f0d63809bd901d,1,12014,c0ff7833c0013b08
647,647,647,apache/camel,f27cda0a7a8132259e8caad043f0d63809bd901d,2,12014,c0ff7833c0013b08
648,648,648,apache/camel,f27cda0a7a8132259e8caad043f0d63809bd901d,1,12014,c0ff7833c0013b08
649,649,649,apache/camel,f27cda0a7a8132259e8caad043f0d63809bd901d,1,12014,c0ff7833c0013b08
650,650,650,apache/camel,f27cda0a7a8132259e8caad043f0d63809bd901d,1,12014,c0ff7833c0013b08
651,651,651,apache/camel,f27cda0a7a8132259e8caad043f0d63809bd901d,1,12014,c0ff7833c0013b08
652,652,652,apache/camel,f27cda0a7a8132259e8caad043f0d63809bd901d,5,12014,c0ff7833c0013b08
653,653,653,apache/camel,f27cda0a7a8132259e8caad043f0d63809bd901d,3,12014,c0ff7833c0013b08
654,654,654,apache/camel,f27cda0a7a8132259e8caad043f0d63809bd901d,1,12014,c0ff7833c0013b08
655,655,655,apache/camel,f27cda0a7a8132259e8caad043f0d63809bd901d,1,12014,c0ff7833c0013b08
656,656,656,apache/camel,f27cda0a7a8132259e8caad043f0d63809bd901d,1,12014,c0ff7833c0013b08
657,657,657,apache/camel,f27cda0a7a8132259e8caad043f0d63809bd901d,1,12014,c0ff7833c0013b08
658,658,658,apache/camel,f27cda0a7a8132259e8caad043f0d63809bd901d,1,12014,c0ff7833c0013b08
659,659,659,apache/camel,f27cda0a7a8132259e8caad043f0d63809bd901d,1,12014,c0ff7833c0013b08
661,661,661,apache/camel,f27cda0a7a8132259e8caad043f0d63809bd901d,1,12014,c0ff7833c0013b08
662,662,662,apache/camel,f27cda0a7a8132259e8caad043f0d63809bd901d,1,12014,c0ff7833c0013b08
663,663,663,apache/camel,f27cda0a7a8132259e8caad043f0d63809bd901d,2,12014,c0ff7833c0013b08
664,664,664,apache/camel,f27cda0a7a8132259e8caad043f0d63809bd901d,2,12014,c0ff7833c0013b08
665,665,665,apache/camel,f27cda0a7a8132259e8caad043f0d63809bd901d,3,12014,c0ff7833c0013b08
666,666,666,apache/camel,f27cda0a7a8132259e8caad043f0d63809bd901d,1,12014,c0ff7833c0013b08
667,667,667,apache/camel,f27cda0a7a8132259e8caad043f0d63809bd901d,1,12014,c0ff7833c0013b08
668,668,668,apache/camel,f27cda0a7a8132259e8caad043f0d63809bd901d,1,12014,c0ff7833c0013b08
669,669,669,apache/camel,f27cda0a7a8132259e8caad043f0d63809bd901d,2,12014,c0ff7833c0013b08
670,670,670,apache/camel,f27cda0a7a8132259e8caad043f0d63809bd901d,1,12014,c0ff7833c0013b08
671,671,671,apache/camel,f27cda0a7a8132259e8caad043f0d63809bd901d,4,12014,c0ff7833c0013b08
672,672,672,apache/camel,f27cda0a7a8132259e8caad043f0d63809bd901d,1,12014,c0ff7833c0013b08
673,673,673,apache/camel,f27cda0a7a8132259e8caad043f0d63809bd901d,1,12014,c0ff7833c0013b08
674,674,674,apache/camel,f27cda0a7a8132259e8caad043f0d63809bd901d,1,12014,c0ff7833c0013b08
675,675,675,apache/camel,f27cda0a7a8132259e8caad043f0d63809bd901d,1,12014,c0ff7833c0013b08
676,676,676,apache/camel,f27cda0a7a8132259e8caad043f0d63809bd901d,3,12014,c0ff7833c0013b08
677,677,677,apache/camel,b23d4f3ec7a94157e96497968566db05951247a4,1,12105,c0ff7833c0013b08
678,678,678,apache/camel,b23d4f3ec7a94157e96497968566db05951247a4,1,12105,c0ff7833c0013b08
679,679,679,apache/camel,b23d4f3ec7a94157e96497968566db05951247a4,2,12105,c0ff7833c0013b08
680,680,680,apache/camel,b23d4f3ec7a94157e96497968566db05951247a4,2,12105,c0ff7833c0013b08
681,681,681,apache/camel,b23d4f3ec7a94157e96497968566db05951247a4,15,12105,c0ff7833c0013b08
682,682,682,apache/camel,b23d4f3ec7a94157e96497968566db05951247a4,1,12105,c0ff7833c0013b08
683,683,683,apache/camel,b23d4f3ec7a94157e96497968566db05951247a4,2,12105,c0ff7833c0013b08
684,684,684,apache/camel,b23d4f3ec7a94157e96497968566db05951247a4,1,12105,c0ff7833c0013b08
686,686,686,apache/camel,b23d4f3ec7a94157e96497968566db05951247a4,2,12105,c0ff7833c0013b08
687,687,687,apache/camel,b23d4f3ec7a94157e96497968566db05951247a4,2,12105,c0ff7833c0013b08
688,688,688,apache/camel,b23d4f3ec7a94157e96497968566db05951247a4,1,12105,c0ff7833c0013b08
689,689,689,apache/camel,b23d4f3ec7a94157e96497968566db05951247a4,2,12105,c0ff7833c0013b08
690,690,690,apache/camel,b23d4f3ec7a94157e96497968566db05951247a4,1,12105,c0ff7833c0013b08
691,691,691,apache/camel,b23d4f3ec7a94157e96497968566db05951247a4,1,12105,c0ff7833c0013b08
692,692,692,apache/camel,b23d4f3ec7a94157e96497968566db05951247a4,1,12105,c0ff7833c0013b08
693,693,693,apache/camel,b23d4f3ec7a94157e96497968566db05951247a4,3,12105,c0ff7833c0013b08
694,694,694,apache/camel,04cbd86fa800e5a19a80a926ea042e7b56f6b66e,3,12128,c0ff7833c0013b08
695,695,695,apache/camel,04cbd86fa800e5a19a80a926ea042e7b56f6b66e,7,12128,c0ff7833c0013b08
696,696,696,apache/camel,04cbd86fa800e5a19a80a926ea042e7b56f6b66e,1,12128,c0ff7833c0013b08
697,697,697,apache/camel,04cbd86fa800e5a19a80a926ea042e7b56f6b66e,7,12128,c0ff7833c0013b08
698,698,698,apache/camel,b8b56b44bcc1a8471f99182efd47f6bafe6268ba,1,12135,c0ff7833c0013b08
699,699,699,apache/camel,b8b56b44bcc1a8471f99182efd47f6bafe6268ba,1,12135,c0ff7833c0013b08
700,700,700,apache/camel,b8b56b44bcc1a8471f99182efd47f6bafe6268ba,3,12135,c0ff7833c0013b08
701,701,701,apache/camel,b8b56b44bcc1a8471f99182efd47f6bafe6268ba,1,12135,c0ff7833c0013b08
702,702,702,apache/camel,6ab7d292c29afd9f13f9b0b45e5ededa43a4c26e,2,12157,c0ff7833c0013b08
703,703,703,apache/camel,6ab7d292c29afd9f13f9b0b45e5ededa43a4c26e,1,12157,c0ff7833c0013b08
704,704,704,apache/camel,5a32be6497ee64782ab2b9f507033e5e6e5840b3,3,12717,c0ff7833c0013b08
705,705,705,apache/camel,5a32be6497ee64782ab2b9f507033e5e6e5840b3,3,12717,c0ff7833c0013b08
706,706,706,apache/camel,5a32be6497ee64782ab2b9f507033e5e6e5840b3,1,12717,c0ff7833c0013b08
707,707,707,apache/camel,5a32be6497ee64782ab2b9f507033e5e6e5840b3,2,12717,c0ff7833c0013b08
708,708,708,apache/camel,5a32be6497ee64782ab2b9f507033e5e6e5840b3,2,12717,c0ff7833c0013b08
709,709,709,apache/camel,5a32be6497ee64782ab2b9f507033e5e6e5840b3,1,12717,c0ff7833c0013b08
710,710,710,apache/camel,5a32be6497ee64782ab2b9f507033e5e6e5840b3,2,12717,c0ff7833c0013b08
711,711,711,apache/camel,5a32be6497ee64782ab2b9f507033e5e6e5840b3,5,12717,c0ff7833c0013b08
712,712,712,apache/camel,5a32be6497ee64782ab2b9f507033e5e6e5840b3,3,12717,c0ff7833c0013b08
713,713,713,apache/camel,5a32be6497ee64782ab2b9f507033e5e6e5840b3,1,12717,c0ff7833c0013b08
714,714,714,apache/camel,5a32be6497ee64782ab2b9f507033e5e6e5840b3,1,12717,c0ff7833c0013b08
715,715,715,apache/camel,5a32be6497ee64782ab2b9f507033e5e6e5840b3,2,12717,c0ff7833c0013b08
716,716,716,apache/camel,5a32be6497ee64782ab2b9f507033e5e6e5840b3,1,12717,c0ff7833c0013b08
717,717,717,apache/camel,5a32be6497ee64782ab2b9f507033e5e6e5840b3,1,12717,c0ff7833c0013b08
718,718,718,apache/camel,5a32be6497ee64782ab2b9f507033e5e6e5840b3,1,12717,c0ff7833c0013b08
719,719,719,apache/camel,5a32be6497ee64782ab2b9f507033e5e6e5840b3,2,12717,c0ff7833c0013b08
720,720,720,apache/camel,5a32be6497ee64782ab2b9f507033e5e6e5840b3,2,12717,c0ff7833c0013b08
721,721,721,apache/camel,5a32be6497ee64782ab2b9f507033e5e6e5840b3,1,12717,c0ff7833c0013b08
722,722,722,apache/camel,5a32be6497ee64782ab2b9f507033e5e6e5840b3,2,12717,c0ff7833c0013b08
723,723,723,apache/camel,f14890f88d6edfeda07cc0ecf5887827791b4ce8,2,12717,c0ff7833c0013b08
724,724,724,apache/camel,f14890f88d6edfeda07cc0ecf5887827791b4ce8,2,12717,c0ff7833c0013b08
725,725,725,apache/camel,f14890f88d6edfeda07cc0ecf5887827791b4ce8,1,12717,c0ff7833c0013b08
726,726,726,apache/camel,f14890f88d6edfeda07cc0ecf5887827791b4ce8,1,12717,c0ff7833c0013b08
727,727,727,apache/camel,f14890f88d6edfeda07cc0ecf5887827791b4ce8,4,12717,c0ff7833c0013b08
728,728,728,apache/camel,f14890f88d6edfeda07cc0ecf5887827791b4ce8,2,12717,c0ff7833c0013b08
729,729,729,apache/camel,f14890f88d6edfeda07cc0ecf5887827791b4ce8,1,12717,c0ff7833c0013b08
730,730,730,apache/camel,f14890f88d6edfeda07cc0ecf5887827791b4ce8,1,12717,c0ff7833c0013b08
731,731,731,apache/camel,f14890f88d6edfeda07cc0ecf5887827791b4ce8,2,12717,c0ff7833c0013b08
732,732,732,apache/camel,f14890f88d6edfeda07cc0ecf5887827791b4ce8,1,12717,c0ff7833c0013b08
733,733,733,apache/camel,f14890f88d6edfeda07cc0ecf5887827791b4ce8,2,12717,c0ff7833c0013b08
734,734,734,apache/camel,f14890f88d6edfeda07cc0ecf5887827791b4ce8,1,12717,c0ff7833c0013b08
735,735,735,apache/camel,f14890f88d6edfeda07cc0ecf5887827791b4ce8,2,12717,c0ff7833c0013b08
736,736,736,apache/camel,f14890f88d6edfeda07cc0ecf5887827791b4ce8,2,12717,c0ff7833c0013b08
737,737,737,apache/camel,f14890f88d6edfeda07cc0ecf5887827791b4ce8,3,12717,c0ff7833c0013b08
738,738,738,apache/camel,f14890f88d6edfeda07cc0ecf5887827791b4ce8,3,12717,c0ff7833c0013b08
739,739,739,apache/camel,f14890f88d6edfeda07cc0ecf5887827791b4ce8,1,12717,c0ff7833c0013b08
740,740,740,apache/camel,1154fb76353eb676bd9a605155177ca3db23c6cb,2,12755,c0ff7833c0013b08
741,741,741,apache/camel,1154fb76353eb676bd9a605155177ca3db23c6cb,4,12755,c0ff7833c0013b08
742,742,742,apache/camel,1154fb76353eb676bd9a605155177ca3db23c6cb,1,12755,c0ff7833c0013b08
743,743,743,apache/camel,1154fb76353eb676bd9a605155177ca3db23c6cb,1,12755,c0ff7833c0013b08
744,744,744,apache/camel,1154fb76353eb676bd9a605155177ca3db23c6cb,3,12755,c0ff7833c0013b08
745,745,745,apache/camel,1154fb76353eb676bd9a605155177ca3db23c6cb,1,12755,c0ff7833c0013b08
746,746,746,apache/camel,1154fb76353eb676bd9a605155177ca3db23c6cb,1,12755,c0ff7833c0013b08
747,747,747,apache/camel,1154fb76353eb676bd9a605155177ca3db23c6cb,1,12755,c0ff7833c0013b08
748,748,748,apache/camel,1154fb76353eb676bd9a605155177ca3db23c6cb,1,12755,c0ff7833c0013b08
749,749,749,apache/camel,1154fb76353eb676bd9a605155177ca3db23c6cb,1,12755,c0ff7833c0013b08
750,750,750,apache/camel,1154fb76353eb676bd9a605155177ca3db23c6cb,2,12755,c0ff7833c0013b08
751,751,751,apache/camel,1154fb76353eb676bd9a605155177ca3db23c6cb,5,12755,c0ff7833c0013b08
752,752,752,apache/camel,1154fb76353eb676bd9a605155177ca3db23c6cb,2,12755,c0ff7833c0013b08
753,753,753,apache/camel,1154fb76353eb676bd9a605155177ca3db23c6cb,7,12755,c0ff7833c0013b08
754,754,754,apache/camel,1154fb76353eb676bd9a605155177ca3db23c6cb,1,12755,c0ff7833c0013b08
755,755,755,apache/camel,1154fb76353eb676bd9a605155177ca3db23c6cb,1,12755,c0ff7833c0013b08
756,756,756,apache/camel,1154fb76353eb676bd9a605155177ca3db23c6cb,2,12755,c0ff7833c0013b08
757,757,757,apache/camel,1154fb76353eb676bd9a605155177ca3db23c6cb,1,12755,c0ff7833c0013b08
758,758,758,apache/camel,1154fb76353eb676bd9a605155177ca3db23c6cb,6,12755,c0ff7833c0013b08
759,759,759,apache/camel,1154fb76353eb676bd9a605155177ca3db23c6cb,2,12755,c0ff7833c0013b08
760,760,760,apache/camel,1154fb76353eb676bd9a605155177ca3db23c6cb,3,12755,c0ff7833c0013b08
761,761,761,apache/camel,1154fb76353eb676bd9a605155177ca3db23c6cb,2,12755,c0ff7833c0013b08
762,762,762,apache/camel,1154fb76353eb676bd9a605155177ca3db23c6cb,1,12755,c0ff7833c0013b08
763,763,763,apache/camel,1154fb76353eb676bd9a605155177ca3db23c6cb,6,12755,c0ff7833c0013b08
764,764,764,apache/camel,1154fb76353eb676bd9a605155177ca3db23c6cb,1,12755,c0ff7833c0013b08
765,765,765,apache/camel,1154fb76353eb676bd9a605155177ca3db23c6cb,1,12755,c0ff7833c0013b08
766,766,766,apache/camel,1154fb76353eb676bd9a605155177ca3db23c6cb,2,12755,c0ff7833c0013b08
767,767,767,apache/camel,1154fb76353eb676bd9a605155177ca3db23c6cb,2,12755,c0ff7833c0013b08
768,768,768,apache/camel,1154fb76353eb676bd9a605155177ca3db23c6cb,2,12755,c0ff7833c0013b08
769,769,769,apache/camel,e6309f2a4319d5d8b50c88126ad5de05c686d27f,1,12800,c0ff7833c0013b08
770,770,770,apache/camel,e6309f2a4319d5d8b50c88126ad5de05c686d27f,1,12800,c0ff7833c0013b08
771,771,771,apache/camel,e6309f2a4319d5d8b50c88126ad5de05c686d27f,1,12800,c0ff7833c0013b08
772,772,772,apache/camel,e6309f2a4319d5d8b50c88126ad5de05c686d27f,1,12800,c0ff7833c0013b08
773,773,773,apache/camel,e6309f2a4319d5d8b50c88126ad5de05c686d27f,6,12800,c0ff7833c0013b08
774,774,774,apache/camel,e6309f2a4319d5d8b50c88126ad5de05c686d27f,2,12800,c0ff7833c0013b08
775,775,775,apache/camel,e6309f2a4319d5d8b50c88126ad5de05c686d27f,1,12800,c0ff7833c0013b08
776,776,776,apache/camel,e6309f2a4319d5d8b50c88126ad5de05c686d27f,3,12800,c0ff7833c0013b08
777,777,777,apache/camel,e6309f2a4319d5d8b50c88126ad5de05c686d27f,2,12800,c0ff7833c0013b08
778,778,778,apache/camel,cf2e1749fae7c2d7526c705eb2c9e45e7f8f1af4,2,13517,c0ff7833c0013b08
779,779,779,apache/camel,cf2e1749fae7c2d7526c705eb2c9e45e7f8f1af4,1,13517,c0ff7833c0013b08
780,780,780,apache/camel,cf2e1749fae7c2d7526c705eb2c9e45e7f8f1af4,1,13517,c0ff7833c0013b08
781,781,781,apache/camel,cf2e1749fae7c2d7526c705eb2c9e45e7f8f1af4,1,13517,c0ff7833c0013b08
782,782,782,apache/camel,cf2e1749fae7c2d7526c705eb2c9e45e7f8f1af4,1,13517,c0ff7833c0013b08
783,783,783,apache/camel,cf2e1749fae7c2d7526c705eb2c9e45e7f8f1af4,2,13517,c0ff7833c0013b08
784,784,784,apache/camel,cf2e1749fae7c2d7526c705eb2c9e45e7f8f1af4,1,13517,c0ff7833c0013b08
785,785,785,apache/camel,cf2e1749fae7c2d7526c705eb2c9e45e7f8f1af4,4,13517,c0ff7833c0013b08
786,786,786,apache/camel,cf2e1749fae7c2d7526c705eb2c9e45e7f8f1af4,3,13517,c0ff7833c0013b08
787,787,787,apache/camel,cf2e1749fae7c2d7526c705eb2c9e45e7f8f1af4,2,13517,c0ff7833c0013b08
788,788,788,apache/camel,cf2e1749fae7c2d7526c705eb2c9e45e7f8f1af4,1,13517,c0ff7833c0013b08
789,789,789,apache/camel,cf2e1749fae7c2d7526c705eb2c9e45e7f8f1af4,3,13517,c0ff7833c0013b08
790,790,790,apache/camel,cf2e1749fae7c2d7526c705eb2c9e45e7f8f1af4,3,13517,c0ff7833c0013b08
791,791,791,apache/camel,cf2e1749fae7c2d7526c705eb2c9e45e7f8f1af4,1,13517,c0ff7833c0013b08
792,792,792,apache/camel,cf2e1749fae7c2d7526c705eb2c9e45e7f8f1af4,2,13517,c0ff7833c0013b08
793,793,793,apache/camel,cf2e1749fae7c2d7526c705eb2c9e45e7f8f1af4,1,13517,c0ff7833c0013b08
794,794,794,apache/camel,cf2e1749fae7c2d7526c705eb2c9e45e7f8f1af4,2,13517,c0ff7833c0013b08
795,795,795,apache/camel,cf2e1749fae7c2d7526c705eb2c9e45e7f8f1af4,4,13517,c0ff7833c0013b08
796,796,796,apache/camel,cf2e1749fae7c2d7526c705eb2c9e45e7f8f1af4,1,13517,c0ff7833c0013b08
797,797,797,apache/camel,cf2e1749fae7c2d7526c705eb2c9e45e7f8f1af4,5,13517,c0ff7833c0013b08
798,798,798,apache/camel,cf2e1749fae7c2d7526c705eb2c9e45e7f8f1af4,1,13517,c0ff7833c0013b08
799,799,799,apache/camel,cf2e1749fae7c2d7526c705eb2c9e45e7f8f1af4,1,13517,c0ff7833c0013b08
800,800,800,apache/camel,cf2e1749fae7c2d7526c705eb2c9e45e7f8f1af4,1,13517,c0ff7833c0013b08
801,801,801,apache/camel,cf2e1749fae7c2d7526c705eb2c9e45e7f8f1af4,1,13517,c0ff7833c0013b08
802,802,802,apache/camel,c3d54e2ff5c412ff9d663e6386c38eb9c18e2282,1,13568,c0ff7833c0013b08
803,803,803,apache/camel,c3d54e2ff5c412ff9d663e6386c38eb9c18e2282,1,13568,c0ff7833c0013b08
804,804,804,apache/camel,c3d54e2ff5c412ff9d663e6386c38eb9c18e2282,4,13568,c0ff7833c0013b08
805,805,805,apache/camel,c3d54e2ff5c412ff9d663e6386c38eb9c18e2282,1,13568,c0ff7833c0013b08
806,806,806,apache/camel,c3d54e2ff5c412ff9d663e6386c38eb9c18e2282,2,13568,c0ff7833c0013b08
807,807,807,apache/camel,c3d54e2ff5c412ff9d663e6386c38eb9c18e2282,2,13568,c0ff7833c0013b08
808,808,808,apache/camel,c3d54e2ff5c412ff9d663e6386c38eb9c18e2282,1,13568,c0ff7833c0013b08
809,809,809,apache/camel,c3d54e2ff5c412ff9d663e6386c38eb9c18e2282,3,13568,c0ff7833c0013b08
810,810,810,apache/camel,c3d54e2ff5c412ff9d663e6386c38eb9c18e2282,1,13568,c0ff7833c0013b08
811,811,811,apache/camel,c3d54e2ff5c412ff9d663e6386c38eb9c18e2282,2,13568,c0ff7833c0013b08
812,812,812,apache/camel,c3d54e2ff5c412ff9d663e6386c38eb9c18e2282,1,13568,c0ff7833c0013b08
813,813,813,apache/camel,c3d54e2ff5c412ff9d663e6386c38eb9c18e2282,5,13568,c0ff7833c0013b08
814,814,814,apache/camel,c3d54e2ff5c412ff9d663e6386c38eb9c18e2282,10,13568,c0ff7833c0013b08
815,815,815,apache/camel,c3d54e2ff5c412ff9d663e6386c38eb9c18e2282,2,13568,c0ff7833c0013b08
816,816,816,apache/camel,c3d54e2ff5c412ff9d663e6386c38eb9c18e2282,3,13568,c0ff7833c0013b08
817,817,817,apache/camel,c3d54e2ff5c412ff9d663e6386c38eb9c18e2282,3,13568,c0ff7833c0013b08
818,818,818,apache/camel,c3d54e2ff5c412ff9d663e6386c38eb9c18e2282,6,13568,c0ff7833c0013b08
819,819,819,apache/camel,c3d54e2ff5c412ff9d663e6386c38eb9c18e2282,1,13568,c0ff7833c0013b08
820,820,820,apache/camel,c3d54e2ff5c412ff9d663e6386c38eb9c18e2282,2,13568,c0ff7833c0013b08
821,821,821,apache/camel,c3d54e2ff5c412ff9d663e6386c38eb9c18e2282,1,13568,c0ff7833c0013b08
822,822,822,apache/camel,c3d54e2ff5c412ff9d663e6386c38eb9c18e2282,2,13568,c0ff7833c0013b08
823,823,823,apache/camel,c3d54e2ff5c412ff9d663e6386c38eb9c18e2282,1,13568,c0ff7833c0013b08
824,824,824,apache/camel,bf9c1455bd545848e2104027ce65624f148f41d8,2,13588,c0ff7833c0013b08
825,825,825,apache/camel,bf9c1455bd545848e2104027ce65624f148f41d8,1,13588,c0ff7833c0013b08
826,826,826,apache/camel,bf9c1455bd545848e2104027ce65624f148f41d8,1,13588,c0ff7833c0013b08
827,827,827,apache/camel,bf9c1455bd545848e2104027ce65624f148f41d8,4,13588,c0ff7833c0013b08
828,828,828,apache/camel,bf9c1455bd545848e2104027ce65624f148f41d8,3,13588,c0ff7833c0013b08
829,829,829,apache/camel,bf9c1455bd545848e2104027ce65624f148f41d8,1,13588,c0ff7833c0013b08
830,830,830,apache/camel,bf9c1455bd545848e2104027ce65624f148f41d8,1,13588,c0ff7833c0013b08
831,831,831,apache/camel,bf9c1455bd545848e2104027ce65624f148f41d8,2,13588,c0ff7833c0013b08
832,832,832,apache/camel,bf9c1455bd545848e2104027ce65624f148f41d8,2,13588,c0ff7833c0013b08
833,833,833,apache/camel,bf9c1455bd545848e2104027ce65624f148f41d8,4,13588,c0ff7833c0013b08
834,834,834,apache/camel,af7064e6c1a754bb65eacb5f653bd551e4219cc6,1,13597,c0ff7833c0013b08
835,835,835,apache/camel,af7064e6c1a754bb65eacb5f653bd551e4219cc6,1,13597,c0ff7833c0013b08
836,836,836,apache/camel,af7064e6c1a754bb65eacb5f653bd551e4219cc6,1,13597,c0ff7833c0013b08
837,837,837,apache/camel,af7064e6c1a754bb65eacb5f653bd551e4219cc6,1,13597,c0ff7833c0013b08
838,838,838,apache/camel,af7064e6c1a754bb65eacb5f653bd551e4219cc6,1,13597,c0ff7833c0013b08
839,839,839,apache/camel,af7064e6c1a754bb65eacb5f653bd551e4219cc6,3,13597,c0ff7833c0013b08
840,840,840,apache/camel,af7064e6c1a754bb65eacb5f653bd551e4219cc6,1,13597,c0ff7833c0013b08
841,841,841,apache/camel,af7064e6c1a754bb65eacb5f653bd551e4219cc6,1,13597,c0ff7833c0013b08
842,842,842,apache/camel,af7064e6c1a754bb65eacb5f653bd551e4219cc6,2,13597,c0ff7833c0013b08
843,843,843,apache/camel,af7064e6c1a754bb65eacb5f653bd551e4219cc6,1,13597,c0ff7833c0013b08
844,844,844,apache/camel,af7064e6c1a754bb65eacb5f653bd551e4219cc6,2,13597,c0ff7833c0013b08
845,845,845,apache/camel,af7064e6c1a754bb65eacb5f653bd551e4219cc6,1,13597,c0ff7833c0013b08
846,846,846,apache/camel,af7064e6c1a754bb65eacb5f653bd551e4219cc6,2,13597,c0ff7833c0013b08
847,847,847,apache/camel,af7064e6c1a754bb65eacb5f653bd551e4219cc6,1,13597,c0ff7833c0013b08
848,848,848,apache/camel,af7064e6c1a754bb65eacb5f653bd551e4219cc6,1,13597,c0ff7833c0013b08
849,849,849,apache/camel,da8694f8c5392881ac5ab49c37a7947451bb65af,2,14522,c0ff7833c0013b08
850,850,850,apache/camel,da8694f8c5392881ac5ab49c37a7947451bb65af,9,14522,c0ff7833c0013b08
851,851,851,apache/camel,da8694f8c5392881ac5ab49c37a7947451bb65af,1,14522,c0ff7833c0013b08
852,852,852,apache/camel,da8694f8c5392881ac5ab49c37a7947451bb65af,1,14522,c0ff7833c0013b08
853,853,853,apache/camel,da8694f8c5392881ac5ab49c37a7947451bb65af,2,14522,c0ff7833c0013b08
854,854,854,apache/camel,da8694f8c5392881ac5ab49c37a7947451bb65af,7,14522,c0ff7833c0013b08
855,855,855,apache/camel,da8694f8c5392881ac5ab49c37a7947451bb65af,5,14522,c0ff7833c0013b08
856,856,856,apache/camel,da8694f8c5392881ac5ab49c37a7947451bb65af,1,14522,c0ff7833c0013b08
857,857,857,apache/camel,da8694f8c5392881ac5ab49c37a7947451bb65af,2,14522,c0ff7833c0013b08
858,858,858,apache/camel,da8694f8c5392881ac5ab49c37a7947451bb65af,7,14522,c0ff7833c0013b08
859,859,859,apache/camel,da8694f8c5392881ac5ab49c37a7947451bb65af,1,14522,c0ff7833c0013b08
860,860,860,apache/camel,da8694f8c5392881ac5ab49c37a7947451bb65af,2,14522,c0ff7833c0013b08
861,861,861,apache/camel,da8694f8c5392881ac5ab49c37a7947451bb65af,2,14522,c0ff7833c0013b08
862,862,862,apache/camel,da8694f8c5392881ac5ab49c37a7947451bb65af,1,14522,c0ff7833c0013b08
863,863,863,apache/camel,da8694f8c5392881ac5ab49c37a7947451bb65af,2,14522,c0ff7833c0013b08
864,864,864,apache/camel,da8694f8c5392881ac5ab49c37a7947451bb65af,2,14522,c0ff7833c0013b08
865,865,865,apache/camel,da8694f8c5392881ac5ab49c37a7947451bb65af,1,14522,c0ff7833c0013b08
866,866,866,apache/camel,da8694f8c5392881ac5ab49c37a7947451bb65af,4,14522,c0ff7833c0013b08
867,867,867,apache/camel,da8694f8c5392881ac5ab49c37a7947451bb65af,2,14522,c0ff7833c0013b08
868,868,868,apache/camel,c13c4c115f6ceaa1a2fd8786ed638c30b0e4f505,3,3814,c0ff7833c0013b08
869,869,869,apache/camel,c13c4c115f6ceaa1a2fd8786ed638c30b0e4f505,1,3814,c0ff7833c0013b08
870,870,870,apache/camel,c13c4c115f6ceaa1a2fd8786ed638c30b0e4f505,2,3814,c0ff7833c0013b08
871,871,871,apache/camel,c13c4c115f6ceaa1a2fd8786ed638c30b0e4f505,1,3814,c0ff7833c0013b08
872,872,872,apache/camel,c13c4c115f6ceaa1a2fd8786ed638c30b0e4f505,1,3814,c0ff7833c0013b08
873,873,873,apache/camel,c13c4c115f6ceaa1a2fd8786ed638c30b0e4f505,3,3814,c0ff7833c0013b08
874,874,874,apache/camel,c13c4c115f6ceaa1a2fd8786ed638c30b0e4f505,2,3814,c0ff7833c0013b08
875,875,875,apache/camel,c13c4c115f6ceaa1a2fd8786ed638c30b0e4f505,1,3814,c0ff7833c0013b08
876,876,876,apache/camel,c13c4c115f6ceaa1a2fd8786ed638c30b0e4f505,2,3814,c0ff7833c0013b08
877,877,877,apache/camel,c13c4c115f6ceaa1a2fd8786ed638c30b0e4f505,1,3814,c0ff7833c0013b08
878,878,878,apache/camel,c13c4c115f6ceaa1a2fd8786ed638c30b0e4f505,1,3814,c0ff7833c0013b08
879,879,879,apache/camel,c13c4c115f6ceaa1a2fd8786ed638c30b0e4f505,1,3814,c0ff7833c0013b08
880,880,880,apache/camel,c13c4c115f6ceaa1a2fd8786ed638c30b0e4f505,1,3814,c0ff7833c0013b08
881,881,881,apache/camel,c13c4c115f6ceaa1a2fd8786ed638c30b0e4f505,6,3814,c0ff7833c0013b08
882,882,882,apache/camel,c13c4c115f6ceaa1a2fd8786ed638c30b0e4f505,1,3814,c0ff7833c0013b08
883,883,883,apache/camel,c13c4c115f6ceaa1a2fd8786ed638c30b0e4f505,1,3814,c0ff7833c0013b08
884,884,884,apache/camel,c13c4c115f6ceaa1a2fd8786ed638c30b0e4f505,2,3814,c0ff7833c0013b08
885,885,885,apache/camel,c13c4c115f6ceaa1a2fd8786ed638c30b0e4f505,2,3814,c0ff7833c0013b08
886,886,886,apache/camel,c13c4c115f6ceaa1a2fd8786ed638c30b0e4f505,1,3814,c0ff7833c0013b08
887,887,887,apache/camel,c13c4c115f6ceaa1a2fd8786ed638c30b0e4f505,2,3814,c0ff7833c0013b08
888,888,888,apache/camel,c13c4c115f6ceaa1a2fd8786ed638c30b0e4f505,2,3814,c0ff7833c0013b08
889,889,889,apache/camel,c13c4c115f6ceaa1a2fd8786ed638c30b0e4f505,6,3814,c0ff7833c0013b08
890,890,890,apache/camel,c13c4c115f6ceaa1a2fd8786ed638c30b0e4f505,2,3814,c0ff7833c0013b08
891,891,891,apache/camel,c13c4c115f6ceaa1a2fd8786ed638c30b0e4f505,2,3814,c0ff7833c0013b08
892,892,892,apache/camel,c13c4c115f6ceaa1a2fd8786ed638c30b0e4f505,1,3814,c0ff7833c0013b08
893,893,893,apache/camel,c13c4c115f6ceaa1a2fd8786ed638c30b0e4f505,1,3814,c0ff7833c0013b08
894,894,894,apache/camel,c13c4c115f6ceaa1a2fd8786ed638c30b0e4f505,5,3814,c0ff7833c0013b08
895,895,895,apache/camel,c13c4c115f6ceaa1a2fd8786ed638c30b0e4f505,1,3814,c0ff7833c0013b08
896,896,896,apache/camel,389a4ea6432f152837fc1b1180ea487af38746cd,7,4097,c0ff7833c0013b08
897,897,897,apache/camel,389a4ea6432f152837fc1b1180ea487af38746cd,1,4097,c0ff7833c0013b08
898,898,898,apache/camel,389a4ea6432f152837fc1b1180ea487af38746cd,1,4097,c0ff7833c0013b08
899,899,899,apache/camel,389a4ea6432f152837fc1b1180ea487af38746cd,1,4097,c0ff7833c0013b08
900,900,900,apache/camel,389a4ea6432f152837fc1b1180ea487af38746cd,2,4097,c0ff7833c0013b08
901,901,901,apache/camel,389a4ea6432f152837fc1b1180ea487af38746cd,2,4097,c0ff7833c0013b08
902,902,902,apache/camel,389a4ea6432f152837fc1b1180ea487af38746cd,3,4097,c0ff7833c0013b08
903,903,903,apache/camel,389a4ea6432f152837fc1b1180ea487af38746cd,4,4097,c0ff7833c0013b08
904,904,904,apache/camel,389a4ea6432f152837fc1b1180ea487af38746cd,5,4097,c0ff7833c0013b08
905,905,905,apache/camel,389a4ea6432f152837fc1b1180ea487af38746cd,1,4097,c0ff7833c0013b08
906,906,906,apache/camel,389a4ea6432f152837fc1b1180ea487af38746cd,5,4097,c0ff7833c0013b08
907,907,907,apache/camel,389a4ea6432f152837fc1b1180ea487af38746cd,2,4097,c0ff7833c0013b08
908,908,908,apache/camel,389a4ea6432f152837fc1b1180ea487af38746cd,3,4097,c0ff7833c0013b08
909,909,909,apache/camel,389a4ea6432f152837fc1b1180ea487af38746cd,2,4097,c0ff7833c0013b08
910,910,910,apache/camel,389a4ea6432f152837fc1b1180ea487af38746cd,1,4097,c0ff7833c0013b08
911,911,911,apache/camel,389a4ea6432f152837fc1b1180ea487af38746cd,1,4097,c0ff7833c0013b08
912,912,912,apache/camel,389a4ea6432f152837fc1b1180ea487af38746cd,2,4097,c0ff7833c0013b08
913,913,913,apache/camel,389a4ea6432f152837fc1b1180ea487af38746cd,2,4097,c0ff7833c0013b08
914,914,914,apache/camel,389a4ea6432f152837fc1b1180ea487af38746cd,3,4097,c0ff7833c0013b08
915,915,915,apache/camel,389a4ea6432f152837fc1b1180ea487af38746cd,5,4097,c0ff7833c0013b08
916,916,916,apache/camel,389a4ea6432f152837fc1b1180ea487af38746cd,1,4097,c0ff7833c0013b08
917,917,917,apache/camel,8a471f4432d3fdc5639c17eab2ad32fbcf38ed0e,2,4660,c0ff7833c0013b08
918,918,918,apache/camel,8a471f4432d3fdc5639c17eab2ad32fbcf38ed0e,2,4660,c0ff7833c0013b08
919,919,919,apache/camel,8a471f4432d3fdc5639c17eab2ad32fbcf38ed0e,8,4660,c0ff7833c0013b08
920,920,920,apache/camel,8a471f4432d3fdc5639c17eab2ad32fbcf38ed0e,3,4660,c0ff7833c0013b08
921,921,921,apache/camel,8a471f4432d3fdc5639c17eab2ad32fbcf38ed0e,4,4660,c0ff7833c0013b08
922,922,922,apache/camel,8a471f4432d3fdc5639c17eab2ad32fbcf38ed0e,3,4660,c0ff7833c0013b08
923,923,923,apache/camel,8a471f4432d3fdc5639c17eab2ad32fbcf38ed0e,1,4660,c0ff7833c0013b08
924,924,924,apache/camel,8a471f4432d3fdc5639c17eab2ad32fbcf38ed0e,5,4660,c0ff7833c0013b08
925,925,925,apache/camel,8a471f4432d3fdc5639c17eab2ad32fbcf38ed0e,2,4660,c0ff7833c0013b08
926,926,926,apache/camel,8a471f4432d3fdc5639c17eab2ad32fbcf38ed0e,7,4660,c0ff7833c0013b08
927,927,927,apache/camel,8a471f4432d3fdc5639c17eab2ad32fbcf38ed0e,1,4660,c0ff7833c0013b08
928,928,928,apache/camel,8a471f4432d3fdc5639c17eab2ad32fbcf38ed0e,2,4660,c0ff7833c0013b08
929,929,929,apache/camel,8a471f4432d3fdc5639c17eab2ad32fbcf38ed0e,6,4660,c0ff7833c0013b08
930,930,930,apache/camel,8a471f4432d3fdc5639c17eab2ad32fbcf38ed0e,2,4660,c0ff7833c0013b08
931,931,931,apache/camel,8a471f4432d3fdc5639c17eab2ad32fbcf38ed0e,2,4660,c0ff7833c0013b08
932,932,932,apache/camel,8a471f4432d3fdc5639c17eab2ad32fbcf38ed0e,1,4660,c0ff7833c0013b08
933,933,933,apache/camel,8a471f4432d3fdc5639c17eab2ad32fbcf38ed0e,3,4660,c0ff7833c0013b08
934,934,934,apache/camel,8a471f4432d3fdc5639c17eab2ad32fbcf38ed0e,2,4660,c0ff7833c0013b08
935,935,935,apache/camel,8a471f4432d3fdc5639c17eab2ad32fbcf38ed0e,4,4660,c0ff7833c0013b08
936,936,936,apache/camel,8a471f4432d3fdc5639c17eab2ad32fbcf38ed0e,2,4660,c0ff7833c0013b08
937,937,937,apache/camel,8a471f4432d3fdc5639c17eab2ad32fbcf38ed0e,7,4660,c0ff7833c0013b08
938,938,938,apache/camel,8a471f4432d3fdc5639c17eab2ad32fbcf38ed0e,10,4660,c0ff7833c0013b08
939,939,939,apache/camel,8a471f4432d3fdc5639c17eab2ad32fbcf38ed0e,3,4660,c0ff7833c0013b08
940,940,940,apache/camel,8a471f4432d3fdc5639c17eab2ad32fbcf38ed0e,1,4660,c0ff7833c0013b08
941,941,941,apache/camel,8a471f4432d3fdc5639c17eab2ad32fbcf38ed0e,5,4660,c0ff7833c0013b08
942,942,942,apache/camel,8a471f4432d3fdc5639c17eab2ad32fbcf38ed0e,2,4660,c0ff7833c0013b08
943,943,943,apache/camel,8a471f4432d3fdc5639c17eab2ad32fbcf38ed0e,11,4660,c0ff7833c0013b08
944,944,944,apache/camel,8a471f4432d3fdc5639c17eab2ad32fbcf38ed0e,1,4660,c0ff7833c0013b08
945,945,945,apache/camel,8a471f4432d3fdc5639c17eab2ad32fbcf38ed0e,5,4660,c0ff7833c0013b08
946,946,946,apache/camel,f2863edcfe2572e00fbd6c62d23ee5990fada99a,1,4951,c0ff7833c0013b08
947,947,947,apache/camel,f2863edcfe2572e00fbd6c62d23ee5990fada99a,3,4951,c0ff7833c0013b08
948,948,948,apache/camel,f2863edcfe2572e00fbd6c62d23ee5990fada99a,2,4951,c0ff7833c0013b08
949,949,949,apache/camel,f2863edcfe2572e00fbd6c62d23ee5990fada99a,3,4951,c0ff7833c0013b08
950,950,950,apache/camel,f2863edcfe2572e00fbd6c62d23ee5990fada99a,1,4951,c0ff7833c0013b08
951,951,951,apache/camel,f2863edcfe2572e00fbd6c62d23ee5990fada99a,9,4951,c0ff7833c0013b08
952,952,952,apache/camel,f2863edcfe2572e00fbd6c62d23ee5990fada99a,3,4951,c0ff7833c0013b08
953,953,953,apache/camel,f2863edcfe2572e00fbd6c62d23ee5990fada99a,2,4951,c0ff7833c0013b08
954,954,954,apache/camel,f2863edcfe2572e00fbd6c62d23ee5990fada99a,2,4951,c0ff7833c0013b08
955,955,955,apache/camel,f2863edcfe2572e00fbd6c62d23ee5990fada99a,1,4951,c0ff7833c0013b08
956,956,956,apache/camel,f2863edcfe2572e00fbd6c62d23ee5990fada99a,1,4951,c0ff7833c0013b08
957,957,957,apache/camel,f2863edcfe2572e00fbd6c62d23ee5990fada99a,4,4951,c0ff7833c0013b08
958,958,958,apache/camel,f2863edcfe2572e00fbd6c62d23ee5990fada99a,2,4951,c0ff7833c0013b08
959,959,959,apache/camel,f2863edcfe2572e00fbd6c62d23ee5990fada99a,2,4951,c0ff7833c0013b08
960,960,960,apache/camel,f2863edcfe2572e00fbd6c62d23ee5990fada99a,2,4951,c0ff7833c0013b08
961,961,961,apache/camel,f2863edcfe2572e00fbd6c62d23ee5990fada99a,4,4951,c0ff7833c0013b08
962,962,962,apache/camel,f2863edcfe2572e00fbd6c62d23ee5990fada99a,6,4951,c0ff7833c0013b08
963,963,963,apache/camel,f2863edcfe2572e00fbd6c62d23ee5990fada99a,1,4951,c0ff7833c0013b08
964,964,964,apache/camel,f2863edcfe2572e00fbd6c62d23ee5990fada99a,1,4951,c0ff7833c0013b08
965,965,965,apache/camel,f2863edcfe2572e00fbd6c62d23ee5990fada99a,4,4951,c0ff7833c0013b08
966,966,966,apache/camel,f2863edcfe2572e00fbd6c62d23ee5990fada99a,2,4951,c0ff7833c0013b08
967,967,967,apache/camel,f2863edcfe2572e00fbd6c62d23ee5990fada99a,2,4951,c0ff7833c0013b08
968,968,968,apache/camel,f2863edcfe2572e00fbd6c62d23ee5990fada99a,2,4951,c0ff7833c0013b08
969,969,969,apache/camel,f2863edcfe2572e00fbd6c62d23ee5990fada99a,1,4951,c0ff7833c0013b08
970,970,970,apache/camel,f2863edcfe2572e00fbd6c62d23ee5990fada99a,2,4951,c0ff7833c0013b08
971,971,971,apache/camel,f2863edcfe2572e00fbd6c62d23ee5990fada99a,1,4951,c0ff7833c0013b08
972,972,972,apache/camel,f2863edcfe2572e00fbd6c62d23ee5990fada99a,6,4951,c0ff7833c0013b08
973,973,973,apache/camel,f2863edcfe2572e00fbd6c62d23ee5990fada99a,7,4951,c0ff7833c0013b08
974,974,974,apache/camel,f2863edcfe2572e00fbd6c62d23ee5990fada99a,1,4951,c0ff7833c0013b08
975,975,975,apache/camel,f2863edcfe2572e00fbd6c62d23ee5990fada99a,3,4951,c0ff7833c0013b08
976,976,976,apache/camel,f2863edcfe2572e00fbd6c62d23ee5990fada99a,1,4951,c0ff7833c0013b08
977,977,977,apache/camel,f2863edcfe2572e00fbd6c62d23ee5990fada99a,4,4951,c0ff7833c0013b08
978,978,978,apache/camel,f2863edcfe2572e00fbd6c62d23ee5990fada99a,2,4951,c0ff7833c0013b08
979,979,979,apache/camel,f2863edcfe2572e00fbd6c62d23ee5990fada99a,2,4951,c0ff7833c0013b08
980,980,980,apache/camel,f2863edcfe2572e00fbd6c62d23ee5990fada99a,1,4951,c0ff7833c0013b08
981,981,981,apache/camel,f2863edcfe2572e00fbd6c62d23ee5990fada99a,2,4951,c0ff7833c0013b08
982,982,982,apache/camel,f2863edcfe2572e00fbd6c62d23ee5990fada99a,8,4951,c0ff7833c0013b08
983,983,983,apache/camel,f2863edcfe2572e00fbd6c62d23ee5990fada99a,1,4951,c0ff7833c0013b08
984,984,984,apache/camel,f2863edcfe2572e00fbd6c62d23ee5990fada99a,1,4951,c0ff7833c0013b08
985,985,985,apache/camel,f2863edcfe2572e00fbd6c62d23ee5990fada99a,3,4951,c0ff7833c0013b08
986,986,986,apache/camel,f2863edcfe2572e00fbd6c62d23ee5990fada99a,1,4951,c0ff7833c0013b08
987,987,987,apache/camel,f2863edcfe2572e00fbd6c62d23ee5990fada99a,1,4951,c0ff7833c0013b08
988,988,988,apache/camel,f2863edcfe2572e00fbd6c62d23ee5990fada99a,2,4951,c0ff7833c0013b08
989,989,989,apache/camel,f2863edcfe2572e00fbd6c62d23ee5990fada99a,1,4951,c0ff7833c0013b08
990,990,990,apache/camel,f2863edcfe2572e00fbd6c62d23ee5990fada99a,1,4951,c0ff7833c0013b08
991,991,991,apache/camel,f2863edcfe2572e00fbd6c62d23ee5990fada99a,2,4951,c0ff7833c0013b08
992,992,992,apache/camel,f2863edcfe2572e00fbd6c62d23ee5990fada99a,1,4951,c0ff7833c0013b08
993,993,993,apache/camel,f2863edcfe2572e00fbd6c62d23ee5990fada99a,7,4951,c0ff7833c0013b08
994,994,994,apache/camel,f2863edcfe2572e00fbd6c62d23ee5990fada99a,3,4951,c0ff7833c0013b08
995,995,995,apache/camel,f2863edcfe2572e00fbd6c62d23ee5990fada99a,5,4951,c0ff7833c0013b08
996,996,996,apache/camel,ce48fd142285b39dd77842a933f01e4620623efb,3,5301,c0ff7833c0013b08
997,997,997,apache/camel,ce48fd142285b39dd77842a933f01e4620623efb,1,5301,c0ff7833c0013b08
998,998,998,apache/camel,ce48fd142285b39dd77842a933f01e4620623efb,1,5301,c0ff7833c0013b08
999,999,999,apache/camel,ce48fd142285b39dd77842a933f01e4620623efb,2,5301,c0ff7833c0013b08
1000,1000,1000,apache/camel,ce48fd142285b39dd77842a933f01e4620623efb,2,5301,c0ff7833c0013b08
1001,1001,1001,apache/camel,ce48fd142285b39dd77842a933f01e4620623efb,1,5301,c0ff7833c0013b08
1002,1002,1002,apache/camel,ce48fd142285b39dd77842a933f01e4620623efb,2,5301,c0ff7833c0013b08
1003,1003,1003,apache/camel,ce48fd142285b39dd77842a933f01e4620623efb,1,5301,c0ff7833c0013b08
1004,1004,1004,apache/camel,ce48fd142285b39dd77842a933f01e4620623efb,1,5301,c0ff7833c0013b08
1005,1005,1005,apache/camel,ce48fd142285b39dd77842a933f01e4620623efb,10,5301,c0ff7833c0013b08
1006,1006,1006,apache/camel,ce48fd142285b39dd77842a933f01e4620623efb,1,5301,c0ff7833c0013b08
1007,1007,1007,apache/camel,ce48fd142285b39dd77842a933f01e4620623efb,2,5301,c0ff7833c0013b08
1008,1008,1008,apache/camel,ce48fd142285b39dd77842a933f01e4620623efb,1,5301,c0ff7833c0013b08
1009,1009,1009,apache/camel,ce48fd142285b39dd77842a933f01e4620623efb,1,5301,c0ff7833c0013b08
1010,1010,1010,apache/camel,ce48fd142285b39dd77842a933f01e4620623efb,2,5301,c0ff7833c0013b08
1011,1011,1011,apache/camel,ce48fd142285b39dd77842a933f01e4620623efb,5,5301,c0ff7833c0013b08
1012,1012,1012,apache/camel,ce48fd142285b39dd77842a933f01e4620623efb,1,5301,c0ff7833c0013b08
1013,1013,1013,apache/camel,ce48fd142285b39dd77842a933f01e4620623efb,6,5301,c0ff7833c0013b08
1014,1014,1014,apache/camel,ce48fd142285b39dd77842a933f01e4620623efb,1,5301,c0ff7833c0013b08
1015,1015,1015,apache/camel,ce48fd142285b39dd77842a933f01e4620623efb,4,5301,c0ff7833c0013b08
1016,1016,1016,apache/camel,ce48fd142285b39dd77842a933f01e4620623efb,2,5301,c0ff7833c0013b08
1017,1017,1017,apache/camel,ce48fd142285b39dd77842a933f01e4620623efb,2,5301,c0ff7833c0013b08
1018,1018,1018,apache/camel,ce48fd142285b39dd77842a933f01e4620623efb,2,5301,c0ff7833c0013b08
1019,1019,1019,apache/camel,ce48fd142285b39dd77842a933f01e4620623efb,4,5301,c0ff7833c0013b08
1020,1020,1020,apache/camel,ce48fd142285b39dd77842a933f01e4620623efb,2,5301,c0ff7833c0013b08
1021,1021,1021,apache/camel,ce48fd142285b39dd77842a933f01e4620623efb,6,5301,c0ff7833c0013b08
1022,1022,1022,apache/camel,ce48fd142285b39dd77842a933f01e4620623efb,2,5301,c0ff7833c0013b08
1023,1023,1023,apache/camel,ce48fd142285b39dd77842a933f01e4620623efb,2,5301,c0ff7833c0013b08
1024,1024,1024,apache/camel,ce48fd142285b39dd77842a933f01e4620623efb,3,5301,c0ff7833c0013b08
1025,1025,1025,apache/camel,ce48fd142285b39dd77842a933f01e4620623efb,1,5301,c0ff7833c0013b08
1026,1026,1026,apache/camel,ce48fd142285b39dd77842a933f01e4620623efb,2,5301,c0ff7833c0013b08
1027,1027,1027,apache/camel,ce48fd142285b39dd77842a933f01e4620623efb,4,5301,c0ff7833c0013b08
1028,1028,1028,apache/camel,ce48fd142285b39dd77842a933f01e4620623efb,3,5301,c0ff7833c0013b08
1029,1029,1029,apache/camel,ce48fd142285b39dd77842a933f01e4620623efb,3,5301,c0ff7833c0013b08
1030,1030,1030,apache/camel,ce48fd142285b39dd77842a933f01e4620623efb,3,5301,c0ff7833c0013b08
1031,1031,1031,apache/camel,ce48fd142285b39dd77842a933f01e4620623efb,4,5301,c0ff7833c0013b08
1032,1032,1032,apache/camel,ce48fd142285b39dd77842a933f01e4620623efb,1,5301,c0ff7833c0013b08
1033,1033,1033,apache/camel,ce48fd142285b39dd77842a933f01e4620623efb,3,5301,c0ff7833c0013b08
1034,1034,1034,apache/camel,ce48fd142285b39dd77842a933f01e4620623efb,2,5301,c0ff7833c0013b08
1035,1035,1035,apache/camel,20f2898f6080a4cde1a2bb5dc8b01a3578aa74bf,14,5709,c0ff7833c0013b08
1036,1036,1036,apache/camel,20f2898f6080a4cde1a2bb5dc8b01a3578aa74bf,14,5709,c0ff7833c0013b08
1037,1037,1037,apache/camel,20f2898f6080a4cde1a2bb5dc8b01a3578aa74bf,6,5709,c0ff7833c0013b08
1038,1038,1038,apache/camel,20f2898f6080a4cde1a2bb5dc8b01a3578aa74bf,1,5709,c0ff7833c0013b08
1039,1039,1039,apache/camel,20f2898f6080a4cde1a2bb5dc8b01a3578aa74bf,1,5709,c0ff7833c0013b08
1040,1040,1040,apache/camel,27105d1ffda37943827d3da4534e7b4a22eee105,3,5927,c0ff7833c0013b08
1041,1041,1041,apache/camel,27105d1ffda37943827d3da4534e7b4a22eee105,3,5927,c0ff7833c0013b08
1042,1042,1042,apache/camel,27105d1ffda37943827d3da4534e7b4a22eee105,3,5927,c0ff7833c0013b08
1043,1043,1043,apache/camel,9d5fd0d12094fc6967834baf5270bbfa18a1c9b4,1,6483,c0ff7833c0013b08
1044,1044,1044,apache/camel,9d5fd0d12094fc6967834baf5270bbfa18a1c9b4,2,6483,c0ff7833c0013b08
1045,1045,1045,apache/camel,9d5fd0d12094fc6967834baf5270bbfa18a1c9b4,2,6483,c0ff7833c0013b08
1046,1046,1046,apache/camel,38e046d246c8c706bca09d8c2fd795afb2e4d3f1,2,6512,c0ff7833c0013b08
1047,1047,1047,apache/camel,38e046d246c8c706bca09d8c2fd795afb2e4d3f1,3,6512,c0ff7833c0013b08
1048,1048,1048,apache/camel,38e046d246c8c706bca09d8c2fd795afb2e4d3f1,3,6512,c0ff7833c0013b08
1049,1049,1049,apache/camel,b24c1f9647856992c8b8f2af0d5626b2832d6108,3,6628,c0ff7833c0013b08
1050,1050,1050,apache/camel,b24c1f9647856992c8b8f2af0d5626b2832d6108,1,6628,c0ff7833c0013b08
1051,1051,1051,apache/camel,2e3960bbc21938bfe513c04633e48b3088cd5058,1,6738,c0ff7833c0013b08
1052,1052,1052,apache/camel,4a0282b413db910b4a5ab6c9f9c65a1c8d5b8c04,3,7120,c0ff7833c0013b08
1053,1053,1053,apache/camel,78ebec3138bb26d79c4432791a45d69c49daae18,1,7290,c0ff7833c0013b08
1054,1054,1054,apache/camel,bd1cafcc328136212da24661cb17c13465a19947,1,7401,c0ff7833c0013b08
1055,1055,1055,apache/hbase,ff87e088bd8904b1f1dc15f8c7e4efd8e568b125,2,220,c0ff7833c0013b08
1056,1056,1056,apache/hbase,ff87e088bd8904b1f1dc15f8c7e4efd8e568b125,1,220,c0ff7833c0013b08
1057,1057,1057,apache/hbase,ff87e088bd8904b1f1dc15f8c7e4efd8e568b125,2,220,c0ff7833c0013b08
1058,1058,1058,apache/hbase,3a05d25478c93a857e78d9bc5f4f5b1178f58f3d,1,217,c0ff7833c0013b08
1059,1059,1059,apache/hbase,4af2fe34ab575101a12323d4bb1b43ff9569c488,3,255,c0ff7833c0013b08
1060,1060,1060,apache/hbase,4af2fe34ab575101a12323d4bb1b43ff9569c488,3,255,c0ff7833c0013b08
1061,1061,1061,apache/hbase,4af2fe34ab575101a12323d4bb1b43ff9569c488,2,255,c0ff7833c0013b08
1062,1062,1062,apache/hbase,4af2fe34ab575101a12323d4bb1b43ff9569c488,6,255,c0ff7833c0013b08
1063,1063,1063,apache/hbase,4af2fe34ab575101a12323d4bb1b43ff9569c488,1,255,c0ff7833c0013b08
1064,1064,1064,apache/hbase,4af2fe34ab575101a12323d4bb1b43ff9569c488,1,255,c0ff7833c0013b08
1065,1065,1065,apache/hbase,4af2fe34ab575101a12323d4bb1b43ff9569c488,2,255,c0ff7833c0013b08
1066,1066,1066,apache/hbase,4af2fe34ab575101a12323d4bb1b43ff9569c488,2,255,c0ff7833c0013b08
1067,1067,1067,apache/hbase,4af2fe34ab575101a12323d4bb1b43ff9569c488,1,255,c0ff7833c0013b08
1068,1068,1068,apache/hbase,4af2fe34ab575101a12323d4bb1b43ff9569c488,3,255,c0ff7833c0013b08
1069,1069,1069,apache/hbase,4af2fe34ab575101a12323d4bb1b43ff9569c488,1,255,c0ff7833c0013b08
1070,1070,1070,apache/hbase,4af2fe34ab575101a12323d4bb1b43ff9569c488,1,255,c0ff7833c0013b08
1071,1071,1071,apache/hbase,4af2fe34ab575101a12323d4bb1b43ff9569c488,1,255,c0ff7833c0013b08
1072,1072,1072,apache/hbase,b1247711b8dd5d7a1b5f3f43d5b95e11a59451ba,1,260,c0ff7833c0013b08
1073,1073,1073,apache/hbase,d734b5c280ba3214d105f2174dba6850209e0ed6,1,280,c0ff7833c0013b08
1074,1074,1074,apache/hbase,d734b5c280ba3214d105f2174dba6850209e0ed6,1,280,c0ff7833c0013b08
1075,1075,1075,apache/hbase,952719f5d172c32af04e98358da9c08e108ac269,1,282,c0ff7833c0013b08
1076,1076,1076,apache/hbase,f479355fa925100840bbdd1efe6709df26a8d280,3,308,c0ff7833c0013b08
1077,1077,1077,apache/hbase,f479355fa925100840bbdd1efe6709df26a8d280,2,308,c0ff7833c0013b08
1078,1078,1078,apache/hbase,f479355fa925100840bbdd1efe6709df26a8d280,1,308,c0ff7833c0013b08
1079,1079,1079,apache/hbase,d734b5c280ba3214d105f2174dba6850209e0ed6,2,280,c0ff7833c0013b08
1080,1080,1080,apache/hbase,f479355fa925100840bbdd1efe6709df26a8d280,1,308,c0ff7833c0013b08
1081,1081,1081,apache/hbase,f479355fa925100840bbdd1efe6709df26a8d280,1,308,c0ff7833c0013b08
1082,1082,1082,apache/hbase,f479355fa925100840bbdd1efe6709df26a8d280,5,308,c0ff7833c0013b08
1083,1083,1083,apache/hbase,f479355fa925100840bbdd1efe6709df26a8d280,2,308,c0ff7833c0013b08
1084,1084,1084,apache/hbase,f479355fa925100840bbdd1efe6709df26a8d280,1,308,c0ff7833c0013b08
1085,1085,1085,apache/hbase,28a63125aeaa2a500a7cce2a7e9da7c7f135210d,2,312,c0ff7833c0013b08
1086,1086,1086,apache/hbase,28a63125aeaa2a500a7cce2a7e9da7c7f135210d,1,312,c0ff7833c0013b08
1087,1087,1087,apache/hbase,f479355fa925100840bbdd1efe6709df26a8d280,1,308,c0ff7833c0013b08
1088,1088,1088,apache/hbase,f479355fa925100840bbdd1efe6709df26a8d280,1,308,c0ff7833c0013b08
1089,1089,1089,apache/hbase,28a63125aeaa2a500a7cce2a7e9da7c7f135210d,2,312,c0ff7833c0013b08
1090,1090,1090,apache/hbase,28a63125aeaa2a500a7cce2a7e9da7c7f135210d,4,312,c0ff7833c0013b08
1091,1091,1091,apache/hbase,4af2fe34ab575101a12323d4bb1b43ff9569c488,1,255,c0ff7833c0013b08
1092,1092,1092,apache/hbase,31da6f40ed6f5eb37f4481c19f2f0b74e5b9b8bf,2,313,c0ff7833c0013b08
1093,1093,1093,apache/hbase,f479355fa925100840bbdd1efe6709df26a8d280,1,308,c0ff7833c0013b08
1094,1094,1094,apache/hbase,1d51b88c4514455810a50b2458494574ea3ebf79,2,533,c0ff7833c0013b08
1095,1095,1095,apache/hbase,31da6f40ed6f5eb37f4481c19f2f0b74e5b9b8bf,1,313,c0ff7833c0013b08
1096,1096,1096,apache/hbase,1d51b88c4514455810a50b2458494574ea3ebf79,1,533,c0ff7833c0013b08
1097,1097,1097,apache/hbase,1d51b88c4514455810a50b2458494574ea3ebf79,1,533,c0ff7833c0013b08
1098,1098,1098,apache/hbase,1d51b88c4514455810a50b2458494574ea3ebf79,1,533,c0ff7833c0013b08
1099,1099,1099,apache/hbase,1d51b88c4514455810a50b2458494574ea3ebf79,1,533,c0ff7833c0013b08
1100,1100,1100,apache/hbase,1d51b88c4514455810a50b2458494574ea3ebf79,5,533,c0ff7833c0013b08
1101,1101,1101,apache/hbase,1d51b88c4514455810a50b2458494574ea3ebf79,2,533,c0ff7833c0013b08
1102,1102,1102,apache/hbase,1d51b88c4514455810a50b2458494574ea3ebf79,2,533,c0ff7833c0013b08
1103,1103,1103,apache/hbase,1d51b88c4514455810a50b2458494574ea3ebf79,9,533,c0ff7833c0013b08
1104,1104,1104,apache/hbase,1d51b88c4514455810a50b2458494574ea3ebf79,2,533,c0ff7833c0013b08
1105,1105,1105,apache/hbase,1d51b88c4514455810a50b2458494574ea3ebf79,5,533,c0ff7833c0013b08
1106,1106,1106,apache/hbase,1d51b88c4514455810a50b2458494574ea3ebf79,1,533,c0ff7833c0013b08
1107,1107,1107,apache/hbase,1d51b88c4514455810a50b2458494574ea3ebf79,1,533,c0ff7833c0013b08
1108,1108,1108,apache/hbase,1d51b88c4514455810a50b2458494574ea3ebf79,1,533,c0ff7833c0013b08
1109,1109,1109,apache/hbase,1d51b88c4514455810a50b2458494574ea3ebf79,1,533,c0ff7833c0013b08
1110,1110,1110,apache/hbase,1d51b88c4514455810a50b2458494574ea3ebf79,2,533,c0ff7833c0013b08
1111,1111,1111,apache/hbase,1d51b88c4514455810a50b2458494574ea3ebf79,5,533,c0ff7833c0013b08
1112,1112,1112,apache/hbase,1d51b88c4514455810a50b2458494574ea3ebf79,11,533,c0ff7833c0013b08
1113,1113,1113,apache/hbase,b5ab4df4d0b117afc5d6226f74307cae1bc77739,1,546,c0ff7833c0013b08
1114,1114,1114,apache/hbase,1d51b88c4514455810a50b2458494574ea3ebf79,1,533,c0ff7833c0013b08
1115,1115,1115,apache/hbase,b5ab4df4d0b117afc5d6226f74307cae1bc77739,2,546,c0ff7833c0013b08
1116,1116,1116,apache/hbase,1d51b88c4514455810a50b2458494574ea3ebf79,7,533,c0ff7833c0013b08
1117,1117,1117,apache/hbase,b5ab4df4d0b117afc5d6226f74307cae1bc77739,1,546,c0ff7833c0013b08
1118,1118,1118,apache/hbase,b5ab4df4d0b117afc5d6226f74307cae1bc77739,1,546,c0ff7833c0013b08
1119,1119,1119,apache/hbase,b5ab4df4d0b117afc5d6226f74307cae1bc77739,1,546,c0ff7833c0013b08
1120,1120,1120,apache/hbase,1d51b88c4514455810a50b2458494574ea3ebf79,1,533,c0ff7833c0013b08
1121,1121,1121,apache/hbase,b5ab4df4d0b117afc5d6226f74307cae1bc77739,1,546,c0ff7833c0013b08
1122,1122,1122,apache/hbase,d3cd7d185e9679bdb629e3fd3136252ff8f8481a,1,546,c0ff7833c0013b08
1123,1123,1123,apache/hbase,d3cd7d185e9679bdb629e3fd3136252ff8f8481a,1,546,c0ff7833c0013b08
1124,1124,1124,apache/hbase,1d51b88c4514455810a50b2458494574ea3ebf79,2,533,c0ff7833c0013b08
1125,1125,1125,apache/hbase,d3cd7d185e9679bdb629e3fd3136252ff8f8481a,1,546,c0ff7833c0013b08
1126,1126,1126,apache/hbase,d3cd7d185e9679bdb629e3fd3136252ff8f8481a,1,546,c0ff7833c0013b08
1127,1127,1127,apache/hbase,a2b06abd3d818e1969381efa592e6b1a35af3b65,1,626,c0ff7833c0013b08
1128,1128,1128,apache/hbase,a2b06abd3d818e1969381efa592e6b1a35af3b65,1,626,c0ff7833c0013b08
1129,1129,1129,apache/hbase,d3cd7d185e9679bdb629e3fd3136252ff8f8481a,1,546,c0ff7833c0013b08
1130,1130,1130,apache/hbase,1d51b88c4514455810a50b2458494574ea3ebf79,7,533,c0ff7833c0013b08
1131,1131,1131,apache/hbase,1d51b88c4514455810a50b2458494574ea3ebf79,1,533,c0ff7833c0013b08
1132,1132,1132,apache/hbase,9967e21a2273392f541565aa94b2e71cbe50ad43,2,530,c0ff7833c0013b08
1134,1134,1134,apache/hbase,4a8b5eaf13e9070f8a997211933cf5d3764fce36,1,646,c0ff7833c0013b08
1135,1135,1135,apache/hbase,4a8b5eaf13e9070f8a997211933cf5d3764fce36,1,646,c0ff7833c0013b08
1136,1136,1136,apache/hbase,6dec838874ef6ac421d1af55a826e56f0d1e6698,14,671,c0ff7833c0013b08
1137,1137,1137,apache/hbase,6dec838874ef6ac421d1af55a826e56f0d1e6698,1,671,c0ff7833c0013b08
1138,1138,1138,apache/hbase,9f950a067253a89ef584caeef7336c6fe019f421,2,666,c0ff7833c0013b08
1139,1139,1139,apache/hbase,6ba4e7c94d455949c78c7b0d47672d004452d90f,20,886,c0ff7833c0013b08
1140,1140,1140,apache/hbase,6ba4e7c94d455949c78c7b0d47672d004452d90f,2,886,c0ff7833c0013b08
1141,1141,1141,apache/hbase,6d3ac7a53719497d11ae29224b95a36da910b091,1,919,c0ff7833c0013b08
1142,1142,1142,apache/hbase,3546011c57f8eb7a21045119ebca651f167cb058,2,1055,c0ff7833c0013b08
1143,1143,1143,apache/hbase,3546011c57f8eb7a21045119ebca651f167cb058,3,1055,c0ff7833c0013b08
1144,1144,1144,apache/hbase,3546011c57f8eb7a21045119ebca651f167cb058,1,1055,c0ff7833c0013b08
1145,1145,1145,apache/hbase,3546011c57f8eb7a21045119ebca651f167cb058,1,1055,c0ff7833c0013b08
1146,1146,1146,apache/hbase,2fd647d99e4aae7da71cebb9efd017eebfe0e4fb,4,1061,c0ff7833c0013b08
1147,1147,1147,apache/hbase,2fd647d99e4aae7da71cebb9efd017eebfe0e4fb,1,1061,c0ff7833c0013b08
1148,1148,1148,apache/hbase,d3be66c36d47f86c1720a681f71cd66ed73cdd7c,2,1318,c0ff7833c0013b08
1149,1149,1149,apache/hbase,f554bb5d8424bff17115c8f85bfed521d3957627,1,1078,c0ff7833c0013b08
1150,1150,1150,apache/hbase,83b4a1ee9b9a2fa4c7ae1739259e041cabe8edc2,3,1322,c0ff7833c0013b08
1151,1151,1151,apache/hbase,fb434617716493eac82b55180b0bbd653beb90bf,2,1328,c0ff7833c0013b08
1152,1152,1152,apache/hbase,1a52cb9a955bd9a8d377b00b550bb5da5c71c7c4,1,1101,c0ff7833c0013b08
1153,1153,1153,apache/hbase,85088ed48c41778b332cc8742746f08d9807080e,1,1153,c0ff7833c0013b08
1154,1154,1154,apache/hbase,b50896be9b310197642823856feb162fb1e234fd,5,1251,c0ff7833c0013b08
1155,1155,1155,apache/hbase,b50896be9b310197642823856feb162fb1e234fd,5,1251,c0ff7833c0013b08
1156,1156,1156,apache/hbase,3eacd2b75ff00e4970e0a01d73c4b39c01613aa4,1,1275,c0ff7833c0013b08
1157,1157,1157,apache/hbase,181306a48ba8e30e7c74e2b2c285247d6f09e4db,2,1286,c0ff7833c0013b08
1158,1158,1158,apache/hbase,20b4689f9673e4bbcb3d4e88544b9100819235c2,2,1814,c0ff7833c0013b08
1159,1159,1159,apache/hbase,20b4689f9673e4bbcb3d4e88544b9100819235c2,10,1814,c0ff7833c0013b08
1160,1160,1160,apache/hbase,bf339d93f506352ece97bebd7a2e25bfc4b4bbed,1,1853,c0ff7833c0013b08
1161,1161,1161,apache/hbase,bf339d93f506352ece97bebd7a2e25bfc4b4bbed,1,1853,c0ff7833c0013b08
1162,1162,1162,apache/hbase,96692a87c5e28fddee956046822e65e7955811e3,5,2057,c0ff7833c0013b08
1163,1163,1163,apache/hbase,7d49aa5cb1ec287465e7e765154329c0c6832164,4,2087,c0ff7833c0013b08
1164,1164,1164,apache/hbase,7d49aa5cb1ec287465e7e765154329c0c6832164,4,2087,c0ff7833c0013b08
1165,1165,1165,apache/hbase,6e6cf74c1161035545d95921816121eb3a516fe0,2,2243,c0ff7833c0013b08
1166,1166,1166,apache/hbase,bbf8bf4362e858bd9bd0511c9289c31b09b7a927,2,2254,c0ff7833c0013b08
1167,1167,1167,apache/hbase,bbf8bf4362e858bd9bd0511c9289c31b09b7a927,1,2254,c0ff7833c0013b08
1168,1168,1168,apache/hbase,bbf8bf4362e858bd9bd0511c9289c31b09b7a927,1,2254,c0ff7833c0013b08
1169,1169,1169,apache/hbase,b00ec5da604d64a0bdc7d92452b1e0559f0f5d73,5,2254,c0ff7833c0013b08
1170,1170,1170,apache/hbase,b00ec5da604d64a0bdc7d92452b1e0559f0f5d73,2,2254,c0ff7833c0013b08
1171,1171,1171,apache/hbase,b00ec5da604d64a0bdc7d92452b1e0559f0f5d73,1,2254,c0ff7833c0013b08
1172,1172,1172,apache/hbase,bbf8bf4362e858bd9bd0511c9289c31b09b7a927,1,2254,c0ff7833c0013b08
1173,1173,1173,apache/hbase,bbf8bf4362e858bd9bd0511c9289c31b09b7a927,2,2254,c0ff7833c0013b08
1174,1174,1174,apache/hbase,8f54f8daf8cf4d1a629f8ed62363be29141c1b6e,1,2269,c0ff7833c0013b08
1175,1175,1175,apache/hbase,8f54f8daf8cf4d1a629f8ed62363be29141c1b6e,1,2269,c0ff7833c0013b08
1176,1176,1176,apache/hbase,8f54f8daf8cf4d1a629f8ed62363be29141c1b6e,2,2269,c0ff7833c0013b08
1177,1177,1177,apache/hbase,8f54f8daf8cf4d1a629f8ed62363be29141c1b6e,1,2269,c0ff7833c0013b08
1178,1178,1178,apache/hbase,8f54f8daf8cf4d1a629f8ed62363be29141c1b6e,2,2269,c0ff7833c0013b08
1179,1179,1179,apache/hbase,8f54f8daf8cf4d1a629f8ed62363be29141c1b6e,1,2269,c0ff7833c0013b08
1180,1180,1180,apache/hbase,8f54f8daf8cf4d1a629f8ed62363be29141c1b6e,1,2269,c0ff7833c0013b08
1181,1181,1181,apache/hbase,8f54f8daf8cf4d1a629f8ed62363be29141c1b6e,1,2269,c0ff7833c0013b08
1182,1182,1182,apache/hbase,8f54f8daf8cf4d1a629f8ed62363be29141c1b6e,1,2269,c0ff7833c0013b08
1183,1183,1183,apache/hbase,8f54f8daf8cf4d1a629f8ed62363be29141c1b6e,2,2269,c0ff7833c0013b08
1184,1184,1184,apache/hbase,8f54f8daf8cf4d1a629f8ed62363be29141c1b6e,2,2269,c0ff7833c0013b08
1185,1185,1185,apache/hbase,8f54f8daf8cf4d1a629f8ed62363be29141c1b6e,6,2269,c0ff7833c0013b08
1186,1186,1186,apache/hbase,8f54f8daf8cf4d1a629f8ed62363be29141c1b6e,3,2269,c0ff7833c0013b08
1187,1187,1187,apache/hbase,8f54f8daf8cf4d1a629f8ed62363be29141c1b6e,1,2269,c0ff7833c0013b08
1188,1188,1188,apache/hbase,8f54f8daf8cf4d1a629f8ed62363be29141c1b6e,2,2269,c0ff7833c0013b08
1189,1189,1189,apache/hbase,4e4aabb93b52f1b0fef6b66edd06ec8923014dec,2,2289,c0ff7833c0013b08
1190,1190,1190,apache/hbase,4e4aabb93b52f1b0fef6b66edd06ec8923014dec,1,2289,c0ff7833c0013b08
1191,1191,1191,apache/hbase,4e4aabb93b52f1b0fef6b66edd06ec8923014dec,1,2289,c0ff7833c0013b08
1192,1192,1192,apache/hbase,4e4aabb93b52f1b0fef6b66edd06ec8923014dec,1,2289,c0ff7833c0013b08
1193,1193,1193,apache/hbase,4e4aabb93b52f1b0fef6b66edd06ec8923014dec,3,2289,c0ff7833c0013b08
1194,1194,1194,apache/hbase,9dacab20513f7840e11f905998c8dd609fdfed6a,2,2308,c0ff7833c0013b08
1195,1195,1195,apache/hbase,9dacab20513f7840e11f905998c8dd609fdfed6a,1,2308,c0ff7833c0013b08
1196,1196,1196,apache/hbase,9dacab20513f7840e11f905998c8dd609fdfed6a,2,2308,c0ff7833c0013b08
1197,1197,1197,apache/hbase,9dacab20513f7840e11f905998c8dd609fdfed6a,3,2308,c0ff7833c0013b08
1198,1198,1198,apache/hbase,9dacab20513f7840e11f905998c8dd609fdfed6a,2,2308,c0ff7833c0013b08
1199,1199,1199,apache/hbase,9dacab20513f7840e11f905998c8dd609fdfed6a,1,2308,c0ff7833c0013b08
1200,1200,1200,apache/hbase,0b96029377a1eeb8bf4a0f26da28379bcf71a731,4,2309,c0ff7833c0013b08
1201,1201,1201,apache/hbase,0b96029377a1eeb8bf4a0f26da28379bcf71a731,3,2309,c0ff7833c0013b08
1202,1202,1202,apache/hbase,0b96029377a1eeb8bf4a0f26da28379bcf71a731,3,2309,c0ff7833c0013b08
1203,1203,1203,apache/hbase,0b96029377a1eeb8bf4a0f26da28379bcf71a731,1,2309,c0ff7833c0013b08
1204,1204,1204,apache/hbase,403796f949b743fb7bb1d57348b80605501372e2,1,2309,c0ff7833c0013b08
1205,1205,1205,apache/hbase,0b96029377a1eeb8bf4a0f26da28379bcf71a731,1,2309,c0ff7833c0013b08
1206,1206,1206,apache/hbase,403796f949b743fb7bb1d57348b80605501372e2,1,2309,c0ff7833c0013b08
1207,1207,1207,apache/hbase,403796f949b743fb7bb1d57348b80605501372e2,1,2309,c0ff7833c0013b08
1208,1208,1208,apache/hbase,d5f8300c082a75ce8edbbe08b66f077e7d663a4a,2,2340,c0ff7833c0013b08
1209,1209,1209,apache/hbase,d5f8300c082a75ce8edbbe08b66f077e7d663a4a,2,2340,c0ff7833c0013b08
1210,1210,1210,apache/hbase,d5f8300c082a75ce8edbbe08b66f077e7d663a4a,2,2340,c0ff7833c0013b08
1211,1211,1211,apache/hbase,1e527e73bc539a04ba0fa4ed3c0a82c7e9dd7d15,2,2370,c0ff7833c0013b08
1212,1212,1212,apache/hbase,1e527e73bc539a04ba0fa4ed3c0a82c7e9dd7d15,2,2370,c0ff7833c0013b08
1213,1213,1213,apache/hbase,7f57708da22668e7570629698777e229d5cf8039,4,2100,c0ff7833c0013b08
1214,1214,1214,apache/hbase,9624f3a9eb76f84656a41de0e2099c97f949e831,2,2373,c0ff7833c0013b08
1215,1215,1215,apache/hbase,9624f3a9eb76f84656a41de0e2099c97f949e831,1,2373,c0ff7833c0013b08
1216,1216,1216,apache/hbase,9624f3a9eb76f84656a41de0e2099c97f949e831,1,2373,c0ff7833c0013b08
1217,1217,1217,apache/hbase,9624f3a9eb76f84656a41de0e2099c97f949e831,2,2373,c0ff7833c0013b08
1218,1218,1218,apache/hbase,c31627efc954e2dccb5994becb721384ce400f2d,1,2381,c0ff7833c0013b08
1219,1219,1219,apache/hbase,c31627efc954e2dccb5994becb721384ce400f2d,2,2381,c0ff7833c0013b08
1220,1220,1220,apache/hbase,c31627efc954e2dccb5994becb721384ce400f2d,1,2381,c0ff7833c0013b08
1221,1221,1221,apache/hbase,daf57832da6ec9b1426a0c6fed44b2cc9482dde3,4,2380,c0ff7833c0013b08
1222,1222,1222,apache/hbase,daf57832da6ec9b1426a0c6fed44b2cc9482dde3,1,2380,c0ff7833c0013b08
1223,1223,1223,apache/hbase,daf57832da6ec9b1426a0c6fed44b2cc9482dde3,1,2380,c0ff7833c0013b08
1224,1224,1224,apache/hbase,daf57832da6ec9b1426a0c6fed44b2cc9482dde3,1,2380,c0ff7833c0013b08
1225,1225,1225,apache/hbase,7257dbc58fe27ec3b1b573707bb0a8f6fde3d462,1,2118,c0ff7833c0013b08
1226,1226,1226,apache/hbase,ed1a7896e41c88764cd360afaa315f979db9e989,2,2130,c0ff7833c0013b08
1227,1227,1227,apache/hbase,ed1a7896e41c88764cd360afaa315f979db9e989,1,2130,c0ff7833c0013b08
1228,1228,1228,apache/hbase,ed1a7896e41c88764cd360afaa315f979db9e989,1,2130,c0ff7833c0013b08
1229,1229,1229,apache/hbase,ed1a7896e41c88764cd360afaa315f979db9e989,1,2130,c0ff7833c0013b08
1230,1230,1230,apache/hbase,69d82e6e230e7f363eca9780011d6b6d05650556,5,2132,c0ff7833c0013b08
1231,1231,1231,apache/hbase,3645223d354a81af8d3d1cdfca9b3d45426f9959,3,2146,c0ff7833c0013b08
1232,1232,1232,apache/hbase,3645223d354a81af8d3d1cdfca9b3d45426f9959,3,2146,c0ff7833c0013b08
1233,1233,1233,apache/hbase,3645223d354a81af8d3d1cdfca9b3d45426f9959,2,2146,c0ff7833c0013b08
1234,1234,1234,apache/hbase,ea8d5cda3177aa194d0e50dd2dca1575d10fa657,2,2158,c0ff7833c0013b08
1235,1235,1235,apache/hbase,ea8d5cda3177aa194d0e50dd2dca1575d10fa657,7,2158,c0ff7833c0013b08
1236,1236,1236,apache/hbase,ea8d5cda3177aa194d0e50dd2dca1575d10fa657,1,2158,c0ff7833c0013b08
1237,1237,1237,apache/hbase,ea8d5cda3177aa194d0e50dd2dca1575d10fa657,1,2158,c0ff7833c0013b08
1238,1238,1238,apache/hbase,268619193787275cb68c034818ffcec32dda8416,1,2176,c0ff7833c0013b08
1239,1239,1239,apache/hbase,757a0952ce4674704d91a858b42ea94be8199b81,1,2255,c0ff7833c0013b08
1240,1240,1240,apache/hbase,757a0952ce4674704d91a858b42ea94be8199b81,1,2255,c0ff7833c0013b08
1241,1241,1241,apache/hbase,6a0c4f3bae1e92109393423472bd84097f096e75,1,2321,c0ff7833c0013b08
1242,1242,1242,apache/hbase,6c98bff7b719efdb16f71606f3b7d8229445eb81,3,2377,c0ff7833c0013b08
1243,1243,1243,apache/hbase,6c98bff7b719efdb16f71606f3b7d8229445eb81,1,2377,c0ff7833c0013b08
1244,1244,1244,apache/hbase,6c98bff7b719efdb16f71606f3b7d8229445eb81,1,2377,c0ff7833c0013b08
1245,1245,1245,apache/hbase,6c98bff7b719efdb16f71606f3b7d8229445eb81,1,2377,c0ff7833c0013b08
1246,1246,1246,apache/hbase,6c98bff7b719efdb16f71606f3b7d8229445eb81,1,2377,c0ff7833c0013b08
1247,1247,1247,apache/hbase,6c98bff7b719efdb16f71606f3b7d8229445eb81,1,2377,c0ff7833c0013b08
1248,1248,1248,apache/hbase,6c98bff7b719efdb16f71606f3b7d8229445eb81,3,2377,c0ff7833c0013b08
1249,1249,1249,apache/hbase,6c98bff7b719efdb16f71606f3b7d8229445eb81,1,2377,c0ff7833c0013b08
1250,1250,1250,apache/hbase,6c98bff7b719efdb16f71606f3b7d8229445eb81,1,2377,c0ff7833c0013b08
1251,1251,1251,apache/hbase,e1dbf4df30d214fca14908df71d038081577ea46,1,2390,c0ff7833c0013b08
1252,1252,1252,apache/hbase,e1dbf4df30d214fca14908df71d038081577ea46,2,2390,c0ff7833c0013b08
1253,1253,1253,apache/hbase,66a93c09df3b12ff7b86c39bc8475c60e15af82d,3,2390,c0ff7833c0013b08
1254,1254,1254,apache/hbase,66a93c09df3b12ff7b86c39bc8475c60e15af82d,4,2390,c0ff7833c0013b08
1255,1255,1255,apache/hbase,e1dbf4df30d214fca14908df71d038081577ea46,2,2390,c0ff7833c0013b08
1256,1256,1256,apache/hbase,76745a2cbffe08b812be16e0e19e637a23a923c5,2,2412,c0ff7833c0013b08
1257,1257,1257,apache/hbase,76745a2cbffe08b812be16e0e19e637a23a923c5,2,2412,c0ff7833c0013b08
1258,1258,1258,apache/hbase,76745a2cbffe08b812be16e0e19e637a23a923c5,3,2412,c0ff7833c0013b08
1259,1259,1259,apache/hbase,f1e1312f9790a7c40f6a4b5a1bab2ea1dd559890,2,2440,c0ff7833c0013b08
1260,1260,1260,apache/hbase,f1e1312f9790a7c40f6a4b5a1bab2ea1dd559890,1,2440,c0ff7833c0013b08
1261,1261,1261,apache/hbase,e860c66d41ddc8231004b646098a58abca7fb523,1,2561,c0ff7833c0013b08
1262,1262,1262,apache/hbase,e860c66d41ddc8231004b646098a58abca7fb523,1,2561,c0ff7833c0013b08
1263,1263,1263,apache/hbase,e860c66d41ddc8231004b646098a58abca7fb523,2,2561,c0ff7833c0013b08
1264,1264,1264,apache/hbase,e860c66d41ddc8231004b646098a58abca7fb523,2,2561,c0ff7833c0013b08
1265,1265,1265,apache/hbase,e860c66d41ddc8231004b646098a58abca7fb523,1,2561,c0ff7833c0013b08
1266,1266,1266,apache/hbase,e860c66d41ddc8231004b646098a58abca7fb523,1,2561,c0ff7833c0013b08
1267,1267,1267,apache/hbase,e860c66d41ddc8231004b646098a58abca7fb523,1,2561,c0ff7833c0013b08
1268,1268,1268,apache/hbase,e860c66d41ddc8231004b646098a58abca7fb523,2,2561,c0ff7833c0013b08
1269,1269,1269,apache/hbase,e860c66d41ddc8231004b646098a58abca7fb523,1,2561,c0ff7833c0013b08
1270,1270,1270,apache/hbase,e860c66d41ddc8231004b646098a58abca7fb523,1,2561,c0ff7833c0013b08
1271,1271,1271,apache/hbase,e860c66d41ddc8231004b646098a58abca7fb523,1,2561,c0ff7833c0013b08
1272,1272,1272,apache/hbase,e860c66d41ddc8231004b646098a58abca7fb523,2,2561,c0ff7833c0013b08
1273,1273,1273,apache/hbase,4de7d45cb593f98ae5d020080cbc7116d3e9d9a0,1,2561,c0ff7833c0013b08
1274,1274,1274,apache/hbase,e860c66d41ddc8231004b646098a58abca7fb523,1,2561,c0ff7833c0013b08
1275,1275,1275,apache/hbase,4de7d45cb593f98ae5d020080cbc7116d3e9d9a0,2,2561,c0ff7833c0013b08
1276,1276,1276,apache/hbase,4de7d45cb593f98ae5d020080cbc7116d3e9d9a0,1,2561,c0ff7833c0013b08
1277,1277,1277,apache/hbase,e860c66d41ddc8231004b646098a58abca7fb523,1,2561,c0ff7833c0013b08
1278,1278,1278,apache/hbase,e860c66d41ddc8231004b646098a58abca7fb523,2,2561,c0ff7833c0013b08
1279,1279,1279,apache/hbase,4de7d45cb593f98ae5d020080cbc7116d3e9d9a0,11,2561,c0ff7833c0013b08
1280,1280,1280,apache/hbase,4de7d45cb593f98ae5d020080cbc7116d3e9d9a0,1,2561,c0ff7833c0013b08
1281,1281,1281,apache/hbase,e860c66d41ddc8231004b646098a58abca7fb523,1,2561,c0ff7833c0013b08
1282,1282,1282,apache/hbase,4de7d45cb593f98ae5d020080cbc7116d3e9d9a0,1,2561,c0ff7833c0013b08
1283,1283,1283,apache/hbase,4de7d45cb593f98ae5d020080cbc7116d3e9d9a0,1,2561,c0ff7833c0013b08
1284,1284,1284,apache/hbase,d0a115a7267f54e01c72c603ec53e91ec418292f,1,2581,c0ff7833c0013b08
1285,1285,1285,apache/hbase,d0a115a7267f54e01c72c603ec53e91ec418292f,4,2581,c0ff7833c0013b08
1286,1286,1286,apache/hbase,d0a115a7267f54e01c72c603ec53e91ec418292f,1,2581,c0ff7833c0013b08
1287,1287,1287,apache/hbase,d0a115a7267f54e01c72c603ec53e91ec418292f,2,2581,c0ff7833c0013b08
1288,1288,1288,apache/hbase,d0a115a7267f54e01c72c603ec53e91ec418292f,3,2581,c0ff7833c0013b08
1289,1289,1289,apache/hbase,d0a115a7267f54e01c72c603ec53e91ec418292f,4,2581,c0ff7833c0013b08
1290,1290,1290,apache/hbase,d0a115a7267f54e01c72c603ec53e91ec418292f,12,2581,c0ff7833c0013b08
1291,1291,1291,apache/hbase,d0a115a7267f54e01c72c603ec53e91ec418292f,6,2581,c0ff7833c0013b08
1292,1292,1292,apache/hbase,cc2b70cf03e3378800661ec5cab11eb43fafe0fc,1,2586,c0ff7833c0013b08
1293,1293,1293,apache/hbase,cc2b70cf03e3378800661ec5cab11eb43fafe0fc,2,2586,c0ff7833c0013b08
1294,1294,1294,apache/hbase,cc2b70cf03e3378800661ec5cab11eb43fafe0fc,3,2586,c0ff7833c0013b08
1295,1295,1295,apache/hbase,cc2b70cf03e3378800661ec5cab11eb43fafe0fc,10,2586,c0ff7833c0013b08
1296,1296,1296,apache/hbase,cc2b70cf03e3378800661ec5cab11eb43fafe0fc,2,2586,c0ff7833c0013b08
1297,1297,1297,apache/hbase,cc2b70cf03e3378800661ec5cab11eb43fafe0fc,1,2586,c0ff7833c0013b08
1298,1298,1298,apache/hbase,cc2b70cf03e3378800661ec5cab11eb43fafe0fc,1,2586,c0ff7833c0013b08
1299,1299,1299,apache/hbase,cc2b70cf03e3378800661ec5cab11eb43fafe0fc,2,2586,c0ff7833c0013b08
1300,1300,1300,apache/hbase,cc2b70cf03e3378800661ec5cab11eb43fafe0fc,2,2586,c0ff7833c0013b08
1301,1301,1301,apache/hbase,72bc50f5fafeb105b2139e42bbee3d61ca724989,2,2626,c0ff7833c0013b08
1302,1302,1302,apache/hbase,72bc50f5fafeb105b2139e42bbee3d61ca724989,1,2626,c0ff7833c0013b08
1303,1303,1303,apache/hbase,72bc50f5fafeb105b2139e42bbee3d61ca724989,2,2626,c0ff7833c0013b08
1304,1304,1304,apache/hbase,72bc50f5fafeb105b2139e42bbee3d61ca724989,3,2626,c0ff7833c0013b08
1305,1305,1305,apache/hbase,72bc50f5fafeb105b2139e42bbee3d61ca724989,2,2626,c0ff7833c0013b08
1306,1306,1306,apache/hbase,72bc50f5fafeb105b2139e42bbee3d61ca724989,2,2626,c0ff7833c0013b08
1307,1307,1307,apache/hbase,72bc50f5fafeb105b2139e42bbee3d61ca724989,6,2626,c0ff7833c0013b08
1308,1308,1308,apache/hbase,14c0e77956f9bb4c6edf0378474264843e4a82c3,1,2629,c0ff7833c0013b08
1309,1309,1309,apache/hbase,14c0e77956f9bb4c6edf0378474264843e4a82c3,1,2629,c0ff7833c0013b08
1310,1310,1310,apache/hbase,14c0e77956f9bb4c6edf0378474264843e4a82c3,2,2629,c0ff7833c0013b08
1311,1311,1311,apache/hbase,239b80456118175b340b2e562a5568b5c744252e,1,2634,c0ff7833c0013b08
1312,1312,1312,apache/hbase,239b80456118175b340b2e562a5568b5c744252e,1,2634,c0ff7833c0013b08
1313,1313,1313,apache/hbase,239b80456118175b340b2e562a5568b5c744252e,1,2634,c0ff7833c0013b08
1314,1314,1314,apache/hbase,239b80456118175b340b2e562a5568b5c744252e,5,2634,c0ff7833c0013b08
1315,1315,1315,apache/hbase,2039d967835afd066676b83f0bcb722cc55fdde3,1,2633,c0ff7833c0013b08
1316,1316,1316,apache/hbase,e7ee6fa201c4fb1962f8928df3d519b70b4ff717,1,2638,c0ff7833c0013b08
1317,1317,1317,apache/hbase,e7ee6fa201c4fb1962f8928df3d519b70b4ff717,1,2638,c0ff7833c0013b08
1318,1318,1318,apache/hbase,e7ee6fa201c4fb1962f8928df3d519b70b4ff717,2,2638,c0ff7833c0013b08
1319,1319,1319,apache/hbase,e7ee6fa201c4fb1962f8928df3d519b70b4ff717,1,2638,c0ff7833c0013b08
1320,1320,1320,apache/hbase,e7ee6fa201c4fb1962f8928df3d519b70b4ff717,1,2638,c0ff7833c0013b08
1321,1321,1321,apache/hbase,25b281972df2f5b15c426c8963cbf77dd853a5ad,1,2693,c0ff7833c0013b08
1322,1322,1322,apache/hbase,25b281972df2f5b15c426c8963cbf77dd853a5ad,2,2693,c0ff7833c0013b08
1323,1323,1323,apache/hbase,25b281972df2f5b15c426c8963cbf77dd853a5ad,1,2693,c0ff7833c0013b08
1324,1324,1324,apache/hbase,25b281972df2f5b15c426c8963cbf77dd853a5ad,1,2693,c0ff7833c0013b08
1325,1325,1325,apache/hbase,25b281972df2f5b15c426c8963cbf77dd853a5ad,1,2693,c0ff7833c0013b08
1326,1326,1326,apache/hbase,25b281972df2f5b15c426c8963cbf77dd853a5ad,1,2693,c0ff7833c0013b08
1327,1327,1327,apache/hbase,25b281972df2f5b15c426c8963cbf77dd853a5ad,1,2693,c0ff7833c0013b08
1328,1328,1328,apache/hbase,25b281972df2f5b15c426c8963cbf77dd853a5ad,1,2693,c0ff7833c0013b08
1329,1329,1329,apache/hbase,25b281972df2f5b15c426c8963cbf77dd853a5ad,6,2693,c0ff7833c0013b08
1330,1330,1330,apache/hbase,25b281972df2f5b15c426c8963cbf77dd853a5ad,3,2693,c0ff7833c0013b08
1331,1331,1331,apache/hbase,25b281972df2f5b15c426c8963cbf77dd853a5ad,1,2693,c0ff7833c0013b08
1332,1332,1332,apache/hbase,25b281972df2f5b15c426c8963cbf77dd853a5ad,2,2693,c0ff7833c0013b08
1333,1333,1333,apache/hbase,25b281972df2f5b15c426c8963cbf77dd853a5ad,1,2693,c0ff7833c0013b08
1334,1334,1334,apache/hbase,25b281972df2f5b15c426c8963cbf77dd853a5ad,1,2693,c0ff7833c0013b08
1335,1335,1335,apache/hbase,25b281972df2f5b15c426c8963cbf77dd853a5ad,1,2693,c0ff7833c0013b08
1336,1336,1336,apache/hbase,25b281972df2f5b15c426c8963cbf77dd853a5ad,1,2693,c0ff7833c0013b08
1337,1337,1337,apache/hbase,25b281972df2f5b15c426c8963cbf77dd853a5ad,3,2693,c0ff7833c0013b08
1338,1338,1338,apache/hbase,25b281972df2f5b15c426c8963cbf77dd853a5ad,2,2693,c0ff7833c0013b08
1339,1339,1339,apache/hbase,25b281972df2f5b15c426c8963cbf77dd853a5ad,1,2693,c0ff7833c0013b08
1340,1340,1340,apache/hbase,25b281972df2f5b15c426c8963cbf77dd853a5ad,1,2693,c0ff7833c0013b08
1341,1341,1341,apache/hbase,25b281972df2f5b15c426c8963cbf77dd853a5ad,1,2693,c0ff7833c0013b08
1342,1342,1342,apache/hbase,25b281972df2f5b15c426c8963cbf77dd853a5ad,2,2693,c0ff7833c0013b08
1343,1343,1343,apache/hbase,25b281972df2f5b15c426c8963cbf77dd853a5ad,3,2693,c0ff7833c0013b08
1344,1344,1344,apache/hbase,25b281972df2f5b15c426c8963cbf77dd853a5ad,2,2693,c0ff7833c0013b08
1345,1345,1345,apache/hbase,25b281972df2f5b15c426c8963cbf77dd853a5ad,1,2693,c0ff7833c0013b08
1346,1346,1346,apache/hbase,25b281972df2f5b15c426c8963cbf77dd853a5ad,4,2693,c0ff7833c0013b08
1347,1347,1347,apache/hbase,25b281972df2f5b15c426c8963cbf77dd853a5ad,2,2693,c0ff7833c0013b08
1348,1348,1348,apache/hbase,25b281972df2f5b15c426c8963cbf77dd853a5ad,2,2693,c0ff7833c0013b08
1349,1349,1349,apache/hbase,25b281972df2f5b15c426c8963cbf77dd853a5ad,2,2693,c0ff7833c0013b08
1350,1350,1350,apache/hbase,25b281972df2f5b15c426c8963cbf77dd853a5ad,1,2693,c0ff7833c0013b08
1351,1351,1351,apache/hbase,25b281972df2f5b15c426c8963cbf77dd853a5ad,4,2693,c0ff7833c0013b08
1352,1352,1352,apache/hbase,25b281972df2f5b15c426c8963cbf77dd853a5ad,2,2693,c0ff7833c0013b08
1353,1353,1353,apache/hbase,25b281972df2f5b15c426c8963cbf77dd853a5ad,5,2693,c0ff7833c0013b08
1354,1354,1354,apache/hbase,25b281972df2f5b15c426c8963cbf77dd853a5ad,1,2693,c0ff7833c0013b08
1355,1355,1355,apache/hbase,25b281972df2f5b15c426c8963cbf77dd853a5ad,1,2693,c0ff7833c0013b08
1356,1356,1356,apache/hbase,25b281972df2f5b15c426c8963cbf77dd853a5ad,1,2693,c0ff7833c0013b08
1357,1357,1357,apache/hbase,25b281972df2f5b15c426c8963cbf77dd853a5ad,5,2693,c0ff7833c0013b08
1358,1358,1358,apache/hbase,25b281972df2f5b15c426c8963cbf77dd853a5ad,2,2693,c0ff7833c0013b08
1359,1359,1359,apache/hbase,25b281972df2f5b15c426c8963cbf77dd853a5ad,2,2693,c0ff7833c0013b08
1360,1360,1360,apache/hbase,25b281972df2f5b15c426c8963cbf77dd853a5ad,2,2693,c0ff7833c0013b08
1361,1361,1361,apache/hbase,25b281972df2f5b15c426c8963cbf77dd853a5ad,1,2693,c0ff7833c0013b08
1362,1362,1362,apache/hbase,25b281972df2f5b15c426c8963cbf77dd853a5ad,3,2693,c0ff7833c0013b08
1363,1363,1363,apache/hbase,25b281972df2f5b15c426c8963cbf77dd853a5ad,2,2693,c0ff7833c0013b08
1364,1364,1364,apache/hbase,25b281972df2f5b15c426c8963cbf77dd853a5ad,5,2693,c0ff7833c0013b08
1365,1365,1365,apache/hbase,25b281972df2f5b15c426c8963cbf77dd853a5ad,2,2693,c0ff7833c0013b08
1366,1366,1366,apache/hbase,25b281972df2f5b15c426c8963cbf77dd853a5ad,2,2693,c0ff7833c0013b08
1367,1367,1367,apache/hbase,8d8a7107dc4ccbf36a92f64675dc60392f85c015,1,2699,c0ff7833c0013b08
1368,1368,1368,apache/hbase,8d8a7107dc4ccbf36a92f64675dc60392f85c015,1,2699,c0ff7833c0013b08
1369,1369,1369,apache/hbase,3f671c1ead70d249ea4598f1bbcc5151322b3a13,1,2703,c0ff7833c0013b08
1370,1370,1370,apache/hbase,e359c76e8d9fd0d67396456f92bcbad9ecd7a710,2,2810,c0ff7833c0013b08
1371,1371,1371,apache/hbase,e359c76e8d9fd0d67396456f92bcbad9ecd7a710,1,2810,c0ff7833c0013b08
1372,1372,1372,apache/hbase,e359c76e8d9fd0d67396456f92bcbad9ecd7a710,1,2810,c0ff7833c0013b08
1373,1373,1373,apache/hbase,e359c76e8d9fd0d67396456f92bcbad9ecd7a710,1,2810,c0ff7833c0013b08
1374,1374,1374,apache/hbase,e359c76e8d9fd0d67396456f92bcbad9ecd7a710,1,2810,c0ff7833c0013b08
1375,1375,1375,apache/hbase,e359c76e8d9fd0d67396456f92bcbad9ecd7a710,1,2810,c0ff7833c0013b08
1376,1376,1376,apache/hbase,e359c76e8d9fd0d67396456f92bcbad9ecd7a710,1,2810,c0ff7833c0013b08
1377,1377,1377,apache/hbase,e359c76e8d9fd0d67396456f92bcbad9ecd7a710,3,2810,c0ff7833c0013b08
1378,1378,1378,apache/hbase,e359c76e8d9fd0d67396456f92bcbad9ecd7a710,1,2810,c0ff7833c0013b08
1379,1379,1379,apache/hbase,e359c76e8d9fd0d67396456f92bcbad9ecd7a710,3,2810,c0ff7833c0013b08
1380,1380,1380,apache/hbase,e359c76e8d9fd0d67396456f92bcbad9ecd7a710,2,2810,c0ff7833c0013b08
1381,1381,1381,apache/hbase,e359c76e8d9fd0d67396456f92bcbad9ecd7a710,1,2810,c0ff7833c0013b08
1382,1382,1382,apache/hbase,e359c76e8d9fd0d67396456f92bcbad9ecd7a710,1,2810,c0ff7833c0013b08
1383,1383,1383,apache/hbase,e359c76e8d9fd0d67396456f92bcbad9ecd7a710,1,2810,c0ff7833c0013b08
1384,1384,1384,apache/hbase,e359c76e8d9fd0d67396456f92bcbad9ecd7a710,3,2810,c0ff7833c0013b08
1385,1385,1385,apache/hbase,10b9b9fae6b557157644fb9a0dc641bb8cb26e39,2,3014,c0ff7833c0013b08
1386,1386,1386,apache/hbase,e359c76e8d9fd0d67396456f92bcbad9ecd7a710,1,2810,c0ff7833c0013b08
1387,1387,1387,apache/hbase,e359c76e8d9fd0d67396456f92bcbad9ecd7a710,1,2810,c0ff7833c0013b08
1388,1388,1388,apache/hbase,10b9b9fae6b557157644fb9a0dc641bb8cb26e39,1,3014,c0ff7833c0013b08
1389,1389,1389,apache/hbase,e359c76e8d9fd0d67396456f92bcbad9ecd7a710,2,2810,c0ff7833c0013b08
1390,1390,1390,apache/hbase,e359c76e8d9fd0d67396456f92bcbad9ecd7a710,3,2810,c0ff7833c0013b08
1391,1391,1391,apache/hbase,10b9b9fae6b557157644fb9a0dc641bb8cb26e39,1,3014,c0ff7833c0013b08
1392,1392,1392,apache/hbase,10b9b9fae6b557157644fb9a0dc641bb8cb26e39,2,3014,c0ff7833c0013b08
1393,1393,1393,apache/hbase,10b9b9fae6b557157644fb9a0dc641bb8cb26e39,1,3014,c0ff7833c0013b08
1394,1394,1394,apache/hbase,e359c76e8d9fd0d67396456f92bcbad9ecd7a710,1,2810,c0ff7833c0013b08
1395,1395,1395,apache/hbase,10b9b9fae6b557157644fb9a0dc641bb8cb26e39,9,3014,c0ff7833c0013b08
1396,1396,1396,apache/hbase,e359c76e8d9fd0d67396456f92bcbad9ecd7a710,1,2810,c0ff7833c0013b08
1397,1397,1397,apache/hbase,e359c76e8d9fd0d67396456f92bcbad9ecd7a710,3,2810,c0ff7833c0013b08
1398,1398,1398,apache/hbase,e359c76e8d9fd0d67396456f92bcbad9ecd7a710,4,2810,c0ff7833c0013b08
1399,1399,1399,apache/hbase,e359c76e8d9fd0d67396456f92bcbad9ecd7a710,1,2810,c0ff7833c0013b08
1400,1400,1400,apache/hbase,67592f3d062743907f8c5ae00dbbe1ae4f69e5af,1,2714,c0ff7833c0013b08
1401,1401,1401,apache/hbase,e359c76e8d9fd0d67396456f92bcbad9ecd7a710,2,2810,c0ff7833c0013b08
1402,1402,1402,apache/hbase,e359c76e8d9fd0d67396456f92bcbad9ecd7a710,3,2810,c0ff7833c0013b08
1403,1403,1403,apache/hive,7dde7825d80165e24497c6ae560407d4c0c42e2c,9,1461,c0ff7833c0013b08
1404,1404,1404,apache/hive,7dde7825d80165e24497c6ae560407d4c0c42e2c,1,1461,c0ff7833c0013b08
1405,1405,1405,apache/hive,7dde7825d80165e24497c6ae560407d4c0c42e2c,1,1461,c0ff7833c0013b08
1406,1406,1406,apache/hive,7dde7825d80165e24497c6ae560407d4c0c42e2c,1,1461,c0ff7833c0013b08
1407,1407,1407,apache/hive,7dde7825d80165e24497c6ae560407d4c0c42e2c,9,1461,c0ff7833c0013b08
1408,1408,1408,apache/hive,383fce63cb591359d27883be670d4155752cb181,10,2111,c0ff7833c0013b08
1409,1409,1409,apache/hive,383fce63cb591359d27883be670d4155752cb181,1,2111,c0ff7833c0013b08
1410,1410,1410,apache/hive,383fce63cb591359d27883be670d4155752cb181,1,2111,c0ff7833c0013b08
1411,1411,1411,apache/hive,383fce63cb591359d27883be670d4155752cb181,1,2111,c0ff7833c0013b08
1412,1412,1412,apache/hive,383fce63cb591359d27883be670d4155752cb181,9,2111,c0ff7833c0013b08
1413,1413,1413,apache/hive,383fce63cb591359d27883be670d4155752cb181,1,2111,c0ff7833c0013b08
1414,1414,1414,apache/hive,383fce63cb591359d27883be670d4155752cb181,2,2111,c0ff7833c0013b08
1415,1415,1415,apache/hive,383fce63cb591359d27883be670d4155752cb181,1,2111,c0ff7833c0013b08
1416,1416,1416,apache/hive,b77a6caafbba087bea617e87b566b5b55ff102f6,3,2526,c0ff7833c0013b08
1417,1417,1417,apache/hive,b77a6caafbba087bea617e87b566b5b55ff102f6,3,2526,c0ff7833c0013b08
1418,1418,1418,apache/hive,b77a6caafbba087bea617e87b566b5b55ff102f6,13,2526,c0ff7833c0013b08
1419,1419,1419,apache/hive,b77a6caafbba087bea617e87b566b5b55ff102f6,1,2526,c0ff7833c0013b08
1420,1420,1420,apache/hive,b77a6caafbba087bea617e87b566b5b55ff102f6,1,2526,c0ff7833c0013b08
1421,1421,1421,apache/hive,b77a6caafbba087bea617e87b566b5b55ff102f6,6,2526,c0ff7833c0013b08
1422,1422,1422,apache/hive,b77a6caafbba087bea617e87b566b5b55ff102f6,1,2526,c0ff7833c0013b08
1423,1423,1423,apache/hive,b77a6caafbba087bea617e87b566b5b55ff102f6,1,2526,c0ff7833c0013b08
1424,1424,1424,apache/hive,b77a6caafbba087bea617e87b566b5b55ff102f6,1,2526,c0ff7833c0013b08
1425,1425,1425,apache/hive,b77a6caafbba087bea617e87b566b5b55ff102f6,4,2526,c0ff7833c0013b08
1426,1426,1426,apache/hive,b77a6caafbba087bea617e87b566b5b55ff102f6,1,2526,c0ff7833c0013b08
1427,1427,1427,apache/hive,b77a6caafbba087bea617e87b566b5b55ff102f6,1,2526,c0ff7833c0013b08
1428,1428,1428,apache/hive,b77a6caafbba087bea617e87b566b5b55ff102f6,4,2526,c0ff7833c0013b08
1429,1429,1429,apache/hive,b77a6caafbba087bea617e87b566b5b55ff102f6,5,2526,c0ff7833c0013b08
1430,1430,1430,apache/hive,b77a6caafbba087bea617e87b566b5b55ff102f6,3,2526,c0ff7833c0013b08
1431,1431,1431,apache/hive,b77a6caafbba087bea617e87b566b5b55ff102f6,7,2526,c0ff7833c0013b08
1432,1432,1432,apache/hive,b77a6caafbba087bea617e87b566b5b55ff102f6,6,2526,c0ff7833c0013b08
1433,1433,1433,apache/hive,b77a6caafbba087bea617e87b566b5b55ff102f6,3,2526,c0ff7833c0013b08
1434,1434,1434,apache/hive,b77a6caafbba087bea617e87b566b5b55ff102f6,3,2526,c0ff7833c0013b08
1435,1435,1435,apache/hive,b77a6caafbba087bea617e87b566b5b55ff102f6,3,2526,c0ff7833c0013b08
1436,1436,1436,apache/hive,d0fe5f1b3ac361f747b12f9137322367da73652f,3,3231,c0ff7833c0013b08
1437,1437,1437,apache/hive,b77a6caafbba087bea617e87b566b5b55ff102f6,1,2526,c0ff7833c0013b08
1438,1438,1438,apache/hive,b77a6caafbba087bea617e87b566b5b55ff102f6,2,2526,c0ff7833c0013b08
1439,1439,1439,apache/hive,d0fe5f1b3ac361f747b12f9137322367da73652f,2,3231,c0ff7833c0013b08
1440,1440,1440,apache/hive,d0fe5f1b3ac361f747b12f9137322367da73652f,1,3231,c0ff7833c0013b08
1441,1441,1441,apache/hive,d0fe5f1b3ac361f747b12f9137322367da73652f,1,3231,c0ff7833c0013b08
1442,1442,1442,apache/hive,d0fe5f1b3ac361f747b12f9137322367da73652f,1,3231,c0ff7833c0013b08
1443,1443,1443,apache/hive,d0fe5f1b3ac361f747b12f9137322367da73652f,10,3231,c0ff7833c0013b08
1444,1444,1444,apache/hive,d0fe5f1b3ac361f747b12f9137322367da73652f,1,3231,c0ff7833c0013b08
1445,1445,1445,apache/hive,d0fe5f1b3ac361f747b12f9137322367da73652f,1,3231,c0ff7833c0013b08
1446,1446,1446,apache/hive,d0fe5f1b3ac361f747b12f9137322367da73652f,1,3231,c0ff7833c0013b08
1447,1447,1447,apache/hive,d0fe5f1b3ac361f747b12f9137322367da73652f,9,3231,c0ff7833c0013b08
1448,1448,1448,apache/hive,d0fe5f1b3ac361f747b12f9137322367da73652f,3,3231,c0ff7833c0013b08
1449,1449,1449,apache/hive,d0fe5f1b3ac361f747b12f9137322367da73652f,2,3231,c0ff7833c0013b08
1450,1450,1450,apache/hive,d0fe5f1b3ac361f747b12f9137322367da73652f,1,3231,c0ff7833c0013b08
1451,1451,1451,apache/hive,d0fe5f1b3ac361f747b12f9137322367da73652f,1,3231,c0ff7833c0013b08
1452,1452,1452,apache/hive,d0fe5f1b3ac361f747b12f9137322367da73652f,1,3231,c0ff7833c0013b08
1453,1453,1453,apache/hive,d0fe5f1b3ac361f747b12f9137322367da73652f,1,3231,c0ff7833c0013b08
1454,1454,1454,apache/hive,d0fe5f1b3ac361f747b12f9137322367da73652f,3,3231,c0ff7833c0013b08
1455,1455,1455,apache/hive,d0fe5f1b3ac361f747b12f9137322367da73652f,1,3231,c0ff7833c0013b08
1456,1456,1456,apache/hive,d0fe5f1b3ac361f747b12f9137322367da73652f,1,3231,c0ff7833c0013b08
1457,1457,1457,apache/hive,d0fe5f1b3ac361f747b12f9137322367da73652f,1,3231,c0ff7833c0013b08
1458,1458,1458,apache/hive,d0fe5f1b3ac361f747b12f9137322367da73652f,2,3231,c0ff7833c0013b08
1459,1459,1459,apache/hive,89bb2e8c34386b43efa37ecc6918a50c4bfb005f,2,3231,c0ff7833c0013b08
1460,1460,1460,apache/hive,89bb2e8c34386b43efa37ecc6918a50c4bfb005f,4,3231,c0ff7833c0013b08
1461,1461,1461,apache/hive,89bb2e8c34386b43efa37ecc6918a50c4bfb005f,1,3231,c0ff7833c0013b08
1462,1462,1462,apache/hive,89bb2e8c34386b43efa37ecc6918a50c4bfb005f,7,3231,c0ff7833c0013b08
1463,1463,1463,apache/hive,89bb2e8c34386b43efa37ecc6918a50c4bfb005f,4,3231,c0ff7833c0013b08
1464,1464,1464,apache/hive,89bb2e8c34386b43efa37ecc6918a50c4bfb005f,1,3231,c0ff7833c0013b08
1465,1465,1465,apache/hive,89bb2e8c34386b43efa37ecc6918a50c4bfb005f,1,3231,c0ff7833c0013b08
1466,1466,1466,apache/hive,89bb2e8c34386b43efa37ecc6918a50c4bfb005f,2,3231,c0ff7833c0013b08
1467,1467,1467,apache/hive,89bb2e8c34386b43efa37ecc6918a50c4bfb005f,1,3231,c0ff7833c0013b08
1468,1468,1468,apache/hive,89bb2e8c34386b43efa37ecc6918a50c4bfb005f,1,3231,c0ff7833c0013b08
1469,1469,1469,apache/hive,70eea944afaf5f64b8939b2b3a0d8fdd33a41c18,1,3407,c0ff7833c0013b08
1470,1470,1470,apache/hive,70eea944afaf5f64b8939b2b3a0d8fdd33a41c18,1,3407,c0ff7833c0013b08
1471,1471,1471,apache/hive,70eea944afaf5f64b8939b2b3a0d8fdd33a41c18,1,3407,c0ff7833c0013b08
1472,1472,1472,apache/hive,70eea944afaf5f64b8939b2b3a0d8fdd33a41c18,4,3407,c0ff7833c0013b08
1473,1473,1473,apache/hive,70eea944afaf5f64b8939b2b3a0d8fdd33a41c18,1,3407,c0ff7833c0013b08
1474,1474,1474,apache/hive,70eea944afaf5f64b8939b2b3a0d8fdd33a41c18,6,3407,c0ff7833c0013b08
1475,1475,1475,apache/hive,70eea944afaf5f64b8939b2b3a0d8fdd33a41c18,6,3407,c0ff7833c0013b08
1476,1476,1476,apache/hive,70eea944afaf5f64b8939b2b3a0d8fdd33a41c18,1,3407,c0ff7833c0013b08
1477,1477,1477,apache/hive,70eea944afaf5f64b8939b2b3a0d8fdd33a41c18,1,3407,c0ff7833c0013b08
1478,1478,1478,apache/hive,70eea944afaf5f64b8939b2b3a0d8fdd33a41c18,1,3407,c0ff7833c0013b08
1479,1479,1479,apache/hive,70eea944afaf5f64b8939b2b3a0d8fdd33a41c18,3,3407,c0ff7833c0013b08
1480,1480,1480,apache/hive,70eea944afaf5f64b8939b2b3a0d8fdd33a41c18,3,3407,c0ff7833c0013b08
1481,1481,1481,apache/hive,70eea944afaf5f64b8939b2b3a0d8fdd33a41c18,1,3407,c0ff7833c0013b08
1482,1482,1482,apache/hive,70eea944afaf5f64b8939b2b3a0d8fdd33a41c18,1,3407,c0ff7833c0013b08
1483,1483,1483,apache/hive,70eea944afaf5f64b8939b2b3a0d8fdd33a41c18,1,3407,c0ff7833c0013b08
1484,1484,1484,apache/hive,70eea944afaf5f64b8939b2b3a0d8fdd33a41c18,9,3407,c0ff7833c0013b08
1485,1485,1485,apache/hive,70eea944afaf5f64b8939b2b3a0d8fdd33a41c18,1,3407,c0ff7833c0013b08
1486,1486,1486,apache/hive,70eea944afaf5f64b8939b2b3a0d8fdd33a41c18,2,3407,c0ff7833c0013b08
1487,1487,1487,apache/hive,70eea944afaf5f64b8939b2b3a0d8fdd33a41c18,2,3407,c0ff7833c0013b08
1488,1488,1488,apache/hive,70eea944afaf5f64b8939b2b3a0d8fdd33a41c18,2,3407,c0ff7833c0013b08
1489,1489,1489,apache/hive,70eea944afaf5f64b8939b2b3a0d8fdd33a41c18,1,3407,c0ff7833c0013b08
1490,1490,1490,apache/hive,70eea944afaf5f64b8939b2b3a0d8fdd33a41c18,2,3407,c0ff7833c0013b08
1491,1491,1491,apache/hive,2f01e0500ce571b197f998a5c0de46e56e066a36,5,979,c0ff7833c0013b08
1492,1492,1492,apache/hive,2f01e0500ce571b197f998a5c0de46e56e066a36,2,979,c0ff7833c0013b08
1493,1493,1493,apache/hive,2f01e0500ce571b197f998a5c0de46e56e066a36,2,979,c0ff7833c0013b08
1494,1494,1494,apache/hive,2f01e0500ce571b197f998a5c0de46e56e066a36,1,979,c0ff7833c0013b08
1495,1495,1495,apache/hive,6aa1b4843ead1306553d6943f25a62363075ef72,1,511,c0ff7833c0013b08
1496,1496,1496,apache/hive,6aa1b4843ead1306553d6943f25a62363075ef72,2,511,c0ff7833c0013b08
1497,1497,1497,apache/hive,6aa1b4843ead1306553d6943f25a62363075ef72,8,511,c0ff7833c0013b08
1498,1498,1498,apache/hive,6aa1b4843ead1306553d6943f25a62363075ef72,1,511,c0ff7833c0013b08
1499,1499,1499,apache/hive,6aa1b4843ead1306553d6943f25a62363075ef72,6,511,c0ff7833c0013b08
1500,1500,1500,apache/hive,6aa1b4843ead1306553d6943f25a62363075ef72,3,511,c0ff7833c0013b08
1501,1501,1501,apache/hive,6aa1b4843ead1306553d6943f25a62363075ef72,3,511,c0ff7833c0013b08
1502,1502,1502,apache/hive,6aa1b4843ead1306553d6943f25a62363075ef72,1,511,c0ff7833c0013b08
1503,1503,1503,apache/hive,6aa1b4843ead1306553d6943f25a62363075ef72,1,511,c0ff7833c0013b08
1504,1504,1504,apache/hive,6aa1b4843ead1306553d6943f25a62363075ef72,5,511,c0ff7833c0013b08
1505,1505,1505,apache/hive,6aa1b4843ead1306553d6943f25a62363075ef72,1,511,c0ff7833c0013b08
1506,1506,1506,apache/hive,6aa1b4843ead1306553d6943f25a62363075ef72,1,511,c0ff7833c0013b08
1508,1508,1508,apache/hive,ae049d52364ccbb09215952b801edf95259ca6b7,1,770,c0ff7833c0013b08
1512,1512,1512,apache/hive,6aa1b4843ead1306553d6943f25a62363075ef72,1,511,c0ff7833c0013b08
1513,1513,1513,apache/hive,6aa1b4843ead1306553d6943f25a62363075ef72,1,511,c0ff7833c0013b08
1514,1514,1514,apache/hive,6aa1b4843ead1306553d6943f25a62363075ef72,1,511,c0ff7833c0013b08
1515,1515,1515,apache/hive,ae049d52364ccbb09215952b801edf95259ca6b7,2,770,c0ff7833c0013b08
1516,1516,1516,apache/hive,ae049d52364ccbb09215952b801edf95259ca6b7,2,770,c0ff7833c0013b08
1517,1517,1517,apache/hive,ae049d52364ccbb09215952b801edf95259ca6b7,1,770,c0ff7833c0013b08
1519,1519,1519,apache/hive,3ffc9bd7a41f577dfb0b0b068c26bfa4effade16,1,860,c0ff7833c0013b08
1520,1520,1520,apache/hive,3ffc9bd7a41f577dfb0b0b068c26bfa4effade16,1,860,c0ff7833c0013b08
1521,1521,1521,apache/hive,3ffc9bd7a41f577dfb0b0b068c26bfa4effade16,1,860,c0ff7833c0013b08
1522,1522,1522,apache/hive,3ffc9bd7a41f577dfb0b0b068c26bfa4effade16,1,860,c0ff7833c0013b08
1523,1523,1523,apache/hive,3ffc9bd7a41f577dfb0b0b068c26bfa4effade16,2,860,c0ff7833c0013b08
1524,1524,1524,apache/hive,3ffc9bd7a41f577dfb0b0b068c26bfa4effade16,1,860,c0ff7833c0013b08
1525,1525,1525,apache/hive,3ffc9bd7a41f577dfb0b0b068c26bfa4effade16,1,860,c0ff7833c0013b08
1526,1526,1526,apache/hive,3ffc9bd7a41f577dfb0b0b068c26bfa4effade16,1,860,c0ff7833c0013b08
1527,1527,1527,apache/hive,3ffc9bd7a41f577dfb0b0b068c26bfa4effade16,1,860,c0ff7833c0013b08
1528,1528,1528,apache/hive,3ffc9bd7a41f577dfb0b0b068c26bfa4effade16,9,860,c0ff7833c0013b08
1529,1529,1529,apache/hive,3ffc9bd7a41f577dfb0b0b068c26bfa4effade16,1,860,c0ff7833c0013b08
1530,1530,1530,apache/hive,3ffc9bd7a41f577dfb0b0b068c26bfa4effade16,1,860,c0ff7833c0013b08
1531,1531,1531,apache/hive,3ffc9bd7a41f577dfb0b0b068c26bfa4effade16,5,860,c0ff7833c0013b08
1532,1532,1532,apache/hive,3ffc9bd7a41f577dfb0b0b068c26bfa4effade16,1,860,c0ff7833c0013b08
1533,1533,1533,apache/hive,3ffc9bd7a41f577dfb0b0b068c26bfa4effade16,7,860,c0ff7833c0013b08
1534,1534,1534,apache/hive,2f01e0500ce571b197f998a5c0de46e56e066a36,1,979,c0ff7833c0013b08
1535,1535,1535,apache/hive,2f01e0500ce571b197f998a5c0de46e56e066a36,2,979,c0ff7833c0013b08
1536,1536,1536,apache/hive,2f01e0500ce571b197f998a5c0de46e56e066a36,5,979,c0ff7833c0013b08
1537,1537,1537,apache/hive,3ffc9bd7a41f577dfb0b0b068c26bfa4effade16,9,860,c0ff7833c0013b08
1538,1538,1538,apache/hive,2f01e0500ce571b197f998a5c0de46e56e066a36,5,979,c0ff7833c0013b08
1539,1539,1539,apache/hive,2f01e0500ce571b197f998a5c0de46e56e066a36,2,979,c0ff7833c0013b08
1540,1540,1540,apache/hive,2f01e0500ce571b197f998a5c0de46e56e066a36,2,979,c0ff7833c0013b08
1541,1541,1541,apache/hive,2f01e0500ce571b197f998a5c0de46e56e066a36,1,979,c0ff7833c0013b08
1542,1542,1542,apache/hive,3ffc9bd7a41f577dfb0b0b068c26bfa4effade16,1,860,c0ff7833c0013b08
1543,1543,1543,apache/hive,3ffc9bd7a41f577dfb0b0b068c26bfa4effade16,1,860,c0ff7833c0013b08
1544,1544,1544,apache/hive,2f01e0500ce571b197f998a5c0de46e56e066a36,1,979,c0ff7833c0013b08
1545,1545,1545,apache/hive,3ffc9bd7a41f577dfb0b0b068c26bfa4effade16,1,860,c0ff7833c0013b08
1546,1546,1546,apache/hive,2f01e0500ce571b197f998a5c0de46e56e066a36,2,979,c0ff7833c0013b08
1547,1547,1547,apache/hive,2f01e0500ce571b197f998a5c0de46e56e066a36,3,979,c0ff7833c0013b08
1548,1548,1548,apache/hive,2f01e0500ce571b197f998a5c0de46e56e066a36,1,979,c0ff7833c0013b08
1549,1549,1549,apache/hive,2f01e0500ce571b197f998a5c0de46e56e066a36,2,979,c0ff7833c0013b08
1550,1550,1550,apache/hive,3ffc9bd7a41f577dfb0b0b068c26bfa4effade16,1,860,c0ff7833c0013b08
1551,1551,1551,apache/hive,3ffc9bd7a41f577dfb0b0b068c26bfa4effade16,2,860,c0ff7833c0013b08
1552,1552,1552,apache/hive,3ffc9bd7a41f577dfb0b0b068c26bfa4effade16,1,860,c0ff7833c0013b08
1553,1553,1553,apache/hive,3ffc9bd7a41f577dfb0b0b068c26bfa4effade16,3,860,c0ff7833c0013b08
1554,1554,1554,apache/hive,3ffc9bd7a41f577dfb0b0b068c26bfa4effade16,2,860,c0ff7833c0013b08
1555,1555,1555,apache/hive,2f01e0500ce571b197f998a5c0de46e56e066a36,1,979,c0ff7833c0013b08
1556,1556,1556,apache/hive,3ffc9bd7a41f577dfb0b0b068c26bfa4effade16,3,860,c0ff7833c0013b08
1557,1557,1557,apache/hive,2f01e0500ce571b197f998a5c0de46e56e066a36,3,979,c0ff7833c0013b08
1558,1558,1558,apache/hive,3ffc9bd7a41f577dfb0b0b068c26bfa4effade16,1,860,c0ff7833c0013b08
1559,1559,1559,apache/hive,3ffc9bd7a41f577dfb0b0b068c26bfa4effade16,2,860,c0ff7833c0013b08
1560,1560,1560,apache/hive,6aa1b4843ead1306553d6943f25a62363075ef72,1,511,c0ff7833c0013b08
1561,1561,1561,apache/hive,6aa1b4843ead1306553d6943f25a62363075ef72,1,511,c0ff7833c0013b08
1562,1562,1562,apache/hive,6aa1b4843ead1306553d6943f25a62363075ef72,1,511,c0ff7833c0013b08
1563,1563,1563,apache/hive,3ffc9bd7a41f577dfb0b0b068c26bfa4effade16,6,860,c0ff7833c0013b08
1564,1564,1564,apache/hive,6aa1b4843ead1306553d6943f25a62363075ef72,1,511,c0ff7833c0013b08
1565,1565,1565,apache/hive,ae049d52364ccbb09215952b801edf95259ca6b7,1,770,c0ff7833c0013b08
1566,1566,1566,apache/hive,2f01e0500ce571b197f998a5c0de46e56e066a36,2,979,c0ff7833c0013b08
1567,1567,1567,apache/hive,ae049d52364ccbb09215952b801edf95259ca6b7,1,770,c0ff7833c0013b08
1568,1568,1568,apache/hive,3ffc9bd7a41f577dfb0b0b068c26bfa4effade16,1,860,c0ff7833c0013b08
1570,1570,1570,apache/hive,5704958936ec8cef38744d46f52f6b4342a5bdcb,5,1100,c0ff7833c0013b08
1571,1571,1571,apache/hive,5704958936ec8cef38744d46f52f6b4342a5bdcb,8,1100,c0ff7833c0013b08
1572,1572,1572,apache/hive,5704958936ec8cef38744d46f52f6b4342a5bdcb,5,1100,c0ff7833c0013b08
1573,1573,1573,apache/hive,5704958936ec8cef38744d46f52f6b4342a5bdcb,1,1100,c0ff7833c0013b08
1574,1574,1574,apache/hive,5704958936ec8cef38744d46f52f6b4342a5bdcb,2,1100,c0ff7833c0013b08
1575,1575,1575,apache/hive,5704958936ec8cef38744d46f52f6b4342a5bdcb,1,1100,c0ff7833c0013b08
1576,1576,1576,apache/hive,5704958936ec8cef38744d46f52f6b4342a5bdcb,3,1100,c0ff7833c0013b08
1577,1577,1577,apache/hive,5704958936ec8cef38744d46f52f6b4342a5bdcb,1,1100,c0ff7833c0013b08
1578,1578,1578,apache/hive,5704958936ec8cef38744d46f52f6b4342a5bdcb,17,1100,c0ff7833c0013b08
1579,1579,1579,apache/hive,5704958936ec8cef38744d46f52f6b4342a5bdcb,1,1100,c0ff7833c0013b08
1580,1580,1580,apache/hive,5704958936ec8cef38744d46f52f6b4342a5bdcb,4,1100,c0ff7833c0013b08
1581,1581,1581,apache/hive,5704958936ec8cef38744d46f52f6b4342a5bdcb,2,1100,c0ff7833c0013b08
1582,1582,1582,apache/hive,5704958936ec8cef38744d46f52f6b4342a5bdcb,1,1100,c0ff7833c0013b08
1583,1583,1583,apache/hive,5704958936ec8cef38744d46f52f6b4342a5bdcb,1,1100,c0ff7833c0013b08
1584,1584,1584,apache/hive,5704958936ec8cef38744d46f52f6b4342a5bdcb,1,1100,c0ff7833c0013b08
1585,1585,1585,apache/hive,5704958936ec8cef38744d46f52f6b4342a5bdcb,3,1100,c0ff7833c0013b08
1586,1586,1586,apache/hive,5704958936ec8cef38744d46f52f6b4342a5bdcb,1,1100,c0ff7833c0013b08
1587,1587,1587,apache/hive,a30e0962fe886e3cb8c9593f756cd3a1d44de3d5,1,1102,c0ff7833c0013b08
1588,1588,1588,apache/hive,a30e0962fe886e3cb8c9593f756cd3a1d44de3d5,2,1102,c0ff7833c0013b08
1589,1589,1589,apache/hive,a30e0962fe886e3cb8c9593f756cd3a1d44de3d5,1,1102,c0ff7833c0013b08
1590,1590,1590,apache/hive,a30e0962fe886e3cb8c9593f756cd3a1d44de3d5,1,1102,c0ff7833c0013b08
1591,1591,1591,apache/hive,a30e0962fe886e3cb8c9593f756cd3a1d44de3d5,4,1102,c0ff7833c0013b08
1592,1592,1592,apache/hive,a30e0962fe886e3cb8c9593f756cd3a1d44de3d5,3,1102,c0ff7833c0013b08
1593,1593,1593,apache/hive,a30e0962fe886e3cb8c9593f756cd3a1d44de3d5,1,1102,c0ff7833c0013b08
1594,1594,1594,apache/hive,a30e0962fe886e3cb8c9593f756cd3a1d44de3d5,1,1102,c0ff7833c0013b08
1595,1595,1595,apache/hive,a30e0962fe886e3cb8c9593f756cd3a1d44de3d5,9,1102,c0ff7833c0013b08
1596,1596,1596,apache/hive,a30e0962fe886e3cb8c9593f756cd3a1d44de3d5,1,1102,c0ff7833c0013b08
1597,1597,1597,apache/hive,a30e0962fe886e3cb8c9593f756cd3a1d44de3d5,1,1102,c0ff7833c0013b08
1598,1598,1598,apache/hive,a30e0962fe886e3cb8c9593f756cd3a1d44de3d5,2,1102,c0ff7833c0013b08
1599,1599,1599,apache/hive,d0d694303d3fb7375aa176e982ae945ac0be9f7e,1,1277,c0ff7833c0013b08
1600,1600,1600,apache/hive,d0d694303d3fb7375aa176e982ae945ac0be9f7e,1,1277,c0ff7833c0013b08
1601,1601,1601,apache/hive,d0d694303d3fb7375aa176e982ae945ac0be9f7e,1,1277,c0ff7833c0013b08
1602,1602,1602,apache/hive,d0d694303d3fb7375aa176e982ae945ac0be9f7e,1,1277,c0ff7833c0013b08
1603,1603,1603,apache/hive,d0d694303d3fb7375aa176e982ae945ac0be9f7e,1,1277,c0ff7833c0013b08
1604,1604,1604,apache/hive,d0d694303d3fb7375aa176e982ae945ac0be9f7e,1,1277,c0ff7833c0013b08
1605,1605,1605,apache/hive,d0d694303d3fb7375aa176e982ae945ac0be9f7e,1,1277,c0ff7833c0013b08
1606,1606,1606,apache/hive,d0d694303d3fb7375aa176e982ae945ac0be9f7e,1,1277,c0ff7833c0013b08
1607,1607,1607,apache/hive,d0d694303d3fb7375aa176e982ae945ac0be9f7e,1,1277,c0ff7833c0013b08
1608,1608,1608,apache/hive,d0d694303d3fb7375aa176e982ae945ac0be9f7e,1,1277,c0ff7833c0013b08
1609,1609,1609,apache/hive,d0d694303d3fb7375aa176e982ae945ac0be9f7e,1,1277,c0ff7833c0013b08
1610,1610,1610,apache/hive,d0d694303d3fb7375aa176e982ae945ac0be9f7e,1,1277,c0ff7833c0013b08
1611,1611,1611,apache/hive,d0d694303d3fb7375aa176e982ae945ac0be9f7e,1,1277,c0ff7833c0013b08
1612,1612,1612,apache/hive,9183f3472fb102eced7337f078f545a82dfaedee,1,1283,c0ff7833c0013b08
1613,1613,1613,apache/hive,9183f3472fb102eced7337f078f545a82dfaedee,1,1283,c0ff7833c0013b08
1614,1614,1614,apache/hive,9183f3472fb102eced7337f078f545a82dfaedee,1,1283,c0ff7833c0013b08
1615,1615,1615,apache/hive,9183f3472fb102eced7337f078f545a82dfaedee,2,1283,c0ff7833c0013b08
1616,1616,1616,apache/hive,9183f3472fb102eced7337f078f545a82dfaedee,1,1283,c0ff7833c0013b08
1617,1617,1617,apache/hive,9183f3472fb102eced7337f078f545a82dfaedee,6,1283,c0ff7833c0013b08
1618,1618,1618,apache/hive,9183f3472fb102eced7337f078f545a82dfaedee,1,1283,c0ff7833c0013b08
1619,1619,1619,apache/hive,9183f3472fb102eced7337f078f545a82dfaedee,3,1283,c0ff7833c0013b08
1620,1620,1620,apache/hive,9183f3472fb102eced7337f078f545a82dfaedee,5,1283,c0ff7833c0013b08
1621,1621,1621,apache/hive,9183f3472fb102eced7337f078f545a82dfaedee,2,1283,c0ff7833c0013b08
1622,1622,1622,apache/hive,51807a7aa6ba31644cdfd046e5d81e969e111fad,11,1326,c0ff7833c0013b08
1623,1623,1623,apache/hive,51807a7aa6ba31644cdfd046e5d81e969e111fad,1,1326,c0ff7833c0013b08
1624,1624,1624,apache/hive,51807a7aa6ba31644cdfd046e5d81e969e111fad,5,1326,c0ff7833c0013b08
1625,1625,1625,apache/hive,51807a7aa6ba31644cdfd046e5d81e969e111fad,1,1326,c0ff7833c0013b08
1626,1626,1626,apache/hive,51807a7aa6ba31644cdfd046e5d81e969e111fad,1,1326,c0ff7833c0013b08
1627,1627,1627,apache/hive,51807a7aa6ba31644cdfd046e5d81e969e111fad,1,1326,c0ff7833c0013b08
1628,1628,1628,apache/hive,51807a7aa6ba31644cdfd046e5d81e969e111fad,1,1326,c0ff7833c0013b08
1629,1629,1629,apache/hive,51807a7aa6ba31644cdfd046e5d81e969e111fad,4,1326,c0ff7833c0013b08
1630,1630,1630,apache/hive,51807a7aa6ba31644cdfd046e5d81e969e111fad,5,1326,c0ff7833c0013b08
1631,1631,1631,apache/hive,51807a7aa6ba31644cdfd046e5d81e969e111fad,1,1326,c0ff7833c0013b08
1632,1632,1632,apache/hive,51807a7aa6ba31644cdfd046e5d81e969e111fad,1,1326,c0ff7833c0013b08
1633,1633,1633,apache/hive,51807a7aa6ba31644cdfd046e5d81e969e111fad,1,1326,c0ff7833c0013b08
1634,1634,1634,apache/hive,51807a7aa6ba31644cdfd046e5d81e969e111fad,8,1326,c0ff7833c0013b08
1635,1635,1635,apache/hive,51807a7aa6ba31644cdfd046e5d81e969e111fad,5,1326,c0ff7833c0013b08
1636,1636,1636,apache/hive,51807a7aa6ba31644cdfd046e5d81e969e111fad,1,1326,c0ff7833c0013b08
1637,1637,1637,apache/hive,51807a7aa6ba31644cdfd046e5d81e969e111fad,10,1326,c0ff7833c0013b08
1638,1638,1638,apache/hive,51807a7aa6ba31644cdfd046e5d81e969e111fad,2,1326,c0ff7833c0013b08
1639,1639,1639,apache/hive,51807a7aa6ba31644cdfd046e5d81e969e111fad,3,1326,c0ff7833c0013b08
1640,1640,1640,apache/hive,51807a7aa6ba31644cdfd046e5d81e969e111fad,8,1326,c0ff7833c0013b08
1641,1641,1641,apache/hive,51807a7aa6ba31644cdfd046e5d81e969e111fad,5,1326,c0ff7833c0013b08
1642,1642,1642,apache/hive,51807a7aa6ba31644cdfd046e5d81e969e111fad,2,1326,c0ff7833c0013b08
1643,1643,1643,apache/hive,51807a7aa6ba31644cdfd046e5d81e969e111fad,6,1326,c0ff7833c0013b08
1644,1644,1644,apache/hive,51807a7aa6ba31644cdfd046e5d81e969e111fad,2,1326,c0ff7833c0013b08
1645,1645,1645,apache/hive,51807a7aa6ba31644cdfd046e5d81e969e111fad,1,1326,c0ff7833c0013b08
1646,1646,1646,apache/hive,51807a7aa6ba31644cdfd046e5d81e969e111fad,1,1326,c0ff7833c0013b08
1647,1647,1647,apache/hive,51807a7aa6ba31644cdfd046e5d81e969e111fad,1,1326,c0ff7833c0013b08
1648,1648,1648,apache/hive,51807a7aa6ba31644cdfd046e5d81e969e111fad,1,1326,c0ff7833c0013b08
1649,1649,1649,apache/hive,51807a7aa6ba31644cdfd046e5d81e969e111fad,1,1326,c0ff7833c0013b08
1650,1650,1650,apache/hive,697aecadc3ba62bc11f3ba0a6c8522daeec7b53f,1,3394,c0ff7833c0013b08
1651,1651,1651,apache/hive,697aecadc3ba62bc11f3ba0a6c8522daeec7b53f,5,3394,c0ff7833c0013b08
1652,1652,1652,apache/hive,697aecadc3ba62bc11f3ba0a6c8522daeec7b53f,1,3394,c0ff7833c0013b08
1653,1653,1653,apache/hive,697aecadc3ba62bc11f3ba0a6c8522daeec7b53f,1,3394,c0ff7833c0013b08
1654,1654,1654,apache/hive,697aecadc3ba62bc11f3ba0a6c8522daeec7b53f,3,3394,c0ff7833c0013b08
1655,1655,1655,apache/hive,697aecadc3ba62bc11f3ba0a6c8522daeec7b53f,1,3394,c0ff7833c0013b08
1656,1656,1656,apache/hive,697aecadc3ba62bc11f3ba0a6c8522daeec7b53f,8,3394,c0ff7833c0013b08
1657,1657,1657,apache/hive,697aecadc3ba62bc11f3ba0a6c8522daeec7b53f,10,3394,c0ff7833c0013b08
1658,1658,1658,apache/hive,697aecadc3ba62bc11f3ba0a6c8522daeec7b53f,3,3394,c0ff7833c0013b08
1659,1659,1659,apache/hive,697aecadc3ba62bc11f3ba0a6c8522daeec7b53f,4,3394,c0ff7833c0013b08
1660,1660,1660,apache/hive,697aecadc3ba62bc11f3ba0a6c8522daeec7b53f,1,3394,c0ff7833c0013b08
1661,1661,1661,apache/hive,697aecadc3ba62bc11f3ba0a6c8522daeec7b53f,2,3394,c0ff7833c0013b08
1662,1662,1662,apache/hive,697aecadc3ba62bc11f3ba0a6c8522daeec7b53f,1,3394,c0ff7833c0013b08
1663,1663,1663,apache/hive,697aecadc3ba62bc11f3ba0a6c8522daeec7b53f,1,3394,c0ff7833c0013b08
1664,1664,1664,apache/hive,697aecadc3ba62bc11f3ba0a6c8522daeec7b53f,4,3394,c0ff7833c0013b08
1665,1665,1665,apache/hive,697aecadc3ba62bc11f3ba0a6c8522daeec7b53f,1,3394,c0ff7833c0013b08
1666,1666,1666,apache/hive,697aecadc3ba62bc11f3ba0a6c8522daeec7b53f,1,3394,c0ff7833c0013b08
1667,1667,1667,apache/hive,697aecadc3ba62bc11f3ba0a6c8522daeec7b53f,1,3394,c0ff7833c0013b08
1668,1668,1668,apache/hive,697aecadc3ba62bc11f3ba0a6c8522daeec7b53f,6,3394,c0ff7833c0013b08
1669,1669,1669,apache/hive,697aecadc3ba62bc11f3ba0a6c8522daeec7b53f,1,3394,c0ff7833c0013b08
1670,1670,1670,apache/hive,73b600dc79ba8a9a32078a2ea0eb8ae3df20c9d5,3,3394,c0ff7833c0013b08
1671,1671,1671,apache/hive,73b600dc79ba8a9a32078a2ea0eb8ae3df20c9d5,2,3394,c0ff7833c0013b08
1672,1672,1672,apache/hive,e60744d017ef79f1b17f474c0b969d4ca5592462,4,3566,c0ff7833c0013b08
1673,1673,1673,apache/hive,e60744d017ef79f1b17f474c0b969d4ca5592462,1,3566,c0ff7833c0013b08
1674,1674,1674,apache/hive,e60744d017ef79f1b17f474c0b969d4ca5592462,1,3566,c0ff7833c0013b08
1675,1675,1675,apache/hive,e60744d017ef79f1b17f474c0b969d4ca5592462,3,3566,c0ff7833c0013b08
1676,1676,1676,apache/hive,e60744d017ef79f1b17f474c0b969d4ca5592462,2,3566,c0ff7833c0013b08
1677,1677,1677,apache/hive,e60744d017ef79f1b17f474c0b969d4ca5592462,1,3566,c0ff7833c0013b08
1678,1678,1678,apache/hive,e60744d017ef79f1b17f474c0b969d4ca5592462,4,3566,c0ff7833c0013b08
1679,1679,1679,apache/hive,e60744d017ef79f1b17f474c0b969d4ca5592462,1,3566,c0ff7833c0013b08
1680,1680,1680,apache/hive,e60744d017ef79f1b17f474c0b969d4ca5592462,1,3566,c0ff7833c0013b08
1681,1681,1681,apache/hive,e60744d017ef79f1b17f474c0b969d4ca5592462,2,3566,c0ff7833c0013b08
1682,1682,1682,apache/hive,e60744d017ef79f1b17f474c0b969d4ca5592462,1,3566,c0ff7833c0013b08
1683,1683,1683,apache/hive,e60744d017ef79f1b17f474c0b969d4ca5592462,2,3566,c0ff7833c0013b08
1684,1684,1684,apache/hive,e60744d017ef79f1b17f474c0b969d4ca5592462,1,3566,c0ff7833c0013b08
1685,1685,1685,apache/hive,e60744d017ef79f1b17f474c0b969d4ca5592462,3,3566,c0ff7833c0013b08
1686,1686,1686,apache/hive,e60744d017ef79f1b17f474c0b969d4ca5592462,1,3566,c0ff7833c0013b08
1687,1687,1687,apache/hive,e60744d017ef79f1b17f474c0b969d4ca5592462,6,3566,c0ff7833c0013b08
1688,1688,1688,apache/hive,e60744d017ef79f1b17f474c0b969d4ca5592462,4,3566,c0ff7833c0013b08
1689,1689,1689,apache/hive,e60744d017ef79f1b17f474c0b969d4ca5592462,1,3566,c0ff7833c0013b08
1690,1690,1690,apache/hive,e60744d017ef79f1b17f474c0b969d4ca5592462,1,3566,c0ff7833c0013b08
1691,1691,1691,apache/hive,e60744d017ef79f1b17f474c0b969d4ca5592462,1,3566,c0ff7833c0013b08
1692,1692,1692,apache/hive,e60744d017ef79f1b17f474c0b969d4ca5592462,4,3566,c0ff7833c0013b08
1693,1693,1693,apache/hive,e60744d017ef79f1b17f474c0b969d4ca5592462,1,3566,c0ff7833c0013b08
1694,1694,1694,apache/hive,e60744d017ef79f1b17f474c0b969d4ca5592462,1,3566,c0ff7833c0013b08
1695,1695,1695,apache/hive,e60744d017ef79f1b17f474c0b969d4ca5592462,1,3566,c0ff7833c0013b08
1696,1696,1696,apache/hive,e60744d017ef79f1b17f474c0b969d4ca5592462,1,3566,c0ff7833c0013b08
1697,1697,1697,apache/hive,e60744d017ef79f1b17f474c0b969d4ca5592462,2,3566,c0ff7833c0013b08
1698,1698,1698,apache/hive,e60744d017ef79f1b17f474c0b969d4ca5592462,1,3566,c0ff7833c0013b08
1699,1699,1699,apache/hive,e60744d017ef79f1b17f474c0b969d4ca5592462,1,3566,c0ff7833c0013b08
1700,1700,1700,apache/hive,e60744d017ef79f1b17f474c0b969d4ca5592462,2,3566,c0ff7833c0013b08
1701,1701,1701,apache/hive,e60744d017ef79f1b17f474c0b969d4ca5592462,6,3566,c0ff7833c0013b08
1702,1702,1702,apache/hive,e60744d017ef79f1b17f474c0b969d4ca5592462,1,3566,c0ff7833c0013b08
1703,1703,1703,apache/hive,3e8d832a1a8e2b12029adcb55862cf040098ef0f,2,3566,c0ff7833c0013b08
1704,1704,1704,apache/hive,3e8d832a1a8e2b12029adcb55862cf040098ef0f,1,3566,c0ff7833c0013b08
1705,1705,1705,apache/hive,3e8d832a1a8e2b12029adcb55862cf040098ef0f,1,3566,c0ff7833c0013b08
1706,1706,1706,apache/hive,3e8d832a1a8e2b12029adcb55862cf040098ef0f,5,3566,c0ff7833c0013b08
1707,1707,1707,apache/hive,3e8d832a1a8e2b12029adcb55862cf040098ef0f,1,3566,c0ff7833c0013b08
1708,1708,1708,apache/hive,3e8d832a1a8e2b12029adcb55862cf040098ef0f,2,3566,c0ff7833c0013b08
1709,1709,1709,apache/hive,7f237de447bcd726bb3d0ba332cbb733f39fc02f,2,3890,c0ff7833c0013b08
1710,1710,1710,apache/hive,7f237de447bcd726bb3d0ba332cbb733f39fc02f,1,3890,c0ff7833c0013b08
1711,1711,1711,apache/hive,7f237de447bcd726bb3d0ba332cbb733f39fc02f,1,3890,c0ff7833c0013b08
1712,1712,1712,apache/hive,7f237de447bcd726bb3d0ba332cbb733f39fc02f,1,3890,c0ff7833c0013b08
1713,1713,1713,apache/hive,7f237de447bcd726bb3d0ba332cbb733f39fc02f,1,3890,c0ff7833c0013b08
1714,1714,1714,apache/hive,7f237de447bcd726bb3d0ba332cbb733f39fc02f,1,3890,c0ff7833c0013b08
1715,1715,1715,apache/hive,7f237de447bcd726bb3d0ba332cbb733f39fc02f,1,3890,c0ff7833c0013b08
1716,1716,1716,apache/hive,7f237de447bcd726bb3d0ba332cbb733f39fc02f,6,3890,c0ff7833c0013b08
1717,1717,1717,apache/hive,7f237de447bcd726bb3d0ba332cbb733f39fc02f,1,3890,c0ff7833c0013b08
1718,1718,1718,apache/hive,7f237de447bcd726bb3d0ba332cbb733f39fc02f,3,3890,c0ff7833c0013b08
1719,1719,1719,apache/hive,7f237de447bcd726bb3d0ba332cbb733f39fc02f,1,3890,c0ff7833c0013b08
1720,1720,1720,apache/hive,7f237de447bcd726bb3d0ba332cbb733f39fc02f,2,3890,c0ff7833c0013b08
1721,1721,1721,apache/hive,7f237de447bcd726bb3d0ba332cbb733f39fc02f,3,3890,c0ff7833c0013b08
1722,1722,1722,apache/hive,7f237de447bcd726bb3d0ba332cbb733f39fc02f,1,3890,c0ff7833c0013b08
1723,1723,1723,apache/hive,7f237de447bcd726bb3d0ba332cbb733f39fc02f,1,3890,c0ff7833c0013b08
1724,1724,1724,apache/hive,7f237de447bcd726bb3d0ba332cbb733f39fc02f,1,3890,c0ff7833c0013b08
1725,1725,1725,apache/hive,7f237de447bcd726bb3d0ba332cbb733f39fc02f,1,3890,c0ff7833c0013b08
1726,1726,1726,apache/hive,7f237de447bcd726bb3d0ba332cbb733f39fc02f,1,3890,c0ff7833c0013b08
1727,1727,1727,apache/hive,7f237de447bcd726bb3d0ba332cbb733f39fc02f,1,3890,c0ff7833c0013b08
1728,1728,1728,apache/hive,7f237de447bcd726bb3d0ba332cbb733f39fc02f,1,3890,c0ff7833c0013b08
1729,1729,1729,apache/hive,7f237de447bcd726bb3d0ba332cbb733f39fc02f,4,3890,c0ff7833c0013b08
1730,1730,1730,apache/hive,7f237de447bcd726bb3d0ba332cbb733f39fc02f,2,3890,c0ff7833c0013b08
1731,1731,1731,apache/hive,7f237de447bcd726bb3d0ba332cbb733f39fc02f,1,3890,c0ff7833c0013b08
1732,1732,1732,apache/hive,7f237de447bcd726bb3d0ba332cbb733f39fc02f,1,3890,c0ff7833c0013b08
1733,1733,1733,apache/hive,7f237de447bcd726bb3d0ba332cbb733f39fc02f,2,3890,c0ff7833c0013b08
1734,1734,1734,apache/hive,243e7c1ac39cb7ac8b65c5bc6988f5cc3162f558,31,3898,c0ff7833c0013b08
1735,1735,1735,apache/hive,243e7c1ac39cb7ac8b65c5bc6988f5cc3162f558,3,3898,c0ff7833c0013b08
1736,1736,1736,apache/hive,243e7c1ac39cb7ac8b65c5bc6988f5cc3162f558,1,3898,c0ff7833c0013b08
1737,1737,1737,apache/hive,243e7c1ac39cb7ac8b65c5bc6988f5cc3162f558,1,3898,c0ff7833c0013b08
1738,1738,1738,apache/hive,243e7c1ac39cb7ac8b65c5bc6988f5cc3162f558,6,3898,c0ff7833c0013b08
1739,1739,1739,apache/hive,243e7c1ac39cb7ac8b65c5bc6988f5cc3162f558,5,3898,c0ff7833c0013b08
1740,1740,1740,apache/hive,243e7c1ac39cb7ac8b65c5bc6988f5cc3162f558,2,3898,c0ff7833c0013b08
1741,1741,1741,apache/hive,243e7c1ac39cb7ac8b65c5bc6988f5cc3162f558,1,3898,c0ff7833c0013b08
1742,1742,1742,apache/hive,243e7c1ac39cb7ac8b65c5bc6988f5cc3162f558,1,3898,c0ff7833c0013b08
1743,1743,1743,apache/hive,243e7c1ac39cb7ac8b65c5bc6988f5cc3162f558,1,3898,c0ff7833c0013b08
1744,1744,1744,apache/hive,243e7c1ac39cb7ac8b65c5bc6988f5cc3162f558,1,3898,c0ff7833c0013b08
1745,1745,1745,apache/hive,243e7c1ac39cb7ac8b65c5bc6988f5cc3162f558,1,3898,c0ff7833c0013b08
1746,1746,1746,apache/hive,243e7c1ac39cb7ac8b65c5bc6988f5cc3162f558,3,3898,c0ff7833c0013b08
1747,1747,1747,apache/hive,243e7c1ac39cb7ac8b65c5bc6988f5cc3162f558,2,3898,c0ff7833c0013b08
1748,1748,1748,apache/hive,243e7c1ac39cb7ac8b65c5bc6988f5cc3162f558,1,3898,c0ff7833c0013b08
1749,1749,1749,apache/hive,243e7c1ac39cb7ac8b65c5bc6988f5cc3162f558,1,3898,c0ff7833c0013b08
1750,1750,1750,apache/hive,243e7c1ac39cb7ac8b65c5bc6988f5cc3162f558,1,3898,c0ff7833c0013b08
1751,1751,1751,apache/hive,243e7c1ac39cb7ac8b65c5bc6988f5cc3162f558,2,3898,c0ff7833c0013b08
1752,1752,1752,apache/hive,243e7c1ac39cb7ac8b65c5bc6988f5cc3162f558,7,3898,c0ff7833c0013b08
1753,1753,1753,apache/hive,243e7c1ac39cb7ac8b65c5bc6988f5cc3162f558,1,3898,c0ff7833c0013b08
1754,1754,1754,apache/hive,243e7c1ac39cb7ac8b65c5bc6988f5cc3162f558,1,3898,c0ff7833c0013b08
1755,1755,1755,apache/hive,243e7c1ac39cb7ac8b65c5bc6988f5cc3162f558,2,3898,c0ff7833c0013b08
1756,1756,1756,apache/hive,243e7c1ac39cb7ac8b65c5bc6988f5cc3162f558,1,3898,c0ff7833c0013b08
1757,1757,1757,apache/hive,243e7c1ac39cb7ac8b65c5bc6988f5cc3162f558,1,3898,c0ff7833c0013b08
1758,1758,1758,apache/hive,243e7c1ac39cb7ac8b65c5bc6988f5cc3162f558,8,3898,c0ff7833c0013b08
1759,1759,1759,apache/hive,243e7c1ac39cb7ac8b65c5bc6988f5cc3162f558,1,3898,c0ff7833c0013b08
1760,1760,1760,apache/hive,243e7c1ac39cb7ac8b65c5bc6988f5cc3162f558,1,3898,c0ff7833c0013b08
1761,1761,1761,apache/hive,243e7c1ac39cb7ac8b65c5bc6988f5cc3162f558,1,3898,c0ff7833c0013b08
1762,1762,1762,apache/hive,243e7c1ac39cb7ac8b65c5bc6988f5cc3162f558,3,3898,c0ff7833c0013b08
1763,1763,1763,apache/hive,243e7c1ac39cb7ac8b65c5bc6988f5cc3162f558,4,3898,c0ff7833c0013b08
1764,1764,1764,apache/hive,243e7c1ac39cb7ac8b65c5bc6988f5cc3162f558,1,3898,c0ff7833c0013b08
1765,1765,1765,apache/hive,243e7c1ac39cb7ac8b65c5bc6988f5cc3162f558,1,3898,c0ff7833c0013b08
1766,1766,1766,apache/hive,243e7c1ac39cb7ac8b65c5bc6988f5cc3162f558,1,3898,c0ff7833c0013b08
1767,1767,1767,apache/hive,243e7c1ac39cb7ac8b65c5bc6988f5cc3162f558,1,3898,c0ff7833c0013b08
1768,1768,1768,apache/hive,243e7c1ac39cb7ac8b65c5bc6988f5cc3162f558,2,3898,c0ff7833c0013b08
1769,1769,1769,apache/hive,243e7c1ac39cb7ac8b65c5bc6988f5cc3162f558,2,3898,c0ff7833c0013b08
1770,1770,1770,apache/hive,243e7c1ac39cb7ac8b65c5bc6988f5cc3162f558,2,3898,c0ff7833c0013b08
1771,1771,1771,apache/hive,243e7c1ac39cb7ac8b65c5bc6988f5cc3162f558,2,3898,c0ff7833c0013b08
1772,1772,1772,apache/hive,243e7c1ac39cb7ac8b65c5bc6988f5cc3162f558,1,3898,c0ff7833c0013b08
1773,1773,1773,apache/hive,243e7c1ac39cb7ac8b65c5bc6988f5cc3162f558,1,3898,c0ff7833c0013b08
1774,1774,1774,apache/hive,243e7c1ac39cb7ac8b65c5bc6988f5cc3162f558,6,3898,c0ff7833c0013b08
1775,1775,1775,apache/hive,243e7c1ac39cb7ac8b65c5bc6988f5cc3162f558,2,3898,c0ff7833c0013b08
1776,1776,1776,apache/hive,243e7c1ac39cb7ac8b65c5bc6988f5cc3162f558,2,3898,c0ff7833c0013b08
1777,1777,1777,apache/hive,243e7c1ac39cb7ac8b65c5bc6988f5cc3162f558,4,3898,c0ff7833c0013b08
1778,1778,1778,apache/hive,395368fc6478c7e2a1e84a5a2a8aac45e4399a9e,4,3904,c0ff7833c0013b08
1779,1779,1779,apache/hive,243e7c1ac39cb7ac8b65c5bc6988f5cc3162f558,2,3898,c0ff7833c0013b08
1780,1780,1780,apache/hive,243e7c1ac39cb7ac8b65c5bc6988f5cc3162f558,1,3898,c0ff7833c0013b08
1781,1781,1781,apache/hive,243e7c1ac39cb7ac8b65c5bc6988f5cc3162f558,1,3898,c0ff7833c0013b08
1782,1782,1782,apache/hive,243e7c1ac39cb7ac8b65c5bc6988f5cc3162f558,2,3898,c0ff7833c0013b08
1783,1783,1783,apache/hive,243e7c1ac39cb7ac8b65c5bc6988f5cc3162f558,2,3898,c0ff7833c0013b08
1784,1784,1784,apache/hive,243e7c1ac39cb7ac8b65c5bc6988f5cc3162f558,1,3898,c0ff7833c0013b08
1785,1785,1785,apache/hive,243e7c1ac39cb7ac8b65c5bc6988f5cc3162f558,1,3898,c0ff7833c0013b08
1786,1786,1786,apache/hive,243e7c1ac39cb7ac8b65c5bc6988f5cc3162f558,1,3898,c0ff7833c0013b08
1787,1787,1787,apache/hive,243e7c1ac39cb7ac8b65c5bc6988f5cc3162f558,2,3898,c0ff7833c0013b08
1788,1788,1788,apache/hive,243e7c1ac39cb7ac8b65c5bc6988f5cc3162f558,1,3898,c0ff7833c0013b08
1789,1789,1789,apache/hive,243e7c1ac39cb7ac8b65c5bc6988f5cc3162f558,1,3898,c0ff7833c0013b08
1790,1790,1790,apache/hive,243e7c1ac39cb7ac8b65c5bc6988f5cc3162f558,1,3898,c0ff7833c0013b08
1791,1791,1791,apache/hive,243e7c1ac39cb7ac8b65c5bc6988f5cc3162f558,6,3898,c0ff7833c0013b08
1792,1792,1792,apache/hive,243e7c1ac39cb7ac8b65c5bc6988f5cc3162f558,4,3898,c0ff7833c0013b08
1793,1793,1793,apache/hive,243e7c1ac39cb7ac8b65c5bc6988f5cc3162f558,1,3898,c0ff7833c0013b08
1794,1794,1794,apache/hive,243e7c1ac39cb7ac8b65c5bc6988f5cc3162f558,4,3898,c0ff7833c0013b08
1795,1795,1795,apache/hive,243e7c1ac39cb7ac8b65c5bc6988f5cc3162f558,4,3898,c0ff7833c0013b08
1796,1796,1796,apache/hive,243e7c1ac39cb7ac8b65c5bc6988f5cc3162f558,1,3898,c0ff7833c0013b08
1797,1797,1797,apache/hive,243e7c1ac39cb7ac8b65c5bc6988f5cc3162f558,1,3898,c0ff7833c0013b08
1798,1798,1798,apache/hive,7f9f1fcb8697fb33f0edc2c391930a3728d247d7,1,4428,c0ff7833c0013b08
1799,1799,1799,apache/hive,7f9f1fcb8697fb33f0edc2c391930a3728d247d7,1,4428,c0ff7833c0013b08
1800,1800,1800,apache/hive,7f9f1fcb8697fb33f0edc2c391930a3728d247d7,2,4428,c0ff7833c0013b08
1801,1801,1801,apache/hive,7f9f1fcb8697fb33f0edc2c391930a3728d247d7,3,4428,c0ff7833c0013b08
1802,1802,1802,apache/hive,7f9f1fcb8697fb33f0edc2c391930a3728d247d7,2,4428,c0ff7833c0013b08
1803,1803,1803,apache/hive,7f9f1fcb8697fb33f0edc2c391930a3728d247d7,1,4428,c0ff7833c0013b08
1804,1804,1804,apache/hive,7f9f1fcb8697fb33f0edc2c391930a3728d247d7,1,4428,c0ff7833c0013b08
1805,1805,1805,apache/hive,7f9f1fcb8697fb33f0edc2c391930a3728d247d7,1,4428,c0ff7833c0013b08
1806,1806,1806,apache/hive,7f9f1fcb8697fb33f0edc2c391930a3728d247d7,1,4428,c0ff7833c0013b08
1807,1807,1807,apache/hive,7f9f1fcb8697fb33f0edc2c391930a3728d247d7,1,4428,c0ff7833c0013b08
1808,1808,1808,apache/hive,7f9f1fcb8697fb33f0edc2c391930a3728d247d7,2,4428,c0ff7833c0013b08
1809,1809,1809,apache/hive,7f9f1fcb8697fb33f0edc2c391930a3728d247d7,1,4428,c0ff7833c0013b08
1810,1810,1810,apache/hive,7f9f1fcb8697fb33f0edc2c391930a3728d247d7,1,4428,c0ff7833c0013b08
1811,1811,1811,apache/hive,7f9f1fcb8697fb33f0edc2c391930a3728d247d7,2,4428,c0ff7833c0013b08
1812,1812,1812,apache/hive,7f9f1fcb8697fb33f0edc2c391930a3728d247d7,1,4428,c0ff7833c0013b08
1813,1813,1813,apache/hive,7f9f1fcb8697fb33f0edc2c391930a3728d247d7,2,4428,c0ff7833c0013b08
1814,1814,1814,apache/hive,7f9f1fcb8697fb33f0edc2c391930a3728d247d7,8,4428,c0ff7833c0013b08
1815,1815,1815,apache/hive,7f9f1fcb8697fb33f0edc2c391930a3728d247d7,4,4428,c0ff7833c0013b08
1816,1816,1816,apache/hive,7f9f1fcb8697fb33f0edc2c391930a3728d247d7,1,4428,c0ff7833c0013b08
1817,1817,1817,apache/hive,7f9f1fcb8697fb33f0edc2c391930a3728d247d7,6,4428,c0ff7833c0013b08
1818,1818,1818,apache/hive,7f9f1fcb8697fb33f0edc2c391930a3728d247d7,10,4428,c0ff7833c0013b08
1819,1819,1819,apache/hive,7f9f1fcb8697fb33f0edc2c391930a3728d247d7,1,4428,c0ff7833c0013b08
1820,1820,1820,apache/hive,7f9f1fcb8697fb33f0edc2c391930a3728d247d7,1,4428,c0ff7833c0013b08
1821,1821,1821,apache/hive,7f9f1fcb8697fb33f0edc2c391930a3728d247d7,1,4428,c0ff7833c0013b08
1822,1822,1822,apache/hive,7f9f1fcb8697fb33f0edc2c391930a3728d247d7,1,4428,c0ff7833c0013b08
1823,1823,1823,apache/hive,7f9f1fcb8697fb33f0edc2c391930a3728d247d7,4,4428,c0ff7833c0013b08
1824,1824,1824,apache/hive,7f9f1fcb8697fb33f0edc2c391930a3728d247d7,1,4428,c0ff7833c0013b08
1825,1825,1825,apache/hive,7f9f1fcb8697fb33f0edc2c391930a3728d247d7,1,4428,c0ff7833c0013b08
1826,1826,1826,apache/hive,7f9f1fcb8697fb33f0edc2c391930a3728d247d7,1,4428,c0ff7833c0013b08
1827,1827,1827,apache/hive,7f9f1fcb8697fb33f0edc2c391930a3728d247d7,1,4428,c0ff7833c0013b08
1828,1828,1828,apache/hive,7f9f1fcb8697fb33f0edc2c391930a3728d247d7,1,4428,c0ff7833c0013b08
1829,1829,1829,apache/hive,7f9f1fcb8697fb33f0edc2c391930a3728d247d7,1,4428,c0ff7833c0013b08
1830,1830,1830,apache/hive,7f9f1fcb8697fb33f0edc2c391930a3728d247d7,1,4428,c0ff7833c0013b08
1831,1831,1831,apache/hive,7f9f1fcb8697fb33f0edc2c391930a3728d247d7,2,4428,c0ff7833c0013b08
1832,1832,1832,apache/hive,7f9f1fcb8697fb33f0edc2c391930a3728d247d7,2,4428,c0ff7833c0013b08
1833,1833,1833,apache/hive,7f9f1fcb8697fb33f0edc2c391930a3728d247d7,2,4428,c0ff7833c0013b08
1834,1834,1834,apache/hive,7f9f1fcb8697fb33f0edc2c391930a3728d247d7,1,4428,c0ff7833c0013b08
1835,1835,1835,apache/hive,7f9f1fcb8697fb33f0edc2c391930a3728d247d7,5,4428,c0ff7833c0013b08
1836,1836,1836,apache/hive,7f9f1fcb8697fb33f0edc2c391930a3728d247d7,1,4428,c0ff7833c0013b08
1837,1837,1837,apache/hive,7f9f1fcb8697fb33f0edc2c391930a3728d247d7,1,4428,c0ff7833c0013b08
1838,1838,1838,apache/hive,7f9f1fcb8697fb33f0edc2c391930a3728d247d7,6,4428,c0ff7833c0013b08
1839,1839,1839,apache/hive,7f9f1fcb8697fb33f0edc2c391930a3728d247d7,1,4428,c0ff7833c0013b08
1840,1840,1840,apache/hive,7f9f1fcb8697fb33f0edc2c391930a3728d247d7,1,4428,c0ff7833c0013b08
1841,1841,1841,apache/hive,7f9f1fcb8697fb33f0edc2c391930a3728d247d7,1,4428,c0ff7833c0013b08
1842,1842,1842,apache/hive,7f9f1fcb8697fb33f0edc2c391930a3728d247d7,3,4428,c0ff7833c0013b08
1843,1843,1843,apache/hive,7f9f1fcb8697fb33f0edc2c391930a3728d247d7,1,4428,c0ff7833c0013b08
1844,1844,1844,apache/hive,7f9f1fcb8697fb33f0edc2c391930a3728d247d7,1,4428,c0ff7833c0013b08
1845,1845,1845,apache/hive,7f9f1fcb8697fb33f0edc2c391930a3728d247d7,2,4428,c0ff7833c0013b08
1846,1846,1846,apache/hive,7f9f1fcb8697fb33f0edc2c391930a3728d247d7,7,4428,c0ff7833c0013b08
1847,1847,1847,apache/hive,7f9f1fcb8697fb33f0edc2c391930a3728d247d7,2,4428,c0ff7833c0013b08
1848,1848,1848,apache/hive,7f9f1fcb8697fb33f0edc2c391930a3728d247d7,5,4428,c0ff7833c0013b08
1849,1849,1849,apache/hive,7f9f1fcb8697fb33f0edc2c391930a3728d247d7,2,4428,c0ff7833c0013b08
1850,1850,1850,apache/hive,7f9f1fcb8697fb33f0edc2c391930a3728d247d7,5,4428,c0ff7833c0013b08
1851,1851,1851,apache/hive,7f9f1fcb8697fb33f0edc2c391930a3728d247d7,1,4428,c0ff7833c0013b08
1852,1852,1852,apache/hive,7f9f1fcb8697fb33f0edc2c391930a3728d247d7,1,4428,c0ff7833c0013b08
1853,1853,1853,apache/hive,7f9f1fcb8697fb33f0edc2c391930a3728d247d7,3,4428,c0ff7833c0013b08
1854,1854,1854,apache/hive,7f9f1fcb8697fb33f0edc2c391930a3728d247d7,1,4428,c0ff7833c0013b08
1855,1855,1855,apache/hive,7f9f1fcb8697fb33f0edc2c391930a3728d247d7,1,4428,c0ff7833c0013b08
1856,1856,1856,apache/hive,7f9f1fcb8697fb33f0edc2c391930a3728d247d7,1,4428,c0ff7833c0013b08
1857,1857,1857,apache/hive,7f9f1fcb8697fb33f0edc2c391930a3728d247d7,1,4428,c0ff7833c0013b08
1858,1858,1858,apache/hive,e3cfeebcefe9a19c5055afdcbb00646908340694,3,4490,c0ff7833c0013b08
1859,1859,1859,apache/hive,e3cfeebcefe9a19c5055afdcbb00646908340694,1,4490,c0ff7833c0013b08
1860,1860,1860,apache/hive,e3cfeebcefe9a19c5055afdcbb00646908340694,1,4490,c0ff7833c0013b08
1861,1861,1861,apache/hive,e3cfeebcefe9a19c5055afdcbb00646908340694,1,4490,c0ff7833c0013b08
1862,1862,1862,apache/hive,e3cfeebcefe9a19c5055afdcbb00646908340694,5,4490,c0ff7833c0013b08
1863,1863,1863,apache/hive,e3cfeebcefe9a19c5055afdcbb00646908340694,2,4490,c0ff7833c0013b08
1864,1864,1864,apache/hive,e3cfeebcefe9a19c5055afdcbb00646908340694,2,4490,c0ff7833c0013b08
1865,1865,1865,apache/hive,9265bc24d75ac945bde9ce1a0999fddd8f2aae29,2,4651,c0ff7833c0013b08
1866,1866,1866,apache/hive,9265bc24d75ac945bde9ce1a0999fddd8f2aae29,1,4651,c0ff7833c0013b08
1867,1867,1867,apache/hive,9265bc24d75ac945bde9ce1a0999fddd8f2aae29,8,4651,c0ff7833c0013b08
1868,1868,1868,apache/hive,9265bc24d75ac945bde9ce1a0999fddd8f2aae29,8,4651,c0ff7833c0013b08
1869,1869,1869,apache/hive,9265bc24d75ac945bde9ce1a0999fddd8f2aae29,2,4651,c0ff7833c0013b08
1870,1870,1870,apache/hive,9265bc24d75ac945bde9ce1a0999fddd8f2aae29,1,4651,c0ff7833c0013b08
1871,1871,1871,apache/hive,9265bc24d75ac945bde9ce1a0999fddd8f2aae29,4,4651,c0ff7833c0013b08
1872,1872,1872,apache/hive,9265bc24d75ac945bde9ce1a0999fddd8f2aae29,10,4651,c0ff7833c0013b08
1873,1873,1873,apache/hive,9265bc24d75ac945bde9ce1a0999fddd8f2aae29,2,4651,c0ff7833c0013b08
1874,1874,1874,apache/hive,9265bc24d75ac945bde9ce1a0999fddd8f2aae29,2,4651,c0ff7833c0013b08
1875,1875,1875,apache/hive,9265bc24d75ac945bde9ce1a0999fddd8f2aae29,1,4651,c0ff7833c0013b08
1876,1876,1876,apache/hive,9265bc24d75ac945bde9ce1a0999fddd8f2aae29,1,4651,c0ff7833c0013b08
1877,1877,1877,apache/hive,9265bc24d75ac945bde9ce1a0999fddd8f2aae29,23,4651,c0ff7833c0013b08
1878,1878,1878,apache/hive,9265bc24d75ac945bde9ce1a0999fddd8f2aae29,1,4651,c0ff7833c0013b08
1879,1879,1879,apache/hive,9265bc24d75ac945bde9ce1a0999fddd8f2aae29,2,4651,c0ff7833c0013b08
1880,1880,1880,apache/hive,9265bc24d75ac945bde9ce1a0999fddd8f2aae29,1,4651,c0ff7833c0013b08
1881,1881,1881,apache/hive,9265bc24d75ac945bde9ce1a0999fddd8f2aae29,5,4651,c0ff7833c0013b08
1882,1882,1882,apache/hive,9265bc24d75ac945bde9ce1a0999fddd8f2aae29,1,4651,c0ff7833c0013b08
1883,1883,1883,apache/hive,9265bc24d75ac945bde9ce1a0999fddd8f2aae29,11,4651,c0ff7833c0013b08
1884,1884,1884,apache/hive,9265bc24d75ac945bde9ce1a0999fddd8f2aae29,2,4651,c0ff7833c0013b08
1885,1885,1885,apache/hive,9265bc24d75ac945bde9ce1a0999fddd8f2aae29,2,4651,c0ff7833c0013b08
1886,1886,1886,apache/hive,9265bc24d75ac945bde9ce1a0999fddd8f2aae29,6,4651,c0ff7833c0013b08
1887,1887,1887,apache/hive,9265bc24d75ac945bde9ce1a0999fddd8f2aae29,1,4651,c0ff7833c0013b08
1888,1888,1888,apache/hive,9265bc24d75ac945bde9ce1a0999fddd8f2aae29,1,4651,c0ff7833c0013b08
1889,1889,1889,apache/hive,9265bc24d75ac945bde9ce1a0999fddd8f2aae29,2,4651,c0ff7833c0013b08
1890,1890,1890,apache/hive,9265bc24d75ac945bde9ce1a0999fddd8f2aae29,2,4651,c0ff7833c0013b08
1891,1891,1891,apache/hive,9265bc24d75ac945bde9ce1a0999fddd8f2aae29,7,4651,c0ff7833c0013b08
1892,1892,1892,apache/hive,1af77bbf8356e86cabbed92cfa8cc2e1470a1d5c,2,4696,c0ff7833c0013b08
1893,1893,1893,apache/hive,9265bc24d75ac945bde9ce1a0999fddd8f2aae29,3,4651,c0ff7833c0013b08
1894,1894,1894,apache/hive,9265bc24d75ac945bde9ce1a0999fddd8f2aae29,1,4651,c0ff7833c0013b08
1895,1895,1895,apache/hive,9265bc24d75ac945bde9ce1a0999fddd8f2aae29,1,4651,c0ff7833c0013b08
1896,1896,1896,apache/hive,9265bc24d75ac945bde9ce1a0999fddd8f2aae29,1,4651,c0ff7833c0013b08
1897,1897,1897,apache/hive,9265bc24d75ac945bde9ce1a0999fddd8f2aae29,1,4651,c0ff7833c0013b08
1898,1898,1898,apache/hive,9265bc24d75ac945bde9ce1a0999fddd8f2aae29,1,4651,c0ff7833c0013b08
1899,1899,1899,apache/hive,9265bc24d75ac945bde9ce1a0999fddd8f2aae29,4,4651,c0ff7833c0013b08
1900,1900,1900,apache/hive,9265bc24d75ac945bde9ce1a0999fddd8f2aae29,1,4651,c0ff7833c0013b08
1901,1901,1901,apache/hive,9265bc24d75ac945bde9ce1a0999fddd8f2aae29,2,4651,c0ff7833c0013b08
1902,1902,1902,apache/hive,9265bc24d75ac945bde9ce1a0999fddd8f2aae29,1,4651,c0ff7833c0013b08
1903,1903,1903,apache/hive,9265bc24d75ac945bde9ce1a0999fddd8f2aae29,1,4651,c0ff7833c0013b08
1904,1904,1904,apache/hive,9265bc24d75ac945bde9ce1a0999fddd8f2aae29,1,4651,c0ff7833c0013b08
1905,1905,1905,apache/hive,9265bc24d75ac945bde9ce1a0999fddd8f2aae29,4,4651,c0ff7833c0013b08
1906,1906,1906,apache/hive,1af77bbf8356e86cabbed92cfa8cc2e1470a1d5c,1,4696,c0ff7833c0013b08
1907,1907,1907,apache/hive,1af77bbf8356e86cabbed92cfa8cc2e1470a1d5c,1,4696,c0ff7833c0013b08
1908,1908,1908,apache/hive,9265bc24d75ac945bde9ce1a0999fddd8f2aae29,2,4651,c0ff7833c0013b08
1909,1909,1909,apache/hive,9265bc24d75ac945bde9ce1a0999fddd8f2aae29,1,4651,c0ff7833c0013b08
1910,1910,1910,apache/hive,9265bc24d75ac945bde9ce1a0999fddd8f2aae29,2,4651,c0ff7833c0013b08
1911,1911,1911,apache/hive,9265bc24d75ac945bde9ce1a0999fddd8f2aae29,1,4651,c0ff7833c0013b08
1912,1912,1912,apache/hive,9265bc24d75ac945bde9ce1a0999fddd8f2aae29,2,4651,c0ff7833c0013b08
1913,1913,1913,apache/hive,9265bc24d75ac945bde9ce1a0999fddd8f2aae29,1,4651,c0ff7833c0013b08
1914,1914,1914,apache/hive,1af77bbf8356e86cabbed92cfa8cc2e1470a1d5c,1,4696,c0ff7833c0013b08
1915,1915,1915,apache/commons-codec,2c0905a09d5d04db7e572172bf2ead04293477a2,1,29,c0ff7833c0013b08
1916,1916,1916,apache/commons-codec,1af8f98c3bd96501d558bbe980a2a9f7eb188367,1,41,c0ff7833c0013b08
1917,1917,1917,apache/commons-codec,1af8f98c3bd96501d558bbe980a2a9f7eb188367,1,41,c0ff7833c0013b08
1918,1918,1918,apache/commons-codec,f375d169f8e030169d63d9da00bb14ae2da2ac34,3,56,c0ff7833c0013b08
1919,1919,1919,apache/commons-codec,f375d169f8e030169d63d9da00bb14ae2da2ac34,3,56,c0ff7833c0013b08
1920,1920,1920,apache/commons-codec,f375d169f8e030169d63d9da00bb14ae2da2ac34,2,56,c0ff7833c0013b08
1921,1921,1921,apache/commons-codec,f375d169f8e030169d63d9da00bb14ae2da2ac34,3,56,c0ff7833c0013b08
1922,1922,1922,apache/commons-codec,f375d169f8e030169d63d9da00bb14ae2da2ac34,2,56,c0ff7833c0013b08
1923,1923,1923,apache/commons-codec,f375d169f8e030169d63d9da00bb14ae2da2ac34,1,56,c0ff7833c0013b08
1924,1924,1924,apache/commons-codec,f375d169f8e030169d63d9da00bb14ae2da2ac34,1,56,c0ff7833c0013b08
1925,1925,1925,apache/commons-codec,f375d169f8e030169d63d9da00bb14ae2da2ac34,1,56,c0ff7833c0013b08
1926,1926,1926,apache/commons-codec,f375d169f8e030169d63d9da00bb14ae2da2ac34,2,56,c0ff7833c0013b08
1927,1927,1927,apache/commons-codec,f375d169f8e030169d63d9da00bb14ae2da2ac34,1,56,c0ff7833c0013b08
1928,1928,1928,apache/commons-codec,2ce6791741d501bb2e332f6c23ed319d9cf69368,1,75,c0ff7833c0013b08
1929,1929,1929,apache/commons-codec,2ce6791741d501bb2e332f6c23ed319d9cf69368,3,75,c0ff7833c0013b08
1930,1930,1930,apache/commons-codec,2ce6791741d501bb2e332f6c23ed319d9cf69368,2,75,c0ff7833c0013b08
1931,1931,1931,apache/commons-codec,23f2aa4fb66aa5b026184ed17b6ad070da183794,4,86,c0ff7833c0013b08
1932,1932,1932,apache/commons-codec,23f2aa4fb66aa5b026184ed17b6ad070da183794,1,86,c0ff7833c0013b08
1933,1933,1933,apache/commons-codec,23f2aa4fb66aa5b026184ed17b6ad070da183794,2,86,c0ff7833c0013b08
1934,1934,1934,apache/commons-codec,52cfc73491e417366c77c226a7b01b40f7677f9a,3,109,c0ff7833c0013b08
1935,1935,1935,apache/commons-codec,52cfc73491e417366c77c226a7b01b40f7677f9a,7,109,c0ff7833c0013b08
1936,1936,1936,apache/commons-codec,52cfc73491e417366c77c226a7b01b40f7677f9a,2,109,c0ff7833c0013b08
1965,1965,1965,apache/commons-compress,4b5962d0fc3082e456a7dd249fc25e5aa7b1d350,1,92,c0ff7833c0013b08
1966,1966,1966,apache/commons-compress,4b5962d0fc3082e456a7dd249fc25e5aa7b1d350,1,92,c0ff7833c0013b08
1967,1967,1967,apache/commons-compress,4b5962d0fc3082e456a7dd249fc25e5aa7b1d350,1,92,c0ff7833c0013b08
1968,1968,1968,apache/commons-compress,4b5962d0fc3082e456a7dd249fc25e5aa7b1d350,2,92,c0ff7833c0013b08
1969,1969,1969,apache/commons-compress,4b5962d0fc3082e456a7dd249fc25e5aa7b1d350,1,92,c0ff7833c0013b08
1970,1970,1970,apache/commons-compress,4b5962d0fc3082e456a7dd249fc25e5aa7b1d350,5,92,c0ff7833c0013b08
1971,1971,1971,apache/commons-compress,4b5962d0fc3082e456a7dd249fc25e5aa7b1d350,3,92,c0ff7833c0013b08
1972,1972,1972,apache/commons-compress,4b5962d0fc3082e456a7dd249fc25e5aa7b1d350,1,92,c0ff7833c0013b08
1973,1973,1973,apache/commons-compress,4b5962d0fc3082e456a7dd249fc25e5aa7b1d350,3,92,c0ff7833c0013b08
1974,1974,1974,apache/commons-compress,4b5962d0fc3082e456a7dd249fc25e5aa7b1d350,2,92,c0ff7833c0013b08
1975,1975,1975,apache/commons-compress,4b5962d0fc3082e456a7dd249fc25e5aa7b1d350,2,92,c0ff7833c0013b08
1976,1976,1976,apache/commons-compress,4b5962d0fc3082e456a7dd249fc25e5aa7b1d350,1,92,c0ff7833c0013b08
1977,1977,1977,apache/commons-compress,4b5962d0fc3082e456a7dd249fc25e5aa7b1d350,2,92,c0ff7833c0013b08
1978,1978,1978,apache/commons-compress,4b5962d0fc3082e456a7dd249fc25e5aa7b1d350,1,92,c0ff7833c0013b08
1979,1979,1979,apache/commons-compress,4b5962d0fc3082e456a7dd249fc25e5aa7b1d350,2,92,c0ff7833c0013b08
1980,1980,1980,apache/commons-compress,9ee24a3d6a84c7e09abb5a9b4940bc91e2ab23d6,2,105,c0ff7833c0013b08
1981,1981,1981,apache/commons-compress,9ee24a3d6a84c7e09abb5a9b4940bc91e2ab23d6,1,105,c0ff7833c0013b08
1982,1982,1982,apache/commons-compress,9ee24a3d6a84c7e09abb5a9b4940bc91e2ab23d6,2,105,c0ff7833c0013b08
1983,1983,1983,apache/commons-compress,9ee24a3d6a84c7e09abb5a9b4940bc91e2ab23d6,1,105,c0ff7833c0013b08
1984,1984,1984,apache/commons-compress,9ee24a3d6a84c7e09abb5a9b4940bc91e2ab23d6,3,105,c0ff7833c0013b08
1985,1985,1985,apache/commons-compress,9ee24a3d6a84c7e09abb5a9b4940bc91e2ab23d6,1,105,c0ff7833c0013b08
1986,1986,1986,apache/commons-compress,121b7e00017b95d1498c4f511ceb4dd21811257a,1,254,c0ff7833c0013b08
1987,1987,1987,apache/commons-compress,121b7e00017b95d1498c4f511ceb4dd21811257a,2,254,c0ff7833c0013b08
1988,1988,1988,apache/commons-compress,121b7e00017b95d1498c4f511ceb4dd21811257a,2,254,c0ff7833c0013b08
1989,1989,1989,apache/commons-compress,121b7e00017b95d1498c4f511ceb4dd21811257a,2,254,c0ff7833c0013b08
1990,1990,1990,apache/commons-compress,121b7e00017b95d1498c4f511ceb4dd21811257a,2,254,c0ff7833c0013b08
1991,1991,1991,apache/commons-compress,121b7e00017b95d1498c4f511ceb4dd21811257a,1,254,c0ff7833c0013b08
1992,1992,1992,apache/commons-compress,121b7e00017b95d1498c4f511ceb4dd21811257a,1,254,c0ff7833c0013b08
1993,1993,1993,apache/commons-compress,121b7e00017b95d1498c4f511ceb4dd21811257a,1,254,c0ff7833c0013b08
1994,1994,1994,apache/commons-compress,ff38bf57378c7cae8617b3c8df692a5ffbe7b83f,2,263,c0ff7833c0013b08
1995,1995,1995,apache/commons-compress,ff38bf57378c7cae8617b3c8df692a5ffbe7b83f,2,263,c0ff7833c0013b08
1996,1996,1996,apache/commons-compress,ff38bf57378c7cae8617b3c8df692a5ffbe7b83f,2,263,c0ff7833c0013b08
1997,1997,1997,apache/commons-compress,ff38bf57378c7cae8617b3c8df692a5ffbe7b83f,5,263,c0ff7833c0013b08
1998,1998,1998,apache/commons-compress,3623ee7dad07c74722baeeffcec6770015f915cf,2,265,c0ff7833c0013b08
1999,1999,1999,apache/commons-compress,3623ee7dad07c74722baeeffcec6770015f915cf,1,265,c0ff7833c0013b08
2000,2000,2000,apache/commons-compress,dc733d1ec84c72d68d8cbedc8d4d301eaf975cbf,2,113,c0ff7833c0013b08
2001,2001,2001,apache/commons-compress,dc733d1ec84c72d68d8cbedc8d4d301eaf975cbf,1,113,c0ff7833c0013b08
2002,2002,2002,apache/commons-compress,dc733d1ec84c72d68d8cbedc8d4d301eaf975cbf,1,113,c0ff7833c0013b08
2003,2003,2003,apache/commons-compress,dc733d1ec84c72d68d8cbedc8d4d301eaf975cbf,2,113,c0ff7833c0013b08
2004,2004,2004,apache/commons-compress,0874320927ef9427cf5da5973935a1d17201cdf7,2,149,c0ff7833c0013b08
2005,2005,2005,apache/commons-compress,0874320927ef9427cf5da5973935a1d17201cdf7,3,149,c0ff7833c0013b08
2006,2006,2006,apache/commons-compress,0874320927ef9427cf5da5973935a1d17201cdf7,1,149,c0ff7833c0013b08
2007,2007,2007,apache/commons-compress,0874320927ef9427cf5da5973935a1d17201cdf7,1,149,c0ff7833c0013b08
2008,2008,2008,apache/commons-compress,0874320927ef9427cf5da5973935a1d17201cdf7,1,149,c0ff7833c0013b08
2009,2009,2009,apache/commons-compress,0874320927ef9427cf5da5973935a1d17201cdf7,2,149,c0ff7833c0013b08
2010,2010,2010,apache/commons-compress,0874320927ef9427cf5da5973935a1d17201cdf7,2,149,c0ff7833c0013b08
2011,2011,2011,apache/commons-compress,6e63432a2a15c8b9b7327edb5cd141661890e0e9,2,162,c0ff7833c0013b08
2012,2012,2012,apache/commons-compress,30ea3746a0f3635c22b7a45f18c3617909f7595a,2,164,c0ff7833c0013b08
2013,2013,2013,apache/commons-compress,30ea3746a0f3635c22b7a45f18c3617909f7595a,1,164,c0ff7833c0013b08
2014,2014,2014,apache/commons-compress,30ea3746a0f3635c22b7a45f18c3617909f7595a,6,164,c0ff7833c0013b08
2015,2015,2015,apache/commons-compress,30ea3746a0f3635c22b7a45f18c3617909f7595a,2,164,c0ff7833c0013b08
2016,2016,2016,apache/commons-compress,30ea3746a0f3635c22b7a45f18c3617909f7595a,2,164,c0ff7833c0013b08
2017,2017,2017,apache/commons-compress,30ea3746a0f3635c22b7a45f18c3617909f7595a,2,164,c0ff7833c0013b08
2018,2018,2018,apache/commons-compress,30ea3746a0f3635c22b7a45f18c3617909f7595a,2,164,c0ff7833c0013b08
2019,2019,2019,apache/commons-compress,30ea3746a0f3635c22b7a45f18c3617909f7595a,1,164,c0ff7833c0013b08
2020,2020,2020,apache/commons-compress,30ea3746a0f3635c22b7a45f18c3617909f7595a,2,164,c0ff7833c0013b08
2021,2021,2021,apache/commons-compress,30ea3746a0f3635c22b7a45f18c3617909f7595a,2,164,c0ff7833c0013b08
2022,2022,2022,apache/commons-compress,30ea3746a0f3635c22b7a45f18c3617909f7595a,4,164,c0ff7833c0013b08
2023,2023,2023,apache/commons-compress,30ea3746a0f3635c22b7a45f18c3617909f7595a,1,164,c0ff7833c0013b08
2024,2024,2024,apache/commons-compress,30ea3746a0f3635c22b7a45f18c3617909f7595a,2,164,c0ff7833c0013b08
2025,2025,2025,apache/commons-compress,163c4eee17c041cb7c1ccfedd983816038cc1eca,4,169,c0ff7833c0013b08
2026,2026,2026,apache/commons-compress,163c4eee17c041cb7c1ccfedd983816038cc1eca,2,169,c0ff7833c0013b08
2027,2027,2027,apache/commons-compress,163c4eee17c041cb7c1ccfedd983816038cc1eca,2,169,c0ff7833c0013b08
2028,2028,2028,apache/commons-compress,163c4eee17c041cb7c1ccfedd983816038cc1eca,4,169,c0ff7833c0013b08
2029,2029,2029,apache/commons-compress,163c4eee17c041cb7c1ccfedd983816038cc1eca,1,169,c0ff7833c0013b08
2030,2030,2030,apache/commons-compress,163c4eee17c041cb7c1ccfedd983816038cc1eca,2,169,c0ff7833c0013b08
2031,2031,2031,apache/commons-compress,163c4eee17c041cb7c1ccfedd983816038cc1eca,1,169,c0ff7833c0013b08
2032,2032,2032,apache/commons-compress,c49e865f4eabd47e264063499e27e12eb549feb1,1,196,c0ff7833c0013b08
2033,2033,2033,apache/commons-compress,c49e865f4eabd47e264063499e27e12eb549feb1,1,196,c0ff7833c0013b08
2034,2034,2034,apache/commons-compress,c49e865f4eabd47e264063499e27e12eb549feb1,2,196,c0ff7833c0013b08
2035,2035,2035,apache/commons-compress,c49e865f4eabd47e264063499e27e12eb549feb1,2,196,c0ff7833c0013b08
2036,2036,2036,apache/commons-compress,c49e865f4eabd47e264063499e27e12eb549feb1,2,196,c0ff7833c0013b08
2037,2037,2037,apache/commons-compress,c49e865f4eabd47e264063499e27e12eb549feb1,2,196,c0ff7833c0013b08
2038,2038,2038,apache/commons-compress,4a4ba6bfdadc792c59a67935b6c4fe6ee8bfd325,1,215,c0ff7833c0013b08
2039,2039,2039,apache/commons-compress,4a4ba6bfdadc792c59a67935b6c4fe6ee8bfd325,3,215,c0ff7833c0013b08
2040,2040,2040,apache/commons-compress,4a4ba6bfdadc792c59a67935b6c4fe6ee8bfd325,2,215,c0ff7833c0013b08
2041,2041,2041,apache/commons-compress,4a4ba6bfdadc792c59a67935b6c4fe6ee8bfd325,4,215,c0ff7833c0013b08
2042,2042,2042,apache/commons-compress,4a4ba6bfdadc792c59a67935b6c4fe6ee8bfd325,3,215,c0ff7833c0013b08
2043,2043,2043,apache/commons-compress,4a4ba6bfdadc792c59a67935b6c4fe6ee8bfd325,3,215,c0ff7833c0013b08
2044,2044,2044,apache/commons-compress,4a4ba6bfdadc792c59a67935b6c4fe6ee8bfd325,2,215,c0ff7833c0013b08
2045,2045,2045,apache/commons-compress,5048d93858a3a7d976ace35f83868215ce5dfe2c,4,222,c0ff7833c0013b08
2046,2046,2046,apache/commons-compress,5048d93858a3a7d976ace35f83868215ce5dfe2c,1,222,c0ff7833c0013b08
2047,2047,2047,apache/commons-compress,5048d93858a3a7d976ace35f83868215ce5dfe2c,7,222,c0ff7833c0013b08
2048,2048,2048,apache/commons-compress,5048d93858a3a7d976ace35f83868215ce5dfe2c,1,222,c0ff7833c0013b08
2049,2049,2049,apache/commons-compress,5048d93858a3a7d976ace35f83868215ce5dfe2c,4,222,c0ff7833c0013b08
2050,2050,2050,apache/commons-compress,5048d93858a3a7d976ace35f83868215ce5dfe2c,2,222,c0ff7833c0013b08
2051,2051,2051,apache/commons-compress,5048d93858a3a7d976ace35f83868215ce5dfe2c,7,222,c0ff7833c0013b08
2052,2052,2052,apache/commons-compress,3547741ac1f953e94b147ecec009a7460369c190,1,224,c0ff7833c0013b08
2053,2053,2053,apache/commons-compress,3547741ac1f953e94b147ecec009a7460369c190,2,224,c0ff7833c0013b08
2054,2054,2054,apache/commons-compress,3547741ac1f953e94b147ecec009a7460369c190,1,224,c0ff7833c0013b08
2055,2055,2055,apache/commons-compress,3a5c8403d892ff1bc245f5ccc6a00bbc860529eb,1,233,c0ff7833c0013b08
2056,2056,2056,apache/commons-compress,3a5c8403d892ff1bc245f5ccc6a00bbc860529eb,1,233,c0ff7833c0013b08
2057,2057,2057,apache/commons-compress,3a5c8403d892ff1bc245f5ccc6a00bbc860529eb,10,233,c0ff7833c0013b08
2058,2058,2058,apache/commons-compress,3a5c8403d892ff1bc245f5ccc6a00bbc860529eb,1,233,c0ff7833c0013b08
2059,2059,2059,apache/commons-compress,3a5c8403d892ff1bc245f5ccc6a00bbc860529eb,2,233,c0ff7833c0013b08
2060,2060,2060,apache/commons-compress,3a5c8403d892ff1bc245f5ccc6a00bbc860529eb,2,233,c0ff7833c0013b08
2061,2061,2061,apache/commons-compress,3a5c8403d892ff1bc245f5ccc6a00bbc860529eb,2,233,c0ff7833c0013b08
2062,2062,2062,apache/commons-compress,3a5c8403d892ff1bc245f5ccc6a00bbc860529eb,1,233,c0ff7833c0013b08
2063,2063,2063,apache/commons-configuration,4c9cc64655258b6af313a593f981de4c94ccc28e,3,104,c0ff7833c0013b08
2064,2064,2064,apache/commons-configuration,4c9cc64655258b6af313a593f981de4c94ccc28e,2,104,c0ff7833c0013b08
2065,2065,2065,apache/commons-configuration,4c9cc64655258b6af313a593f981de4c94ccc28e,2,104,c0ff7833c0013b08
2066,2066,2066,apache/commons-configuration,4c9cc64655258b6af313a593f981de4c94ccc28e,1,104,c0ff7833c0013b08
2067,2067,2067,apache/commons-configuration,663be0ea1296075b919b41c7e3af4c10054c84aa,3,164,c0ff7833c0013b08
2068,2068,2068,apache/commons-configuration,663be0ea1296075b919b41c7e3af4c10054c84aa,2,164,c0ff7833c0013b08
2069,2069,2069,apache/commons-configuration,663be0ea1296075b919b41c7e3af4c10054c84aa,2,164,c0ff7833c0013b08
2070,2070,2070,apache/commons-configuration,663be0ea1296075b919b41c7e3af4c10054c84aa,2,164,c0ff7833c0013b08
2071,2071,2071,apache/commons-configuration,663be0ea1296075b919b41c7e3af4c10054c84aa,3,164,c0ff7833c0013b08
2072,2072,2072,apache/commons-configuration,663be0ea1296075b919b41c7e3af4c10054c84aa,2,164,c0ff7833c0013b08
2073,2073,2073,apache/commons-configuration,663be0ea1296075b919b41c7e3af4c10054c84aa,3,164,c0ff7833c0013b08
2074,2074,2074,apache/commons-configuration,663be0ea1296075b919b41c7e3af4c10054c84aa,2,164,c0ff7833c0013b08
2075,2075,2075,apache/commons-configuration,663be0ea1296075b919b41c7e3af4c10054c84aa,2,164,c0ff7833c0013b08
2076,2076,2076,apache/commons-configuration,663be0ea1296075b919b41c7e3af4c10054c84aa,2,164,c0ff7833c0013b08
2077,2077,2077,apache/commons-configuration,663be0ea1296075b919b41c7e3af4c10054c84aa,14,164,c0ff7833c0013b08
2078,2078,2078,apache/commons-configuration,663be0ea1296075b919b41c7e3af4c10054c84aa,1,164,c0ff7833c0013b08
2079,2079,2079,apache/commons-configuration,663be0ea1296075b919b41c7e3af4c10054c84aa,2,164,c0ff7833c0013b08
2080,2080,2080,apache/commons-configuration,2ca32d357e00554c999837c52319e8122fcb26d9,2,177,c0ff7833c0013b08
2081,2081,2081,apache/commons-configuration,2ca32d357e00554c999837c52319e8122fcb26d9,3,177,c0ff7833c0013b08
2082,2082,2082,apache/commons-configuration,2ca32d357e00554c999837c52319e8122fcb26d9,6,177,c0ff7833c0013b08
2083,2083,2083,apache/commons-configuration,2ca32d357e00554c999837c52319e8122fcb26d9,1,177,c0ff7833c0013b08
2084,2084,2084,apache/commons-configuration,2ca32d357e00554c999837c52319e8122fcb26d9,4,177,c0ff7833c0013b08
2085,2085,2085,apache/commons-configuration,2ca32d357e00554c999837c52319e8122fcb26d9,2,177,c0ff7833c0013b08
2086,2086,2086,apache/commons-configuration,2ca32d357e00554c999837c52319e8122fcb26d9,3,177,c0ff7833c0013b08
2087,2087,2087,apache/commons-configuration,2ca32d357e00554c999837c52319e8122fcb26d9,2,177,c0ff7833c0013b08
2088,2088,2088,apache/commons-configuration,2ca32d357e00554c999837c52319e8122fcb26d9,2,177,c0ff7833c0013b08
2089,2089,2089,apache/commons-configuration,2ca32d357e00554c999837c52319e8122fcb26d9,2,177,c0ff7833c0013b08
2090,2090,2090,apache/commons-configuration,2ca32d357e00554c999837c52319e8122fcb26d9,1,177,c0ff7833c0013b08
2091,2091,2091,apache/commons-configuration,2ca32d357e00554c999837c52319e8122fcb26d9,3,177,c0ff7833c0013b08
2092,2092,2092,apache/commons-configuration,2ca32d357e00554c999837c52319e8122fcb26d9,1,177,c0ff7833c0013b08
2093,2093,2093,apache/commons-configuration,2ca32d357e00554c999837c52319e8122fcb26d9,2,177,c0ff7833c0013b08
2094,2094,2094,apache/commons-configuration,2ca32d357e00554c999837c52319e8122fcb26d9,3,177,c0ff7833c0013b08
2095,2095,2095,apache/commons-configuration,2ca32d357e00554c999837c52319e8122fcb26d9,2,177,c0ff7833c0013b08
2096,2096,2096,apache/commons-configuration,2ca32d357e00554c999837c52319e8122fcb26d9,2,177,c0ff7833c0013b08
2097,2097,2097,apache/commons-configuration,2ca32d357e00554c999837c52319e8122fcb26d9,2,177,c0ff7833c0013b08
2098,2098,2098,apache/commons-configuration,2ca32d357e00554c999837c52319e8122fcb26d9,2,177,c0ff7833c0013b08
2099,2099,2099,apache/commons-configuration,2ca32d357e00554c999837c52319e8122fcb26d9,2,177,c0ff7833c0013b08
2100,2100,2100,apache/commons-configuration,2ca32d357e00554c999837c52319e8122fcb26d9,3,177,c0ff7833c0013b08
2101,2101,2101,apache/commons-configuration,6925324fa47ea463e8e7f7833dd2acc4c57ff170,2,187,c0ff7833c0013b08
2102,2102,2102,apache/commons-configuration,6925324fa47ea463e8e7f7833dd2acc4c57ff170,2,187,c0ff7833c0013b08
2103,2103,2103,apache/commons-configuration,6925324fa47ea463e8e7f7833dd2acc4c57ff170,2,187,c0ff7833c0013b08
2104,2104,2104,apache/commons-configuration,6925324fa47ea463e8e7f7833dd2acc4c57ff170,2,187,c0ff7833c0013b08
2105,2105,2105,apache/commons-configuration,6925324fa47ea463e8e7f7833dd2acc4c57ff170,3,187,c0ff7833c0013b08
2106,2106,2106,apache/commons-configuration,6925324fa47ea463e8e7f7833dd2acc4c57ff170,2,187,c0ff7833c0013b08
2107,2107,2107,apache/commons-configuration,6925324fa47ea463e8e7f7833dd2acc4c57ff170,3,187,c0ff7833c0013b08
2108,2108,2108,apache/commons-configuration,6925324fa47ea463e8e7f7833dd2acc4c57ff170,2,187,c0ff7833c0013b08
2109,2109,2109,apache/commons-configuration,6925324fa47ea463e8e7f7833dd2acc4c57ff170,2,187,c0ff7833c0013b08
2110,2110,2110,apache/commons-configuration,6925324fa47ea463e8e7f7833dd2acc4c57ff170,2,187,c0ff7833c0013b08
2111,2111,2111,apache/commons-configuration,6925324fa47ea463e8e7f7833dd2acc4c57ff170,2,187,c0ff7833c0013b08
2112,2112,2112,apache/commons-configuration,6925324fa47ea463e8e7f7833dd2acc4c57ff170,2,187,c0ff7833c0013b08
2113,2113,2113,apache/commons-configuration,6925324fa47ea463e8e7f7833dd2acc4c57ff170,2,187,c0ff7833c0013b08
2114,2114,2114,apache/commons-configuration,6925324fa47ea463e8e7f7833dd2acc4c57ff170,4,187,c0ff7833c0013b08
2115,2115,2115,apache/commons-configuration,6925324fa47ea463e8e7f7833dd2acc4c57ff170,2,187,c0ff7833c0013b08
2116,2116,2116,apache/commons-configuration,6925324fa47ea463e8e7f7833dd2acc4c57ff170,3,187,c0ff7833c0013b08
2117,2117,2117,apache/commons-configuration,6925324fa47ea463e8e7f7833dd2acc4c57ff170,2,187,c0ff7833c0013b08
2118,2118,2118,apache/commons-configuration,6925324fa47ea463e8e7f7833dd2acc4c57ff170,2,187,c0ff7833c0013b08
2119,2119,2119,apache/commons-configuration,6925324fa47ea463e8e7f7833dd2acc4c57ff170,2,187,c0ff7833c0013b08
2120,2120,2120,apache/commons-configuration,6925324fa47ea463e8e7f7833dd2acc4c57ff170,2,187,c0ff7833c0013b08
2121,2121,2121,apache/commons-configuration,6925324fa47ea463e8e7f7833dd2acc4c57ff170,2,187,c0ff7833c0013b08
2122,2122,2122,apache/commons-configuration,6925324fa47ea463e8e7f7833dd2acc4c57ff170,2,187,c0ff7833c0013b08
2123,2123,2123,apache/commons-configuration,6925324fa47ea463e8e7f7833dd2acc4c57ff170,3,187,c0ff7833c0013b08
2124,2124,2124,apache/commons-configuration,46a1e1cf462d7f3cb89015287cb5cbe67a1ce22b,4,195,c0ff7833c0013b08
2125,2125,2125,apache/commons-configuration,46a1e1cf462d7f3cb89015287cb5cbe67a1ce22b,5,195,c0ff7833c0013b08
2126,2126,2126,apache/commons-configuration,46a1e1cf462d7f3cb89015287cb5cbe67a1ce22b,2,195,c0ff7833c0013b08
2127,2127,2127,apache/commons-configuration,46a1e1cf462d7f3cb89015287cb5cbe67a1ce22b,2,195,c0ff7833c0013b08
2128,2128,2128,apache/commons-configuration,46a1e1cf462d7f3cb89015287cb5cbe67a1ce22b,2,195,c0ff7833c0013b08
2129,2129,2129,apache/commons-configuration,46a1e1cf462d7f3cb89015287cb5cbe67a1ce22b,2,195,c0ff7833c0013b08
2130,2130,2130,apache/commons-configuration,46a1e1cf462d7f3cb89015287cb5cbe67a1ce22b,2,195,c0ff7833c0013b08
2131,2131,2131,apache/commons-configuration,46a1e1cf462d7f3cb89015287cb5cbe67a1ce22b,2,195,c0ff7833c0013b08
2132,2132,2132,apache/commons-configuration,46a1e1cf462d7f3cb89015287cb5cbe67a1ce22b,2,195,c0ff7833c0013b08
2133,2133,2133,apache/commons-configuration,46a1e1cf462d7f3cb89015287cb5cbe67a1ce22b,2,195,c0ff7833c0013b08
2134,2134,2134,apache/commons-configuration,46a1e1cf462d7f3cb89015287cb5cbe67a1ce22b,2,195,c0ff7833c0013b08
2135,2135,2135,apache/commons-configuration,46a1e1cf462d7f3cb89015287cb5cbe67a1ce22b,2,195,c0ff7833c0013b08
2136,2136,2136,apache/commons-configuration,46a1e1cf462d7f3cb89015287cb5cbe67a1ce22b,1,195,c0ff7833c0013b08
2137,2137,2137,apache/commons-configuration,46a1e1cf462d7f3cb89015287cb5cbe67a1ce22b,1,195,c0ff7833c0013b08
2138,2138,2138,apache/commons-configuration,46a1e1cf462d7f3cb89015287cb5cbe67a1ce22b,3,195,c0ff7833c0013b08
2139,2139,2139,apache/commons-configuration,46a1e1cf462d7f3cb89015287cb5cbe67a1ce22b,1,195,c0ff7833c0013b08
2140,2140,2140,apache/commons-configuration,46a1e1cf462d7f3cb89015287cb5cbe67a1ce22b,4,195,c0ff7833c0013b08
2141,2141,2141,apache/commons-configuration,46a1e1cf462d7f3cb89015287cb5cbe67a1ce22b,2,195,c0ff7833c0013b08
2142,2142,2142,apache/commons-configuration,46a1e1cf462d7f3cb89015287cb5cbe67a1ce22b,3,195,c0ff7833c0013b08
2143,2143,2143,apache/commons-configuration,46a1e1cf462d7f3cb89015287cb5cbe67a1ce22b,2,195,c0ff7833c0013b08
2144,2144,2144,apache/commons-configuration,46a1e1cf462d7f3cb89015287cb5cbe67a1ce22b,2,195,c0ff7833c0013b08
2145,2145,2145,apache/commons-configuration,46a1e1cf462d7f3cb89015287cb5cbe67a1ce22b,2,195,c0ff7833c0013b08
2146,2146,2146,apache/commons-configuration,46a1e1cf462d7f3cb89015287cb5cbe67a1ce22b,2,195,c0ff7833c0013b08
2147,2147,2147,apache/commons-configuration,46a1e1cf462d7f3cb89015287cb5cbe67a1ce22b,2,195,c0ff7833c0013b08
2148,2148,2148,apache/commons-configuration,46a1e1cf462d7f3cb89015287cb5cbe67a1ce22b,3,195,c0ff7833c0013b08
2149,2149,2149,apache/commons-configuration,46a1e1cf462d7f3cb89015287cb5cbe67a1ce22b,2,195,c0ff7833c0013b08
2150,2150,2150,apache/commons-configuration,46a1e1cf462d7f3cb89015287cb5cbe67a1ce22b,3,195,c0ff7833c0013b08
2151,2151,2151,apache/commons-configuration,46a1e1cf462d7f3cb89015287cb5cbe67a1ce22b,1,195,c0ff7833c0013b08
2152,2152,2152,apache/commons-configuration,46a1e1cf462d7f3cb89015287cb5cbe67a1ce22b,1,195,c0ff7833c0013b08
2153,2153,2153,apache/commons-configuration,3bbf2a42b3db2878651a0968574ec375658f8590,2,227,c0ff7833c0013b08
2154,2154,2154,apache/commons-configuration,3bbf2a42b3db2878651a0968574ec375658f8590,2,227,c0ff7833c0013b08
2155,2155,2155,apache/commons-configuration,3bbf2a42b3db2878651a0968574ec375658f8590,2,227,c0ff7833c0013b08
2156,2156,2156,apache/commons-configuration,3bbf2a42b3db2878651a0968574ec375658f8590,1,227,c0ff7833c0013b08
2157,2157,2157,apache/commons-configuration,3bbf2a42b3db2878651a0968574ec375658f8590,3,227,c0ff7833c0013b08
2158,2158,2158,apache/commons-configuration,fa910376536ea5a906d3a49a9d87603b11cf5133,3,219,c0ff7833c0013b08
2159,2159,2159,apache/commons-configuration,fa910376536ea5a906d3a49a9d87603b11cf5133,3,219,c0ff7833c0013b08
2160,2160,2160,apache/commons-configuration,fa910376536ea5a906d3a49a9d87603b11cf5133,2,219,c0ff7833c0013b08
2161,2161,2161,apache/commons-configuration,3addf1100809fe7e1a7d66b3ebd40a5ea6b7b80a,3,436,c0ff7833c0013b08
2162,2162,2162,apache/commons-configuration,ac2596d0c630f105e3cbb9a745ef6a0715fb342f,2,442,c0ff7833c0013b08
2163,2163,2163,apache/commons-configuration,25c16206e0452a3b68abf4158c4d8f2ea38305da,2,442,c0ff7833c0013b08
2167,2167,2167,apache/commons-csv,23d1fa4c7f29a757e5536e953071608ca4fd7869,2,25,c0ff7833c0013b08
2168,2168,2168,apache/commons-csv,23d1fa4c7f29a757e5536e953071608ca4fd7869,1,25,c0ff7833c0013b08
2174,2174,2174,apache/commons-io,c2970b4a557e45a1f6e3cf85b5d163a5de9f80dd,2,56,c0ff7833c0013b08
2175,2175,2175,apache/commons-io,d65ff7fec954c84deb0c3b22731b0ee8f395805e,2,81,c0ff7833c0013b08
2176,2176,2176,apache/commons-io,d65ff7fec954c84deb0c3b22731b0ee8f395805e,2,81,c0ff7833c0013b08
2177,2177,2177,apache/commons-io,d65ff7fec954c84deb0c3b22731b0ee8f395805e,2,81,c0ff7833c0013b08
2178,2178,2178,apache/commons-io,d65ff7fec954c84deb0c3b22731b0ee8f395805e,2,81,c0ff7833c0013b08
2179,2179,2179,apache/commons-io,d65ff7fec954c84deb0c3b22731b0ee8f395805e,1,81,c0ff7833c0013b08
2180,2180,2180,apache/commons-io,d65ff7fec954c84deb0c3b22731b0ee8f395805e,6,81,c0ff7833c0013b08
2181,2181,2181,apache/commons-io,d65ff7fec954c84deb0c3b22731b0ee8f395805e,1,81,c0ff7833c0013b08
2182,2182,2182,apache/commons-io,d65ff7fec954c84deb0c3b22731b0ee8f395805e,2,81,c0ff7833c0013b08
2183,2183,2183,apache/commons-io,d65ff7fec954c84deb0c3b22731b0ee8f395805e,2,81,c0ff7833c0013b08
2184,2184,2184,apache/commons-io,d65ff7fec954c84deb0c3b22731b0ee8f395805e,1,81,c0ff7833c0013b08
2185,2185,2185,apache/commons-io,5a6f8945b08bcb6a4c47cc148a8cbb2f42271880,3,99,c0ff7833c0013b08
2186,2186,2186,apache/commons-io,5a6f8945b08bcb6a4c47cc148a8cbb2f42271880,1,99,c0ff7833c0013b08
2187,2187,2187,apache/commons-io,5a6f8945b08bcb6a4c47cc148a8cbb2f42271880,1,99,c0ff7833c0013b08
2188,2188,2188,apache/commons-io,51aa1d250035dd89db576cd8458b26c58d78dea8,2,99,c0ff7833c0013b08
2189,2189,2189,apache/commons-io,04dda36003d8d5115a4210e228deb52deba2f2c6,1,101,c0ff7833c0013b08
2190,2190,2190,apache/commons-io,04dda36003d8d5115a4210e228deb52deba2f2c6,2,101,c0ff7833c0013b08
2191,2191,2191,apache/commons-io,04dda36003d8d5115a4210e228deb52deba2f2c6,2,101,c0ff7833c0013b08
2192,2192,2192,apache/commons-io,04dda36003d8d5115a4210e228deb52deba2f2c6,2,101,c0ff7833c0013b08
2193,2193,2193,apache/commons-io,04dda36003d8d5115a4210e228deb52deba2f2c6,2,101,c0ff7833c0013b08
2194,2194,2194,apache/commons-io,6923a01ae1edf0510dd257f72867c282224ee23f,2,136,c0ff7833c0013b08
2195,2195,2195,apache/commons-io,6923a01ae1edf0510dd257f72867c282224ee23f,6,136,c0ff7833c0013b08
2196,2196,2196,apache/commons-io,6923a01ae1edf0510dd257f72867c282224ee23f,1,136,c0ff7833c0013b08
2197,2197,2197,apache/commons-io,6923a01ae1edf0510dd257f72867c282224ee23f,2,136,c0ff7833c0013b08
2198,2198,2198,apache/commons-io,6923a01ae1edf0510dd257f72867c282224ee23f,1,136,c0ff7833c0013b08
2199,2199,2199,apache/commons-io,6923a01ae1edf0510dd257f72867c282224ee23f,1,136,c0ff7833c0013b08
2200,2200,2200,apache/commons-io,6923a01ae1edf0510dd257f72867c282224ee23f,2,136,c0ff7833c0013b08
2201,2201,2201,apache/commons-io,6923a01ae1edf0510dd257f72867c282224ee23f,1,136,c0ff7833c0013b08
2202,2202,2202,apache/commons-io,6923a01ae1edf0510dd257f72867c282224ee23f,1,136,c0ff7833c0013b08
2203,2203,2203,apache/commons-io,6923a01ae1edf0510dd257f72867c282224ee23f,1,136,c0ff7833c0013b08
2204,2204,2204,apache/commons-io,6923a01ae1edf0510dd257f72867c282224ee23f,2,136,c0ff7833c0013b08
2205,2205,2205,apache/commons-io,6923a01ae1edf0510dd257f72867c282224ee23f,2,136,c0ff7833c0013b08
2206,2206,2206,apache/commons-io,6923a01ae1edf0510dd257f72867c282224ee23f,2,136,c0ff7833c0013b08
2207,2207,2207,apache/commons-io,6923a01ae1edf0510dd257f72867c282224ee23f,2,136,c0ff7833c0013b08
2208,2208,2208,apache/commons-io,6923a01ae1edf0510dd257f72867c282224ee23f,2,136,c0ff7833c0013b08
2209,2209,2209,apache/commons-io,6923a01ae1edf0510dd257f72867c282224ee23f,2,136,c0ff7833c0013b08
2210,2210,2210,apache/commons-io,6923a01ae1edf0510dd257f72867c282224ee23f,2,136,c0ff7833c0013b08
2211,2211,2211,apache/commons-io,6923a01ae1edf0510dd257f72867c282224ee23f,2,136,c0ff7833c0013b08
2212,2212,2212,apache/commons-io,27add961ae6f94fa20124d24486a6e5fb47587c9,2,188,c0ff7833c0013b08
2213,2213,2213,apache/commons-io,27add961ae6f94fa20124d24486a6e5fb47587c9,2,188,c0ff7833c0013b08
2214,2214,2214,apache/commons-io,27add961ae6f94fa20124d24486a6e5fb47587c9,1,188,c0ff7833c0013b08
2215,2215,2215,apache/commons-io,d5ac035b851c687b11031e694c40318db09bc634,2,188,c0ff7833c0013b08
2216,2216,2216,apache/commons-io,d5ac035b851c687b11031e694c40318db09bc634,2,188,c0ff7833c0013b08
2217,2217,2217,apache/commons-io,d5ac035b851c687b11031e694c40318db09bc634,1,188,c0ff7833c0013b08
2218,2218,2218,apache/commons-io,d5ac035b851c687b11031e694c40318db09bc634,2,188,c0ff7833c0013b08
2219,2219,2219,apache/commons-io,d5ac035b851c687b11031e694c40318db09bc634,4,188,c0ff7833c0013b08
2220,2220,2220,apache/commons-io,d5ac035b851c687b11031e694c40318db09bc634,1,188,c0ff7833c0013b08
2221,2221,2221,apache/commons-io,d5ac035b851c687b11031e694c40318db09bc634,2,188,c0ff7833c0013b08
2222,2222,2222,apache/commons-io,d5ac035b851c687b11031e694c40318db09bc634,2,188,c0ff7833c0013b08
2223,2223,2223,apache/commons-io,0e68a33a9b8f27e592f79a563a5c9a9644c8b21d,2,188,c0ff7833c0013b08
2224,2224,2224,apache/commons-io,0e68a33a9b8f27e592f79a563a5c9a9644c8b21d,2,188,c0ff7833c0013b08
2225,2225,2225,apache/commons-io,0e68a33a9b8f27e592f79a563a5c9a9644c8b21d,1,188,c0ff7833c0013b08
2226,2226,2226,apache/commons-io,0e68a33a9b8f27e592f79a563a5c9a9644c8b21d,1,188,c0ff7833c0013b08
2227,2227,2227,apache/commons-io,0e68a33a9b8f27e592f79a563a5c9a9644c8b21d,2,188,c0ff7833c0013b08
2228,2228,2228,apache/commons-io,0e68a33a9b8f27e592f79a563a5c9a9644c8b21d,1,188,c0ff7833c0013b08
2229,2229,2229,apache/commons-io,0e68a33a9b8f27e592f79a563a5c9a9644c8b21d,2,188,c0ff7833c0013b08
2230,2230,2230,apache/commons-io,0e68a33a9b8f27e592f79a563a5c9a9644c8b21d,1,188,c0ff7833c0013b08
2231,2231,2231,apache/commons-io,c07589baa429c2ab306466643cef3dec31d1788b,1,198,c0ff7833c0013b08
2232,2232,2232,apache/commons-io,c07589baa429c2ab306466643cef3dec31d1788b,6,198,c0ff7833c0013b08
2233,2233,2233,apache/commons-io,c07589baa429c2ab306466643cef3dec31d1788b,1,198,c0ff7833c0013b08
2234,2234,2234,apache/commons-io,c07589baa429c2ab306466643cef3dec31d1788b,1,198,c0ff7833c0013b08
2235,2235,2235,apache/commons-io,c07589baa429c2ab306466643cef3dec31d1788b,1,198,c0ff7833c0013b08
2236,2236,2236,apache/commons-io,c07589baa429c2ab306466643cef3dec31d1788b,2,198,c0ff7833c0013b08
2237,2237,2237,apache/commons-io,e36d53170875d26d59ca94bd376bf40bc5690ee6,1,198,c0ff7833c0013b08
2238,2238,2238,apache/commons-io,e36d53170875d26d59ca94bd376bf40bc5690ee6,2,198,c0ff7833c0013b08
2239,2239,2239,apache/commons-io,e36d53170875d26d59ca94bd376bf40bc5690ee6,1,198,c0ff7833c0013b08
2240,2240,2240,apache/commons-io,e36d53170875d26d59ca94bd376bf40bc5690ee6,17,198,c0ff7833c0013b08
2241,2241,2241,apache/commons-io,e36d53170875d26d59ca94bd376bf40bc5690ee6,2,198,c0ff7833c0013b08
2242,2242,2242,apache/commons-io,e36d53170875d26d59ca94bd376bf40bc5690ee6,1,198,c0ff7833c0013b08
2243,2243,2243,apache/commons-io,e36d53170875d26d59ca94bd376bf40bc5690ee6,2,198,c0ff7833c0013b08
2244,2244,2244,apache/commons-io,e36d53170875d26d59ca94bd376bf40bc5690ee6,1,198,c0ff7833c0013b08
2245,2245,2245,apache/commons-io,e36d53170875d26d59ca94bd376bf40bc5690ee6,4,198,c0ff7833c0013b08
2246,2246,2246,apache/commons-io,e36d53170875d26d59ca94bd376bf40bc5690ee6,1,198,c0ff7833c0013b08
2247,2247,2247,apache/commons-io,e36d53170875d26d59ca94bd376bf40bc5690ee6,2,198,c0ff7833c0013b08
2248,2248,2248,apache/commons-io,e36d53170875d26d59ca94bd376bf40bc5690ee6,1,198,c0ff7833c0013b08
2249,2249,2249,apache/commons-io,e36d53170875d26d59ca94bd376bf40bc5690ee6,1,198,c0ff7833c0013b08
2250,2250,2250,apache/commons-lang,da5d64110a8b7182d04359958f40fadfbe1ed6ff,2,140,c0ff7833c0013b08
2251,2251,2251,apache/commons-lang,81f1077a922523a1f6a76376215a1b3de1e49b67,2,204,c0ff7833c0013b08
2252,2252,2252,apache/commons-lang,81f1077a922523a1f6a76376215a1b3de1e49b67,2,204,c0ff7833c0013b08
2253,2253,2253,apache/commons-lang,81f1077a922523a1f6a76376215a1b3de1e49b67,2,204,c0ff7833c0013b08
2254,2254,2254,apache/commons-lang,81f1077a922523a1f6a76376215a1b3de1e49b67,3,204,c0ff7833c0013b08
2255,2255,2255,apache/commons-lang,81f1077a922523a1f6a76376215a1b3de1e49b67,2,204,c0ff7833c0013b08
2256,2256,2256,apache/commons-lang,81f1077a922523a1f6a76376215a1b3de1e49b67,2,204,c0ff7833c0013b08
2257,2257,2257,apache/commons-lang,81f1077a922523a1f6a76376215a1b3de1e49b67,2,204,c0ff7833c0013b08
2258,2258,2258,apache/commons-lang,81f1077a922523a1f6a76376215a1b3de1e49b67,1,204,c0ff7833c0013b08
2259,2259,2259,apache/commons-lang,81f1077a922523a1f6a76376215a1b3de1e49b67,3,204,c0ff7833c0013b08
2260,2260,2260,apache/commons-lang,bdf2ede50ed073d91389be55ec3a9cff565c58a5,2,221,c0ff7833c0013b08
2261,2261,2261,apache/commons-lang,bdf2ede50ed073d91389be55ec3a9cff565c58a5,2,221,c0ff7833c0013b08
2262,2262,2262,apache/commons-lang,bdf2ede50ed073d91389be55ec3a9cff565c58a5,3,221,c0ff7833c0013b08
2263,2263,2263,apache/commons-lang,bdf2ede50ed073d91389be55ec3a9cff565c58a5,2,221,c0ff7833c0013b08
2264,2264,2264,apache/commons-lang,bdf2ede50ed073d91389be55ec3a9cff565c58a5,2,221,c0ff7833c0013b08
2265,2265,2265,apache/commons-lang,bdf2ede50ed073d91389be55ec3a9cff565c58a5,1,221,c0ff7833c0013b08
2266,2266,2266,apache/commons-lang,bdf2ede50ed073d91389be55ec3a9cff565c58a5,2,221,c0ff7833c0013b08
2267,2267,2267,apache/commons-lang,bdf2ede50ed073d91389be55ec3a9cff565c58a5,1,221,c0ff7833c0013b08
2268,2268,2268,apache/commons-lang,bdf2ede50ed073d91389be55ec3a9cff565c58a5,2,221,c0ff7833c0013b08
2269,2269,2269,apache/commons-lang,bdf2ede50ed073d91389be55ec3a9cff565c58a5,1,221,c0ff7833c0013b08
2270,2270,2270,apache/commons-lang,4e55808486a0227a72c70350a76d33660cc94af8,2,221,c0ff7833c0013b08
2271,2271,2271,apache/commons-lang,4e55808486a0227a72c70350a76d33660cc94af8,1,221,c0ff7833c0013b08
2272,2272,2272,apache/commons-lang,4e55808486a0227a72c70350a76d33660cc94af8,1,221,c0ff7833c0013b08
2273,2273,2273,apache/commons-lang,4e55808486a0227a72c70350a76d33660cc94af8,2,221,c0ff7833c0013b08
2274,2274,2274,apache/commons-lang,4e55808486a0227a72c70350a76d33660cc94af8,2,221,c0ff7833c0013b08
2275,2275,2275,apache/commons-lang,4e55808486a0227a72c70350a76d33660cc94af8,2,221,c0ff7833c0013b08
2276,2276,2276,apache/commons-lang,4e55808486a0227a72c70350a76d33660cc94af8,2,221,c0ff7833c0013b08
2277,2277,2277,apache/commons-lang,4e55808486a0227a72c70350a76d33660cc94af8,2,221,c0ff7833c0013b08
2278,2278,2278,apache/commons-lang,aa9727e15966bac899aa18733ef85c4aded19f0c,2,228,c0ff7833c0013b08
2279,2279,2279,apache/commons-lang,aa9727e15966bac899aa18733ef85c4aded19f0c,2,228,c0ff7833c0013b08
2280,2280,2280,apache/commons-lang,aa9727e15966bac899aa18733ef85c4aded19f0c,1,228,c0ff7833c0013b08
2281,2281,2281,apache/commons-lang,aa9727e15966bac899aa18733ef85c4aded19f0c,1,228,c0ff7833c0013b08
2282,2282,2282,apache/commons-lang,aa9727e15966bac899aa18733ef85c4aded19f0c,2,228,c0ff7833c0013b08
2283,2283,2283,apache/commons-lang,aa9727e15966bac899aa18733ef85c4aded19f0c,2,228,c0ff7833c0013b08
2284,2284,2284,apache/commons-lang,aa9727e15966bac899aa18733ef85c4aded19f0c,2,228,c0ff7833c0013b08
2285,2285,2285,apache/commons-lang,aa9727e15966bac899aa18733ef85c4aded19f0c,3,228,c0ff7833c0013b08
2286,2286,2286,apache/commons-lang,aa9727e15966bac899aa18733ef85c4aded19f0c,2,228,c0ff7833c0013b08
2287,2287,2287,apache/commons-lang,aa9727e15966bac899aa18733ef85c4aded19f0c,2,228,c0ff7833c0013b08
2288,2288,2288,apache/commons-lang,c21484b730221bc87ca26553155350292aa30f0d,2,214,c0ff7833c0013b08
2289,2289,2289,apache/commons-lang,c21484b730221bc87ca26553155350292aa30f0d,1,214,c0ff7833c0013b08
2290,2290,2290,apache/commons-lang,c21484b730221bc87ca26553155350292aa30f0d,1,214,c0ff7833c0013b08
2291,2291,2291,apache/commons-lang,c21484b730221bc87ca26553155350292aa30f0d,1,214,c0ff7833c0013b08
2292,2292,2292,apache/commons-lang,c21484b730221bc87ca26553155350292aa30f0d,2,214,c0ff7833c0013b08
2293,2293,2293,apache/commons-lang,c21484b730221bc87ca26553155350292aa30f0d,2,214,c0ff7833c0013b08
2294,2294,2294,apache/commons-lang,b901f0b449bc01358ac5b9e7fb8c82910a0b22e7,1,215,c0ff7833c0013b08
2295,2295,2295,apache/commons-lang,b901f0b449bc01358ac5b9e7fb8c82910a0b22e7,1,215,c0ff7833c0013b08
2296,2296,2296,apache/commons-lang,b901f0b449bc01358ac5b9e7fb8c82910a0b22e7,1,215,c0ff7833c0013b08
2297,2297,2297,apache/commons-lang,b901f0b449bc01358ac5b9e7fb8c82910a0b22e7,1,215,c0ff7833c0013b08
2298,2298,2298,apache/commons-lang,915946c9dcc80a6a16745b86540b82b2ddba1720,1,218,c0ff7833c0013b08
2299,2299,2299,apache/commons-lang,915946c9dcc80a6a16745b86540b82b2ddba1720,2,218,c0ff7833c0013b08
2300,2300,2300,apache/commons-lang,915946c9dcc80a6a16745b86540b82b2ddba1720,2,218,c0ff7833c0013b08
2301,2301,2301,apache/commons-lang,915946c9dcc80a6a16745b86540b82b2ddba1720,1,218,c0ff7833c0013b08
2302,2302,2302,apache/commons-lang,915946c9dcc80a6a16745b86540b82b2ddba1720,2,218,c0ff7833c0013b08
2303,2303,2303,apache/commons-lang,915946c9dcc80a6a16745b86540b82b2ddba1720,1,218,c0ff7833c0013b08
2304,2304,2304,apache/commons-lang,915946c9dcc80a6a16745b86540b82b2ddba1720,1,218,c0ff7833c0013b08
2305,2305,2305,apache/commons-lang,915946c9dcc80a6a16745b86540b82b2ddba1720,2,218,c0ff7833c0013b08
2306,2306,2306,apache/commons-lang,915946c9dcc80a6a16745b86540b82b2ddba1720,4,218,c0ff7833c0013b08
2307,2307,2307,apache/commons-lang,915946c9dcc80a6a16745b86540b82b2ddba1720,1,218,c0ff7833c0013b08
2308,2308,2308,apache/commons-lang,915946c9dcc80a6a16745b86540b82b2ddba1720,1,218,c0ff7833c0013b08
2309,2309,2309,apache/commons-lang,915946c9dcc80a6a16745b86540b82b2ddba1720,2,218,c0ff7833c0013b08
2310,2310,2310,apache/commons-lang,915946c9dcc80a6a16745b86540b82b2ddba1720,1,218,c0ff7833c0013b08
2311,2311,2311,apache/commons-lang,915946c9dcc80a6a16745b86540b82b2ddba1720,2,218,c0ff7833c0013b08
2312,2312,2312,apache/commons-lang,915946c9dcc80a6a16745b86540b82b2ddba1720,2,218,c0ff7833c0013b08
2313,2313,2313,apache/commons-lang,915946c9dcc80a6a16745b86540b82b2ddba1720,2,218,c0ff7833c0013b08
2314,2314,2314,apache/commons-lang,915946c9dcc80a6a16745b86540b82b2ddba1720,2,218,c0ff7833c0013b08
2315,2315,2315,apache/commons-lang,915946c9dcc80a6a16745b86540b82b2ddba1720,2,218,c0ff7833c0013b08
2316,2316,2316,apache/commons-lang,915946c9dcc80a6a16745b86540b82b2ddba1720,2,218,c0ff7833c0013b08
2317,2317,2317,apache/commons-lang,915946c9dcc80a6a16745b86540b82b2ddba1720,2,218,c0ff7833c0013b08
2318,2318,2318,apache/commons-lang,915946c9dcc80a6a16745b86540b82b2ddba1720,2,218,c0ff7833c0013b08
2319,2319,2319,apache/commons-lang,915946c9dcc80a6a16745b86540b82b2ddba1720,2,218,c0ff7833c0013b08
2320,2320,2320,apache/commons-lang,915946c9dcc80a6a16745b86540b82b2ddba1720,1,218,c0ff7833c0013b08
2321,2321,2321,apache/commons-lang,915946c9dcc80a6a16745b86540b82b2ddba1720,2,218,c0ff7833c0013b08
2322,2322,2322,apache/commons-lang,915946c9dcc80a6a16745b86540b82b2ddba1720,2,218,c0ff7833c0013b08
2323,2323,2323,apache/commons-lang,915946c9dcc80a6a16745b86540b82b2ddba1720,1,218,c0ff7833c0013b08
2324,2324,2324,apache/commons-lang,915946c9dcc80a6a16745b86540b82b2ddba1720,2,218,c0ff7833c0013b08
2325,2325,2325,apache/commons-lang,915946c9dcc80a6a16745b86540b82b2ddba1720,2,218,c0ff7833c0013b08
2326,2326,2326,apache/commons-lang,915946c9dcc80a6a16745b86540b82b2ddba1720,1,218,c0ff7833c0013b08
2327,2327,2327,apache/commons-lang,915946c9dcc80a6a16745b86540b82b2ddba1720,2,218,c0ff7833c0013b08
2328,2328,2328,apache/commons-lang,915946c9dcc80a6a16745b86540b82b2ddba1720,2,218,c0ff7833c0013b08
2329,2329,2329,apache/commons-lang,0c14a39be2b8a8e9461921994033310fd567e8cb,3,247,c0ff7833c0013b08
2330,2330,2330,apache/commons-lang,0c14a39be2b8a8e9461921994033310fd567e8cb,2,247,c0ff7833c0013b08
2331,2331,2331,apache/commons-lang,0c14a39be2b8a8e9461921994033310fd567e8cb,1,247,c0ff7833c0013b08
2332,2332,2332,apache/commons-lang,92e7e569ca9a6c92f24cc88c05e182d18ad62847,2,247,c0ff7833c0013b08
2333,2333,2333,apache/commons-lang,92e7e569ca9a6c92f24cc88c05e182d18ad62847,1,247,c0ff7833c0013b08
2334,2334,2334,apache/commons-lang,92e7e569ca9a6c92f24cc88c05e182d18ad62847,1,247,c0ff7833c0013b08
2335,2335,2335,apache/commons-lang,92e7e569ca9a6c92f24cc88c05e182d18ad62847,2,247,c0ff7833c0013b08
2336,2336,2336,apache/commons-lang,92e7e569ca9a6c92f24cc88c05e182d18ad62847,2,247,c0ff7833c0013b08
2337,2337,2337,apache/commons-lang,92e7e569ca9a6c92f24cc88c05e182d18ad62847,3,247,c0ff7833c0013b08
2338,2338,2338,apache/commons-lang,37f8fe84d934a92fe784c62e706b7aacf6fa4f97,1,274,c0ff7833c0013b08
2339,2339,2339,apache/commons-lang,37f8fe84d934a92fe784c62e706b7aacf6fa4f97,2,274,c0ff7833c0013b08
2340,2340,2340,apache/commons-lang,e8f924f51be5bc8bcd583ea96e5ef25f9b2ca72a,2,274,c0ff7833c0013b08
2341,2341,2341,apache/commons-lang,e8f924f51be5bc8bcd583ea96e5ef25f9b2ca72a,6,274,c0ff7833c0013b08
2342,2342,2342,apache/commons-lang,e8f924f51be5bc8bcd583ea96e5ef25f9b2ca72a,2,274,c0ff7833c0013b08
2343,2343,2343,apache/commons-lang,e8f924f51be5bc8bcd583ea96e5ef25f9b2ca72a,2,274,c0ff7833c0013b08
2344,2344,2344,apache/commons-lang,e8f924f51be5bc8bcd583ea96e5ef25f9b2ca72a,3,274,c0ff7833c0013b08
2345,2345,2345,apache/commons-lang,e8f924f51be5bc8bcd583ea96e5ef25f9b2ca72a,1,274,c0ff7833c0013b08
2346,2346,2346,apache/commons-lang,e8f924f51be5bc8bcd583ea96e5ef25f9b2ca72a,4,274,c0ff7833c0013b08
2347,2347,2347,apache/commons-lang,e8f924f51be5bc8bcd583ea96e5ef25f9b2ca72a,1,274,c0ff7833c0013b08
2348,2348,2348,apache/commons-lang,e8f924f51be5bc8bcd583ea96e5ef25f9b2ca72a,2,274,c0ff7833c0013b08
2349,2349,2349,apache/commons-lang,e8f924f51be5bc8bcd583ea96e5ef25f9b2ca72a,1,274,c0ff7833c0013b08
2350,2350,2350,apache/commons-lang,e8f924f51be5bc8bcd583ea96e5ef25f9b2ca72a,1,274,c0ff7833c0013b08
2351,2351,2351,apache/commons-lang,e8f924f51be5bc8bcd583ea96e5ef25f9b2ca72a,3,274,c0ff7833c0013b08
2352,2352,2352,apache/commons-lang,e8f924f51be5bc8bcd583ea96e5ef25f9b2ca72a,2,274,c0ff7833c0013b08
2353,2353,2353,apache/commons-lang,e8f924f51be5bc8bcd583ea96e5ef25f9b2ca72a,1,274,c0ff7833c0013b08
2354,2354,2354,apache/commons-lang,e8f924f51be5bc8bcd583ea96e5ef25f9b2ca72a,2,274,c0ff7833c0013b08
2355,2355,2355,apache/commons-lang,e8f924f51be5bc8bcd583ea96e5ef25f9b2ca72a,2,274,c0ff7833c0013b08
2356,2356,2356,apache/commons-lang,e8f924f51be5bc8bcd583ea96e5ef25f9b2ca72a,3,274,c0ff7833c0013b08
2357,2357,2357,apache/commons-lang,e8f924f51be5bc8bcd583ea96e5ef25f9b2ca72a,2,274,c0ff7833c0013b08
2358,2358,2358,apache/commons-lang,4777c3a5e4291af2420db57d008152c70c4a8f24,1,281,c0ff7833c0013b08
2359,2359,2359,apache/commons-lang,4777c3a5e4291af2420db57d008152c70c4a8f24,3,281,c0ff7833c0013b08
2360,2360,2360,apache/commons-lang,4777c3a5e4291af2420db57d008152c70c4a8f24,1,281,c0ff7833c0013b08
2361,2361,2361,apache/commons-lang,4777c3a5e4291af2420db57d008152c70c4a8f24,2,281,c0ff7833c0013b08
2362,2362,2362,apache/commons-lang,4777c3a5e4291af2420db57d008152c70c4a8f24,2,281,c0ff7833c0013b08
2363,2363,2363,apache/commons-lang,4777c3a5e4291af2420db57d008152c70c4a8f24,2,281,c0ff7833c0013b08
2364,2364,2364,apache/commons-lang,4777c3a5e4291af2420db57d008152c70c4a8f24,2,281,c0ff7833c0013b08
2365,2365,2365,apache/commons-lang,4777c3a5e4291af2420db57d008152c70c4a8f24,2,281,c0ff7833c0013b08
2366,2366,2366,apache/commons-lang,4777c3a5e4291af2420db57d008152c70c4a8f24,1,281,c0ff7833c0013b08
2367,2367,2367,apache/commons-lang,4777c3a5e4291af2420db57d008152c70c4a8f24,2,281,c0ff7833c0013b08
2368,2368,2368,apache/commons-lang,4777c3a5e4291af2420db57d008152c70c4a8f24,1,281,c0ff7833c0013b08
2369,2369,2369,apache/commons-lang,4777c3a5e4291af2420db57d008152c70c4a8f24,2,281,c0ff7833c0013b08
2370,2370,2370,apache/commons-lang,4777c3a5e4291af2420db57d008152c70c4a8f24,2,281,c0ff7833c0013b08
2371,2371,2371,apache/commons-lang,4777c3a5e4291af2420db57d008152c70c4a8f24,1,281,c0ff7833c0013b08
2372,2372,2372,apache/commons-lang,4777c3a5e4291af2420db57d008152c70c4a8f24,1,281,c0ff7833c0013b08
2373,2373,2373,apache/commons-lang,4777c3a5e4291af2420db57d008152c70c4a8f24,1,281,c0ff7833c0013b08
2374,2374,2374,apache/commons-lang,4777c3a5e4291af2420db57d008152c70c4a8f24,2,281,c0ff7833c0013b08
2375,2375,2375,apache/commons-lang,4777c3a5e4291af2420db57d008152c70c4a8f24,1,281,c0ff7833c0013b08
2376,2376,2376,apache/commons-lang,4777c3a5e4291af2420db57d008152c70c4a8f24,2,281,c0ff7833c0013b08
2377,2377,2377,apache/commons-lang,4777c3a5e4291af2420db57d008152c70c4a8f24,2,281,c0ff7833c0013b08
2378,2378,2378,apache/commons-lang,4777c3a5e4291af2420db57d008152c70c4a8f24,2,281,c0ff7833c0013b08
2379,2379,2379,apache/commons-lang,4777c3a5e4291af2420db57d008152c70c4a8f24,2,281,c0ff7833c0013b08
2380,2380,2380,apache/commons-lang,4777c3a5e4291af2420db57d008152c70c4a8f24,1,281,c0ff7833c0013b08
2381,2381,2381,apache/commons-lang,4777c3a5e4291af2420db57d008152c70c4a8f24,3,281,c0ff7833c0013b08
2382,2382,2382,apache/commons-lang,4777c3a5e4291af2420db57d008152c70c4a8f24,4,281,c0ff7833c0013b08
2383,2383,2383,apache/commons-lang,4777c3a5e4291af2420db57d008152c70c4a8f24,2,281,c0ff7833c0013b08
2384,2384,2384,apache/commons-lang,4777c3a5e4291af2420db57d008152c70c4a8f24,1,281,c0ff7833c0013b08
2385,2385,2385,apache/commons-math,96691abe5ed4a0f67b253cd2f6f789e868a77b22,2,195,c0ff7833c0013b08
2386,2386,2386,apache/commons-math,96691abe5ed4a0f67b253cd2f6f789e868a77b22,1,195,c0ff7833c0013b08
2387,2387,2387,apache/commons-math,96691abe5ed4a0f67b253cd2f6f789e868a77b22,2,195,c0ff7833c0013b08
2388,2388,2388,apache/commons-math,96691abe5ed4a0f67b253cd2f6f789e868a77b22,2,195,c0ff7833c0013b08
2389,2389,2389,apache/commons-math,bb50284d69ce651dc12e7acea2fe6e2db792874a,2,252,c0ff7833c0013b08
2390,2390,2390,apache/commons-math,bb50284d69ce651dc12e7acea2fe6e2db792874a,4,252,c0ff7833c0013b08
2391,2391,2391,apache/commons-math,bb50284d69ce651dc12e7acea2fe6e2db792874a,3,252,c0ff7833c0013b08
2392,2392,2392,apache/commons-math,bb50284d69ce651dc12e7acea2fe6e2db792874a,2,252,c0ff7833c0013b08
2393,2393,2393,apache/commons-math,bb50284d69ce651dc12e7acea2fe6e2db792874a,2,252,c0ff7833c0013b08
2394,2394,2394,apache/commons-math,0c602508d1591e212c55912a9066baa45e126957,1,396,c0ff7833c0013b08
2395,2395,2395,apache/commons-math,0c602508d1591e212c55912a9066baa45e126957,2,396,c0ff7833c0013b08
2396,2396,2396,apache/commons-math,0c602508d1591e212c55912a9066baa45e126957,2,396,c0ff7833c0013b08
2397,2397,2397,apache/commons-math,9f26e58bf9a73e1375b17dfdc2c5f395e4ffbdb6,2,645,c0ff7833c0013b08
2398,2398,2398,apache/commons-math,9f26e58bf9a73e1375b17dfdc2c5f395e4ffbdb6,2,645,c0ff7833c0013b08
2399,2399,2399,apache/commons-math,9f26e58bf9a73e1375b17dfdc2c5f395e4ffbdb6,1,645,c0ff7833c0013b08
2400,2400,2400,apache/commons-math,9f26e58bf9a73e1375b17dfdc2c5f395e4ffbdb6,4,645,c0ff7833c0013b08
2401,2401,2401,apache/commons-math,9f26e58bf9a73e1375b17dfdc2c5f395e4ffbdb6,2,645,c0ff7833c0013b08
2402,2402,2402,apache/commons-math,9f26e58bf9a73e1375b17dfdc2c5f395e4ffbdb6,2,645,c0ff7833c0013b08
2403,2403,2403,apache/commons-math,9f26e58bf9a73e1375b17dfdc2c5f395e4ffbdb6,2,645,c0ff7833c0013b08
2404,2404,2404,apache/commons-math,9f26e58bf9a73e1375b17dfdc2c5f395e4ffbdb6,2,645,c0ff7833c0013b08
2405,2405,2405,apache/commons-math,9f26e58bf9a73e1375b17dfdc2c5f395e4ffbdb6,1,645,c0ff7833c0013b08
2406,2406,2406,apache/commons-math,9f26e58bf9a73e1375b17dfdc2c5f395e4ffbdb6,1,645,c0ff7833c0013b08
2407,2407,2407,apache/commons-math,9f26e58bf9a73e1375b17dfdc2c5f395e4ffbdb6,3,645,c0ff7833c0013b08
2408,2408,2408,apache/commons-math,9f26e58bf9a73e1375b17dfdc2c5f395e4ffbdb6,1,645,c0ff7833c0013b08
2409,2409,2409,apache/commons-math,9f26e58bf9a73e1375b17dfdc2c5f395e4ffbdb6,1,645,c0ff7833c0013b08
2410,2410,2410,apache/commons-math,9f26e58bf9a73e1375b17dfdc2c5f395e4ffbdb6,3,645,c0ff7833c0013b08
2411,2411,2411,apache/commons-math,9f26e58bf9a73e1375b17dfdc2c5f395e4ffbdb6,5,645,c0ff7833c0013b08
2412,2412,2412,apache/commons-math,9f26e58bf9a73e1375b17dfdc2c5f395e4ffbdb6,2,645,c0ff7833c0013b08
2413,2413,2413,apache/commons-math,9f26e58bf9a73e1375b17dfdc2c5f395e4ffbdb6,6,645,c0ff7833c0013b08
2414,2414,2414,apache/commons-math,9f26e58bf9a73e1375b17dfdc2c5f395e4ffbdb6,2,645,c0ff7833c0013b08
2415,2415,2415,apache/commons-math,9f26e58bf9a73e1375b17dfdc2c5f395e4ffbdb6,3,645,c0ff7833c0013b08
2416,2416,2416,apache/commons-math,9f26e58bf9a73e1375b17dfdc2c5f395e4ffbdb6,2,645,c0ff7833c0013b08
2417,2417,2417,apache/commons-math,9f26e58bf9a73e1375b17dfdc2c5f395e4ffbdb6,4,645,c0ff7833c0013b08
2418,2418,2418,apache/commons-math,9f26e58bf9a73e1375b17dfdc2c5f395e4ffbdb6,1,645,c0ff7833c0013b08
2419,2419,2419,apache/commons-math,7d588288e35b38dd55e7bedb767d1b0d80096294,5,675,c0ff7833c0013b08
2420,2420,2420,apache/commons-math,7d588288e35b38dd55e7bedb767d1b0d80096294,1,675,c0ff7833c0013b08
2421,2421,2421,apache/commons-math,7d588288e35b38dd55e7bedb767d1b0d80096294,2,675,c0ff7833c0013b08
2422,2422,2422,apache/commons-math,7d588288e35b38dd55e7bedb767d1b0d80096294,4,675,c0ff7833c0013b08
2423,2423,2423,apache/commons-math,7d588288e35b38dd55e7bedb767d1b0d80096294,5,675,c0ff7833c0013b08
2424,2424,2424,apache/commons-math,7d588288e35b38dd55e7bedb767d1b0d80096294,1,675,c0ff7833c0013b08
2425,2425,2425,apache/commons-math,7d588288e35b38dd55e7bedb767d1b0d80096294,3,675,c0ff7833c0013b08
2426,2426,2426,apache/commons-math,7d588288e35b38dd55e7bedb767d1b0d80096294,4,675,c0ff7833c0013b08
2427,2427,2427,apache/commons-math,7d588288e35b38dd55e7bedb767d1b0d80096294,35,675,c0ff7833c0013b08
2428,2428,2428,apache/commons-math,174f17d5d4b8251c4ed2600947e69b736ace5877,2,970,c0ff7833c0013b08
2429,2429,2429,apache/commons-math,174f17d5d4b8251c4ed2600947e69b736ace5877,2,970,c0ff7833c0013b08
2430,2430,2430,apache/commons-math,174f17d5d4b8251c4ed2600947e69b736ace5877,5,970,c0ff7833c0013b08
2431,2431,2431,apache/commons-math,174f17d5d4b8251c4ed2600947e69b736ace5877,2,970,c0ff7833c0013b08
2432,2432,2432,apache/commons-math,174f17d5d4b8251c4ed2600947e69b736ace5877,2,970,c0ff7833c0013b08
2433,2433,2433,apache/commons-math,174f17d5d4b8251c4ed2600947e69b736ace5877,2,970,c0ff7833c0013b08
2434,2434,2434,apache/commons-math,174f17d5d4b8251c4ed2600947e69b736ace5877,1,970,c0ff7833c0013b08
2435,2435,2435,apache/commons-math,174f17d5d4b8251c4ed2600947e69b736ace5877,2,970,c0ff7833c0013b08
2436,2436,2436,apache/commons-math,174f17d5d4b8251c4ed2600947e69b736ace5877,3,970,c0ff7833c0013b08
2437,2437,2437,apache/commons-math,174f17d5d4b8251c4ed2600947e69b736ace5877,2,970,c0ff7833c0013b08
2438,2438,2438,apache/commons-math,174f17d5d4b8251c4ed2600947e69b736ace5877,3,970,c0ff7833c0013b08
2439,2439,2439,apache/commons-math,174f17d5d4b8251c4ed2600947e69b736ace5877,1,970,c0ff7833c0013b08
2440,2440,2440,apache/commons-math,174f17d5d4b8251c4ed2600947e69b736ace5877,2,970,c0ff7833c0013b08
2441,2441,2441,apache/commons-math,174f17d5d4b8251c4ed2600947e69b736ace5877,2,970,c0ff7833c0013b08
2442,2442,2442,apache/commons-math,174f17d5d4b8251c4ed2600947e69b736ace5877,1,970,c0ff7833c0013b08
2443,2443,2443,apache/commons-math,174f17d5d4b8251c4ed2600947e69b736ace5877,3,970,c0ff7833c0013b08
2444,2444,2444,apache/commons-math,174f17d5d4b8251c4ed2600947e69b736ace5877,3,970,c0ff7833c0013b08
2445,2445,2445,apache/commons-math,174f17d5d4b8251c4ed2600947e69b736ace5877,2,970,c0ff7833c0013b08
2446,2446,2446,apache/commons-math,174f17d5d4b8251c4ed2600947e69b736ace5877,2,970,c0ff7833c0013b08
2447,2447,2447,apache/commons-math,174f17d5d4b8251c4ed2600947e69b736ace5877,2,970,c0ff7833c0013b08
2448,2448,2448,apache/commons-math,174f17d5d4b8251c4ed2600947e69b736ace5877,2,970,c0ff7833c0013b08
2449,2449,2449,apache/commons-math,174f17d5d4b8251c4ed2600947e69b736ace5877,2,970,c0ff7833c0013b08
2450,2450,2450,apache/commons-math,174f17d5d4b8251c4ed2600947e69b736ace5877,2,970,c0ff7833c0013b08
2451,2451,2451,apache/commons-math,174f17d5d4b8251c4ed2600947e69b736ace5877,2,970,c0ff7833c0013b08
2452,2452,2452,apache/commons-math,174f17d5d4b8251c4ed2600947e69b736ace5877,2,970,c0ff7833c0013b08
2453,2453,2453,apache/commons-math,174f17d5d4b8251c4ed2600947e69b736ace5877,2,970,c0ff7833c0013b08
2454,2454,2454,apache/commons-math,174f17d5d4b8251c4ed2600947e69b736ace5877,1,970,c0ff7833c0013b08
2455,2455,2455,apache/commons-math,b090abb2cf03cf4d0afc6fbadc7cff62c35077cd,2,1194,c0ff7833c0013b08
2456,2456,2456,apache/commons-math,6c63f441a7da0d22f69ba557721474dc9b9b1ba5,2,1196,c0ff7833c0013b08
2457,2457,2457,apache/commons-math,6c63f441a7da0d22f69ba557721474dc9b9b1ba5,3,1196,c0ff7833c0013b08
2458,2458,2458,apache/commons-math,6c63f441a7da0d22f69ba557721474dc9b9b1ba5,4,1196,c0ff7833c0013b08
2459,2459,2459,apache/commons-math,6c63f441a7da0d22f69ba557721474dc9b9b1ba5,4,1196,c0ff7833c0013b08
2460,2460,2460,apache/commons-math,6c63f441a7da0d22f69ba557721474dc9b9b1ba5,4,1196,c0ff7833c0013b08
2461,2461,2461,apache/commons-math,7ec508828f62c2a3df31cde2a2f3aa32c5135fdb,1,1254,c0ff7833c0013b08
2462,2462,2462,apache/commons-math,7ec508828f62c2a3df31cde2a2f3aa32c5135fdb,2,1254,c0ff7833c0013b08
2463,2463,2463,apache/commons-math,7ec508828f62c2a3df31cde2a2f3aa32c5135fdb,2,1254,c0ff7833c0013b08
2464,2464,2464,apache/commons-math,7ec508828f62c2a3df31cde2a2f3aa32c5135fdb,1,1254,c0ff7833c0013b08
2465,2465,2465,apache/commons-math,7ec508828f62c2a3df31cde2a2f3aa32c5135fdb,3,1254,c0ff7833c0013b08
2466,2466,2466,apache/commons-math,7ec508828f62c2a3df31cde2a2f3aa32c5135fdb,2,1254,c0ff7833c0013b08
2467,2467,2467,apache/commons-math,7ec508828f62c2a3df31cde2a2f3aa32c5135fdb,6,1254,c0ff7833c0013b08
2468,2468,2468,apache/commons-math,7ec508828f62c2a3df31cde2a2f3aa32c5135fdb,1,1254,c0ff7833c0013b08
2469,2469,2469,apache/commons-math,7ec508828f62c2a3df31cde2a2f3aa32c5135fdb,2,1254,c0ff7833c0013b08
2470,2470,2470,apache/commons-math,7ec508828f62c2a3df31cde2a2f3aa32c5135fdb,2,1254,c0ff7833c0013b08
2471,2471,2471,apache/commons-math,7ec508828f62c2a3df31cde2a2f3aa32c5135fdb,2,1254,c0ff7833c0013b08
2472,2472,2472,apache/commons-math,7ec508828f62c2a3df31cde2a2f3aa32c5135fdb,2,1254,c0ff7833c0013b08
2473,2473,2473,apache/commons-math,7ec508828f62c2a3df31cde2a2f3aa32c5135fdb,1,1254,c0ff7833c0013b08
2474,2474,2474,apache/commons-math,7ec508828f62c2a3df31cde2a2f3aa32c5135fdb,2,1254,c0ff7833c0013b08
2475,2475,2475,apache/commons-math,7ec508828f62c2a3df31cde2a2f3aa32c5135fdb,2,1254,c0ff7833c0013b08
2476,2476,2476,apache/commons-math,7ec508828f62c2a3df31cde2a2f3aa32c5135fdb,4,1254,c0ff7833c0013b08
2477,2477,2477,apache/commons-math,7ec508828f62c2a3df31cde2a2f3aa32c5135fdb,3,1254,c0ff7833c0013b08
2478,2478,2478,apache/commons-math,38a48e20867f4cd91b7540be4bbba1e9dc7a8b02,2,1467,c0ff7833c0013b08
2479,2479,2479,apache/commons-math,38a48e20867f4cd91b7540be4bbba1e9dc7a8b02,1,1467,c0ff7833c0013b08
2480,2480,2480,apache/commons-math,38a48e20867f4cd91b7540be4bbba1e9dc7a8b02,2,1467,c0ff7833c0013b08
2481,2481,2481,apache/commons-math,38a48e20867f4cd91b7540be4bbba1e9dc7a8b02,3,1467,c0ff7833c0013b08
2482,2482,2482,apache/commons-math,38a48e20867f4cd91b7540be4bbba1e9dc7a8b02,4,1467,c0ff7833c0013b08
2483,2483,2483,apache/commons-math,38a48e20867f4cd91b7540be4bbba1e9dc7a8b02,1,1467,c0ff7833c0013b08
2484,2484,2484,apache/commons-math,38a48e20867f4cd91b7540be4bbba1e9dc7a8b02,9,1467,c0ff7833c0013b08
2485,2485,2485,apache/commons-math,38a48e20867f4cd91b7540be4bbba1e9dc7a8b02,2,1467,c0ff7833c0013b08
2486,2486,2486,apache/commons-math,38a48e20867f4cd91b7540be4bbba1e9dc7a8b02,1,1467,c0ff7833c0013b08
2487,2487,2487,apache/commons-math,38a48e20867f4cd91b7540be4bbba1e9dc7a8b02,1,1467,c0ff7833c0013b08
2488,2488,2488,apache/commons-math,38a48e20867f4cd91b7540be4bbba1e9dc7a8b02,8,1467,c0ff7833c0013b08
2489,2489,2489,apache/commons-math,38a48e20867f4cd91b7540be4bbba1e9dc7a8b02,3,1467,c0ff7833c0013b08
2490,2490,2490,jboss/metadata,e409b95bd12d617276c1f88859e797168b8ac6e8,5,1149,c0ff7833c0013b08
2491,2491,2491,jboss/metadata,988d59adad2807989be41a323187b77d43d51e69,2,1174,c0ff7833c0013b08
2492,2492,2492,jboss/metadata,d4006a0a68017f2e9a667a401469945b03eaf307,1,803,c0ff7833c0013b08
2493,2493,2493,jboss/metadata,ab0bf7f0a247f06c41aa3a6263b9ccd1cc6a20c1,2,803,c0ff7833c0013b08
2494,2494,2494,jboss/metadata,e98c947be21561dce6b6c2e2ebf4c265b9ac120b,2,784,c0ff7833c0013b08
2495,2495,2495,jboss/metadata,e98c947be21561dce6b6c2e2ebf4c265b9ac120b,4,784,c0ff7833c0013b08
2496,2496,2496,jboss/metadata,5e94a4843896d868f2a83a94b2c82a9b5ac9633a,2,800,c0ff7833c0013b08
2497,2497,2497,jboss/metadata,5e94a4843896d868f2a83a94b2c82a9b5ac9633a,1,800,c0ff7833c0013b08
2498,2498,2498,jboss/metadata,80709fe3c01a27296b1032fd2797018915cf718f,2,807,c0ff7833c0013b08
2499,2499,2499,jboss/metadata,5dafb293db76c14cf92361f995261ba1b45c9075,2,848,c0ff7833c0013b08
2500,2500,2500,jboss/metadata,2c66096030ee6dc0b54119ba8be9a9945b46f823,3,851,c0ff7833c0013b08
2501,2501,2501,spring-projects/spring-amqp,36652ba392e858c7bf70ef44284effea38a2e0b9,3,175,c0ff7833c0013b08
2502,2502,2502,spring-projects/spring-amqp,f45dea87bb0389aa714e08c03e1be3cd2dd4f463,1,188,c0ff7833c0013b08
2503,2503,2503,spring-projects/spring-amqp,f45dea87bb0389aa714e08c03e1be3cd2dd4f463,1,188,c0ff7833c0013b08
2504,2504,2504,spring-projects/spring-amqp,d8d102c331231fdecdd47d097bd583121e269598,2,155,c0ff7833c0013b08
2505,2505,2505,spring-projects/spring-amqp,f45dea87bb0389aa714e08c03e1be3cd2dd4f463,5,188,c0ff7833c0013b08
2506,2506,2506,spring-projects/spring-amqp,f45dea87bb0389aa714e08c03e1be3cd2dd4f463,3,188,c0ff7833c0013b08
2507,2507,2507,spring-projects/spring-amqp,c0c6de692219f28ec9c9374bfd9ca7ade27a3d22,2,173,c0ff7833c0013b08
2508,2508,2508,spring-projects/spring-amqp,c0c6de692219f28ec9c9374bfd9ca7ade27a3d22,6,173,c0ff7833c0013b08
2509,2509,2509,spring-projects/spring-amqp,8ae9f4fd5a1a90ad912a2aa1dce147f993202655,5,196,c0ff7833c0013b08
2510,2510,2510,spring-projects/spring-amqp,c0c6de692219f28ec9c9374bfd9ca7ade27a3d22,1,173,c0ff7833c0013b08
2511,2511,2511,spring-projects/spring-amqp,c0c6de692219f28ec9c9374bfd9ca7ade27a3d22,8,173,c0ff7833c0013b08
2512,2512,2512,spring-projects/spring-amqp,c0c6de692219f28ec9c9374bfd9ca7ade27a3d22,1,173,c0ff7833c0013b08
2513,2513,2513,spring-projects/spring-amqp,8840a2a06dc9f06be010eae010f109c50505d1e4,1,192,c0ff7833c0013b08
2514,2514,2514,spring-projects/spring-amqp,8ae9f4fd5a1a90ad912a2aa1dce147f993202655,1,196,c0ff7833c0013b08
2515,2515,2515,spring-projects/spring-amqp,04ff5d29d28f34b8808aa4fc62c21d039c7c1bb3,4,216,c0ff7833c0013b08
2516,2516,2516,spring-projects/spring-amqp,04ff5d29d28f34b8808aa4fc62c21d039c7c1bb3,4,216,c0ff7833c0013b08
2517,2517,2517,spring-projects/spring-amqp,04ff5d29d28f34b8808aa4fc62c21d039c7c1bb3,3,216,c0ff7833c0013b08
2518,2518,2518,spring-projects/spring-amqp,38630d84a2624ec5de3963b96728ec78d25bdd91,1,216,c0ff7833c0013b08
2519,2519,2519,spring-projects/spring-amqp,38630d84a2624ec5de3963b96728ec78d25bdd91,1,216,c0ff7833c0013b08
2520,2520,2520,spring-projects/spring-amqp,38630d84a2624ec5de3963b96728ec78d25bdd91,2,216,c0ff7833c0013b08
2521,2521,2521,spring-projects/spring-amqp,38630d84a2624ec5de3963b96728ec78d25bdd91,2,216,c0ff7833c0013b08
2522,2522,2522,spring-projects/spring-amqp,38630d84a2624ec5de3963b96728ec78d25bdd91,1,216,c0ff7833c0013b08
2523,2523,2523,spring-projects/spring-amqp,38630d84a2624ec5de3963b96728ec78d25bdd91,3,216,c0ff7833c0013b08
2524,2524,2524,spring-projects/spring-amqp,38630d84a2624ec5de3963b96728ec78d25bdd91,2,216,c0ff7833c0013b08
2525,2525,2525,spring-projects/spring-amqp,38630d84a2624ec5de3963b96728ec78d25bdd91,3,216,c0ff7833c0013b08
2526,2526,2526,spring-projects/spring-amqp,a3d12dde907a674fc34779d1bc58afc2a3ce9b58,1,221,c0ff7833c0013b08
2527,2527,2527,spring-projects/spring-amqp,a3d12dde907a674fc34779d1bc58afc2a3ce9b58,5,221,c0ff7833c0013b08
2528,2528,2528,spring-projects/spring-amqp,a3d12dde907a674fc34779d1bc58afc2a3ce9b58,3,221,c0ff7833c0013b08
2529,2529,2529,spring-projects/spring-amqp,a3d12dde907a674fc34779d1bc58afc2a3ce9b58,4,221,c0ff7833c0013b08
2530,2530,2530,spring-projects/spring-amqp,8db7e654a6d77f4cae575f71c69a956e1b25108f,2,222,c0ff7833c0013b08
2531,2531,2531,spring-projects/spring-amqp,8db7e654a6d77f4cae575f71c69a956e1b25108f,16,222,c0ff7833c0013b08
2532,2532,2532,spring-projects/spring-amqp,7ef2bd6808a4670bfc6690933ab9b9983d76aba6,1,246,c0ff7833c0013b08
2533,2533,2533,spring-projects/spring-amqp,7ef2bd6808a4670bfc6690933ab9b9983d76aba6,4,246,c0ff7833c0013b08
2534,2534,2534,spring-projects/spring-amqp,7ef2bd6808a4670bfc6690933ab9b9983d76aba6,3,246,c0ff7833c0013b08
2535,2535,2535,spring-projects/spring-amqp,7ef2bd6808a4670bfc6690933ab9b9983d76aba6,3,246,c0ff7833c0013b08
2536,2536,2536,spring-projects/spring-amqp,7ef2bd6808a4670bfc6690933ab9b9983d76aba6,3,246,c0ff7833c0013b08
2537,2537,2537,spring-projects/spring-amqp,7ef2bd6808a4670bfc6690933ab9b9983d76aba6,1,246,c0ff7833c0013b08
2538,2538,2538,spring-projects/spring-amqp,e618e4a7919c45256bbdf183c5cda2c56f455a4c,1,273,c0ff7833c0013b08
2539,2539,2539,spring-projects/spring-amqp,e618e4a7919c45256bbdf183c5cda2c56f455a4c,2,273,c0ff7833c0013b08
2540,2540,2540,spring-projects/spring-amqp,e618e4a7919c45256bbdf183c5cda2c56f455a4c,5,273,c0ff7833c0013b08
2541,2541,2541,spring-projects/spring-amqp,e618e4a7919c45256bbdf183c5cda2c56f455a4c,2,273,c0ff7833c0013b08
2542,2542,2542,spring-projects/spring-amqp,c79539958f226bdb8377ca103e6f1cfa6d26add2,4,281,c0ff7833c0013b08
2543,2543,2543,spring-projects/spring-amqp,e0cd8f8e5fad329d8fdc13308592031cb5645422,2,287,c0ff7833c0013b08
2544,2544,2544,spring-projects/spring-amqp,263cb14a026ba2ea499930852b910e7c682c521d,2,290,c0ff7833c0013b08
2545,2545,2545,spring-projects/spring-amqp,08943df145080cda4e189c4b0286fb3986427f69,2,290,c0ff7833c0013b08
2546,2546,2546,spring-projects/spring-amqp,6026a3fd6728403d9467197d4e0dba142a6472a0,2,291,c0ff7833c0013b08
2547,2547,2547,spring-projects/spring-amqp,30b930f1631575346fb51f54fb77fbc4db4e48d8,1,292,c0ff7833c0013b08
2548,2548,2548,spring-projects/spring-amqp,1c8c0c01387e3c6fcd1a262ad998cc255366eef2,3,293,c0ff7833c0013b08
2549,2549,2549,spring-projects/spring-amqp,987ea897d41e317530a1a04bcf8b7416d553d1ef,2,293,c0ff7833c0013b08
2550,2550,2550,spring-projects/spring-amqp,80b6cc4c86dc810141752aef2ee68dacfdb1daa9,2,348,c0ff7833c0013b08
2551,2551,2551,spring-projects/spring-amqp,80b6cc4c86dc810141752aef2ee68dacfdb1daa9,2,348,c0ff7833c0013b08
2552,2552,2552,spring-projects/spring-amqp,8ba13f5fc1c42c66075cbc5af19598d8ca75ed8a,2,370,c0ff7833c0013b08
2553,2553,2553,spring-projects/spring-amqp,8ba13f5fc1c42c66075cbc5af19598d8ca75ed8a,2,370,c0ff7833c0013b08
2554,2554,2554,spring-projects/spring-amqp,f50c18b717e51cabba27e90949faaa766bdb0276,3,369,c0ff7833c0013b08
2555,2555,2555,spring-projects/spring-amqp,44f5e93d2f1d83ad05675cb94e22a7650d954ce4,2,370,c0ff7833c0013b08
2556,2556,2556,spring-projects/spring-amqp,bb085e08687f6e4adb09404706914416156c973c,3,372,c0ff7833c0013b08
2557,2557,2557,spring-projects/spring-amqp,bb085e08687f6e4adb09404706914416156c973c,2,372,c0ff7833c0013b08
2558,2558,2558,spring-projects/spring-amqp,bb085e08687f6e4adb09404706914416156c973c,3,372,c0ff7833c0013b08
2559,2559,2559,spring-projects/spring-amqp,bb085e08687f6e4adb09404706914416156c973c,4,372,c0ff7833c0013b08
2560,2560,2560,spring-projects/spring-amqp,bb085e08687f6e4adb09404706914416156c973c,4,372,c0ff7833c0013b08
2561,2561,2561,spring-projects/spring-amqp,c1f4c1aec82aef12f49f2f63c6d8a61f7052d250,2,333,c0ff7833c0013b08
2562,2562,2562,spring-projects/spring-amqp,c1f4c1aec82aef12f49f2f63c6d8a61f7052d250,2,333,c0ff7833c0013b08
2563,2563,2563,spring-projects/spring-amqp,5e982feb1fcc9ca750aff1c61c7e219f29369c53,1,343,c0ff7833c0013b08
2564,2564,2564,spring-projects/spring-amqp,cf70e7f8f03d072c850390fc8a99a0a90f2f83a3,2,343,c0ff7833c0013b08
2565,2565,2565,spring-projects/spring-amqp,cf70e7f8f03d072c850390fc8a99a0a90f2f83a3,6,343,c0ff7833c0013b08
2566,2566,2566,spring-projects/spring-amqp,cf70e7f8f03d072c850390fc8a99a0a90f2f83a3,2,343,c0ff7833c0013b08
2567,2567,2567,spring-projects/spring-amqp,438ce17f05510c7a77d73bf39701e594a6e0c673,8,343,c0ff7833c0013b08
2568,2568,2568,spring-projects/spring-amqp,438ce17f05510c7a77d73bf39701e594a6e0c673,2,343,c0ff7833c0013b08
2569,2569,2569,spring-projects/spring-amqp,438ce17f05510c7a77d73bf39701e594a6e0c673,3,343,c0ff7833c0013b08
2570,2570,2570,spring-projects/spring-amqp,881a95c45aae15ea55d5ce0720f78746996cca7b,2,345,c0ff7833c0013b08
2571,2571,2571,spring-projects/spring-amqp,881a95c45aae15ea55d5ce0720f78746996cca7b,2,345,c0ff7833c0013b08
2572,2572,2572,spring-projects/spring-amqp,881a95c45aae15ea55d5ce0720f78746996cca7b,2,345,c0ff7833c0013b08
2573,2573,2573,spring-projects/spring-amqp,b6c74d7fd46e13d98ef0cb3c82518fca1cc11e84,1,346,c0ff7833c0013b08
2574,2574,2574,spring-projects/spring-amqp,5f117e7244f2a38e7a800f6455af753395da84f5,2,350,c0ff7833c0013b08
2575,2575,2575,spring-projects/spring-amqp,c91e85daba9c6ce59476e95741b46308b6b92be3,4,387,c0ff7833c0013b08
2576,2576,2576,spring-projects/spring-amqp,7b0f9b545f7aedf9c07a2fdd0b5c1d77dd06a9a5,2,352,c0ff7833c0013b08
2577,2577,2577,spring-projects/spring-amqp,ad15ea91f0cb291aa3889d50f92c997b064c9c1a,2,387,c0ff7833c0013b08
2578,2578,2578,spring-projects/spring-amqp,92c4c554c8b58acab965ac28211306435b1b127e,2,387,c0ff7833c0013b08
2579,2579,2579,spring-projects/spring-amqp,727c8307f2fca1ed94bfbef16cfd23b00c7fe565,2,387,c0ff7833c0013b08
2580,2580,2580,spring-projects/spring-amqp,4f89f884567ee6f4eae2f86157611635d3430cf9,1,387,c0ff7833c0013b08
2581,2581,2581,spring-projects/spring-android,f93e4dbb56a16a040a8afa2452a0f9ad3aae8c86,1,192,c0ff7833c0013b08
2582,2582,2582,spring-projects/spring-android,f93e4dbb56a16a040a8afa2452a0f9ad3aae8c86,6,192,c0ff7833c0013b08
2583,2583,2583,spring-projects/spring-android,ad8bc30f2820984cee41260c04ce79abb5ec8a52,3,168,c0ff7833c0013b08
2584,2584,2584,spring-projects/spring-android,ad8bc30f2820984cee41260c04ce79abb5ec8a52,8,168,c0ff7833c0013b08
2585,2585,2585,spring-projects/spring-android,eeadb5c6a60a1bb54ae05abb67847ec174b76e9c,1,179,c0ff7833c0013b08
2586,2586,2586,spring-projects/spring-android,eeadb5c6a60a1bb54ae05abb67847ec174b76e9c,2,179,c0ff7833c0013b08
2587,2587,2587,spring-projects/spring-android,eeadb5c6a60a1bb54ae05abb67847ec174b76e9c,1,179,c0ff7833c0013b08
2588,2588,2588,spring-projects/spring-android,8316812d17379794dcdd834f3c9022622e001d88,3,182,c0ff7833c0013b08
2589,2589,2589,spring-projects/spring-batch,f7a05147400b2eed64bde9dea214e3dfe2ab818f,1,1294,c0ff7833c0013b08
2590,2590,2590,spring-projects/spring-batch,f037243d9532924656bf0f44324e23240ee8a69b,1,606,c0ff7833c0013b08
2591,2591,2591,spring-projects/spring-batch,f037243d9532924656bf0f44324e23240ee8a69b,1,606,c0ff7833c0013b08
2592,2592,2592,spring-projects/spring-batch,f037243d9532924656bf0f44324e23240ee8a69b,1,606,c0ff7833c0013b08
2593,2593,2593,spring-projects/spring-batch,f037243d9532924656bf0f44324e23240ee8a69b,3,606,c0ff7833c0013b08
2594,2594,2594,spring-projects/spring-batch,f7a05147400b2eed64bde9dea214e3dfe2ab818f,5,1294,c0ff7833c0013b08
2595,2595,2595,spring-projects/spring-batch,4358b89de3387f3052a4a315b9ae239a6f78a03d,3,712,c0ff7833c0013b08
2596,2596,2596,spring-projects/spring-batch,4358b89de3387f3052a4a315b9ae239a6f78a03d,3,712,c0ff7833c0013b08
2597,2597,2597,spring-projects/spring-batch,4358b89de3387f3052a4a315b9ae239a6f78a03d,3,712,c0ff7833c0013b08
2598,2598,2598,spring-projects/spring-batch,4358b89de3387f3052a4a315b9ae239a6f78a03d,1,712,c0ff7833c0013b08
2599,2599,2599,spring-projects/spring-batch,4358b89de3387f3052a4a315b9ae239a6f78a03d,2,712,c0ff7833c0013b08
2600,2600,2600,spring-projects/spring-batch,4358b89de3387f3052a4a315b9ae239a6f78a03d,2,712,c0ff7833c0013b08
2601,2601,2601,spring-projects/spring-batch,4358b89de3387f3052a4a315b9ae239a6f78a03d,1,712,c0ff7833c0013b08
2602,2602,2602,spring-projects/spring-batch,4358b89de3387f3052a4a315b9ae239a6f78a03d,7,712,c0ff7833c0013b08
2603,2603,2603,spring-projects/spring-batch,4358b89de3387f3052a4a315b9ae239a6f78a03d,2,712,c0ff7833c0013b08
2604,2604,2604,spring-projects/spring-batch,4358b89de3387f3052a4a315b9ae239a6f78a03d,1,712,c0ff7833c0013b08
2605,2605,2605,spring-projects/spring-batch,4358b89de3387f3052a4a315b9ae239a6f78a03d,1,712,c0ff7833c0013b08
2606,2606,2606,spring-projects/spring-batch,4358b89de3387f3052a4a315b9ae239a6f78a03d,2,712,c0ff7833c0013b08
2607,2607,2607,spring-projects/spring-batch,4358b89de3387f3052a4a315b9ae239a6f78a03d,1,712,c0ff7833c0013b08
2608,2608,2608,spring-projects/spring-batch,4358b89de3387f3052a4a315b9ae239a6f78a03d,2,712,c0ff7833c0013b08
2609,2609,2609,spring-projects/spring-batch,2840fc89276ad19c1ec1585f0f4609165948b2e2,2,796,c0ff7833c0013b08
2610,2610,2610,spring-projects/spring-batch,2840fc89276ad19c1ec1585f0f4609165948b2e2,1,796,c0ff7833c0013b08
2611,2611,2611,spring-projects/spring-batch,2840fc89276ad19c1ec1585f0f4609165948b2e2,2,796,c0ff7833c0013b08
2612,2612,2612,spring-projects/spring-batch,2840fc89276ad19c1ec1585f0f4609165948b2e2,2,796,c0ff7833c0013b08
2613,2613,2613,spring-projects/spring-batch,2840fc89276ad19c1ec1585f0f4609165948b2e2,2,796,c0ff7833c0013b08
2614,2614,2614,spring-projects/spring-batch,2840fc89276ad19c1ec1585f0f4609165948b2e2,9,796,c0ff7833c0013b08
2615,2615,2615,spring-projects/spring-batch,2840fc89276ad19c1ec1585f0f4609165948b2e2,1,796,c0ff7833c0013b08
2616,2616,2616,spring-projects/spring-batch,77d2bf2bc7af4a0f8675f7b6a03ddaf740795d45,4,797,c0ff7833c0013b08
2617,2617,2617,spring-projects/spring-batch,77d2bf2bc7af4a0f8675f7b6a03ddaf740795d45,4,797,c0ff7833c0013b08
2618,2618,2618,spring-projects/spring-batch,6f7b3cc6bcd166271a6981d1c444c2716824195c,1,797,c0ff7833c0013b08
2619,2619,2619,spring-projects/spring-batch,6f7b3cc6bcd166271a6981d1c444c2716824195c,3,797,c0ff7833c0013b08
2620,2620,2620,spring-projects/spring-batch,6f7b3cc6bcd166271a6981d1c444c2716824195c,1,797,c0ff7833c0013b08
2621,2621,2621,spring-projects/spring-batch,6f7b3cc6bcd166271a6981d1c444c2716824195c,2,797,c0ff7833c0013b08
2622,2622,2622,spring-projects/spring-batch,6f7b3cc6bcd166271a6981d1c444c2716824195c,1,797,c0ff7833c0013b08
2623,2623,2623,spring-projects/spring-batch,6f7b3cc6bcd166271a6981d1c444c2716824195c,2,797,c0ff7833c0013b08
2624,2624,2624,spring-projects/spring-batch,1848e47aaea8fa53c4660950f08baeaf33335de7,1,798,c0ff7833c0013b08
2625,2625,2625,spring-projects/spring-batch,237404318e6f9c9e16a384451ceab787ef4433ce,1,798,c0ff7833c0013b08
2626,2626,2626,spring-projects/spring-batch,237404318e6f9c9e16a384451ceab787ef4433ce,1,798,c0ff7833c0013b08
2627,2627,2627,spring-projects/spring-batch,cbe4204e1e2662799daad1c9306fb84f780ab6e3,4,816,c0ff7833c0013b08
2628,2628,2628,spring-projects/spring-batch,cbe4204e1e2662799daad1c9306fb84f780ab6e3,2,816,c0ff7833c0013b08
2629,2629,2629,spring-projects/spring-batch,cbe4204e1e2662799daad1c9306fb84f780ab6e3,2,816,c0ff7833c0013b08
2630,2630,2630,spring-projects/spring-batch,7c66f6bbd1c2e1535af4d3434f961bc3d9fc6568,2,892,c0ff7833c0013b08
2631,2631,2631,spring-projects/spring-batch,7c66f6bbd1c2e1535af4d3434f961bc3d9fc6568,1,892,c0ff7833c0013b08
2632,2632,2632,spring-projects/spring-batch,408ef095e57723fe401a49c4e9ee5d7a1a62f3f2,2,1079,c0ff7833c0013b08
2633,2633,2633,spring-projects/spring-batch,408ef095e57723fe401a49c4e9ee5d7a1a62f3f2,2,1079,c0ff7833c0013b08
2634,2634,2634,spring-projects/spring-batch,408ef095e57723fe401a49c4e9ee5d7a1a62f3f2,2,1079,c0ff7833c0013b08
2635,2635,2635,spring-projects/spring-batch,408ef095e57723fe401a49c4e9ee5d7a1a62f3f2,8,1079,c0ff7833c0013b08
2636,2636,2636,spring-projects/spring-batch,408ef095e57723fe401a49c4e9ee5d7a1a62f3f2,6,1079,c0ff7833c0013b08
2637,2637,2637,spring-projects/spring-batch,408ef095e57723fe401a49c4e9ee5d7a1a62f3f2,2,1079,c0ff7833c0013b08
2638,2638,2638,spring-projects/spring-batch,408ef095e57723fe401a49c4e9ee5d7a1a62f3f2,2,1079,c0ff7833c0013b08
2639,2639,2639,spring-projects/spring-batch,408ef095e57723fe401a49c4e9ee5d7a1a62f3f2,1,1079,c0ff7833c0013b08
2640,2640,2640,spring-projects/spring-batch,408ef095e57723fe401a49c4e9ee5d7a1a62f3f2,2,1079,c0ff7833c0013b08
2641,2641,2641,spring-projects/spring-batch,408ef095e57723fe401a49c4e9ee5d7a1a62f3f2,1,1079,c0ff7833c0013b08
2642,2642,2642,spring-projects/spring-batch,408ef095e57723fe401a49c4e9ee5d7a1a62f3f2,4,1079,c0ff7833c0013b08
2643,2643,2643,spring-projects/spring-batch,408ef095e57723fe401a49c4e9ee5d7a1a62f3f2,2,1079,c0ff7833c0013b08
2644,2644,2644,spring-projects/spring-batch,408ef095e57723fe401a49c4e9ee5d7a1a62f3f2,1,1079,c0ff7833c0013b08
2645,2645,2645,spring-projects/spring-batch,408ef095e57723fe401a49c4e9ee5d7a1a62f3f2,4,1079,c0ff7833c0013b08
2646,2646,2646,spring-projects/spring-batch,814c2edd91ccd65f1b3cfed54e304baa069ff316,1,1117,c0ff7833c0013b08
2647,2647,2647,spring-projects/spring-batch,408ef095e57723fe401a49c4e9ee5d7a1a62f3f2,2,1079,c0ff7833c0013b08
2648,2648,2648,spring-projects/spring-batch,814c2edd91ccd65f1b3cfed54e304baa069ff316,5,1117,c0ff7833c0013b08
2649,2649,2649,spring-projects/spring-batch,408ef095e57723fe401a49c4e9ee5d7a1a62f3f2,4,1079,c0ff7833c0013b08
2650,2650,2650,spring-projects/spring-batch,408ef095e57723fe401a49c4e9ee5d7a1a62f3f2,2,1079,c0ff7833c0013b08
2651,2651,2651,spring-projects/spring-batch,611dd8c43b5d7d410f29e4ee58bfeefcfbd0730f,5,1127,c0ff7833c0013b08
2652,2652,2652,spring-projects/spring-batch,611dd8c43b5d7d410f29e4ee58bfeefcfbd0730f,1,1127,c0ff7833c0013b08
2653,2653,2653,spring-projects/spring-batch,611dd8c43b5d7d410f29e4ee58bfeefcfbd0730f,3,1127,c0ff7833c0013b08
2654,2654,2654,spring-projects/spring-batch,611dd8c43b5d7d410f29e4ee58bfeefcfbd0730f,1,1127,c0ff7833c0013b08
2655,2655,2655,spring-projects/spring-batch,611dd8c43b5d7d410f29e4ee58bfeefcfbd0730f,2,1127,c0ff7833c0013b08
2656,2656,2656,spring-projects/spring-batch,611dd8c43b5d7d410f29e4ee58bfeefcfbd0730f,5,1127,c0ff7833c0013b08
2657,2657,2657,spring-projects/spring-batch,611dd8c43b5d7d410f29e4ee58bfeefcfbd0730f,3,1127,c0ff7833c0013b08
2658,2658,2658,spring-projects/spring-batch,611dd8c43b5d7d410f29e4ee58bfeefcfbd0730f,4,1127,c0ff7833c0013b08
2659,2659,2659,spring-projects/spring-batch,611dd8c43b5d7d410f29e4ee58bfeefcfbd0730f,5,1127,c0ff7833c0013b08
2660,2660,2660,spring-projects/spring-batch,611dd8c43b5d7d410f29e4ee58bfeefcfbd0730f,2,1127,c0ff7833c0013b08
2661,2661,2661,spring-projects/spring-batch,611dd8c43b5d7d410f29e4ee58bfeefcfbd0730f,2,1127,c0ff7833c0013b08
2662,2662,2662,spring-projects/spring-batch,15ae0fa7062721ee9bfcb99e7db6c2d1987b675c,4,1174,c0ff7833c0013b08
2663,2663,2663,spring-projects/spring-batch,15ae0fa7062721ee9bfcb99e7db6c2d1987b675c,2,1174,c0ff7833c0013b08
2664,2664,2664,spring-projects/spring-batch,15ae0fa7062721ee9bfcb99e7db6c2d1987b675c,2,1174,c0ff7833c0013b08
2665,2665,2665,spring-projects/spring-batch,15ae0fa7062721ee9bfcb99e7db6c2d1987b675c,7,1174,c0ff7833c0013b08
2666,2666,2666,spring-projects/spring-batch,15ae0fa7062721ee9bfcb99e7db6c2d1987b675c,4,1174,c0ff7833c0013b08
2667,2667,2667,spring-projects/spring-batch,1955fd8f803508738ecdee926295d12fcf7f98a7,2,1174,c0ff7833c0013b08
2668,2668,2668,spring-projects/spring-batch,1955fd8f803508738ecdee926295d12fcf7f98a7,2,1174,c0ff7833c0013b08
2669,2669,2669,spring-projects/spring-batch,15ae0fa7062721ee9bfcb99e7db6c2d1987b675c,5,1174,c0ff7833c0013b08
2670,2670,2670,spring-projects/spring-batch,1955fd8f803508738ecdee926295d12fcf7f98a7,2,1174,c0ff7833c0013b08
2671,2671,2671,spring-projects/spring-batch,15ae0fa7062721ee9bfcb99e7db6c2d1987b675c,3,1174,c0ff7833c0013b08
2672,2672,2672,spring-projects/spring-batch,fcbbc3080943943b39c5c13c5d26891851066956,1,1175,c0ff7833c0013b08
2673,2673,2673,spring-projects/spring-batch,fcbbc3080943943b39c5c13c5d26891851066956,1,1175,c0ff7833c0013b08
2674,2674,2674,spring-projects/spring-batch,fcbbc3080943943b39c5c13c5d26891851066956,3,1175,c0ff7833c0013b08
2675,2675,2675,spring-projects/spring-batch,fcbbc3080943943b39c5c13c5d26891851066956,4,1175,c0ff7833c0013b08
2676,2676,2676,spring-projects/spring-batch,fcbbc3080943943b39c5c13c5d26891851066956,4,1175,c0ff7833c0013b08
2677,2677,2677,spring-projects/spring-batch,fcbbc3080943943b39c5c13c5d26891851066956,1,1175,c0ff7833c0013b08
2678,2678,2678,spring-projects/spring-batch,fcbbc3080943943b39c5c13c5d26891851066956,3,1175,c0ff7833c0013b08
2679,2679,2679,spring-projects/spring-batch,fcbbc3080943943b39c5c13c5d26891851066956,2,1175,c0ff7833c0013b08
2680,2680,2680,spring-projects/spring-batch,fcbbc3080943943b39c5c13c5d26891851066956,4,1175,c0ff7833c0013b08
2681,2681,2681,spring-projects/spring-batch,fcbbc3080943943b39c5c13c5d26891851066956,3,1175,c0ff7833c0013b08
2682,2682,2682,spring-projects/spring-batch,fcbbc3080943943b39c5c13c5d26891851066956,2,1175,c0ff7833c0013b08
2683,2683,2683,spring-projects/spring-batch,15ae0fa7062721ee9bfcb99e7db6c2d1987b675c,1,1174,c0ff7833c0013b08
2684,2684,2684,spring-projects/spring-batch,fcbbc3080943943b39c5c13c5d26891851066956,4,1175,c0ff7833c0013b08
2685,2685,2685,spring-projects/spring-batch,fcbbc3080943943b39c5c13c5d26891851066956,2,1175,c0ff7833c0013b08
2686,2686,2686,spring-projects/spring-batch,fcbbc3080943943b39c5c13c5d26891851066956,9,1175,c0ff7833c0013b08
2687,2687,2687,spring-projects/spring-batch,fcbbc3080943943b39c5c13c5d26891851066956,1,1175,c0ff7833c0013b08
2688,2688,2688,spring-projects/spring-batch,fcbbc3080943943b39c5c13c5d26891851066956,3,1175,c0ff7833c0013b08
2689,2689,2689,spring-projects/spring-batch,fcbbc3080943943b39c5c13c5d26891851066956,1,1175,c0ff7833c0013b08
2690,2690,2690,spring-projects/spring-batch,fcbbc3080943943b39c5c13c5d26891851066956,2,1175,c0ff7833c0013b08
2691,2691,2691,spring-projects/spring-batch,4148ba11868443eacade0bdb4e842fdf85d5e55d,2,1213,c0ff7833c0013b08
2692,2692,2692,spring-projects/spring-batch,4148ba11868443eacade0bdb4e842fdf85d5e55d,3,1213,c0ff7833c0013b08
2693,2693,2693,spring-projects/spring-batch,4148ba11868443eacade0bdb4e842fdf85d5e55d,1,1213,c0ff7833c0013b08
2694,2694,2694,spring-projects/spring-batch,4148ba11868443eacade0bdb4e842fdf85d5e55d,4,1213,c0ff7833c0013b08
2695,2695,2695,spring-projects/spring-batch,4148ba11868443eacade0bdb4e842fdf85d5e55d,3,1213,c0ff7833c0013b08
2696,2696,2696,spring-projects/spring-batch,4148ba11868443eacade0bdb4e842fdf85d5e55d,3,1213,c0ff7833c0013b08
2697,2697,2697,spring-projects/spring-batch,f1075669731c8b906f3e23171021a95cecf110b6,1,1231,c0ff7833c0013b08
2698,2698,2698,spring-projects/spring-batch,f1075669731c8b906f3e23171021a95cecf110b6,3,1231,c0ff7833c0013b08
2699,2699,2699,spring-projects/spring-batch,f1075669731c8b906f3e23171021a95cecf110b6,6,1231,c0ff7833c0013b08
2700,2700,2700,spring-projects/spring-batch,f1075669731c8b906f3e23171021a95cecf110b6,2,1231,c0ff7833c0013b08
2701,2701,2701,spring-projects/spring-batch,f1075669731c8b906f3e23171021a95cecf110b6,2,1231,c0ff7833c0013b08
2702,2702,2702,spring-projects/spring-batch,902009a5908ad389b1a8d27083130eef48d5a591,3,1238,c0ff7833c0013b08
2703,2703,2703,spring-projects/spring-batch,902009a5908ad389b1a8d27083130eef48d5a591,2,1238,c0ff7833c0013b08
2704,2704,2704,spring-projects/spring-batch,902009a5908ad389b1a8d27083130eef48d5a591,1,1238,c0ff7833c0013b08
2705,2705,2705,spring-projects/spring-batch,902009a5908ad389b1a8d27083130eef48d5a591,3,1238,c0ff7833c0013b08
2706,2706,2706,spring-projects/spring-batch,902009a5908ad389b1a8d27083130eef48d5a591,2,1238,c0ff7833c0013b08
2707,2707,2707,spring-projects/spring-batch,5ceae9c01a407a93bd871079501bbd684b90d102,2,1238,c0ff7833c0013b08
2708,2708,2708,spring-projects/spring-batch,5ceae9c01a407a93bd871079501bbd684b90d102,3,1238,c0ff7833c0013b08
2709,2709,2709,spring-projects/spring-batch,5ceae9c01a407a93bd871079501bbd684b90d102,2,1238,c0ff7833c0013b08
2710,2710,2710,spring-projects/spring-batch,5ceae9c01a407a93bd871079501bbd684b90d102,2,1238,c0ff7833c0013b08
2711,2711,2711,spring-projects/spring-batch,5ceae9c01a407a93bd871079501bbd684b90d102,3,1238,c0ff7833c0013b08
2712,2712,2712,spring-projects/spring-batch,9ef0fffc7387f431decb98e2f64ef3f788f48b16,1,1321,c0ff7833c0013b08
2713,2713,2713,spring-projects/spring-batch,9ef0fffc7387f431decb98e2f64ef3f788f48b16,3,1321,c0ff7833c0013b08
2714,2714,2714,spring-projects/spring-batch,9ef0fffc7387f431decb98e2f64ef3f788f48b16,1,1321,c0ff7833c0013b08
2715,2715,2715,spring-projects/spring-batch,7632b5a370fd023eca0ad4125f2556bcb9ac2e28,2,1321,c0ff7833c0013b08
2716,2716,2716,spring-projects/spring-batch,7632b5a370fd023eca0ad4125f2556bcb9ac2e28,9,1321,c0ff7833c0013b08
2717,2717,2717,spring-projects/spring-batch,7632b5a370fd023eca0ad4125f2556bcb9ac2e28,1,1321,c0ff7833c0013b08
2718,2718,2718,spring-projects/spring-batch,1488906b1ad2a79bcf5ac2e5d54227e0156d266b,4,1332,c0ff7833c0013b08
2719,2719,2719,spring-projects/spring-batch,1488906b1ad2a79bcf5ac2e5d54227e0156d266b,1,1332,c0ff7833c0013b08
2720,2720,2720,spring-projects/spring-batch,1488906b1ad2a79bcf5ac2e5d54227e0156d266b,7,1332,c0ff7833c0013b08
2721,2721,2721,spring-projects/spring-batch,1488906b1ad2a79bcf5ac2e5d54227e0156d266b,2,1332,c0ff7833c0013b08
2722,2722,2722,spring-projects/spring-batch,1488906b1ad2a79bcf5ac2e5d54227e0156d266b,3,1332,c0ff7833c0013b08
2723,2723,2723,spring-projects/spring-batch,1488906b1ad2a79bcf5ac2e5d54227e0156d266b,1,1332,c0ff7833c0013b08
2724,2724,2724,spring-projects/spring-batch,1488906b1ad2a79bcf5ac2e5d54227e0156d266b,2,1332,c0ff7833c0013b08
2725,2725,2725,spring-projects/spring-batch,1488906b1ad2a79bcf5ac2e5d54227e0156d266b,3,1332,c0ff7833c0013b08
2726,2726,2726,spring-projects/spring-batch,1488906b1ad2a79bcf5ac2e5d54227e0156d266b,2,1332,c0ff7833c0013b08
2727,2727,2727,spring-projects/spring-batch,1488906b1ad2a79bcf5ac2e5d54227e0156d266b,2,1332,c0ff7833c0013b08
2728,2728,2728,spring-projects/spring-batch,1488906b1ad2a79bcf5ac2e5d54227e0156d266b,7,1332,c0ff7833c0013b08
2729,2729,2729,spring-projects/spring-batch,1488906b1ad2a79bcf5ac2e5d54227e0156d266b,2,1332,c0ff7833c0013b08
2730,2730,2730,spring-projects/spring-batch,1488906b1ad2a79bcf5ac2e5d54227e0156d266b,1,1332,c0ff7833c0013b08
2731,2731,2731,spring-projects/spring-batch,1488906b1ad2a79bcf5ac2e5d54227e0156d266b,2,1332,c0ff7833c0013b08
2732,2732,2732,spring-projects/spring-batch,1488906b1ad2a79bcf5ac2e5d54227e0156d266b,1,1332,c0ff7833c0013b08
2733,2733,2733,spring-projects/spring-batch,1488906b1ad2a79bcf5ac2e5d54227e0156d266b,1,1332,c0ff7833c0013b08
2734,2734,2734,spring-projects/spring-batch,1488906b1ad2a79bcf5ac2e5d54227e0156d266b,2,1332,c0ff7833c0013b08
2735,2735,2735,spring-projects/spring-batch,f13202d753f9c11d9d8d97910b5917799788cc8e,2,1352,c0ff7833c0013b08
2736,2736,2736,spring-projects/spring-batch,f13202d753f9c11d9d8d97910b5917799788cc8e,1,1352,c0ff7833c0013b08
2737,2737,2737,spring-projects/spring-batch,f13202d753f9c11d9d8d97910b5917799788cc8e,2,1352,c0ff7833c0013b08
2738,2738,2738,spring-projects/spring-batch,f13202d753f9c11d9d8d97910b5917799788cc8e,1,1352,c0ff7833c0013b08
2739,2739,2739,spring-projects/spring-batch,f13202d753f9c11d9d8d97910b5917799788cc8e,2,1352,c0ff7833c0013b08
2740,2740,2740,spring-projects/spring-batch,f13202d753f9c11d9d8d97910b5917799788cc8e,5,1352,c0ff7833c0013b08
2741,2741,2741,spring-projects/spring-batch,f13202d753f9c11d9d8d97910b5917799788cc8e,2,1352,c0ff7833c0013b08
2742,2742,2742,spring-projects/spring-batch,f13202d753f9c11d9d8d97910b5917799788cc8e,3,1352,c0ff7833c0013b08
2743,2743,2743,spring-projects/spring-batch,f13202d753f9c11d9d8d97910b5917799788cc8e,2,1352,c0ff7833c0013b08
2744,2744,2744,spring-projects/spring-batch,f13202d753f9c11d9d8d97910b5917799788cc8e,7,1352,c0ff7833c0013b08
2745,2745,2745,spring-projects/spring-batch,f13202d753f9c11d9d8d97910b5917799788cc8e,4,1352,c0ff7833c0013b08
2746,2746,2746,spring-projects/spring-batch,a7968b16841c199a2e7d1eefc9d502eaa5751b6c,6,1363,c0ff7833c0013b08
2747,2747,2747,spring-projects/spring-batch,a7968b16841c199a2e7d1eefc9d502eaa5751b6c,1,1363,c0ff7833c0013b08
2748,2748,2748,spring-projects/spring-batch,a7968b16841c199a2e7d1eefc9d502eaa5751b6c,2,1363,c0ff7833c0013b08
2749,2749,2749,spring-projects/spring-batch,a7968b16841c199a2e7d1eefc9d502eaa5751b6c,4,1363,c0ff7833c0013b08
2750,2750,2750,spring-projects/spring-batch,d390f7ffe87546824f092ceb37220af10cfc2f29,1,1371,c0ff7833c0013b08
2751,2751,2751,spring-projects/spring-batch,d390f7ffe87546824f092ceb37220af10cfc2f29,3,1371,c0ff7833c0013b08
2752,2752,2752,spring-projects/spring-batch,d390f7ffe87546824f092ceb37220af10cfc2f29,4,1371,c0ff7833c0013b08
2753,2753,2753,spring-projects/spring-batch,d390f7ffe87546824f092ceb37220af10cfc2f29,3,1371,c0ff7833c0013b08
2754,2754,2754,spring-projects/spring-batch,d390f7ffe87546824f092ceb37220af10cfc2f29,4,1371,c0ff7833c0013b08
2755,2755,2755,spring-projects/spring-batch,d390f7ffe87546824f092ceb37220af10cfc2f29,2,1371,c0ff7833c0013b08
2756,2756,2756,spring-projects/spring-batch,a8ccf34fc13940a52bb5575755993e41cf44b1ec,1,1377,c0ff7833c0013b08
2757,2757,2757,spring-projects/spring-batch,e4bce335d8e201e0d77be64b0884bce90c7d0c5d,4,1377,c0ff7833c0013b08
2758,2758,2758,spring-projects/spring-batch,e4bce335d8e201e0d77be64b0884bce90c7d0c5d,1,1377,c0ff7833c0013b08
2759,2759,2759,spring-projects/spring-batch,e4bce335d8e201e0d77be64b0884bce90c7d0c5d,2,1377,c0ff7833c0013b08
2760,2760,2760,spring-projects/spring-batch,e4bce335d8e201e0d77be64b0884bce90c7d0c5d,2,1377,c0ff7833c0013b08
2761,2761,2761,spring-projects/spring-batch,f4c69638873ab172a4f9ca685dc85342775d8bbc,2,1379,c0ff7833c0013b08
2762,2762,2762,spring-projects/spring-batch,f4c69638873ab172a4f9ca685dc85342775d8bbc,2,1379,c0ff7833c0013b08
2763,2763,2763,spring-projects/spring-batch,f4c69638873ab172a4f9ca685dc85342775d8bbc,2,1379,c0ff7833c0013b08
2764,2764,2764,spring-projects/spring-batch,d52470cbf54e26aa29118431def74ce6294bb6b7,3,1384,c0ff7833c0013b08
2765,2765,2765,spring-projects/spring-batch,d52470cbf54e26aa29118431def74ce6294bb6b7,2,1384,c0ff7833c0013b08
2766,2766,2766,spring-projects/spring-batch,d52470cbf54e26aa29118431def74ce6294bb6b7,3,1384,c0ff7833c0013b08
2767,2767,2767,spring-projects/spring-batch,d52470cbf54e26aa29118431def74ce6294bb6b7,7,1384,c0ff7833c0013b08
2768,2768,2768,spring-projects/spring-batch,d52470cbf54e26aa29118431def74ce6294bb6b7,2,1384,c0ff7833c0013b08
2769,2769,2769,spring-projects/spring-batch,d52470cbf54e26aa29118431def74ce6294bb6b7,2,1384,c0ff7833c0013b08
2770,2770,2770,spring-projects/spring-batch,d52470cbf54e26aa29118431def74ce6294bb6b7,1,1384,c0ff7833c0013b08
2772,2772,2772,spring-projects/spring-batch,8f0c510fc7a6da9b71b3646ccb911a79e04490e9,2,1386,c0ff7833c0013b08
2773,2773,2773,spring-projects/spring-batch,8f0c510fc7a6da9b71b3646ccb911a79e04490e9,2,1386,c0ff7833c0013b08
2774,2774,2774,spring-projects/spring-batch,8f0c510fc7a6da9b71b3646ccb911a79e04490e9,3,1386,c0ff7833c0013b08
2775,2775,2775,spring-projects/spring-batch,8f0c510fc7a6da9b71b3646ccb911a79e04490e9,2,1386,c0ff7833c0013b08
2776,2776,2776,spring-projects/spring-batch,8f0c510fc7a6da9b71b3646ccb911a79e04490e9,2,1386,c0ff7833c0013b08
2777,2777,2777,spring-projects/spring-batch,8f0c510fc7a6da9b71b3646ccb911a79e04490e9,5,1386,c0ff7833c0013b08
2778,2778,2778,spring-projects/spring-batch,8f0c510fc7a6da9b71b3646ccb911a79e04490e9,1,1386,c0ff7833c0013b08
2779,2779,2779,spring-projects/spring-batch,8f0c510fc7a6da9b71b3646ccb911a79e04490e9,5,1386,c0ff7833c0013b08
2780,2780,2780,spring-projects/spring-batch,8f0c510fc7a6da9b71b3646ccb911a79e04490e9,5,1386,c0ff7833c0013b08
2781,2781,2781,spring-projects/spring-batch,8f0c510fc7a6da9b71b3646ccb911a79e04490e9,5,1386,c0ff7833c0013b08
2782,2782,2782,spring-projects/spring-batch,8f0c510fc7a6da9b71b3646ccb911a79e04490e9,1,1386,c0ff7833c0013b08
2783,2783,2783,spring-projects/spring-batch,8f0c510fc7a6da9b71b3646ccb911a79e04490e9,3,1386,c0ff7833c0013b08
2784,2784,2784,spring-projects/spring-batch,8f0c510fc7a6da9b71b3646ccb911a79e04490e9,1,1386,c0ff7833c0013b08
2786,2786,2786,spring-projects/spring-batch,8f0c510fc7a6da9b71b3646ccb911a79e04490e9,2,1386,c0ff7833c0013b08
2787,2787,2787,spring-projects/spring-batch,8f0c510fc7a6da9b71b3646ccb911a79e04490e9,1,1386,c0ff7833c0013b08
2788,2788,2788,spring-projects/spring-batch,4257b3f83c091e3a43a08c8a776793f5a1acdf41,1,1394,c0ff7833c0013b08
2789,2789,2789,spring-projects/spring-batch,4257b3f83c091e3a43a08c8a776793f5a1acdf41,15,1394,c0ff7833c0013b08
2790,2790,2790,spring-projects/spring-batch,4257b3f83c091e3a43a08c8a776793f5a1acdf41,5,1394,c0ff7833c0013b08
2791,2791,2791,spring-projects/spring-batch,4257b3f83c091e3a43a08c8a776793f5a1acdf41,2,1394,c0ff7833c0013b08
2792,2792,2792,spring-projects/spring-batch,4257b3f83c091e3a43a08c8a776793f5a1acdf41,1,1394,c0ff7833c0013b08
2793,2793,2793,spring-projects/spring-batch,4257b3f83c091e3a43a08c8a776793f5a1acdf41,2,1394,c0ff7833c0013b08
2794,2794,2794,spring-projects/spring-batch,b683ddcf66c33e3bd1b72b949f7e9536d53ef5e9,2,1383,c0ff7833c0013b08
2795,2795,2795,spring-projects/spring-batch,b683ddcf66c33e3bd1b72b949f7e9536d53ef5e9,3,1383,c0ff7833c0013b08
2796,2796,2796,spring-projects/spring-batch,b683ddcf66c33e3bd1b72b949f7e9536d53ef5e9,2,1383,c0ff7833c0013b08
2797,2797,2797,spring-projects/spring-batch,b28feac263437d02c31a84d95dcbb903eb48b22d,2,1383,c0ff7833c0013b08
2798,2798,2798,spring-projects/spring-batch,b28feac263437d02c31a84d95dcbb903eb48b22d,1,1383,c0ff7833c0013b08
2799,2799,2799,spring-projects/spring-batch,b28feac263437d02c31a84d95dcbb903eb48b22d,2,1383,c0ff7833c0013b08
2800,2800,2800,spring-projects/spring-batch,958ec860baca9950d182380a9ccad984afe21c53,4,1383,c0ff7833c0013b08
2801,2801,2801,spring-projects/spring-batch,958ec860baca9950d182380a9ccad984afe21c53,6,1383,c0ff7833c0013b08
2802,2802,2802,spring-projects/spring-batch,958ec860baca9950d182380a9ccad984afe21c53,4,1383,c0ff7833c0013b08
2803,2803,2803,spring-projects/spring-batch,b28feac263437d02c31a84d95dcbb903eb48b22d,3,1383,c0ff7833c0013b08
2804,2804,2804,spring-projects/spring-batch,958ec860baca9950d182380a9ccad984afe21c53,2,1383,c0ff7833c0013b08
2805,2805,2805,spring-projects/spring-batch,b683ddcf66c33e3bd1b72b949f7e9536d53ef5e9,1,1383,c0ff7833c0013b08
2806,2806,2806,spring-projects/spring-batch,b683ddcf66c33e3bd1b72b949f7e9536d53ef5e9,2,1383,c0ff7833c0013b08
2807,2807,2807,spring-projects/spring-batch,6669780a74a5340edaf39113959822e3194291e0,2,1383,c0ff7833c0013b08
2808,2808,2808,spring-projects/spring-batch,fc0435c617590f65563ab5abfda7236ea551388c,1,1383,c0ff7833c0013b08
2809,2809,2809,spring-projects/spring-batch,fc0435c617590f65563ab5abfda7236ea551388c,1,1383,c0ff7833c0013b08
2810,2810,2810,spring-projects/spring-batch,ef88dc196e2fa8d467863da9930670b40a7502b4,2,1384,c0ff7833c0013b08
2811,2811,2811,spring-projects/spring-batch,660d3c10664e57a6572a3a13ad545ff7ce79526e,2,1384,c0ff7833c0013b08
2812,2812,2812,spring-projects/spring-batch,9a4251fbd646c152112e84bfcaffde60084a8aba,2,1389,c0ff7833c0013b08
2813,2813,2813,spring-projects/spring-batch,9a4251fbd646c152112e84bfcaffde60084a8aba,2,1389,c0ff7833c0013b08
2814,2814,2814,spring-projects/spring-batch,9a4251fbd646c152112e84bfcaffde60084a8aba,2,1389,c0ff7833c0013b08
2815,2815,2815,spring-projects/spring-batch,993d0e52edce2f36a55a30480b76aa9dc3af0adc,1,1393,c0ff7833c0013b08
2816,2816,2816,spring-projects/spring-batch,f17e8a2689776245abd3d7557fb03fbec9279996,1,1716,c0ff7833c0013b08
2817,2817,2817,spring-projects/spring-batch,311ae18ea5bffe023bca0b4fa1eab05c9e7adb2f,1,1724,c0ff7833c0013b08
2818,2818,2818,spring-projects/spring-batch,311ae18ea5bffe023bca0b4fa1eab05c9e7adb2f,2,1724,c0ff7833c0013b08
2819,2819,2819,spring-projects/spring-batch-admin,b120414344f5079653606c06997b38be3ed4561c,5,198,c0ff7833c0013b08
2820,2820,2820,spring-projects/spring-batch-admin,ab7f7158c666314bab0d2479062dbe5b784bf676,1,83,c0ff7833c0013b08
2821,2821,2821,spring-projects/spring-batch-admin,b120414344f5079653606c06997b38be3ed4561c,2,198,c0ff7833c0013b08
2822,2822,2822,spring-projects/spring-batch-admin,b120414344f5079653606c06997b38be3ed4561c,2,198,c0ff7833c0013b08
2823,2823,2823,spring-projects/spring-batch-admin,b120414344f5079653606c06997b38be3ed4561c,2,198,c0ff7833c0013b08
2824,2824,2824,spring-projects/spring-batch-admin,b120414344f5079653606c06997b38be3ed4561c,2,198,c0ff7833c0013b08
2825,2825,2825,spring-projects/spring-batch-admin,99e5fb90b853972ea145207661f49746f304fbd1,2,231,c0ff7833c0013b08
2826,2826,2826,spring-projects/spring-batch-admin,99e5fb90b853972ea145207661f49746f304fbd1,1,231,c0ff7833c0013b08
2827,2827,2827,spring-projects/spring-batch-admin,99e5fb90b853972ea145207661f49746f304fbd1,1,231,c0ff7833c0013b08
2828,2828,2828,spring-projects/spring-batch-admin,99e5fb90b853972ea145207661f49746f304fbd1,2,231,c0ff7833c0013b08
2829,2829,2829,spring-projects/spring-batch-admin,14ea5ca8848b6e383e89408f1e948d467fd3029c,1,237,c0ff7833c0013b08
2830,2830,2830,spring-projects/spring-data-commons,22243d05ce1dd182410b7a75c76c021c7ede3230,3,134,c0ff7833c0013b08
2831,2831,2831,spring-projects/spring-data-commons,dff80c6f3d06c5656b5a48ca139104b540532734,1,165,c0ff7833c0013b08
2832,2832,2832,spring-projects/spring-data-commons,dff80c6f3d06c5656b5a48ca139104b540532734,4,165,c0ff7833c0013b08
2833,2833,2833,spring-projects/spring-data-commons,c3406a7ebe4334006e36d273d486d19adc32b293,4,169,c0ff7833c0013b08
2834,2834,2834,spring-projects/spring-data-commons,4f90182607e31d31c0e28abca6ca05440c981a92,2,172,c0ff7833c0013b08
2835,2835,2835,spring-projects/spring-data-commons,4f90182607e31d31c0e28abca6ca05440c981a92,2,172,c0ff7833c0013b08
2836,2836,2836,spring-projects/spring-data-commons,4f90182607e31d31c0e28abca6ca05440c981a92,1,172,c0ff7833c0013b08
2837,2837,2837,spring-projects/spring-data-commons,4f90182607e31d31c0e28abca6ca05440c981a92,2,172,c0ff7833c0013b08
2838,2838,2838,spring-projects/spring-data-commons,4f90182607e31d31c0e28abca6ca05440c981a92,1,172,c0ff7833c0013b08
2839,2839,2839,spring-projects/spring-data-commons,4f90182607e31d31c0e28abca6ca05440c981a92,1,172,c0ff7833c0013b08
2840,2840,2840,spring-projects/spring-data-commons,4f90182607e31d31c0e28abca6ca05440c981a92,10,172,c0ff7833c0013b08
2841,2841,2841,spring-projects/spring-data-commons,4f90182607e31d31c0e28abca6ca05440c981a92,1,172,c0ff7833c0013b08
2842,2842,2842,spring-projects/spring-data-commons,79007c7ebc188c9ea8682b4a6d69ebf68c957d1a,3,529,c0ff7833c0013b08
2843,2843,2843,spring-projects/spring-data-commons,3013b63c2b7fc9932e38d66fa7593159ada73d4e,1,551,c0ff7833c0013b08
2844,2844,2844,spring-projects/spring-data-commons,5fc096d2d4cb6fda3ac9518bcd3e3be06ffe82c8,2,529,c0ff7833c0013b08
2845,2845,2845,spring-projects/spring-data-commons,5fc096d2d4cb6fda3ac9518bcd3e3be06ffe82c8,2,529,c0ff7833c0013b08
2846,2846,2846,spring-projects/spring-data-commons,5fc096d2d4cb6fda3ac9518bcd3e3be06ffe82c8,2,529,c0ff7833c0013b08
2847,2847,2847,spring-projects/spring-data-commons,6ef8cc86fc71518449a1554d7bd35d1499ab0230,2,551,c0ff7833c0013b08
2848,2848,2848,spring-projects/spring-data-commons,6ef8cc86fc71518449a1554d7bd35d1499ab0230,4,551,c0ff7833c0013b08
2849,2849,2849,spring-projects/spring-data-commons,6ef8cc86fc71518449a1554d7bd35d1499ab0230,2,551,c0ff7833c0013b08
2850,2850,2850,spring-projects/spring-data-commons,6ef8cc86fc71518449a1554d7bd35d1499ab0230,4,551,c0ff7833c0013b08
2851,2851,2851,spring-projects/spring-data-commons,6ef8cc86fc71518449a1554d7bd35d1499ab0230,1,551,c0ff7833c0013b08
2852,2852,2852,spring-projects/spring-data-commons,5fc096d2d4cb6fda3ac9518bcd3e3be06ffe82c8,1,529,c0ff7833c0013b08
2853,2853,2853,spring-projects/spring-data-commons,5fc096d2d4cb6fda3ac9518bcd3e3be06ffe82c8,2,529,c0ff7833c0013b08
2854,2854,2854,spring-projects/spring-data-commons,e932e801e2dc081e20f70aeb16cf5cbb794c3514,2,551,c0ff7833c0013b08
2855,2855,2855,spring-projects/spring-data-commons,81f5f0699b1e759359f03af05f6924592ac8e65b,1,552,c0ff7833c0013b08
2856,2856,2856,spring-projects/spring-data-commons,81f5f0699b1e759359f03af05f6924592ac8e65b,2,552,c0ff7833c0013b08
2857,2857,2857,spring-projects/spring-data-commons,81f5f0699b1e759359f03af05f6924592ac8e65b,2,552,c0ff7833c0013b08
2858,2858,2858,spring-projects/spring-data-commons,81f5f0699b1e759359f03af05f6924592ac8e65b,1,552,c0ff7833c0013b08
2859,2859,2859,spring-projects/spring-data-commons,81f5f0699b1e759359f03af05f6924592ac8e65b,2,552,c0ff7833c0013b08
2860,2860,2860,spring-projects/spring-data-commons,81f5f0699b1e759359f03af05f6924592ac8e65b,6,552,c0ff7833c0013b08
2861,2861,2861,spring-projects/spring-data-commons,81f5f0699b1e759359f03af05f6924592ac8e65b,2,552,c0ff7833c0013b08
2862,2862,2862,spring-projects/spring-data-commons,81f5f0699b1e759359f03af05f6924592ac8e65b,1,552,c0ff7833c0013b08
2863,2863,2863,spring-projects/spring-data-commons,021bb8ffb2606899a0c89ea0a4f8edd7ede42aa4,2,561,c0ff7833c0013b08
2864,2864,2864,spring-projects/spring-data-commons,4ee81636c10e68d218abd1dbb5c51fca74ac9121,2,554,c0ff7833c0013b08
2865,2865,2865,spring-projects/spring-data-commons,08c7d46ea2b98e35aeda99bd602d4c98af150fc9,2,568,c0ff7833c0013b08
2866,2866,2866,spring-projects/spring-data-commons,08c7d46ea2b98e35aeda99bd602d4c98af150fc9,2,568,c0ff7833c0013b08
2867,2867,2867,spring-projects/spring-data-commons,08c7d46ea2b98e35aeda99bd602d4c98af150fc9,1,568,c0ff7833c0013b08
2868,2868,2868,spring-projects/spring-data-commons,08c7d46ea2b98e35aeda99bd602d4c98af150fc9,2,568,c0ff7833c0013b08
2869,2869,2869,spring-projects/spring-data-commons,08c7d46ea2b98e35aeda99bd602d4c98af150fc9,2,568,c0ff7833c0013b08
2870,2870,2870,spring-projects/spring-data-commons,f3bf3a2598167feefcc2cf6cea52d4f47540c372,2,569,c0ff7833c0013b08
2871,2871,2871,spring-projects/spring-data-commons,f3bf3a2598167feefcc2cf6cea52d4f47540c372,2,569,c0ff7833c0013b08
2872,2872,2872,spring-projects/spring-data-commons,f3bf3a2598167feefcc2cf6cea52d4f47540c372,3,569,c0ff7833c0013b08
2873,2873,2873,spring-projects/spring-data-commons,f3bf3a2598167feefcc2cf6cea52d4f47540c372,2,569,c0ff7833c0013b08
2874,2874,2874,spring-projects/spring-data-commons,7be0416eb8372a552d17cec844995a1e2434ea90,2,572,c0ff7833c0013b08
2875,2875,2875,spring-projects/spring-data-commons,711cef7e021ec2335b8688ebfff964a807d19eea,1,572,c0ff7833c0013b08
2876,2876,2876,spring-projects/spring-data-commons,711cef7e021ec2335b8688ebfff964a807d19eea,2,572,c0ff7833c0013b08
2877,2877,2877,spring-projects/spring-data-commons,711cef7e021ec2335b8688ebfff964a807d19eea,2,572,c0ff7833c0013b08
2878,2878,2878,spring-projects/spring-data-commons,856724f3aa3dfbc38c4bebd54a4d3e0184989fb3,3,591,c0ff7833c0013b08
2879,2879,2879,spring-projects/spring-data-commons,04f4e9f2b8dc911be8168ddc5d641aa18ed17c75,1,174,c0ff7833c0013b08
2880,2880,2880,spring-projects/spring-data-commons,c3e04eefea4cc9a93a1427bd3b811e82d153b345,3,184,c0ff7833c0013b08
2881,2881,2881,spring-projects/spring-data-commons,c3e04eefea4cc9a93a1427bd3b811e82d153b345,1,184,c0ff7833c0013b08
2882,2882,2882,spring-projects/spring-data-commons,e932e801e2dc081e20f70aeb16cf5cbb794c3514,2,551,c0ff7833c0013b08
2883,2883,2883,spring-projects/spring-data-commons,e932e801e2dc081e20f70aeb16cf5cbb794c3514,1,551,c0ff7833c0013b08
2884,2884,2884,spring-projects/spring-data-commons,257d8af077ce142abe9e6dc012dbb22d7b885d7e,2,209,c0ff7833c0013b08
2885,2885,2885,spring-projects/spring-data-commons,7d40124bd5b7003103b7c54ff703ace4f3fb3754,2,197,c0ff7833c0013b08
2886,2886,2886,spring-projects/spring-data-commons,703b28596215e341ac12c608b7c2e60b86555461,2,242,c0ff7833c0013b08
2887,2887,2887,spring-projects/spring-data-commons,703b28596215e341ac12c608b7c2e60b86555461,2,242,c0ff7833c0013b08
2888,2888,2888,spring-projects/spring-data-commons,703b28596215e341ac12c608b7c2e60b86555461,2,242,c0ff7833c0013b08
2889,2889,2889,spring-projects/spring-data-commons,a1a60f39f450668d1aad6afd6d449e225e6e2832,1,238,c0ff7833c0013b08
2890,2890,2890,spring-projects/spring-data-commons,7d40124bd5b7003103b7c54ff703ace4f3fb3754,3,197,c0ff7833c0013b08
2891,2891,2891,spring-projects/spring-data-commons,703b28596215e341ac12c608b7c2e60b86555461,1,242,c0ff7833c0013b08
2892,2892,2892,spring-projects/spring-data-commons,eb38b05d6965e780f17aa626d701d2da89ec9fa7,8,240,c0ff7833c0013b08
2893,2893,2893,spring-projects/spring-data-commons,11da3c3dab13546413c66f2c8f1381c655995037,4,278,c0ff7833c0013b08
2894,2894,2894,spring-projects/spring-data-commons,11da3c3dab13546413c66f2c8f1381c655995037,2,278,c0ff7833c0013b08
2895,2895,2895,spring-projects/spring-data-commons,eb38b05d6965e780f17aa626d701d2da89ec9fa7,2,240,c0ff7833c0013b08
2896,2896,2896,spring-projects/spring-data-commons,11da3c3dab13546413c66f2c8f1381c655995037,1,278,c0ff7833c0013b08
2897,2897,2897,spring-projects/spring-data-commons,81f5f0699b1e759359f03af05f6924592ac8e65b,2,552,c0ff7833c0013b08
2898,2898,2898,spring-projects/spring-data-commons,81f5f0699b1e759359f03af05f6924592ac8e65b,1,552,c0ff7833c0013b08
2899,2899,2899,spring-projects/spring-data-commons,81f5f0699b1e759359f03af05f6924592ac8e65b,1,552,c0ff7833c0013b08
2900,2900,2900,spring-projects/spring-data-commons,81f5f0699b1e759359f03af05f6924592ac8e65b,1,552,c0ff7833c0013b08
2901,2901,2901,spring-projects/spring-data-commons,7502b3daeef244f5142cc6720bd282a04c9b723b,3,554,c0ff7833c0013b08
2902,2902,2902,spring-projects/spring-data-commons,7502b3daeef244f5142cc6720bd282a04c9b723b,2,554,c0ff7833c0013b08
2903,2903,2903,spring-projects/spring-data-commons,7502b3daeef244f5142cc6720bd282a04c9b723b,2,554,c0ff7833c0013b08
2904,2904,2904,spring-projects/spring-data-commons,7502b3daeef244f5142cc6720bd282a04c9b723b,2,554,c0ff7833c0013b08
2905,2905,2905,spring-projects/spring-data-commons,7502b3daeef244f5142cc6720bd282a04c9b723b,2,554,c0ff7833c0013b08
2906,2906,2906,spring-projects/spring-data-commons,696a14e3ab0002715c771ea98229dda2e46b3f46,2,326,c0ff7833c0013b08
2907,2907,2907,spring-projects/spring-data-commons,696a14e3ab0002715c771ea98229dda2e46b3f46,3,326,c0ff7833c0013b08
2908,2908,2908,spring-projects/spring-data-commons,696a14e3ab0002715c771ea98229dda2e46b3f46,2,326,c0ff7833c0013b08
2909,2909,2909,spring-projects/spring-data-commons,696a14e3ab0002715c771ea98229dda2e46b3f46,2,326,c0ff7833c0013b08
2910,2910,2910,spring-projects/spring-data-commons,696a14e3ab0002715c771ea98229dda2e46b3f46,3,326,c0ff7833c0013b08
2911,2911,2911,spring-projects/spring-data-commons,c067a43661c9cca15a985a5eb95b8859ff42203a,7,328,c0ff7833c0013b08
2912,2912,2912,spring-projects/spring-data-commons,c067a43661c9cca15a985a5eb95b8859ff42203a,1,328,c0ff7833c0013b08
2913,2913,2913,spring-projects/spring-data-commons,c067a43661c9cca15a985a5eb95b8859ff42203a,2,328,c0ff7833c0013b08
2914,2914,2914,spring-projects/spring-data-commons,c067a43661c9cca15a985a5eb95b8859ff42203a,2,328,c0ff7833c0013b08
2915,2915,2915,spring-projects/spring-data-commons,c27b8cdce892205eec54e38ad12f4ee6ddbc6679,3,369,c0ff7833c0013b08
2916,2916,2916,spring-projects/spring-data-commons,c27b8cdce892205eec54e38ad12f4ee6ddbc6679,1,369,c0ff7833c0013b08
2917,2917,2917,spring-projects/spring-data-commons,8c3bde5f35b2f2f52cb470731c73b1c878f5e958,2,329,c0ff7833c0013b08
2918,2918,2918,spring-projects/spring-data-commons,735124476bd54252b1aaa05b50a3d87fa3af5c9f,2,375,c0ff7833c0013b08
2919,2919,2919,spring-projects/spring-data-commons,735124476bd54252b1aaa05b50a3d87fa3af5c9f,4,375,c0ff7833c0013b08
2920,2920,2920,spring-projects/spring-data-commons,735124476bd54252b1aaa05b50a3d87fa3af5c9f,4,375,c0ff7833c0013b08
2921,2921,2921,spring-projects/spring-data-commons,735124476bd54252b1aaa05b50a3d87fa3af5c9f,2,375,c0ff7833c0013b08
2922,2922,2922,spring-projects/spring-data-commons,735124476bd54252b1aaa05b50a3d87fa3af5c9f,2,375,c0ff7833c0013b08
2923,2923,2923,spring-projects/spring-data-commons,df528ab3066e229cf65ce468ea8acbef32241cf1,13,375,c0ff7833c0013b08
2924,2924,2924,spring-projects/spring-data-commons,df528ab3066e229cf65ce468ea8acbef32241cf1,3,375,c0ff7833c0013b08
2925,2925,2925,spring-projects/spring-data-commons,df528ab3066e229cf65ce468ea8acbef32241cf1,1,375,c0ff7833c0013b08
2926,2926,2926,spring-projects/spring-data-commons,f5f60d7318da3423608cf6473935c3cfcd48a1cf,3,375,c0ff7833c0013b08
2927,2927,2927,spring-projects/spring-data-commons,f5f60d7318da3423608cf6473935c3cfcd48a1cf,1,375,c0ff7833c0013b08
2928,2928,2928,spring-projects/spring-data-commons,f5f60d7318da3423608cf6473935c3cfcd48a1cf,3,375,c0ff7833c0013b08
2929,2929,2929,spring-projects/spring-data-commons,f5f60d7318da3423608cf6473935c3cfcd48a1cf,2,375,c0ff7833c0013b08
2930,2930,2930,spring-projects/spring-data-commons,e00763bc4489c69eb5f802a4fd9a16a904a5ec0a,2,395,c0ff7833c0013b08
2931,2931,2931,spring-projects/spring-data-commons,a9fb7070c8e2c8a689cdd7e3b69da20b2f1024b3,2,395,c0ff7833c0013b08
2932,2932,2932,spring-projects/spring-data-commons,ce114422bee5bdcdead1ddb57bb21a89c039d51b,3,395,c0ff7833c0013b08
2933,2933,2933,spring-projects/spring-data-commons,ce114422bee5bdcdead1ddb57bb21a89c039d51b,3,395,c0ff7833c0013b08
2934,2934,2934,spring-projects/spring-data-commons,5701ca4df02e05025b1f46e43040cc39d6f977b2,2,395,c0ff7833c0013b08
2935,2935,2935,spring-projects/spring-data-commons,5701ca4df02e05025b1f46e43040cc39d6f977b2,2,395,c0ff7833c0013b08
2936,2936,2936,spring-projects/spring-data-commons,5701ca4df02e05025b1f46e43040cc39d6f977b2,3,395,c0ff7833c0013b08
2937,2937,2937,spring-projects/spring-data-commons,d6163c0a3d682f3d1b17a3e3981dc4bbf1e09212,4,435,c0ff7833c0013b08
2938,2938,2938,spring-projects/spring-data-commons,403f4bb56ee45e1f78d6d1873dc0120a62e8ead4,1,436,c0ff7833c0013b08
2939,2939,2939,spring-projects/spring-data-commons,f9166f7cf965ca743f8abd4205251e7c014af460,3,397,c0ff7833c0013b08
2940,2940,2940,spring-projects/spring-data-commons,11bd4c090f123662aafba135f96ca96be32f64c2,2,438,c0ff7833c0013b08
2941,2941,2941,spring-projects/spring-data-commons,783c3ef85c123fa2ae5c127ef4bc04abf6a292a0,2,438,c0ff7833c0013b08
2942,2942,2942,spring-projects/spring-data-commons,684cf491cbdb16d91d2b53adad069e64f561889d,2,440,c0ff7833c0013b08
2943,2943,2943,spring-projects/spring-data-commons,684cf491cbdb16d91d2b53adad069e64f561889d,4,440,c0ff7833c0013b08
2944,2944,2944,spring-projects/spring-data-commons,684cf491cbdb16d91d2b53adad069e64f561889d,1,440,c0ff7833c0013b08
2945,2945,2945,spring-projects/spring-data-commons,684cf491cbdb16d91d2b53adad069e64f561889d,2,440,c0ff7833c0013b08
2946,2946,2946,spring-projects/spring-data-commons,d8e9808dd49cec9323d02bb7d690d99998ce894b,3,462,c0ff7833c0013b08
2947,2947,2947,spring-projects/spring-data-commons,b728ea297e4711b0241483e3924eccf3a529cbc7,9,462,c0ff7833c0013b08
2948,2948,2948,spring-projects/spring-data-commons,b728ea297e4711b0241483e3924eccf3a529cbc7,5,462,c0ff7833c0013b08
2949,2949,2949,spring-projects/spring-data-commons,b728ea297e4711b0241483e3924eccf3a529cbc7,2,462,c0ff7833c0013b08
2950,2950,2950,spring-projects/spring-data-commons,b728ea297e4711b0241483e3924eccf3a529cbc7,1,462,c0ff7833c0013b08
2951,2951,2951,spring-projects/spring-data-commons,020b7fcd21d8619182c88cf6db6a8f57fc820ddf,2,466,c0ff7833c0013b08
2952,2952,2952,spring-projects/spring-data-commons,020b7fcd21d8619182c88cf6db6a8f57fc820ddf,1,466,c0ff7833c0013b08
2953,2953,2953,spring-projects/spring-data-commons,49981eb3859a7c59b0ec084128bb3e94b19728a3,1,527,c0ff7833c0013b08
2954,2954,2954,spring-projects/spring-data-commons,49981eb3859a7c59b0ec084128bb3e94b19728a3,2,527,c0ff7833c0013b08
2955,2955,2955,spring-projects/spring-data-commons,49981eb3859a7c59b0ec084128bb3e94b19728a3,2,527,c0ff7833c0013b08
2956,2956,2956,spring-projects/spring-data-commons,49981eb3859a7c59b0ec084128bb3e94b19728a3,2,527,c0ff7833c0013b08
2957,2957,2957,spring-projects/spring-data-commons,49981eb3859a7c59b0ec084128bb3e94b19728a3,2,527,c0ff7833c0013b08
2958,2958,2958,spring-projects/spring-data-commons,49981eb3859a7c59b0ec084128bb3e94b19728a3,4,527,c0ff7833c0013b08
2959,2959,2959,spring-projects/spring-data-commons,49981eb3859a7c59b0ec084128bb3e94b19728a3,2,527,c0ff7833c0013b08
2960,2960,2960,spring-projects/spring-data-neo4j,da8dfc03dbb09420ef8ba7d1a32c21df15cf485e,3,158,c0ff7833c0013b08
2961,2961,2961,spring-projects/spring-data-neo4j,da8dfc03dbb09420ef8ba7d1a32c21df15cf485e,3,158,c0ff7833c0013b08
2962,2962,2962,spring-projects/spring-data-neo4j,da8dfc03dbb09420ef8ba7d1a32c21df15cf485e,1,158,c0ff7833c0013b08
2963,2963,2963,spring-projects/spring-data-neo4j,d80eda04911c67bae746e0c4525ad2c1942838e3,6,186,c0ff7833c0013b08
2964,2964,2964,spring-projects/spring-data-neo4j,d80eda04911c67bae746e0c4525ad2c1942838e3,3,186,c0ff7833c0013b08
2965,2965,2965,spring-projects/spring-data-neo4j,d80eda04911c67bae746e0c4525ad2c1942838e3,4,186,c0ff7833c0013b08
2966,2966,2966,spring-projects/spring-data-neo4j,d80eda04911c67bae746e0c4525ad2c1942838e3,2,186,c0ff7833c0013b08
2967,2967,2967,spring-projects/spring-data-jpa,81619300a6ad679f4037eddf012d43e8fa88c7f2,3,92,c0ff7833c0013b08
2968,2968,2968,spring-projects/spring-data-jpa,b2223bd5ef127e1adb3d2adcad7d34dcda608365,8,100,c0ff7833c0013b08
2969,2969,2969,spring-projects/spring-data-jpa,b2223bd5ef127e1adb3d2adcad7d34dcda608365,1,100,c0ff7833c0013b08
2970,2970,2970,spring-projects/spring-data-jpa,b2223bd5ef127e1adb3d2adcad7d34dcda608365,2,100,c0ff7833c0013b08
2971,2971,2971,spring-projects/spring-data-jpa,1d79c1bfeb59c91a5ef86e3409b1267bbf1cc503,2,106,c0ff7833c0013b08
2972,2972,2972,spring-projects/spring-data-jpa,c2e3984545b75f51c58ea663d8215c3edd2d631c,3,108,c0ff7833c0013b08
2973,2973,2973,spring-projects/spring-data-jpa,c2e3984545b75f51c58ea663d8215c3edd2d631c,1,108,c0ff7833c0013b08
2974,2974,2974,spring-projects/spring-data-jpa,1d79c1bfeb59c91a5ef86e3409b1267bbf1cc503,10,106,c0ff7833c0013b08
2975,2975,2975,spring-projects/spring-data-jpa,e5d94df855726e7c1fbd1256039c63e7807c2189,2,109,c0ff7833c0013b08
2976,2976,2976,spring-projects/spring-data-jpa,e5d94df855726e7c1fbd1256039c63e7807c2189,2,109,c0ff7833c0013b08
2977,2977,2977,spring-projects/spring-data-jpa,e5d94df855726e7c1fbd1256039c63e7807c2189,1,109,c0ff7833c0013b08
2978,2978,2978,spring-projects/spring-data-jpa,e5d94df855726e7c1fbd1256039c63e7807c2189,2,109,c0ff7833c0013b08
2979,2979,2979,spring-projects/spring-data-jpa,f8c7d3ffc705f0db27b381a80b66fe36f035a855,2,111,c0ff7833c0013b08
2980,2980,2980,spring-projects/spring-data-jpa,f8c7d3ffc705f0db27b381a80b66fe36f035a855,5,111,c0ff7833c0013b08
2981,2981,2981,spring-projects/spring-data-jpa,f8c7d3ffc705f0db27b381a80b66fe36f035a855,3,111,c0ff7833c0013b08
2982,2982,2982,spring-projects/spring-data-jpa,f8c7d3ffc705f0db27b381a80b66fe36f035a855,2,111,c0ff7833c0013b08
2983,2983,2983,spring-projects/spring-data-jpa,4e17ad321131124c97b602755c8ef2b8086c9bcf,3,141,c0ff7833c0013b08
2984,2984,2984,spring-projects/spring-data-jpa,057b06162ec180b6a97479ac1809059ae3969ba7,2,111,c0ff7833c0013b08
2985,2985,2985,spring-projects/spring-data-jpa,4e17ad321131124c97b602755c8ef2b8086c9bcf,1,141,c0ff7833c0013b08
2986,2986,2986,spring-projects/spring-data-jpa,4e17ad321131124c97b602755c8ef2b8086c9bcf,3,141,c0ff7833c0013b08
2987,2987,2987,spring-projects/spring-data-jpa,202ca09fd905f5c5102a8e51d8cb4b6e5f8a7bd2,4,144,c0ff7833c0013b08
2988,2988,2988,spring-projects/spring-data-jpa,202ca09fd905f5c5102a8e51d8cb4b6e5f8a7bd2,1,144,c0ff7833c0013b08
2989,2989,2989,spring-projects/spring-data-jpa,3308240f73f5792635d69f6e7c25b02e1891d3ee,6,314,c0ff7833c0013b08
2990,2990,2990,spring-projects/spring-data-jpa,3308240f73f5792635d69f6e7c25b02e1891d3ee,2,314,c0ff7833c0013b08
2991,2991,2991,spring-projects/spring-data-jpa,3308240f73f5792635d69f6e7c25b02e1891d3ee,6,314,c0ff7833c0013b08
2992,2992,2992,spring-projects/spring-data-jpa,3308240f73f5792635d69f6e7c25b02e1891d3ee,2,314,c0ff7833c0013b08
2993,2993,2993,spring-projects/spring-data-jpa,3308240f73f5792635d69f6e7c25b02e1891d3ee,3,314,c0ff7833c0013b08
2994,2994,2994,spring-projects/spring-data-jpa,7a8e366ef4dc55cd39e18fe2862164985c9c17b3,2,317,c0ff7833c0013b08
2995,2995,2995,spring-projects/spring-data-jpa,7a8e366ef4dc55cd39e18fe2862164985c9c17b3,8,317,c0ff7833c0013b08
2996,2996,2996,spring-projects/spring-data-jpa,7a8e366ef4dc55cd39e18fe2862164985c9c17b3,2,317,c0ff7833c0013b08
2997,2997,2997,spring-projects/spring-data-jpa,7a8e366ef4dc55cd39e18fe2862164985c9c17b3,2,317,c0ff7833c0013b08
2998,2998,2998,spring-projects/spring-data-jpa,3ea69cb7c74757612fd1b410f71adc514c4720fb,3,329,c0ff7833c0013b08
2999,2999,2999,spring-projects/spring-data-jpa,9a30f9702c2b6b4635be15a8ec797530e7438751,1,329,c0ff7833c0013b08
3000,3000,3000,spring-projects/spring-data-jpa,9a30f9702c2b6b4635be15a8ec797530e7438751,2,329,c0ff7833c0013b08
3001,3001,3001,spring-projects/spring-data-jpa,42d355099671a52c290763a6b929fd69f443b7e0,2,330,c0ff7833c0013b08
3002,3002,3002,spring-projects/spring-data-jpa,42d355099671a52c290763a6b929fd69f443b7e0,2,330,c0ff7833c0013b08
3003,3003,3003,spring-projects/spring-data-jpa,648a73dc2df6c5ba1f274d2ce5aca3b38b626e7e,2,148,c0ff7833c0013b08
3004,3004,3004,spring-projects/spring-data-jpa,6ad094cc33baf9e31faeec73c550dbc82e5a06a9,3,145,c0ff7833c0013b08
3005,3005,3005,spring-projects/spring-data-jpa,6ad094cc33baf9e31faeec73c550dbc82e5a06a9,1,145,c0ff7833c0013b08
3006,3006,3006,spring-projects/spring-data-jpa,6ad094cc33baf9e31faeec73c550dbc82e5a06a9,6,145,c0ff7833c0013b08
3007,3007,3007,spring-projects/spring-data-jpa,6ad094cc33baf9e31faeec73c550dbc82e5a06a9,1,145,c0ff7833c0013b08
3008,3008,3008,spring-projects/spring-data-jpa,6ad094cc33baf9e31faeec73c550dbc82e5a06a9,1,145,c0ff7833c0013b08
3009,3009,3009,spring-projects/spring-data-jpa,ac6af891e00c400189e8c4831f8b18fc9ee73295,5,335,c0ff7833c0013b08
3010,3010,3010,spring-projects/spring-data-jpa,ac6af891e00c400189e8c4831f8b18fc9ee73295,5,335,c0ff7833c0013b08
3011,3011,3011,spring-projects/spring-data-jpa,ac6af891e00c400189e8c4831f8b18fc9ee73295,3,335,c0ff7833c0013b08
3012,3012,3012,spring-projects/spring-data-jpa,e938b4d2e80423c724f2089715a62994025a4736,1,151,c0ff7833c0013b08
3013,3013,3013,spring-projects/spring-data-jpa,508836a495fa49e726d20d1a21a84e959263133e,2,171,c0ff7833c0013b08
3014,3014,3014,spring-projects/spring-data-jpa,508836a495fa49e726d20d1a21a84e959263133e,2,171,c0ff7833c0013b08
3015,3015,3015,spring-projects/spring-data-jpa,716fc14a183200d4ee2d9e8ecaaddd00d8a6f3cc,3,172,c0ff7833c0013b08
3016,3016,3016,spring-projects/spring-data-jpa,716fc14a183200d4ee2d9e8ecaaddd00d8a6f3cc,3,172,c0ff7833c0013b08
3017,3017,3017,spring-projects/spring-data-jpa,716fc14a183200d4ee2d9e8ecaaddd00d8a6f3cc,2,172,c0ff7833c0013b08
3018,3018,3018,spring-projects/spring-data-jpa,716fc14a183200d4ee2d9e8ecaaddd00d8a6f3cc,1,172,c0ff7833c0013b08
3019,3019,3019,spring-projects/spring-data-jpa,716fc14a183200d4ee2d9e8ecaaddd00d8a6f3cc,1,172,c0ff7833c0013b08
3020,3020,3020,spring-projects/spring-data-jpa,576dae6f81329daee8f55d98a23d12fd880b98cb,2,174,c0ff7833c0013b08
3021,3021,3021,spring-projects/spring-data-jpa,3345660226e9afe00de8bccd6b5db65c190f0a5b,2,176,c0ff7833c0013b08
3022,3022,3022,spring-projects/spring-data-jpa,3345660226e9afe00de8bccd6b5db65c190f0a5b,2,176,c0ff7833c0013b08
3023,3023,3023,spring-projects/spring-data-jpa,3345660226e9afe00de8bccd6b5db65c190f0a5b,1,176,c0ff7833c0013b08
3024,3024,3024,spring-projects/spring-data-jpa,1a294caa8857004f76ca550f754e28d1c1f8aacd,2,173,c0ff7833c0013b08
3025,3025,3025,spring-projects/spring-data-jpa,1a294caa8857004f76ca550f754e28d1c1f8aacd,3,173,c0ff7833c0013b08
3026,3026,3026,spring-projects/spring-data-jpa,5505f9cd6087aa3d727d5bfbc83186caa7c3d032,2,201,c0ff7833c0013b08
3027,3027,3027,spring-projects/spring-data-jpa,1b1549a68bdcc1a9ea3a5932c6b58d3d7817a6d3,7,203,c0ff7833c0013b08
3028,3028,3028,spring-projects/spring-data-jpa,1b1549a68bdcc1a9ea3a5932c6b58d3d7817a6d3,4,203,c0ff7833c0013b08
3029,3029,3029,spring-projects/spring-data-jpa,06a8980a373688ba2ef7389bd18a503e8a053de6,4,208,c0ff7833c0013b08
3030,3030,3030,spring-projects/spring-data-jpa,06a8980a373688ba2ef7389bd18a503e8a053de6,5,208,c0ff7833c0013b08
3031,3031,3031,spring-projects/spring-data-jpa,06a8980a373688ba2ef7389bd18a503e8a053de6,2,208,c0ff7833c0013b08
3032,3032,3032,spring-projects/spring-data-jpa,06a8980a373688ba2ef7389bd18a503e8a053de6,2,208,c0ff7833c0013b08
3033,3033,3033,spring-projects/spring-data-jpa,1962540c12342c286c627d4b0706a635564767e0,1,209,c0ff7833c0013b08
3034,3034,3034,spring-projects/spring-data-jpa,1962540c12342c286c627d4b0706a635564767e0,3,209,c0ff7833c0013b08
3035,3035,3035,spring-projects/spring-data-jpa,1962540c12342c286c627d4b0706a635564767e0,5,209,c0ff7833c0013b08
3036,3036,3036,spring-projects/spring-data-jpa,6ae7ba153ed239345de4f12ea45c24afa9958a70,2,210,c0ff7833c0013b08
3037,3037,3037,spring-projects/spring-data-jpa,bbb5cae6cd845519669b7e59841daeff2297a762,2,236,c0ff7833c0013b08
3038,3038,3038,spring-projects/spring-data-jpa,bbb5cae6cd845519669b7e59841daeff2297a762,1,236,c0ff7833c0013b08
3039,3039,3039,spring-projects/spring-data-jpa,bbb5cae6cd845519669b7e59841daeff2297a762,5,236,c0ff7833c0013b08
3040,3040,3040,spring-projects/spring-data-jpa,bbb5cae6cd845519669b7e59841daeff2297a762,2,236,c0ff7833c0013b08
3041,3041,3041,spring-projects/spring-data-jpa,b8ce5c5dc321b08dc45f11dfc1c4e12e97f22617,1,237,c0ff7833c0013b08
3042,3042,3042,spring-projects/spring-data-jpa,b8ce5c5dc321b08dc45f11dfc1c4e12e97f22617,1,237,c0ff7833c0013b08
3043,3043,3043,spring-projects/spring-data-jpa,b8ce5c5dc321b08dc45f11dfc1c4e12e97f22617,3,237,c0ff7833c0013b08
3044,3044,3044,spring-projects/spring-data-jpa,b8ce5c5dc321b08dc45f11dfc1c4e12e97f22617,6,237,c0ff7833c0013b08
3045,3045,3045,spring-projects/spring-data-jpa,b8ce5c5dc321b08dc45f11dfc1c4e12e97f22617,2,237,c0ff7833c0013b08
3046,3046,3046,spring-projects/spring-data-jpa,b8ce5c5dc321b08dc45f11dfc1c4e12e97f22617,1,237,c0ff7833c0013b08
3047,3047,3047,spring-projects/spring-data-jpa,b8ce5c5dc321b08dc45f11dfc1c4e12e97f22617,2,237,c0ff7833c0013b08
3048,3048,3048,spring-projects/spring-data-jpa,f52c47d668e36508f39d7b59e5f136f114d4cf64,2,237,c0ff7833c0013b08
3049,3049,3049,spring-projects/spring-data-jpa,f52c47d668e36508f39d7b59e5f136f114d4cf64,2,237,c0ff7833c0013b08
3050,3050,3050,spring-projects/spring-data-jpa,f52c47d668e36508f39d7b59e5f136f114d4cf64,3,237,c0ff7833c0013b08
3051,3051,3051,spring-projects/spring-data-jpa,6cc0f9f8354a9776bb011405d6f4aa48d41e3b6a,1,243,c0ff7833c0013b08
3052,3052,3052,spring-projects/spring-data-jpa,4bb061eb7904d654b2426a465d00759cd3688132,2,251,c0ff7833c0013b08
3053,3053,3053,spring-projects/spring-data-jpa,4bb061eb7904d654b2426a465d00759cd3688132,2,251,c0ff7833c0013b08
3054,3054,3054,spring-projects/spring-data-jpa,d2f73196f8ad41467c0eb74fc39648efb84f45fd,3,253,c0ff7833c0013b08
3055,3055,3055,spring-projects/spring-data-jpa,d2f73196f8ad41467c0eb74fc39648efb84f45fd,3,253,c0ff7833c0013b08
3056,3056,3056,spring-projects/spring-data-jpa,d2f73196f8ad41467c0eb74fc39648efb84f45fd,2,253,c0ff7833c0013b08
3057,3057,3057,spring-projects/spring-data-jpa,5b877ec1ea7923385c55b4514687552dbc70b62a,2,257,c0ff7833c0013b08
3058,3058,3058,spring-projects/spring-data-jpa,5b877ec1ea7923385c55b4514687552dbc70b62a,4,257,c0ff7833c0013b08
3059,3059,3059,spring-projects/spring-data-jpa,5b877ec1ea7923385c55b4514687552dbc70b62a,2,257,c0ff7833c0013b08
3060,3060,3060,spring-projects/spring-data-jpa,5b877ec1ea7923385c55b4514687552dbc70b62a,1,257,c0ff7833c0013b08
3061,3061,3061,spring-projects/spring-data-jpa,5b877ec1ea7923385c55b4514687552dbc70b62a,3,257,c0ff7833c0013b08
3062,3062,3062,spring-projects/spring-data-jpa,425ccc4ba6f0300bc546efe06e0aaf833eb85675,3,261,c0ff7833c0013b08
3063,3063,3063,spring-projects/spring-data-jpa,5c3186f0b034f216476e01bef98e87a80e303a8d,2,269,c0ff7833c0013b08
3064,3064,3064,spring-projects/spring-data-jpa,11f2866510d873a8cb6483720c76dfe3f5e11cc0,1,269,c0ff7833c0013b08
3065,3065,3065,spring-projects/spring-data-jpa,11f2866510d873a8cb6483720c76dfe3f5e11cc0,2,269,c0ff7833c0013b08
3066,3066,3066,spring-projects/spring-data-jpa,6f66632718dad8d0304c32aeec4130343f60869b,3,273,c0ff7833c0013b08
3067,3067,3067,spring-projects/spring-data-jpa,13e87574f919f6eb82625a1cd60e80e30b456680,2,276,c0ff7833c0013b08
3068,3068,3068,spring-projects/spring-data-jpa,0e3517cf618c578fff4d0ae1ed3da4962441a7b3,2,278,c0ff7833c0013b08
3069,3069,3069,spring-projects/spring-data-jpa,dde7b03d4cc87e63add3e964f75b86fb380e1e6d,2,300,c0ff7833c0013b08
3070,3070,3070,spring-projects/spring-data-jpa,2a5e229a6fc389061fe202ff4be5d585f170cdb3,1,302,c0ff7833c0013b08
3071,3071,3071,spring-projects/spring-data-jpa,2a5e229a6fc389061fe202ff4be5d585f170cdb3,4,302,c0ff7833c0013b08
3072,3072,3072,spring-projects/spring-data-jpa,2a5e229a6fc389061fe202ff4be5d585f170cdb3,3,302,c0ff7833c0013b08
3073,3073,3073,spring-projects/spring-data-jpa,2e0b6b192d2a844f1633ac8892928911690a87d1,1,305,c0ff7833c0013b08
3074,3074,3074,spring-projects/spring-data-jpa,2e0b6b192d2a844f1633ac8892928911690a87d1,1,305,c0ff7833c0013b08
3075,3075,3075,spring-projects/spring-data-jpa,2e0b6b192d2a844f1633ac8892928911690a87d1,2,305,c0ff7833c0013b08
3076,3076,3076,spring-projects/spring-data-jpa,8e6880c9915e584941533cb4899cfca3f42fe4ec,7,311,c0ff7833c0013b08
3077,3077,3077,spring-projects/spring-data-jpa,2e0b6b192d2a844f1633ac8892928911690a87d1,4,305,c0ff7833c0013b08
3078,3078,3078,spring-projects/spring-data-jpa,8e6880c9915e584941533cb4899cfca3f42fe4ec,3,311,c0ff7833c0013b08
3079,3079,3079,spring-projects/spring-data-jpa,8e6880c9915e584941533cb4899cfca3f42fe4ec,3,311,c0ff7833c0013b08
3080,3080,3080,spring-projects/spring-data-jpa,9609b722314eb12c635996689a3e52b10ba8366d,3,312,c0ff7833c0013b08
3081,3081,3081,spring-projects/spring-data-jpa,9609b722314eb12c635996689a3e52b10ba8366d,2,312,c0ff7833c0013b08
3082,3082,3082,spring-projects/spring-data-jpa,9609b722314eb12c635996689a3e52b10ba8366d,12,312,c0ff7833c0013b08
3083,3083,3083,spring-projects/spring-data-jpa,8bb2aebe37ed642109112cb7125497569da5ec0d,1,312,c0ff7833c0013b08
3084,3084,3084,spring-projects/spring-data-jpa,8bb2aebe37ed642109112cb7125497569da5ec0d,2,312,c0ff7833c0013b08
3085,3085,3085,spring-projects/spring-data-jpa,8bb2aebe37ed642109112cb7125497569da5ec0d,2,312,c0ff7833c0013b08
3086,3086,3086,spring-projects/spring-data-jpa,8bb2aebe37ed642109112cb7125497569da5ec0d,4,312,c0ff7833c0013b08
3087,3087,3087,spring-projects/spring-data-jpa,8b2321321c125f8e26d436e1e7cd3c248e536744,2,325,c0ff7833c0013b08
3088,3088,3088,spring-projects/spring-data-mongodb,9cd33763b6789313765dc7bd7c03ff1ed27e5a7a,2,293,c0ff7833c0013b08
3089,3089,3089,spring-projects/spring-data-mongodb,9cd33763b6789313765dc7bd7c03ff1ed27e5a7a,2,293,c0ff7833c0013b08
3090,3090,3090,spring-projects/spring-data-mongodb,9cd33763b6789313765dc7bd7c03ff1ed27e5a7a,2,293,c0ff7833c0013b08
3091,3091,3091,spring-projects/spring-data-mongodb,9cd33763b6789313765dc7bd7c03ff1ed27e5a7a,5,293,c0ff7833c0013b08
3092,3092,3092,spring-projects/spring-data-mongodb,9cd33763b6789313765dc7bd7c03ff1ed27e5a7a,2,293,c0ff7833c0013b08
3093,3093,3093,spring-projects/spring-data-mongodb,22d5d4c01946f92e83408b94ae187e513241d331,1,333,c0ff7833c0013b08
3094,3094,3094,spring-projects/spring-data-mongodb,9cd33763b6789313765dc7bd7c03ff1ed27e5a7a,2,293,c0ff7833c0013b08
3095,3095,3095,spring-projects/spring-data-mongodb,9cd33763b6789313765dc7bd7c03ff1ed27e5a7a,2,293,c0ff7833c0013b08
3096,3096,3096,spring-projects/spring-data-mongodb,22d5d4c01946f92e83408b94ae187e513241d331,2,333,c0ff7833c0013b08
3097,3097,3097,spring-projects/spring-data-mongodb,9cd33763b6789313765dc7bd7c03ff1ed27e5a7a,2,293,c0ff7833c0013b08
3098,3098,3098,spring-projects/spring-data-mongodb,22d5d4c01946f92e83408b94ae187e513241d331,3,333,c0ff7833c0013b08
3099,3099,3099,spring-projects/spring-data-mongodb,22d5d4c01946f92e83408b94ae187e513241d331,3,333,c0ff7833c0013b08
3100,3100,3100,spring-projects/spring-data-mongodb,edd71cac7880d6c995bf2db92c575f9f930f0475,1,295,c0ff7833c0013b08
3101,3101,3101,spring-projects/spring-data-mongodb,edd71cac7880d6c995bf2db92c575f9f930f0475,5,295,c0ff7833c0013b08
3102,3102,3102,spring-projects/spring-data-mongodb,edd71cac7880d6c995bf2db92c575f9f930f0475,2,295,c0ff7833c0013b08
3103,3103,3103,spring-projects/spring-data-mongodb,edd71cac7880d6c995bf2db92c575f9f930f0475,2,295,c0ff7833c0013b08
3104,3104,3104,spring-projects/spring-data-mongodb,edd71cac7880d6c995bf2db92c575f9f930f0475,3,295,c0ff7833c0013b08
3105,3105,3105,spring-projects/spring-data-mongodb,edd71cac7880d6c995bf2db92c575f9f930f0475,5,295,c0ff7833c0013b08
3106,3106,3106,spring-projects/spring-data-mongodb,edd71cac7880d6c995bf2db92c575f9f930f0475,5,295,c0ff7833c0013b08
3107,3107,3107,spring-projects/spring-data-mongodb,edd71cac7880d6c995bf2db92c575f9f930f0475,3,295,c0ff7833c0013b08
3108,3108,3108,spring-projects/spring-data-mongodb,edd71cac7880d6c995bf2db92c575f9f930f0475,1,295,c0ff7833c0013b08
3109,3109,3109,spring-projects/spring-data-mongodb,edd71cac7880d6c995bf2db92c575f9f930f0475,6,295,c0ff7833c0013b08
3110,3110,3110,spring-projects/spring-data-mongodb,edd71cac7880d6c995bf2db92c575f9f930f0475,1,295,c0ff7833c0013b08
3111,3111,3111,spring-projects/spring-data-mongodb,edd71cac7880d6c995bf2db92c575f9f930f0475,2,295,c0ff7833c0013b08
3112,3112,3112,spring-projects/spring-data-mongodb,edd71cac7880d6c995bf2db92c575f9f930f0475,4,295,c0ff7833c0013b08
3113,3113,3113,spring-projects/spring-data-mongodb,edd71cac7880d6c995bf2db92c575f9f930f0475,6,295,c0ff7833c0013b08
3114,3114,3114,spring-projects/spring-data-mongodb,edd71cac7880d6c995bf2db92c575f9f930f0475,2,295,c0ff7833c0013b08
3115,3115,3115,spring-projects/spring-data-mongodb,80ee7d95530e61b6f869affc420a40f2a4582d45,1,306,c0ff7833c0013b08
3116,3116,3116,spring-projects/spring-data-mongodb,80ee7d95530e61b6f869affc420a40f2a4582d45,2,306,c0ff7833c0013b08
3117,3117,3117,spring-projects/spring-data-mongodb,80ee7d95530e61b6f869affc420a40f2a4582d45,2,306,c0ff7833c0013b08
3118,3118,3118,spring-projects/spring-data-mongodb,80ee7d95530e61b6f869affc420a40f2a4582d45,2,306,c0ff7833c0013b08
3119,3119,3119,spring-projects/spring-data-mongodb,80ee7d95530e61b6f869affc420a40f2a4582d45,2,306,c0ff7833c0013b08
3120,3120,3120,spring-projects/spring-data-mongodb,80ee7d95530e61b6f869affc420a40f2a4582d45,2,306,c0ff7833c0013b08
3121,3121,3121,spring-projects/spring-data-mongodb,80ee7d95530e61b6f869affc420a40f2a4582d45,3,306,c0ff7833c0013b08
3122,3122,3122,spring-projects/spring-data-mongodb,80ee7d95530e61b6f869affc420a40f2a4582d45,2,306,c0ff7833c0013b08
3123,3123,3123,spring-projects/spring-data-mongodb,9375e7b9818c06f38429c5f9c0cd18d0d430551b,1,308,c0ff7833c0013b08
3124,3124,3124,spring-projects/spring-data-mongodb,9375e7b9818c06f38429c5f9c0cd18d0d430551b,3,308,c0ff7833c0013b08
3125,3125,3125,spring-projects/spring-data-mongodb,9375e7b9818c06f38429c5f9c0cd18d0d430551b,2,308,c0ff7833c0013b08
3126,3126,3126,spring-projects/spring-data-mongodb,9375e7b9818c06f38429c5f9c0cd18d0d430551b,1,308,c0ff7833c0013b08
3127,3127,3127,spring-projects/spring-data-mongodb,4be229312c49e2f02c04b6412c968d952e8643ce,2,321,c0ff7833c0013b08
3128,3128,3128,spring-projects/spring-data-mongodb,91b818b8c1ece2f481bf4a1390832db1333e4483,2,329,c0ff7833c0013b08
3129,3129,3129,spring-projects/spring-data-mongodb,91b818b8c1ece2f481bf4a1390832db1333e4483,2,329,c0ff7833c0013b08
3130,3130,3130,spring-projects/spring-data-mongodb,91b818b8c1ece2f481bf4a1390832db1333e4483,2,329,c0ff7833c0013b08
3131,3131,3131,spring-projects/spring-data-mongodb,91b818b8c1ece2f481bf4a1390832db1333e4483,2,329,c0ff7833c0013b08
3132,3132,3132,spring-projects/spring-data-mongodb,beeed68873c50c3dca4fb40723ec6904de450c44,1,309,c0ff7833c0013b08
3133,3133,3133,spring-projects/spring-data-mongodb,beeed68873c50c3dca4fb40723ec6904de450c44,2,309,c0ff7833c0013b08
3134,3134,3134,spring-projects/spring-data-mongodb,beeed68873c50c3dca4fb40723ec6904de450c44,1,309,c0ff7833c0013b08
3135,3135,3135,spring-projects/spring-data-mongodb,22d5d4c01946f92e83408b94ae187e513241d331,2,333,c0ff7833c0013b08
3136,3136,3136,spring-projects/spring-data-mongodb,beeed68873c50c3dca4fb40723ec6904de450c44,2,309,c0ff7833c0013b08
3137,3137,3137,spring-projects/spring-data-mongodb,3001e2941f7de4ece98d0a81308b1aa3cf506d04,2,335,c0ff7833c0013b08
3138,3138,3138,spring-projects/spring-data-mongodb,3001e2941f7de4ece98d0a81308b1aa3cf506d04,2,335,c0ff7833c0013b08
3139,3139,3139,spring-projects/spring-data-mongodb,3001e2941f7de4ece98d0a81308b1aa3cf506d04,2,335,c0ff7833c0013b08
3140,3140,3140,spring-projects/spring-data-mongodb,3001e2941f7de4ece98d0a81308b1aa3cf506d04,6,335,c0ff7833c0013b08
3141,3141,3141,spring-projects/spring-data-mongodb,3001e2941f7de4ece98d0a81308b1aa3cf506d04,2,335,c0ff7833c0013b08
3142,3142,3142,spring-projects/spring-data-mongodb,3001e2941f7de4ece98d0a81308b1aa3cf506d04,1,335,c0ff7833c0013b08
3143,3143,3143,spring-projects/spring-data-mongodb,22d5d4c01946f92e83408b94ae187e513241d331,2,333,c0ff7833c0013b08
3144,3144,3144,spring-projects/spring-data-mongodb,6323a86560dea0334c6f9b71c9905ab9d4ed67b9,2,335,c0ff7833c0013b08
3145,3145,3145,spring-projects/spring-data-mongodb,6323a86560dea0334c6f9b71c9905ab9d4ed67b9,2,335,c0ff7833c0013b08
3146,3146,3146,spring-projects/spring-data-mongodb,6323a86560dea0334c6f9b71c9905ab9d4ed67b9,1,335,c0ff7833c0013b08
3147,3147,3147,spring-projects/spring-data-mongodb,6323a86560dea0334c6f9b71c9905ab9d4ed67b9,2,335,c0ff7833c0013b08
3148,3148,3148,spring-projects/spring-data-mongodb,6323a86560dea0334c6f9b71c9905ab9d4ed67b9,1,335,c0ff7833c0013b08
3149,3149,3149,spring-projects/spring-data-mongodb,6323a86560dea0334c6f9b71c9905ab9d4ed67b9,6,335,c0ff7833c0013b08
3150,3150,3150,spring-projects/spring-data-mongodb,6323a86560dea0334c6f9b71c9905ab9d4ed67b9,2,335,c0ff7833c0013b08
3151,3151,3151,spring-projects/spring-data-mongodb,6323a86560dea0334c6f9b71c9905ab9d4ed67b9,4,335,c0ff7833c0013b08
3152,3152,3152,spring-projects/spring-data-mongodb,6323a86560dea0334c6f9b71c9905ab9d4ed67b9,2,335,c0ff7833c0013b08
3153,3153,3153,spring-projects/spring-data-mongodb,6323a86560dea0334c6f9b71c9905ab9d4ed67b9,2,335,c0ff7833c0013b08
3154,3154,3154,spring-projects/spring-data-mongodb,6323a86560dea0334c6f9b71c9905ab9d4ed67b9,2,335,c0ff7833c0013b08
3155,3155,3155,spring-projects/spring-data-mongodb,6323a86560dea0334c6f9b71c9905ab9d4ed67b9,1,335,c0ff7833c0013b08
3156,3156,3156,spring-projects/spring-data-mongodb,6323a86560dea0334c6f9b71c9905ab9d4ed67b9,2,335,c0ff7833c0013b08
3157,3157,3157,spring-projects/spring-data-mongodb,6323a86560dea0334c6f9b71c9905ab9d4ed67b9,1,335,c0ff7833c0013b08
3158,3158,3158,spring-projects/spring-data-mongodb,43d9f2f94811283986b4e8ad92094e391cede4e9,2,339,c0ff7833c0013b08
3159,3159,3159,spring-projects/spring-data-mongodb,43d9f2f94811283986b4e8ad92094e391cede4e9,2,339,c0ff7833c0013b08
3160,3160,3160,spring-projects/spring-data-mongodb,43d9f2f94811283986b4e8ad92094e391cede4e9,3,339,c0ff7833c0013b08
3161,3161,3161,spring-projects/spring-data-mongodb,43d9f2f94811283986b4e8ad92094e391cede4e9,2,339,c0ff7833c0013b08
3162,3162,3162,spring-projects/spring-data-mongodb,43d9f2f94811283986b4e8ad92094e391cede4e9,2,339,c0ff7833c0013b08
3163,3163,3163,spring-projects/spring-data-mongodb,928b5a77422fc7347f8bf3511f37de51b93ec3de,1,348,c0ff7833c0013b08
3164,3164,3164,spring-projects/spring-data-mongodb,928b5a77422fc7347f8bf3511f37de51b93ec3de,1,348,c0ff7833c0013b08
3165,3165,3165,spring-projects/spring-data-mongodb,928b5a77422fc7347f8bf3511f37de51b93ec3de,1,348,c0ff7833c0013b08
3166,3166,3166,spring-projects/spring-data-mongodb,928b5a77422fc7347f8bf3511f37de51b93ec3de,2,348,c0ff7833c0013b08
3167,3167,3167,spring-projects/spring-data-mongodb,928b5a77422fc7347f8bf3511f37de51b93ec3de,2,348,c0ff7833c0013b08
3168,3168,3168,spring-projects/spring-data-mongodb,928b5a77422fc7347f8bf3511f37de51b93ec3de,3,348,c0ff7833c0013b08
3169,3169,3169,spring-projects/spring-data-mongodb,928b5a77422fc7347f8bf3511f37de51b93ec3de,2,348,c0ff7833c0013b08
3170,3170,3170,spring-projects/spring-data-mongodb,928b5a77422fc7347f8bf3511f37de51b93ec3de,4,348,c0ff7833c0013b08
3171,3171,3171,spring-projects/spring-data-mongodb,928b5a77422fc7347f8bf3511f37de51b93ec3de,2,348,c0ff7833c0013b08
3172,3172,3172,spring-projects/spring-data-mongodb,928b5a77422fc7347f8bf3511f37de51b93ec3de,1,348,c0ff7833c0013b08
3173,3173,3173,spring-projects/spring-data-mongodb,928b5a77422fc7347f8bf3511f37de51b93ec3de,1,348,c0ff7833c0013b08
3174,3174,3174,spring-projects/spring-data-mongodb,928b5a77422fc7347f8bf3511f37de51b93ec3de,2,348,c0ff7833c0013b08
3175,3175,3175,spring-projects/spring-data-mongodb,928b5a77422fc7347f8bf3511f37de51b93ec3de,3,348,c0ff7833c0013b08
3176,3176,3176,spring-projects/spring-data-mongodb,928b5a77422fc7347f8bf3511f37de51b93ec3de,3,348,c0ff7833c0013b08
3177,3177,3177,spring-projects/spring-data-mongodb,11d9f04fd11aae87c7d1fc179ad1fc91c22b1bb7,2,362,c0ff7833c0013b08
3178,3178,3178,spring-projects/spring-data-mongodb,11d9f04fd11aae87c7d1fc179ad1fc91c22b1bb7,3,362,c0ff7833c0013b08
3179,3179,3179,spring-projects/spring-data-mongodb,9dd866e34ad596a4fae37dad4faf7381c46bc836,6,410,c0ff7833c0013b08
3180,3180,3180,spring-projects/spring-data-mongodb,0edf6c06ed97ab7349b21b7d55518372216c5e5b,2,362,c0ff7833c0013b08
3181,3181,3181,spring-projects/spring-data-mongodb,b17ec4700397db530f07426c9982294a78add25b,8,413,c0ff7833c0013b08
3182,3182,3182,spring-projects/spring-data-mongodb,b17ec4700397db530f07426c9982294a78add25b,2,413,c0ff7833c0013b08
3183,3183,3183,spring-projects/spring-data-mongodb,b17ec4700397db530f07426c9982294a78add25b,10,413,c0ff7833c0013b08
3184,3184,3184,spring-projects/spring-data-mongodb,c2aacc03ff415baacc808b64c9426bd3f3c83e1a,7,414,c0ff7833c0013b08
3185,3185,3185,spring-projects/spring-data-mongodb,c2aacc03ff415baacc808b64c9426bd3f3c83e1a,5,414,c0ff7833c0013b08
3186,3186,3186,spring-projects/spring-data-mongodb,c2aacc03ff415baacc808b64c9426bd3f3c83e1a,3,414,c0ff7833c0013b08
3187,3187,3187,spring-projects/spring-data-mongodb,c2aacc03ff415baacc808b64c9426bd3f3c83e1a,3,414,c0ff7833c0013b08
3188,3188,3188,spring-projects/spring-data-mongodb,f79636240c0668f54a21f9853267e677f5e131ce,2,417,c0ff7833c0013b08
3189,3189,3189,spring-projects/spring-data-mongodb,f79636240c0668f54a21f9853267e677f5e131ce,1,417,c0ff7833c0013b08
3190,3190,3190,spring-projects/spring-data-mongodb,f79636240c0668f54a21f9853267e677f5e131ce,2,417,c0ff7833c0013b08
3191,3191,3191,spring-projects/spring-data-mongodb,f79636240c0668f54a21f9853267e677f5e131ce,5,417,c0ff7833c0013b08
3192,3192,3192,spring-projects/spring-data-mongodb,61e87be30699f5743f33af8057ea6f28e1a76437,3,417,c0ff7833c0013b08
3193,3193,3193,spring-projects/spring-data-mongodb,61e87be30699f5743f33af8057ea6f28e1a76437,2,417,c0ff7833c0013b08
3194,3194,3194,spring-projects/spring-data-mongodb,61e87be30699f5743f33af8057ea6f28e1a76437,1,417,c0ff7833c0013b08
3195,3195,3195,spring-projects/spring-data-mongodb,2b5e2361a80ada89e4e379613f66b6b376ec43c1,1,449,c0ff7833c0013b08
3196,3196,3196,spring-projects/spring-data-mongodb,2b5e2361a80ada89e4e379613f66b6b376ec43c1,2,449,c0ff7833c0013b08
3197,3197,3197,spring-projects/spring-data-mongodb,f9e20d12b280d9496bec3677eb842baa8ec3cb76,4,454,c0ff7833c0013b08
3198,3198,3198,spring-projects/spring-data-mongodb,294616432d87773530c1a3692c58fcfc7b5b88e7,3,456,c0ff7833c0013b08
3199,3199,3199,spring-projects/spring-data-mongodb,f9e20d12b280d9496bec3677eb842baa8ec3cb76,15,454,c0ff7833c0013b08
3200,3200,3200,spring-projects/spring-data-mongodb,f9e20d12b280d9496bec3677eb842baa8ec3cb76,2,454,c0ff7833c0013b08
3201,3201,3201,spring-projects/spring-data-mongodb,f02ac5ea44d68010777c9a1c95ee26feb2d99acc,6,458,c0ff7833c0013b08
3202,3202,3202,spring-projects/spring-data-mongodb,f02ac5ea44d68010777c9a1c95ee26feb2d99acc,1,458,c0ff7833c0013b08
3203,3203,3203,spring-projects/spring-data-mongodb,f02ac5ea44d68010777c9a1c95ee26feb2d99acc,3,458,c0ff7833c0013b08
3204,3204,3204,spring-projects/spring-data-mongodb,f02ac5ea44d68010777c9a1c95ee26feb2d99acc,3,458,c0ff7833c0013b08
3205,3205,3205,spring-projects/spring-data-mongodb,f02ac5ea44d68010777c9a1c95ee26feb2d99acc,2,458,c0ff7833c0013b08
3206,3206,3206,spring-projects/spring-data-mongodb,f02ac5ea44d68010777c9a1c95ee26feb2d99acc,2,458,c0ff7833c0013b08
3207,3207,3207,spring-projects/spring-data-mongodb,f02ac5ea44d68010777c9a1c95ee26feb2d99acc,2,458,c0ff7833c0013b08
3208,3208,3208,spring-projects/spring-data-mongodb,f02ac5ea44d68010777c9a1c95ee26feb2d99acc,6,458,c0ff7833c0013b08
3209,3209,3209,spring-projects/spring-data-mongodb,f02ac5ea44d68010777c9a1c95ee26feb2d99acc,3,458,c0ff7833c0013b08
3210,3210,3210,spring-projects/spring-data-mongodb,b1068687bb71bd0caa018e3631f28902f91a5823,1,459,c0ff7833c0013b08
3211,3211,3211,spring-projects/spring-data-mongodb,b1068687bb71bd0caa018e3631f28902f91a5823,2,459,c0ff7833c0013b08
3212,3212,3212,spring-projects/spring-data-mongodb,b1068687bb71bd0caa018e3631f28902f91a5823,1,459,c0ff7833c0013b08
3213,3213,3213,spring-projects/spring-data-mongodb,b1068687bb71bd0caa018e3631f28902f91a5823,4,459,c0ff7833c0013b08
3214,3214,3214,spring-projects/spring-data-mongodb,b1068687bb71bd0caa018e3631f28902f91a5823,2,459,c0ff7833c0013b08
3215,3215,3215,spring-projects/spring-data-mongodb,b1068687bb71bd0caa018e3631f28902f91a5823,1,459,c0ff7833c0013b08
3216,3216,3216,spring-projects/spring-data-mongodb,22933e4493bf6c0d3ea459e468ffd073160069fb,2,465,c0ff7833c0013b08
3217,3217,3217,spring-projects/spring-data-mongodb,4777dd2e5ea3ae1872c07ae16c602f65534297a4,2,472,c0ff7833c0013b08
3218,3218,3218,spring-projects/spring-data-mongodb,4777dd2e5ea3ae1872c07ae16c602f65534297a4,2,472,c0ff7833c0013b08
3219,3219,3219,spring-projects/spring-data-mongodb,c7e65cbc40e5b776ab292d1fd291edd99915bcd7,2,472,c0ff7833c0013b08
3220,3220,3220,spring-projects/spring-data-mongodb,c7e65cbc40e5b776ab292d1fd291edd99915bcd7,3,472,c0ff7833c0013b08
3221,3221,3221,spring-projects/spring-data-mongodb,c7e65cbc40e5b776ab292d1fd291edd99915bcd7,2,472,c0ff7833c0013b08
3222,3222,3222,spring-projects/spring-data-mongodb,c7e65cbc40e5b776ab292d1fd291edd99915bcd7,2,472,c0ff7833c0013b08
3223,3223,3223,spring-projects/spring-data-mongodb,c7e65cbc40e5b776ab292d1fd291edd99915bcd7,3,472,c0ff7833c0013b08
3224,3224,3224,spring-projects/spring-data-mongodb,c7e65cbc40e5b776ab292d1fd291edd99915bcd7,2,472,c0ff7833c0013b08
3225,3225,3225,spring-projects/spring-data-mongodb,c7e65cbc40e5b776ab292d1fd291edd99915bcd7,6,472,c0ff7833c0013b08
3226,3226,3226,spring-projects/spring-data-mongodb,ad25751dbb29ef71db5dc9076e3df33267fa007d,2,475,c0ff7833c0013b08
3227,3227,3227,spring-projects/spring-data-mongodb,ad25751dbb29ef71db5dc9076e3df33267fa007d,4,475,c0ff7833c0013b08
3228,3228,3228,spring-projects/spring-data-mongodb,b2d59f2539f1c6209802cdba208b453fbaf587c3,6,475,c0ff7833c0013b08
3229,3229,3229,spring-projects/spring-data-mongodb,b2d59f2539f1c6209802cdba208b453fbaf587c3,6,475,c0ff7833c0013b08
3230,3230,3230,spring-projects/spring-data-mongodb,b2d59f2539f1c6209802cdba208b453fbaf587c3,3,475,c0ff7833c0013b08
3231,3231,3231,spring-projects/spring-data-mongodb,b2d59f2539f1c6209802cdba208b453fbaf587c3,4,475,c0ff7833c0013b08
3232,3232,3232,spring-projects/spring-data-mongodb,b2d59f2539f1c6209802cdba208b453fbaf587c3,2,475,c0ff7833c0013b08
3233,3233,3233,spring-projects/spring-data-mongodb,a7c3ef2aa8dbe0925af1405a9421f2a6cb716a73,2,480,c0ff7833c0013b08
3234,3234,3234,spring-projects/spring-data-mongodb,a7c3ef2aa8dbe0925af1405a9421f2a6cb716a73,7,480,c0ff7833c0013b08
3235,3235,3235,spring-projects/spring-data-mongodb,a7c3ef2aa8dbe0925af1405a9421f2a6cb716a73,2,480,c0ff7833c0013b08
3236,3236,3236,spring-projects/spring-data-mongodb,a7c3ef2aa8dbe0925af1405a9421f2a6cb716a73,3,480,c0ff7833c0013b08
3237,3237,3237,spring-projects/spring-data-mongodb,a7c3ef2aa8dbe0925af1405a9421f2a6cb716a73,2,480,c0ff7833c0013b08
3238,3238,3238,spring-projects/spring-data-mongodb,a7c3ef2aa8dbe0925af1405a9421f2a6cb716a73,3,480,c0ff7833c0013b08
3239,3239,3239,spring-projects/spring-data-mongodb,ccfab5d91a7173744633247f90fd59700e471a25,2,484,c0ff7833c0013b08
3240,3240,3240,spring-projects/spring-data-mongodb,d861fecdb86162c6cc27865cd8bda86b8ef4c771,2,484,c0ff7833c0013b08
3241,3241,3241,spring-projects/spring-data-mongodb,d861fecdb86162c6cc27865cd8bda86b8ef4c771,2,484,c0ff7833c0013b08
3242,3242,3242,spring-projects/spring-data-mongodb,d861fecdb86162c6cc27865cd8bda86b8ef4c771,4,484,c0ff7833c0013b08
3243,3243,3243,spring-projects/spring-data-mongodb,51607c5ed8534bd92b30193ca7a5c82c2a93ea35,1,483,c0ff7833c0013b08
3244,3244,3244,spring-projects/spring-data-mongodb,51607c5ed8534bd92b30193ca7a5c82c2a93ea35,3,483,c0ff7833c0013b08
3245,3245,3245,spring-projects/spring-data-mongodb,51607c5ed8534bd92b30193ca7a5c82c2a93ea35,3,483,c0ff7833c0013b08
3246,3246,3246,spring-projects/spring-data-mongodb,d861fecdb86162c6cc27865cd8bda86b8ef4c771,2,484,c0ff7833c0013b08
3247,3247,3247,spring-projects/spring-data-mongodb,51607c5ed8534bd92b30193ca7a5c82c2a93ea35,3,483,c0ff7833c0013b08
3248,3248,3248,spring-projects/spring-data-mongodb,51607c5ed8534bd92b30193ca7a5c82c2a93ea35,2,483,c0ff7833c0013b08
3249,3249,3249,spring-projects/spring-data-mongodb,eae463622c9517e804e97f60c9bcdc7b9a8e5bc8,1,483,c0ff7833c0013b08
3250,3250,3250,spring-projects/spring-data-mongodb,eae463622c9517e804e97f60c9bcdc7b9a8e5bc8,2,483,c0ff7833c0013b08
3251,3251,3251,spring-projects/spring-data-mongodb,eae463622c9517e804e97f60c9bcdc7b9a8e5bc8,5,483,c0ff7833c0013b08
3252,3252,3252,spring-projects/spring-data-mongodb,eae463622c9517e804e97f60c9bcdc7b9a8e5bc8,3,483,c0ff7833c0013b08
3253,3253,3253,spring-projects/spring-data-mongodb,eae463622c9517e804e97f60c9bcdc7b9a8e5bc8,1,483,c0ff7833c0013b08
3254,3254,3254,spring-projects/spring-data-mongodb,eae463622c9517e804e97f60c9bcdc7b9a8e5bc8,2,483,c0ff7833c0013b08
3255,3255,3255,spring-projects/spring-data-mongodb,eae463622c9517e804e97f60c9bcdc7b9a8e5bc8,5,483,c0ff7833c0013b08
3256,3256,3256,spring-projects/spring-data-mongodb,afa05122d278e19883856786fd9987cb7d9cfa69,2,487,c0ff7833c0013b08
3257,3257,3257,spring-projects/spring-data-mongodb,afa05122d278e19883856786fd9987cb7d9cfa69,2,487,c0ff7833c0013b08
3258,3258,3258,spring-projects/spring-data-mongodb,afa05122d278e19883856786fd9987cb7d9cfa69,2,487,c0ff7833c0013b08
3259,3259,3259,spring-projects/spring-data-mongodb,afa05122d278e19883856786fd9987cb7d9cfa69,2,487,c0ff7833c0013b08
3260,3260,3260,spring-projects/spring-data-mongodb,a96253f9a430c3d68f752a03f2ea4aa762d6f6b2,2,489,c0ff7833c0013b08
3261,3261,3261,spring-projects/spring-data-mongodb,a96253f9a430c3d68f752a03f2ea4aa762d6f6b2,2,489,c0ff7833c0013b08
3262,3262,3262,spring-projects/spring-data-mongodb,a96253f9a430c3d68f752a03f2ea4aa762d6f6b2,2,489,c0ff7833c0013b08
3263,3263,3263,spring-projects/spring-data-mongodb,a96253f9a430c3d68f752a03f2ea4aa762d6f6b2,2,489,c0ff7833c0013b08
3264,3264,3264,spring-projects/spring-data-mongodb,3f16b3063194a729036b86707167bb7941da33ab,2,535,c0ff7833c0013b08
3265,3265,3265,spring-projects/spring-data-mongodb,3f16b3063194a729036b86707167bb7941da33ab,2,535,c0ff7833c0013b08
3266,3266,3266,spring-projects/spring-data-mongodb,3f16b3063194a729036b86707167bb7941da33ab,2,535,c0ff7833c0013b08
3267,3267,3267,spring-projects/spring-data-mongodb,3f16b3063194a729036b86707167bb7941da33ab,2,535,c0ff7833c0013b08
3268,3268,3268,spring-projects/spring-data-mongodb,296ca28efaf7b758c31ad7f3107d679d619a9fc8,4,489,c0ff7833c0013b08
3269,3269,3269,spring-projects/spring-data-mongodb,b442abeef95d057e974766ef85ea1d23a7871bd8,2,536,c0ff7833c0013b08
3270,3270,3270,spring-projects/spring-data-mongodb,b442abeef95d057e974766ef85ea1d23a7871bd8,2,536,c0ff7833c0013b08
3271,3271,3271,spring-projects/spring-data-mongodb,b442abeef95d057e974766ef85ea1d23a7871bd8,3,536,c0ff7833c0013b08
3272,3272,3272,spring-projects/spring-data-mongodb,01468b640ab19cbf89e09e4079ae3b400b5b5ff6,2,537,c0ff7833c0013b08
3273,3273,3273,spring-projects/spring-data-mongodb,144000ed46f9d1519e19096193d9102192123ab5,1,536,c0ff7833c0013b08
3274,3274,3274,spring-projects/spring-data-mongodb,77dce53c7a7b0f2fcd07a6bf53a2f680b9649b2e,2,537,c0ff7833c0013b08
3275,3275,3275,spring-projects/spring-data-mongodb,144000ed46f9d1519e19096193d9102192123ab5,2,536,c0ff7833c0013b08
3276,3276,3276,spring-projects/spring-data-mongodb,144000ed46f9d1519e19096193d9102192123ab5,2,536,c0ff7833c0013b08
3277,3277,3277,spring-projects/spring-data-mongodb,77dce53c7a7b0f2fcd07a6bf53a2f680b9649b2e,2,537,c0ff7833c0013b08
3278,3278,3278,spring-projects/spring-data-mongodb,144000ed46f9d1519e19096193d9102192123ab5,2,536,c0ff7833c0013b08
3279,3279,3279,spring-projects/spring-data-mongodb,f68effe155aa1ce87bed069475e6bf57ad69e2cd,4,538,c0ff7833c0013b08
3280,3280,3280,spring-projects/spring-data-mongodb,f68effe155aa1ce87bed069475e6bf57ad69e2cd,2,538,c0ff7833c0013b08
3281,3281,3281,spring-projects/spring-data-mongodb,437a48ff4adb5fd02a8fb6c7bab15d89115a4c40,3,540,c0ff7833c0013b08
3282,3282,3282,spring-projects/spring-data-mongodb,437a48ff4adb5fd02a8fb6c7bab15d89115a4c40,1,540,c0ff7833c0013b08
3283,3283,3283,spring-projects/spring-data-mongodb,437a48ff4adb5fd02a8fb6c7bab15d89115a4c40,2,540,c0ff7833c0013b08
3284,3284,3284,spring-projects/spring-data-mongodb,1e6632846f9f80a4c71a46330c5b4d5bf1b05449,1,542,c0ff7833c0013b08
3285,3285,3285,spring-projects/spring-data-mongodb,1e6632846f9f80a4c71a46330c5b4d5bf1b05449,2,542,c0ff7833c0013b08
3286,3286,3286,spring-projects/spring-data-mongodb,1e6632846f9f80a4c71a46330c5b4d5bf1b05449,2,542,c0ff7833c0013b08
3287,3287,3287,spring-projects/spring-data-mongodb,1e6632846f9f80a4c71a46330c5b4d5bf1b05449,2,542,c0ff7833c0013b08
3288,3288,3288,spring-projects/spring-data-mongodb,1cbce6f0937810eb07844cd494411b1086570689,2,542,c0ff7833c0013b08
3289,3289,3289,spring-projects/spring-data-mongodb,5ff2277a6c0ec846184a1ffcf6a996b14688b9df,2,542,c0ff7833c0013b08
3290,3290,3290,spring-projects/spring-data-mongodb,2354ced1bf58819a9f68977b1e22abed1c0878e7,2,559,c0ff7833c0013b08
3291,3291,3291,spring-projects/spring-data-mongodb,cd35b9ed2aa65edef72024bbb13259df51a266f8,4,560,c0ff7833c0013b08
3292,3292,3292,spring-projects/spring-data-mongodb,cd35b9ed2aa65edef72024bbb13259df51a266f8,2,560,c0ff7833c0013b08
3293,3293,3293,spring-projects/spring-data-mongodb,cd35b9ed2aa65edef72024bbb13259df51a266f8,2,560,c0ff7833c0013b08
3294,3294,3294,spring-projects/spring-data-mongodb,557a52869002b7f3a227d4162590f54ec336bb21,3,560,c0ff7833c0013b08
3295,3295,3295,spring-projects/spring-data-mongodb,557a52869002b7f3a227d4162590f54ec336bb21,2,560,c0ff7833c0013b08
3296,3296,3296,spring-projects/spring-data-mongodb,eef17dd000b17aaf00ab2b0b3c16cb0a98545b0e,3,560,c0ff7833c0013b08
3297,3297,3297,spring-projects/spring-data-mongodb,eef17dd000b17aaf00ab2b0b3c16cb0a98545b0e,2,560,c0ff7833c0013b08
3298,3298,3298,spring-projects/spring-data-mongodb,6882fa9d10800ade0400f5a63f0412bb0271b884,2,560,c0ff7833c0013b08
3299,3299,3299,spring-projects/spring-data-mongodb,d7f70e219b00228c2ea4c0ba2ead2a6a02747558,1,565,c0ff7833c0013b08
3300,3300,3300,spring-projects/spring-data-redis,69775f200cf9de04b666f09af7ef2bd7d5995fcf,2,196,c0ff7833c0013b08
3301,3301,3301,spring-projects/spring-data-redis,570da74f5da55dac1b89fa74168def8a5c666341,2,196,c0ff7833c0013b08
3302,3302,3302,spring-projects/spring-data-redis,69775f200cf9de04b666f09af7ef2bd7d5995fcf,1,196,c0ff7833c0013b08
3303,3303,3303,spring-projects/spring-data-redis,69775f200cf9de04b666f09af7ef2bd7d5995fcf,1,196,c0ff7833c0013b08
3304,3304,3304,spring-projects/spring-data-redis,c1eea479a3a6c514afe2236e341b81c24fdce9d8,2,196,c0ff7833c0013b08
3305,3305,3305,spring-projects/spring-data-redis,c1eea479a3a6c514afe2236e341b81c24fdce9d8,1,196,c0ff7833c0013b08
3306,3306,3306,spring-projects/spring-data-redis,5d3f913e51087fcdda89d484f7acdd360eb698ae,1,286,c0ff7833c0013b08
3307,3307,3307,spring-projects/spring-data-redis,887dbe9e0c7efc3023f7040717969745f7a521d1,2,294,c0ff7833c0013b08
3308,3308,3308,spring-projects/spring-data-redis,887dbe9e0c7efc3023f7040717969745f7a521d1,5,294,c0ff7833c0013b08
3309,3309,3309,spring-projects/spring-data-redis,cfb50c6145d873a584d328336a81408e4d77b7db,2,294,c0ff7833c0013b08
3310,3310,3310,spring-projects/spring-data-redis,622c38335672e3e9d03a453c5dee987c3143b8fe,2,317,c0ff7833c0013b08
3311,3311,3311,spring-projects/spring-data-redis,53a3147517338dfbad9c8211472b242fc9af85b1,6,318,c0ff7833c0013b08
3312,3312,3312,spring-projects/spring-data-redis,53a3147517338dfbad9c8211472b242fc9af85b1,1,318,c0ff7833c0013b08
3313,3313,3313,spring-projects/spring-data-redis,53a3147517338dfbad9c8211472b242fc9af85b1,2,318,c0ff7833c0013b08
3314,3314,3314,spring-projects/spring-data-redis,ab6b0ab17bcd910b04eb5a8b4155b59d009ed162,3,318,c0ff7833c0013b08
3315,3315,3315,spring-projects/spring-data-redis,ab6b0ab17bcd910b04eb5a8b4155b59d009ed162,2,318,c0ff7833c0013b08
3316,3316,3316,spring-projects/spring-data-redis,c77e7c23e414ed0d5ea3bf5c437adae528d25906,2,321,c0ff7833c0013b08
3317,3317,3317,spring-projects/spring-data-redis,0a5338ad03ea88630f9d407b7a71251239b02231,2,321,c0ff7833c0013b08
3318,3318,3318,spring-projects/spring-data-redis,9b8ffe485e18c0db5c23d8cc30ee467f0981623d,1,321,c0ff7833c0013b08
3319,3319,3319,spring-projects/spring-data-redis,92d921e1454caa799757febacf9d50282681c062,2,351,c0ff7833c0013b08
3320,3320,3320,spring-projects/spring-data-redis,92d921e1454caa799757febacf9d50282681c062,1,351,c0ff7833c0013b08
3321,3321,3321,spring-projects/spring-data-redis,13d4753688281195ad8f182d04379c776b82267f,1,363,c0ff7833c0013b08
3322,3322,3322,spring-projects/spring-data-redis,13d4753688281195ad8f182d04379c776b82267f,5,363,c0ff7833c0013b08
3323,3323,3323,spring-projects/spring-data-redis,a3cb041aa5f97af84fdbe2298a04874f457efa40,2,358,c0ff7833c0013b08
3324,3324,3324,spring-projects/spring-data-redis,11e47d03ef6bb79dcfe7f586e9fb9a343d01bfd8,1,369,c0ff7833c0013b08
3325,3325,3325,spring-projects/spring-data-redis,11e47d03ef6bb79dcfe7f586e9fb9a343d01bfd8,10,369,c0ff7833c0013b08
3326,3326,3326,spring-projects/spring-data-redis,aff425cd089df27fd7e9d5e6c5ee1c9c889ed69b,6,369,c0ff7833c0013b08
3327,3327,3327,spring-projects/spring-data-redis,8fa72046ef60da66c3ab992615be2b3ebfb17e46,4,369,c0ff7833c0013b08
3328,3328,3328,spring-projects/spring-data-redis,b564d692d748238ebf4d4312096d3769daeb63f2,7,405,c0ff7833c0013b08
3329,3329,3329,spring-projects/spring-data-redis,b564d692d748238ebf4d4312096d3769daeb63f2,2,405,c0ff7833c0013b08
3330,3330,3330,spring-projects/spring-data-redis,a9517e690c773e67db09703813c03963619a27d5,2,369,c0ff7833c0013b08
3331,3331,3331,spring-projects/spring-data-redis,de54dd117325f0dbc14bc208b36261971c8ba6c0,1,502,c0ff7833c0013b08
3332,3332,3332,spring-projects/spring-data-redis,de54dd117325f0dbc14bc208b36261971c8ba6c0,3,502,c0ff7833c0013b08
3333,3333,3333,spring-projects/spring-data-redis,de54dd117325f0dbc14bc208b36261971c8ba6c0,4,502,c0ff7833c0013b08
3334,3334,3334,spring-projects/spring-data-redis,de54dd117325f0dbc14bc208b36261971c8ba6c0,2,502,c0ff7833c0013b08
3335,3335,3335,spring-projects/spring-data-redis,de54dd117325f0dbc14bc208b36261971c8ba6c0,5,502,c0ff7833c0013b08
3336,3336,3336,spring-projects/spring-data-redis,de54dd117325f0dbc14bc208b36261971c8ba6c0,5,502,c0ff7833c0013b08
3337,3337,3337,spring-projects/spring-data-redis,de54dd117325f0dbc14bc208b36261971c8ba6c0,2,502,c0ff7833c0013b08
3338,3338,3338,spring-projects/spring-data-redis,de54dd117325f0dbc14bc208b36261971c8ba6c0,2,502,c0ff7833c0013b08
3339,3339,3339,spring-projects/spring-data-redis,32ce4b84f7d705fd49c027690d69c149f9ecf7e9,4,503,c0ff7833c0013b08
3340,3340,3340,spring-projects/spring-data-redis,32ce4b84f7d705fd49c027690d69c149f9ecf7e9,19,503,c0ff7833c0013b08
3341,3341,3341,spring-projects/spring-data-redis,32ce4b84f7d705fd49c027690d69c149f9ecf7e9,4,503,c0ff7833c0013b08
3342,3342,3342,spring-projects/spring-data-redis,32ce4b84f7d705fd49c027690d69c149f9ecf7e9,2,503,c0ff7833c0013b08
3343,3343,3343,spring-projects/spring-data-rest,6d8e960811aa20caf544d81d00619b5640ff8674,1,73,c0ff7833c0013b08
3344,3344,3344,spring-projects/spring-data-rest,27f154347c1e093405ec16e0acb1331f223a169e,1,86,c0ff7833c0013b08
3345,3345,3345,spring-projects/spring-data-rest,27f154347c1e093405ec16e0acb1331f223a169e,1,86,c0ff7833c0013b08
3346,3346,3346,spring-projects/spring-data-rest,27f154347c1e093405ec16e0acb1331f223a169e,1,86,c0ff7833c0013b08
3347,3347,3347,spring-projects/spring-data-rest,45206be145326c5550aaf81347659329cb3f352f,5,168,c0ff7833c0013b08
3348,3348,3348,spring-projects/spring-data-rest,8fe3452065535704e17e87dc47b812630e9bc3b3,5,220,c0ff7833c0013b08
3349,3349,3349,spring-projects/spring-data-rest,8fe3452065535704e17e87dc47b812630e9bc3b3,4,220,c0ff7833c0013b08
3350,3350,3350,spring-projects/spring-data-rest,8fe3452065535704e17e87dc47b812630e9bc3b3,5,220,c0ff7833c0013b08
3351,3351,3351,spring-projects/spring-data-rest,8fe3452065535704e17e87dc47b812630e9bc3b3,1,220,c0ff7833c0013b08
3352,3352,3352,spring-projects/spring-data-rest,8fe3452065535704e17e87dc47b812630e9bc3b3,4,220,c0ff7833c0013b08
3353,3353,3353,spring-projects/spring-data-rest,8fe3452065535704e17e87dc47b812630e9bc3b3,2,220,c0ff7833c0013b08
3354,3354,3354,spring-projects/spring-data-rest,3a87ad8d4945ae7dc1ea83078cb4816694496452,4,233,c0ff7833c0013b08
3355,3355,3355,spring-projects/spring-data-rest,8fe3452065535704e17e87dc47b812630e9bc3b3,5,220,c0ff7833c0013b08
3356,3356,3356,spring-projects/spring-data-rest,8fe3452065535704e17e87dc47b812630e9bc3b3,7,220,c0ff7833c0013b08
3357,3357,3357,spring-projects/spring-data-rest,8fe3452065535704e17e87dc47b812630e9bc3b3,7,220,c0ff7833c0013b08
3358,3358,3358,spring-projects/spring-data-rest,fb73b52be7bac98dae5fce09a0c66fb9c3cd8904,4,241,c0ff7833c0013b08
3359,3359,3359,spring-projects/spring-data-rest,fb73b52be7bac98dae5fce09a0c66fb9c3cd8904,4,241,c0ff7833c0013b08
3360,3360,3360,spring-projects/spring-data-rest,fb73b52be7bac98dae5fce09a0c66fb9c3cd8904,4,241,c0ff7833c0013b08
3361,3361,3361,spring-projects/spring-data-rest,8fe3452065535704e17e87dc47b812630e9bc3b3,5,220,c0ff7833c0013b08
3362,3362,3362,spring-projects/spring-data-rest,4aa1b6f10ef91448a3a388477ea5e471d43e92b7,2,245,c0ff7833c0013b08
3363,3363,3363,spring-projects/spring-data-rest,389212e1863f3ffbc10d6a7cb1e49e66867faa55,2,245,c0ff7833c0013b08
3364,3364,3364,spring-projects/spring-data-rest,389212e1863f3ffbc10d6a7cb1e49e66867faa55,3,245,c0ff7833c0013b08
3365,3365,3365,spring-projects/spring-data-rest,389212e1863f3ffbc10d6a7cb1e49e66867faa55,2,245,c0ff7833c0013b08
3366,3366,3366,spring-projects/spring-data-rest,5693af6f2afc126c8a22d2757f8b556400e44863,2,278,c0ff7833c0013b08
3367,3367,3367,spring-projects/spring-data-rest,5693af6f2afc126c8a22d2757f8b556400e44863,1,278,c0ff7833c0013b08
3368,3368,3368,spring-projects/spring-data-rest,c5b84075e81e61eb36cab9306ec4e5f77d867f03,3,248,c0ff7833c0013b08
3369,3369,3369,spring-projects/spring-data-rest,c67f79d5ae3d10bfbdcec185c3ff855e9936a763,2,278,c0ff7833c0013b08
3370,3370,3370,spring-projects/spring-data-rest,c67f79d5ae3d10bfbdcec185c3ff855e9936a763,2,278,c0ff7833c0013b08
3371,3371,3371,spring-projects/spring-data-rest,c67f79d5ae3d10bfbdcec185c3ff855e9936a763,2,278,c0ff7833c0013b08
3372,3372,3372,spring-projects/spring-data-rest,c67f79d5ae3d10bfbdcec185c3ff855e9936a763,1,278,c0ff7833c0013b08
3373,3373,3373,spring-projects/spring-data-rest,c67f79d5ae3d10bfbdcec185c3ff855e9936a763,1,278,c0ff7833c0013b08
3374,3374,3374,spring-projects/spring-data-rest,c67f79d5ae3d10bfbdcec185c3ff855e9936a763,1,278,c0ff7833c0013b08
3375,3375,3375,spring-projects/spring-data-rest,e57ddb1695800ce6d9f5680159383492203b81aa,2,282,c0ff7833c0013b08
3376,3376,3376,spring-projects/spring-data-rest,deaf35511cd3c61e9a054d4c1465852683ab7abe,2,282,c0ff7833c0013b08
3377,3377,3377,spring-projects/spring-data-rest,2d65e81f6a3fb6cadf8bec558a45aba06eb9cb42,2,282,c0ff7833c0013b08
3378,3378,3378,spring-projects/spring-data-rest,2d65e81f6a3fb6cadf8bec558a45aba06eb9cb42,2,282,c0ff7833c0013b08
3379,3379,3379,spring-projects/spring-data-rest,2d65e81f6a3fb6cadf8bec558a45aba06eb9cb42,2,282,c0ff7833c0013b08
3380,3380,3380,spring-projects/spring-data-rest,2d65e81f6a3fb6cadf8bec558a45aba06eb9cb42,1,282,c0ff7833c0013b08
3381,3381,3381,spring-projects/spring-data-rest,527d2391ce39296fd90f269cabc7e37d3eef011a,2,304,c0ff7833c0013b08
3382,3382,3382,spring-projects/spring-data-rest,37a5300e8764bd2441447ffbcb7de7f2577192ed,7,304,c0ff7833c0013b08
3383,3383,3383,spring-projects/spring-data-rest,31b689a5666ad11470cae8cb21748bf4d34100cb,23,304,c0ff7833c0013b08
3384,3384,3384,spring-projects/spring-data-rest,050b3140ba4a1bc79a10f44b02edd75e91877853,2,306,c0ff7833c0013b08
3385,3385,3385,spring-projects/spring-data-rest,050b3140ba4a1bc79a10f44b02edd75e91877853,1,306,c0ff7833c0013b08
3386,3386,3386,spring-projects/spring-data-rest,050b3140ba4a1bc79a10f44b02edd75e91877853,3,306,c0ff7833c0013b08
3387,3387,3387,spring-projects/spring-data-rest,fd7d3cf7d9357833a126b6c80f5881373d531abd,1,281,c0ff7833c0013b08
3388,3388,3388,spring-projects/spring-data-rest,fd7d3cf7d9357833a126b6c80f5881373d531abd,3,281,c0ff7833c0013b08
3389,3389,3389,spring-projects/spring-data-rest,fd7d3cf7d9357833a126b6c80f5881373d531abd,7,281,c0ff7833c0013b08
3390,3390,3390,spring-projects/spring-data-rest,fd7d3cf7d9357833a126b6c80f5881373d531abd,2,281,c0ff7833c0013b08
3391,3391,3391,spring-projects/spring-data-rest,fd7d3cf7d9357833a126b6c80f5881373d531abd,2,281,c0ff7833c0013b08
3392,3392,3392,spring-projects/spring-data-rest,fd7d3cf7d9357833a126b6c80f5881373d531abd,3,281,c0ff7833c0013b08
3393,3393,3393,spring-projects/spring-data-rest,fd7d3cf7d9357833a126b6c80f5881373d531abd,7,281,c0ff7833c0013b08
3394,3394,3394,spring-projects/spring-data-rest,aa30ac65ecefb2fcbae3bd8f8aa62662451a1a2b,2,309,c0ff7833c0013b08
3395,3395,3395,spring-projects/spring-data-rest,aa30ac65ecefb2fcbae3bd8f8aa62662451a1a2b,3,309,c0ff7833c0013b08
3396,3396,3396,spring-projects/spring-data-rest,c52b72047f853c72072ae60494a91678a10a50cd,1,293,c0ff7833c0013b08
3397,3397,3397,spring-projects/spring-data-rest,65ba37f2669269fd7f86050be8b91adb2cf293e7,1,287,c0ff7833c0013b08
3398,3398,3398,spring-projects/spring-data-rest,65ba37f2669269fd7f86050be8b91adb2cf293e7,2,287,c0ff7833c0013b08
3399,3399,3399,spring-projects/spring-data-rest,65ba37f2669269fd7f86050be8b91adb2cf293e7,3,287,c0ff7833c0013b08
3400,3400,3400,spring-projects/spring-data-rest,65ba37f2669269fd7f86050be8b91adb2cf293e7,5,287,c0ff7833c0013b08
3401,3401,3401,spring-projects/spring-data-rest,f6142d94004c76e83019df6ffc5486624d2f2f56,3,302,c0ff7833c0013b08
3402,3402,3402,spring-projects/spring-data-rest,bd70e6e1330d49ae281c041806b0af3899781e77,1,305,c0ff7833c0013b08
3403,3403,3403,spring-projects/spring-data-rest,bd70e6e1330d49ae281c041806b0af3899781e77,2,305,c0ff7833c0013b08
3404,3404,3404,spring-projects/spring-data-rest,39fee70e130e1c9155d1398d848a078a8df0be1f,3,287,c0ff7833c0013b08
3405,3405,3405,spring-projects/spring-data-rest,bd70e6e1330d49ae281c041806b0af3899781e77,2,305,c0ff7833c0013b08
3406,3406,3406,spring-projects/spring-data-rest,39fee70e130e1c9155d1398d848a078a8df0be1f,5,287,c0ff7833c0013b08
3407,3407,3407,spring-projects/spring-data-rest,39fee70e130e1c9155d1398d848a078a8df0be1f,2,287,c0ff7833c0013b08
3408,3408,3408,spring-projects/spring-data-rest,39fee70e130e1c9155d1398d848a078a8df0be1f,3,287,c0ff7833c0013b08
3409,3409,3409,spring-projects/spring-data-rest,39fee70e130e1c9155d1398d848a078a8df0be1f,2,287,c0ff7833c0013b08
3410,3410,3410,spring-projects/spring-data-rest,39fee70e130e1c9155d1398d848a078a8df0be1f,2,287,c0ff7833c0013b08
3411,3411,3411,spring-projects/spring-data-rest,0604e7b876c906e98364d063f01b8563d94cf9dd,1,309,c0ff7833c0013b08
3412,3412,3412,spring-projects/spring-data-rest,bd70e6e1330d49ae281c041806b0af3899781e77,1,305,c0ff7833c0013b08
3413,3413,3413,spring-projects/spring-data-rest,89a39035f20499aecbf29893df0aab4285d61f92,3,336,c0ff7833c0013b08
3414,3414,3414,spring-projects/spring-data-rest,89a39035f20499aecbf29893df0aab4285d61f92,2,336,c0ff7833c0013b08
3415,3415,3415,spring-projects/spring-data-rest,3a495f9ce7d75a42d9f9f872bf35de944e4e0752,1,336,c0ff7833c0013b08
3416,3416,3416,spring-projects/spring-data-rest,3a495f9ce7d75a42d9f9f872bf35de944e4e0752,2,336,c0ff7833c0013b08
3417,3417,3417,spring-projects/spring-data-rest,01661f97638bbb658979aaee3a0522d59f6e8bd8,4,340,c0ff7833c0013b08
3418,3418,3418,spring-projects/spring-data-rest,01661f97638bbb658979aaee3a0522d59f6e8bd8,1,340,c0ff7833c0013b08
3419,3419,3419,spring-projects/spring-data-rest,01661f97638bbb658979aaee3a0522d59f6e8bd8,2,340,c0ff7833c0013b08
3420,3420,3420,spring-projects/spring-data-rest,03a720d1c0d7598c5fcb05e76dc9b95b19a2c305,5,384,c0ff7833c0013b08
3421,3421,3421,spring-projects/spring-data-rest,03a720d1c0d7598c5fcb05e76dc9b95b19a2c305,2,384,c0ff7833c0013b08
3422,3422,3422,spring-projects/spring-data-rest,e902b09fe9e4e69bc3318387de4420b7df932c5f,2,341,c0ff7833c0013b08
3423,3423,3423,spring-projects/spring-data-rest,df7499608b658703938ca7aa70c8198358693769,2,387,c0ff7833c0013b08
3425,3425,3425,spring-projects/spring-data-rest,c0262db1d358df1573648fcb84357d1e9f5b0ac1,1,388,c0ff7833c0013b08
3427,3427,3427,spring-projects/spring-data-rest,c0262db1d358df1573648fcb84357d1e9f5b0ac1,1,388,c0ff7833c0013b08
3428,3428,3428,spring-projects/spring-data-rest,e09b22bf943df25e5552033ae6c1840a05943f8a,3,395,c0ff7833c0013b08
3429,3429,3429,spring-projects/spring-data-rest,e09b22bf943df25e5552033ae6c1840a05943f8a,2,395,c0ff7833c0013b08
3430,3430,3430,spring-projects/spring-data-rest,e09b22bf943df25e5552033ae6c1840a05943f8a,9,395,c0ff7833c0013b08
3431,3431,3431,spring-projects/spring-data-rest,e09b22bf943df25e5552033ae6c1840a05943f8a,2,395,c0ff7833c0013b08
3432,3432,3432,spring-projects/spring-data-rest,6d20ab6df5f3a6bb93781a460aace4df8c7998a3,1,397,c0ff7833c0013b08
3433,3433,3433,spring-projects/spring-data-rest,6d20ab6df5f3a6bb93781a460aace4df8c7998a3,2,397,c0ff7833c0013b08
3434,3434,3434,spring-projects/spring-ldap,8619f996ff04a38470b5f616174caed596c7216e,1,433,c0ff7833c0013b08
3435,3435,3435,spring-projects/spring-ldap,8d2598d53ebd1efbb0123fe06d2772915c943cdd,1,511,c0ff7833c0013b08
3436,3436,3436,spring-projects/spring-ldap,8d2598d53ebd1efbb0123fe06d2772915c943cdd,3,511,c0ff7833c0013b08
3437,3437,3437,spring-projects/spring-ldap,006a8dc3bfcf6fa5c8b6c3523bf406f33a750a48,2,526,c0ff7833c0013b08
3438,3438,3438,spring-projects/spring-ldap,006a8dc3bfcf6fa5c8b6c3523bf406f33a750a48,2,526,c0ff7833c0013b08
3439,3439,3439,spring-projects/spring-ldap,58b3bb6e10aba7105d615a7e748a0868a88085a8,2,527,c0ff7833c0013b08
3440,3440,3440,spring-projects/spring-ldap,43da1e6c9fecfd092e053102b0bd7496619b31de,2,531,c0ff7833c0013b08
3441,3441,3441,spring-projects/spring-ldap,43da1e6c9fecfd092e053102b0bd7496619b31de,2,531,c0ff7833c0013b08
3442,3442,3442,spring-projects/spring-ldap,43da1e6c9fecfd092e053102b0bd7496619b31de,1,531,c0ff7833c0013b08
3443,3443,3443,spring-projects/spring-ldap,7803900e9c80f14e638556453da92a16efe475b5,1,535,c0ff7833c0013b08
3444,3444,3444,spring-projects/spring-mobile,b9a57ad7c1d79f1fc9ec1211a19d837bc990e9b9,2,47,c0ff7833c0013b08
3445,3445,3445,spring-projects/spring-mobile,b9a57ad7c1d79f1fc9ec1211a19d837bc990e9b9,3,47,c0ff7833c0013b08
3446,3446,3446,spring-projects/spring-mobile,8e48469d8a3c673b227b2e0f9474c9233e86d18a,3,43,c0ff7833c0013b08
3447,3447,3447,spring-projects/spring-mobile,d65531adc09d54b1911d70285c7566350ca7b570,3,43,c0ff7833c0013b08
3448,3448,3448,spring-projects/spring-mobile,4a91e81cf21c6a9a9eb1b58d5014bb8293b5dd0c,2,62,c0ff7833c0013b08
3449,3449,3449,spring-projects/spring-mobile,4a91e81cf21c6a9a9eb1b58d5014bb8293b5dd0c,2,62,c0ff7833c0013b08
3450,3450,3450,spring-projects/spring-mobile,4a91e81cf21c6a9a9eb1b58d5014bb8293b5dd0c,2,62,c0ff7833c0013b08
3451,3451,3451,spring-projects/spring-mobile,4a91e81cf21c6a9a9eb1b58d5014bb8293b5dd0c,2,62,c0ff7833c0013b08
3452,3452,3452,spring-projects/spring-mobile,4a91e81cf21c6a9a9eb1b58d5014bb8293b5dd0c,4,62,c0ff7833c0013b08
3453,3453,3453,spring-projects/spring-mobile,4a91e81cf21c6a9a9eb1b58d5014bb8293b5dd0c,2,62,c0ff7833c0013b08
3454,3454,3454,spring-projects/spring-mobile,1b9f9874f620bb57ca5ecd54afa69d72a618e52e,3,62,c0ff7833c0013b08
3455,3455,3455,spring-projects/spring-roo,65b03654bbabf7383b3c0cd50c9e26bb243f6824,1,300,c0ff7833c0013b08
3456,3456,3456,spring-projects/spring-roo,65b03654bbabf7383b3c0cd50c9e26bb243f6824,1,300,c0ff7833c0013b08
3457,3457,3457,spring-projects/spring-roo,65b03654bbabf7383b3c0cd50c9e26bb243f6824,1,300,c0ff7833c0013b08
3458,3458,3458,spring-projects/spring-roo,65b03654bbabf7383b3c0cd50c9e26bb243f6824,2,300,c0ff7833c0013b08
3459,3459,3459,spring-projects/spring-roo,65b03654bbabf7383b3c0cd50c9e26bb243f6824,1,300,c0ff7833c0013b08
3460,3460,3460,spring-projects/spring-roo,65b03654bbabf7383b3c0cd50c9e26bb243f6824,1,300,c0ff7833c0013b08
3461,3461,3461,spring-projects/spring-roo,65b03654bbabf7383b3c0cd50c9e26bb243f6824,1,300,c0ff7833c0013b08
3462,3462,3462,spring-projects/spring-roo,65b03654bbabf7383b3c0cd50c9e26bb243f6824,1,300,c0ff7833c0013b08
3463,3463,3463,spring-projects/spring-roo,65b03654bbabf7383b3c0cd50c9e26bb243f6824,1,300,c0ff7833c0013b08
3464,3464,3464,spring-projects/spring-roo,65b03654bbabf7383b3c0cd50c9e26bb243f6824,7,300,c0ff7833c0013b08
3465,3465,3465,spring-projects/spring-roo,65b03654bbabf7383b3c0cd50c9e26bb243f6824,1,300,c0ff7833c0013b08
3466,3466,3466,spring-projects/spring-roo,65b03654bbabf7383b3c0cd50c9e26bb243f6824,1,300,c0ff7833c0013b08
3467,3467,3467,spring-projects/spring-roo,65b03654bbabf7383b3c0cd50c9e26bb243f6824,1,300,c0ff7833c0013b08
3468,3468,3468,spring-projects/spring-roo,65b03654bbabf7383b3c0cd50c9e26bb243f6824,1,300,c0ff7833c0013b08
3469,3469,3469,spring-projects/spring-roo,65b03654bbabf7383b3c0cd50c9e26bb243f6824,1,300,c0ff7833c0013b08
3470,3470,3470,spring-projects/spring-roo,65b03654bbabf7383b3c0cd50c9e26bb243f6824,1,300,c0ff7833c0013b08
3471,3471,3471,spring-projects/spring-roo,fb43ef49cba1256a8ed3ea690712cf3d37aaf2f0,1,306,c0ff7833c0013b08
3472,3472,3472,spring-projects/spring-roo,fb43ef49cba1256a8ed3ea690712cf3d37aaf2f0,5,306,c0ff7833c0013b08
3473,3473,3473,spring-projects/spring-roo,fb43ef49cba1256a8ed3ea690712cf3d37aaf2f0,1,306,c0ff7833c0013b08
3474,3474,3474,spring-projects/spring-roo,fb43ef49cba1256a8ed3ea690712cf3d37aaf2f0,2,306,c0ff7833c0013b08
3475,3475,3475,spring-projects/spring-roo,fb43ef49cba1256a8ed3ea690712cf3d37aaf2f0,1,306,c0ff7833c0013b08
3476,3476,3476,spring-projects/spring-roo,fb43ef49cba1256a8ed3ea690712cf3d37aaf2f0,1,306,c0ff7833c0013b08
3477,3477,3477,spring-projects/spring-roo,fb43ef49cba1256a8ed3ea690712cf3d37aaf2f0,5,306,c0ff7833c0013b08
3478,3478,3478,spring-projects/spring-roo,fb43ef49cba1256a8ed3ea690712cf3d37aaf2f0,7,306,c0ff7833c0013b08
3479,3479,3479,spring-projects/spring-roo,fb43ef49cba1256a8ed3ea690712cf3d37aaf2f0,1,306,c0ff7833c0013b08
3480,3480,3480,spring-projects/spring-roo,fb43ef49cba1256a8ed3ea690712cf3d37aaf2f0,2,306,c0ff7833c0013b08
3481,3481,3481,spring-projects/spring-roo,fb43ef49cba1256a8ed3ea690712cf3d37aaf2f0,1,306,c0ff7833c0013b08
3482,3482,3482,spring-projects/spring-roo,fb43ef49cba1256a8ed3ea690712cf3d37aaf2f0,1,306,c0ff7833c0013b08
3483,3483,3483,spring-projects/spring-roo,65b03654bbabf7383b3c0cd50c9e26bb243f6824,1,300,c0ff7833c0013b08
3484,3484,3484,spring-projects/spring-roo,fb43ef49cba1256a8ed3ea690712cf3d37aaf2f0,1,306,c0ff7833c0013b08
3485,3485,3485,spring-projects/spring-roo,6c7919642a375fcd34f8d1c3db85a84c3b863926,1,314,c0ff7833c0013b08
3486,3486,3486,spring-projects/spring-roo,6c7919642a375fcd34f8d1c3db85a84c3b863926,1,314,c0ff7833c0013b08
3487,3487,3487,spring-projects/spring-roo,6c7919642a375fcd34f8d1c3db85a84c3b863926,1,314,c0ff7833c0013b08
3488,3488,3488,spring-projects/spring-roo,6c7919642a375fcd34f8d1c3db85a84c3b863926,1,314,c0ff7833c0013b08
3489,3489,3489,spring-projects/spring-roo,6c7919642a375fcd34f8d1c3db85a84c3b863926,1,314,c0ff7833c0013b08
3490,3490,3490,spring-projects/spring-roo,6c7919642a375fcd34f8d1c3db85a84c3b863926,1,314,c0ff7833c0013b08
3491,3491,3491,spring-projects/spring-roo,6c7919642a375fcd34f8d1c3db85a84c3b863926,1,314,c0ff7833c0013b08
3492,3492,3492,spring-projects/spring-roo,6c7919642a375fcd34f8d1c3db85a84c3b863926,1,314,c0ff7833c0013b08
3493,3493,3493,spring-projects/spring-roo,6c7919642a375fcd34f8d1c3db85a84c3b863926,1,314,c0ff7833c0013b08
3494,3494,3494,spring-projects/spring-roo,6c7919642a375fcd34f8d1c3db85a84c3b863926,1,314,c0ff7833c0013b08
3495,3495,3495,spring-projects/spring-roo,6c7919642a375fcd34f8d1c3db85a84c3b863926,2,314,c0ff7833c0013b08
3496,3496,3496,spring-projects/spring-roo,6c7919642a375fcd34f8d1c3db85a84c3b863926,1,314,c0ff7833c0013b08
3497,3497,3497,spring-projects/spring-roo,6c7919642a375fcd34f8d1c3db85a84c3b863926,2,314,c0ff7833c0013b08
3498,3498,3498,spring-projects/spring-roo,6c7919642a375fcd34f8d1c3db85a84c3b863926,1,314,c0ff7833c0013b08
3499,3499,3499,spring-projects/spring-roo,6c7919642a375fcd34f8d1c3db85a84c3b863926,3,314,c0ff7833c0013b08
3500,3500,3500,spring-projects/spring-roo,eb027ba516b1a7b9c2fdd1e11a4851e48ed0d96d,2,326,c0ff7833c0013b08
3501,3501,3501,spring-projects/spring-roo,eb027ba516b1a7b9c2fdd1e11a4851e48ed0d96d,1,326,c0ff7833c0013b08
3502,3502,3502,spring-projects/spring-roo,eb027ba516b1a7b9c2fdd1e11a4851e48ed0d96d,1,326,c0ff7833c0013b08
3503,3503,3503,spring-projects/spring-roo,eb027ba516b1a7b9c2fdd1e11a4851e48ed0d96d,2,326,c0ff7833c0013b08
3504,3504,3504,spring-projects/spring-roo,eb027ba516b1a7b9c2fdd1e11a4851e48ed0d96d,1,326,c0ff7833c0013b08
3505,3505,3505,spring-projects/spring-roo,eb027ba516b1a7b9c2fdd1e11a4851e48ed0d96d,1,326,c0ff7833c0013b08
3506,3506,3506,spring-projects/spring-roo,eb027ba516b1a7b9c2fdd1e11a4851e48ed0d96d,3,326,c0ff7833c0013b08
3507,3507,3507,spring-projects/spring-roo,eb027ba516b1a7b9c2fdd1e11a4851e48ed0d96d,3,326,c0ff7833c0013b08
3508,3508,3508,spring-projects/spring-roo,eb027ba516b1a7b9c2fdd1e11a4851e48ed0d96d,3,326,c0ff7833c0013b08
3509,3509,3509,spring-projects/spring-roo,eb027ba516b1a7b9c2fdd1e11a4851e48ed0d96d,1,326,c0ff7833c0013b08
3510,3510,3510,spring-projects/spring-roo,eb027ba516b1a7b9c2fdd1e11a4851e48ed0d96d,3,326,c0ff7833c0013b08
3511,3511,3511,spring-projects/spring-roo,eb027ba516b1a7b9c2fdd1e11a4851e48ed0d96d,2,326,c0ff7833c0013b08
3512,3512,3512,spring-projects/spring-roo,eb027ba516b1a7b9c2fdd1e11a4851e48ed0d96d,1,326,c0ff7833c0013b08
3513,3513,3513,spring-projects/spring-roo,eb027ba516b1a7b9c2fdd1e11a4851e48ed0d96d,1,326,c0ff7833c0013b08
3514,3514,3514,spring-projects/spring-roo,eb027ba516b1a7b9c2fdd1e11a4851e48ed0d96d,2,326,c0ff7833c0013b08
3515,3515,3515,spring-projects/spring-roo,eb027ba516b1a7b9c2fdd1e11a4851e48ed0d96d,1,326,c0ff7833c0013b08
3516,3516,3516,spring-projects/spring-roo,eb027ba516b1a7b9c2fdd1e11a4851e48ed0d96d,1,326,c0ff7833c0013b08
3517,3517,3517,spring-projects/spring-roo,6c7919642a375fcd34f8d1c3db85a84c3b863926,1,314,c0ff7833c0013b08
3518,3518,3518,spring-projects/spring-roo,eb027ba516b1a7b9c2fdd1e11a4851e48ed0d96d,4,326,c0ff7833c0013b08
3519,3519,3519,spring-projects/spring-roo,eb027ba516b1a7b9c2fdd1e11a4851e48ed0d96d,1,326,c0ff7833c0013b08
3520,3520,3520,spring-projects/spring-roo,eb027ba516b1a7b9c2fdd1e11a4851e48ed0d96d,1,326,c0ff7833c0013b08
3521,3521,3521,spring-projects/spring-roo,eb027ba516b1a7b9c2fdd1e11a4851e48ed0d96d,1,326,c0ff7833c0013b08
3522,3522,3522,spring-projects/spring-roo,eb027ba516b1a7b9c2fdd1e11a4851e48ed0d96d,1,326,c0ff7833c0013b08
3523,3523,3523,spring-projects/spring-roo,eb027ba516b1a7b9c2fdd1e11a4851e48ed0d96d,1,326,c0ff7833c0013b08
3524,3524,3524,spring-projects/spring-roo,eb027ba516b1a7b9c2fdd1e11a4851e48ed0d96d,3,326,c0ff7833c0013b08
3525,3525,3525,spring-projects/spring-roo,eb027ba516b1a7b9c2fdd1e11a4851e48ed0d96d,1,326,c0ff7833c0013b08
3526,3526,3526,spring-projects/spring-roo,7490662c9861db865743d283e1fa188538ecd730,3,329,c0ff7833c0013b08
3527,3527,3527,spring-projects/spring-roo,7490662c9861db865743d283e1fa188538ecd730,2,329,c0ff7833c0013b08
3528,3528,3528,spring-projects/spring-roo,7490662c9861db865743d283e1fa188538ecd730,1,329,c0ff7833c0013b08
3529,3529,3529,spring-projects/spring-roo,7490662c9861db865743d283e1fa188538ecd730,2,329,c0ff7833c0013b08
3530,3530,3530,spring-projects/spring-roo,7490662c9861db865743d283e1fa188538ecd730,1,329,c0ff7833c0013b08
3531,3531,3531,spring-projects/spring-roo,7490662c9861db865743d283e1fa188538ecd730,2,329,c0ff7833c0013b08
3532,3532,3532,spring-projects/spring-roo,7490662c9861db865743d283e1fa188538ecd730,1,329,c0ff7833c0013b08
3533,3533,3533,spring-projects/spring-roo,7490662c9861db865743d283e1fa188538ecd730,1,329,c0ff7833c0013b08
3534,3534,3534,spring-projects/spring-roo,7490662c9861db865743d283e1fa188538ecd730,1,329,c0ff7833c0013b08
3535,3535,3535,spring-projects/spring-roo,7490662c9861db865743d283e1fa188538ecd730,1,329,c0ff7833c0013b08
3536,3536,3536,spring-projects/spring-roo,eb027ba516b1a7b9c2fdd1e11a4851e48ed0d96d,1,326,c0ff7833c0013b08
3537,3537,3537,spring-projects/spring-roo,7490662c9861db865743d283e1fa188538ecd730,1,329,c0ff7833c0013b08
3538,3538,3538,spring-projects/spring-roo,7490662c9861db865743d283e1fa188538ecd730,1,329,c0ff7833c0013b08
3539,3539,3539,spring-projects/spring-roo,7490662c9861db865743d283e1fa188538ecd730,2,329,c0ff7833c0013b08
3540,3540,3540,spring-projects/spring-roo,7490662c9861db865743d283e1fa188538ecd730,2,329,c0ff7833c0013b08
3541,3541,3541,spring-projects/spring-roo,7490662c9861db865743d283e1fa188538ecd730,2,329,c0ff7833c0013b08
3542,3542,3542,spring-projects/spring-roo,7490662c9861db865743d283e1fa188538ecd730,2,329,c0ff7833c0013b08
3543,3543,3543,spring-projects/spring-roo,7490662c9861db865743d283e1fa188538ecd730,2,329,c0ff7833c0013b08
3544,3544,3544,spring-projects/spring-roo,7490662c9861db865743d283e1fa188538ecd730,6,329,c0ff7833c0013b08
3545,3545,3545,spring-projects/spring-roo,7490662c9861db865743d283e1fa188538ecd730,1,329,c0ff7833c0013b08
3546,3546,3546,spring-projects/spring-roo,7490662c9861db865743d283e1fa188538ecd730,2,329,c0ff7833c0013b08
3547,3547,3547,spring-projects/spring-roo,eb027ba516b1a7b9c2fdd1e11a4851e48ed0d96d,2,326,c0ff7833c0013b08
3548,3548,3548,spring-projects/spring-roo,7490662c9861db865743d283e1fa188538ecd730,1,329,c0ff7833c0013b08
3549,3549,3549,spring-projects/spring-roo,7490662c9861db865743d283e1fa188538ecd730,1,329,c0ff7833c0013b08
3550,3550,3550,spring-projects/spring-roo,2bf8b38975056caf44ff3bf03ee3d0d6270585e4,1,335,c0ff7833c0013b08
3551,3551,3551,spring-projects/spring-roo,2bf8b38975056caf44ff3bf03ee3d0d6270585e4,1,335,c0ff7833c0013b08
3552,3552,3552,spring-projects/spring-roo,2bf8b38975056caf44ff3bf03ee3d0d6270585e4,2,335,c0ff7833c0013b08
3553,3553,3553,spring-projects/spring-roo,2bf8b38975056caf44ff3bf03ee3d0d6270585e4,1,335,c0ff7833c0013b08
3554,3554,3554,spring-projects/spring-roo,7490662c9861db865743d283e1fa188538ecd730,1,329,c0ff7833c0013b08
3555,3555,3555,spring-projects/spring-roo,df9b54c3a71cc522c16247a62a1c2952a1e0e6e7,1,336,c0ff7833c0013b08
3556,3556,3556,spring-projects/spring-roo,df9b54c3a71cc522c16247a62a1c2952a1e0e6e7,1,336,c0ff7833c0013b08
3557,3557,3557,spring-projects/spring-roo,df9b54c3a71cc522c16247a62a1c2952a1e0e6e7,1,336,c0ff7833c0013b08
3558,3558,3558,spring-projects/spring-roo,df9b54c3a71cc522c16247a62a1c2952a1e0e6e7,1,336,c0ff7833c0013b08
3559,3559,3559,spring-projects/spring-roo,df9b54c3a71cc522c16247a62a1c2952a1e0e6e7,27,336,c0ff7833c0013b08
3560,3560,3560,spring-projects/spring-roo,df9b54c3a71cc522c16247a62a1c2952a1e0e6e7,1,336,c0ff7833c0013b08
3561,3561,3561,spring-projects/spring-roo,df9b54c3a71cc522c16247a62a1c2952a1e0e6e7,1,336,c0ff7833c0013b08
3562,3562,3562,spring-projects/spring-roo,df9b54c3a71cc522c16247a62a1c2952a1e0e6e7,27,336,c0ff7833c0013b08
3563,3563,3563,spring-projects/spring-roo,df9b54c3a71cc522c16247a62a1c2952a1e0e6e7,1,336,c0ff7833c0013b08
3564,3564,3564,spring-projects/spring-roo,df9b54c3a71cc522c16247a62a1c2952a1e0e6e7,5,336,c0ff7833c0013b08
3565,3565,3565,spring-projects/spring-roo,df9b54c3a71cc522c16247a62a1c2952a1e0e6e7,1,336,c0ff7833c0013b08
3566,3566,3566,spring-projects/spring-roo,df9b54c3a71cc522c16247a62a1c2952a1e0e6e7,1,336,c0ff7833c0013b08
3567,3567,3567,spring-projects/spring-roo,df9b54c3a71cc522c16247a62a1c2952a1e0e6e7,1,336,c0ff7833c0013b08
3568,3568,3568,spring-projects/spring-roo,df9b54c3a71cc522c16247a62a1c2952a1e0e6e7,1,336,c0ff7833c0013b08
3569,3569,3569,spring-projects/spring-roo,df9b54c3a71cc522c16247a62a1c2952a1e0e6e7,1,336,c0ff7833c0013b08
3570,3570,3570,spring-projects/spring-roo,df9b54c3a71cc522c16247a62a1c2952a1e0e6e7,1,336,c0ff7833c0013b08
3571,3571,3571,spring-projects/spring-roo,df9b54c3a71cc522c16247a62a1c2952a1e0e6e7,1,336,c0ff7833c0013b08
3572,3572,3572,spring-projects/spring-roo,df9b54c3a71cc522c16247a62a1c2952a1e0e6e7,1,336,c0ff7833c0013b08
3573,3573,3573,spring-projects/spring-roo,6c7919642a375fcd34f8d1c3db85a84c3b863926,2,314,c0ff7833c0013b08
3574,3574,3574,spring-projects/spring-roo,6c7919642a375fcd34f8d1c3db85a84c3b863926,2,314,c0ff7833c0013b08
3575,3575,3575,spring-projects/spring-roo,87eae23388bafc8266179cf1fa9c57e8af656957,1,336,c0ff7833c0013b08
3576,3576,3576,spring-projects/spring-roo,87eae23388bafc8266179cf1fa9c57e8af656957,1,336,c0ff7833c0013b08
3577,3577,3577,spring-projects/spring-roo,87eae23388bafc8266179cf1fa9c57e8af656957,1,336,c0ff7833c0013b08
3578,3578,3578,spring-projects/spring-roo,87eae23388bafc8266179cf1fa9c57e8af656957,3,336,c0ff7833c0013b08
3579,3579,3579,spring-projects/spring-roo,87eae23388bafc8266179cf1fa9c57e8af656957,1,336,c0ff7833c0013b08
3580,3580,3580,spring-projects/spring-roo,87eae23388bafc8266179cf1fa9c57e8af656957,1,336,c0ff7833c0013b08
3581,3581,3581,spring-projects/spring-roo,87eae23388bafc8266179cf1fa9c57e8af656957,2,336,c0ff7833c0013b08
3582,3582,3582,spring-projects/spring-roo,87eae23388bafc8266179cf1fa9c57e8af656957,1,336,c0ff7833c0013b08
3583,3583,3583,spring-projects/spring-roo,a3acbd527291583086e0e203fcd45eb55244fc63,1,336,c0ff7833c0013b08
3584,3584,3584,spring-projects/spring-roo,a3acbd527291583086e0e203fcd45eb55244fc63,1,336,c0ff7833c0013b08
3585,3585,3585,spring-projects/spring-roo,0b3543ee42f3c7edb3eb95d125969235d7e40a01,1,508,c0ff7833c0013b08
3586,3586,3586,spring-projects/spring-roo,0b3543ee42f3c7edb3eb95d125969235d7e40a01,1,508,c0ff7833c0013b08
3587,3587,3587,spring-projects/spring-roo,0b3543ee42f3c7edb3eb95d125969235d7e40a01,1,508,c0ff7833c0013b08
3588,3588,3588,spring-projects/spring-roo,0b3543ee42f3c7edb3eb95d125969235d7e40a01,1,508,c0ff7833c0013b08
3589,3589,3589,spring-projects/spring-roo,0b3543ee42f3c7edb3eb95d125969235d7e40a01,1,508,c0ff7833c0013b08
3590,3590,3590,spring-projects/spring-roo,0b3543ee42f3c7edb3eb95d125969235d7e40a01,3,508,c0ff7833c0013b08
3591,3591,3591,spring-projects/spring-roo,0b3543ee42f3c7edb3eb95d125969235d7e40a01,3,508,c0ff7833c0013b08
3592,3592,3592,spring-projects/spring-roo,0b3543ee42f3c7edb3eb95d125969235d7e40a01,1,508,c0ff7833c0013b08
3593,3593,3593,spring-projects/spring-roo,0b3543ee42f3c7edb3eb95d125969235d7e40a01,5,508,c0ff7833c0013b08
3594,3594,3594,spring-projects/spring-roo,e66e02932d6e0883f9a0d73a27d7c5bd0490daae,4,564,c0ff7833c0013b08
3595,3595,3595,spring-projects/spring-roo,e66e02932d6e0883f9a0d73a27d7c5bd0490daae,1,564,c0ff7833c0013b08
3596,3596,3596,spring-projects/spring-roo,e66e02932d6e0883f9a0d73a27d7c5bd0490daae,1,564,c0ff7833c0013b08
3597,3597,3597,spring-projects/spring-roo,e66e02932d6e0883f9a0d73a27d7c5bd0490daae,1,564,c0ff7833c0013b08
3598,3598,3598,spring-projects/spring-roo,e66e02932d6e0883f9a0d73a27d7c5bd0490daae,2,564,c0ff7833c0013b08
3599,3599,3599,spring-projects/spring-roo,0b3543ee42f3c7edb3eb95d125969235d7e40a01,1,508,c0ff7833c0013b08
3600,3600,3600,spring-projects/spring-roo,e66e02932d6e0883f9a0d73a27d7c5bd0490daae,1,564,c0ff7833c0013b08
3601,3601,3601,spring-projects/spring-roo,e66e02932d6e0883f9a0d73a27d7c5bd0490daae,1,564,c0ff7833c0013b08
3602,3602,3602,spring-projects/spring-roo,e66e02932d6e0883f9a0d73a27d7c5bd0490daae,1,564,c0ff7833c0013b08
3603,3603,3603,spring-projects/spring-roo,e66e02932d6e0883f9a0d73a27d7c5bd0490daae,1,564,c0ff7833c0013b08
3604,3604,3604,spring-projects/spring-roo,e66e02932d6e0883f9a0d73a27d7c5bd0490daae,2,564,c0ff7833c0013b08
3605,3605,3605,spring-projects/spring-roo,e66e02932d6e0883f9a0d73a27d7c5bd0490daae,1,564,c0ff7833c0013b08
3606,3606,3606,spring-projects/spring-roo,e66e02932d6e0883f9a0d73a27d7c5bd0490daae,1,564,c0ff7833c0013b08
3607,3607,3607,spring-projects/spring-roo,e66e02932d6e0883f9a0d73a27d7c5bd0490daae,1,564,c0ff7833c0013b08
3608,3608,3608,spring-projects/spring-roo,e66e02932d6e0883f9a0d73a27d7c5bd0490daae,1,564,c0ff7833c0013b08
3609,3609,3609,spring-projects/spring-roo,e66e02932d6e0883f9a0d73a27d7c5bd0490daae,2,564,c0ff7833c0013b08
3610,3610,3610,spring-projects/spring-roo,e66e02932d6e0883f9a0d73a27d7c5bd0490daae,1,564,c0ff7833c0013b08
3611,3611,3611,spring-projects/spring-roo,e66e02932d6e0883f9a0d73a27d7c5bd0490daae,1,564,c0ff7833c0013b08
3612,3612,3612,spring-projects/spring-roo,e66e02932d6e0883f9a0d73a27d7c5bd0490daae,1,564,c0ff7833c0013b08
3613,3613,3613,spring-projects/spring-roo,e66e02932d6e0883f9a0d73a27d7c5bd0490daae,2,564,c0ff7833c0013b08
3614,3614,3614,spring-projects/spring-roo,e66e02932d6e0883f9a0d73a27d7c5bd0490daae,4,564,c0ff7833c0013b08
3615,3615,3615,spring-projects/spring-roo,e66e02932d6e0883f9a0d73a27d7c5bd0490daae,4,564,c0ff7833c0013b08
3616,3616,3616,spring-projects/spring-roo,e66e02932d6e0883f9a0d73a27d7c5bd0490daae,1,564,c0ff7833c0013b08
3617,3617,3617,spring-projects/spring-roo,e66e02932d6e0883f9a0d73a27d7c5bd0490daae,3,564,c0ff7833c0013b08
3618,3618,3618,spring-projects/spring-roo,51cb9761a60e4360a6f7bc85b5540415c98a8e44,1,654,c0ff7833c0013b08
3619,3619,3619,spring-projects/spring-roo,e66e02932d6e0883f9a0d73a27d7c5bd0490daae,3,564,c0ff7833c0013b08
3620,3620,3620,spring-projects/spring-roo,51cb9761a60e4360a6f7bc85b5540415c98a8e44,2,654,c0ff7833c0013b08
3621,3621,3621,spring-projects/spring-roo,51cb9761a60e4360a6f7bc85b5540415c98a8e44,1,654,c0ff7833c0013b08
3622,3622,3622,spring-projects/spring-roo,51cb9761a60e4360a6f7bc85b5540415c98a8e44,1,654,c0ff7833c0013b08
3623,3623,3623,spring-projects/spring-roo,51cb9761a60e4360a6f7bc85b5540415c98a8e44,5,654,c0ff7833c0013b08
3624,3624,3624,spring-projects/spring-roo,51cb9761a60e4360a6f7bc85b5540415c98a8e44,1,654,c0ff7833c0013b08
3625,3625,3625,spring-projects/spring-roo,51cb9761a60e4360a6f7bc85b5540415c98a8e44,4,654,c0ff7833c0013b08
3626,3626,3626,spring-projects/spring-roo,51cb9761a60e4360a6f7bc85b5540415c98a8e44,1,654,c0ff7833c0013b08
3627,3627,3627,spring-projects/spring-roo,51cb9761a60e4360a6f7bc85b5540415c98a8e44,3,654,c0ff7833c0013b08
3628,3628,3628,spring-projects/spring-roo,e66e02932d6e0883f9a0d73a27d7c5bd0490daae,1,564,c0ff7833c0013b08
3629,3629,3629,spring-projects/spring-roo,51cb9761a60e4360a6f7bc85b5540415c98a8e44,1,654,c0ff7833c0013b08
3630,3630,3630,spring-projects/spring-roo,51cb9761a60e4360a6f7bc85b5540415c98a8e44,1,654,c0ff7833c0013b08
3631,3631,3631,spring-projects/spring-roo,51cb9761a60e4360a6f7bc85b5540415c98a8e44,1,654,c0ff7833c0013b08
3632,3632,3632,spring-projects/spring-roo,793f2b0a7819f5f32d2e551225117e830f53823c,1,654,c0ff7833c0013b08
3633,3633,3633,spring-projects/spring-roo,793f2b0a7819f5f32d2e551225117e830f53823c,2,654,c0ff7833c0013b08
3634,3634,3634,spring-projects/spring-roo,793f2b0a7819f5f32d2e551225117e830f53823c,1,654,c0ff7833c0013b08
3635,3635,3635,spring-projects/spring-roo,793f2b0a7819f5f32d2e551225117e830f53823c,1,654,c0ff7833c0013b08
3636,3636,3636,spring-projects/spring-roo,793f2b0a7819f5f32d2e551225117e830f53823c,4,654,c0ff7833c0013b08
3637,3637,3637,spring-projects/spring-roo,793f2b0a7819f5f32d2e551225117e830f53823c,1,654,c0ff7833c0013b08
3638,3638,3638,spring-projects/spring-roo,793f2b0a7819f5f32d2e551225117e830f53823c,4,654,c0ff7833c0013b08
3639,3639,3639,spring-projects/spring-roo,793f2b0a7819f5f32d2e551225117e830f53823c,4,654,c0ff7833c0013b08
3640,3640,3640,spring-projects/spring-roo,793f2b0a7819f5f32d2e551225117e830f53823c,1,654,c0ff7833c0013b08
3641,3641,3641,spring-projects/spring-roo,793f2b0a7819f5f32d2e551225117e830f53823c,3,654,c0ff7833c0013b08
3642,3642,3642,spring-projects/spring-roo,793f2b0a7819f5f32d2e551225117e830f53823c,1,654,c0ff7833c0013b08
3643,3643,3643,spring-projects/spring-roo,793f2b0a7819f5f32d2e551225117e830f53823c,1,654,c0ff7833c0013b08
3644,3644,3644,spring-projects/spring-roo,793f2b0a7819f5f32d2e551225117e830f53823c,1,654,c0ff7833c0013b08
3645,3645,3645,spring-projects/spring-roo,793f2b0a7819f5f32d2e551225117e830f53823c,2,654,c0ff7833c0013b08
3646,3646,3646,spring-projects/spring-roo,793f2b0a7819f5f32d2e551225117e830f53823c,1,654,c0ff7833c0013b08
3647,3647,3647,spring-projects/spring-roo,793f2b0a7819f5f32d2e551225117e830f53823c,4,654,c0ff7833c0013b08
3648,3648,3648,spring-projects/spring-roo,793f2b0a7819f5f32d2e551225117e830f53823c,1,654,c0ff7833c0013b08
3649,3649,3649,spring-projects/spring-roo,793f2b0a7819f5f32d2e551225117e830f53823c,3,654,c0ff7833c0013b08
3650,3650,3650,spring-projects/spring-roo,793f2b0a7819f5f32d2e551225117e830f53823c,2,654,c0ff7833c0013b08
3651,3651,3651,spring-projects/spring-roo,793f2b0a7819f5f32d2e551225117e830f53823c,1,654,c0ff7833c0013b08
3652,3652,3652,spring-projects/spring-roo,793f2b0a7819f5f32d2e551225117e830f53823c,2,654,c0ff7833c0013b08
3653,3653,3653,spring-projects/spring-roo,793f2b0a7819f5f32d2e551225117e830f53823c,1,654,c0ff7833c0013b08
3654,3654,3654,spring-projects/spring-roo,793f2b0a7819f5f32d2e551225117e830f53823c,3,654,c0ff7833c0013b08
3655,3655,3655,spring-projects/spring-roo,793f2b0a7819f5f32d2e551225117e830f53823c,2,654,c0ff7833c0013b08
3656,3656,3656,spring-projects/spring-roo,793f2b0a7819f5f32d2e551225117e830f53823c,1,654,c0ff7833c0013b08
3657,3657,3657,spring-projects/spring-roo,793f2b0a7819f5f32d2e551225117e830f53823c,1,654,c0ff7833c0013b08
3658,3658,3658,spring-projects/spring-roo,793f2b0a7819f5f32d2e551225117e830f53823c,1,654,c0ff7833c0013b08
3659,3659,3659,spring-projects/spring-roo,793f2b0a7819f5f32d2e551225117e830f53823c,1,654,c0ff7833c0013b08
3660,3660,3660,spring-projects/spring-roo,793f2b0a7819f5f32d2e551225117e830f53823c,3,654,c0ff7833c0013b08
3661,3661,3661,spring-projects/spring-roo,793f2b0a7819f5f32d2e551225117e830f53823c,1,654,c0ff7833c0013b08
3662,3662,3662,spring-projects/spring-roo,793f2b0a7819f5f32d2e551225117e830f53823c,1,654,c0ff7833c0013b08
3663,3663,3663,spring-projects/spring-roo,793f2b0a7819f5f32d2e551225117e830f53823c,1,654,c0ff7833c0013b08
3664,3664,3664,spring-projects/spring-roo,793f2b0a7819f5f32d2e551225117e830f53823c,2,654,c0ff7833c0013b08
3665,3665,3665,spring-projects/spring-roo,793f2b0a7819f5f32d2e551225117e830f53823c,2,654,c0ff7833c0013b08
3666,3666,3666,spring-projects/spring-roo,793f2b0a7819f5f32d2e551225117e830f53823c,1,654,c0ff7833c0013b08
3667,3667,3667,spring-projects/spring-roo,793f2b0a7819f5f32d2e551225117e830f53823c,1,654,c0ff7833c0013b08
3668,3668,3668,spring-projects/spring-roo,793f2b0a7819f5f32d2e551225117e830f53823c,6,654,c0ff7833c0013b08
3669,3669,3669,spring-projects/spring-roo,793f2b0a7819f5f32d2e551225117e830f53823c,1,654,c0ff7833c0013b08
3670,3670,3670,spring-projects/spring-roo,793f2b0a7819f5f32d2e551225117e830f53823c,1,654,c0ff7833c0013b08
3671,3671,3671,spring-projects/spring-roo,0b3543ee42f3c7edb3eb95d125969235d7e40a01,3,508,c0ff7833c0013b08
3672,3672,3672,spring-projects/spring-roo,793f2b0a7819f5f32d2e551225117e830f53823c,3,654,c0ff7833c0013b08
3673,3673,3673,spring-projects/spring-roo,793f2b0a7819f5f32d2e551225117e830f53823c,1,654,c0ff7833c0013b08
3674,3674,3674,spring-projects/spring-roo,793f2b0a7819f5f32d2e551225117e830f53823c,1,654,c0ff7833c0013b08
3675,3675,3675,spring-projects/spring-roo,793f2b0a7819f5f32d2e551225117e830f53823c,2,654,c0ff7833c0013b08
3676,3676,3676,spring-projects/spring-roo,156ccd6bdbe81d6d63252d76eb5f9ed6d35e4d2d,1,685,c0ff7833c0013b08
3677,3677,3677,spring-projects/spring-roo,156ccd6bdbe81d6d63252d76eb5f9ed6d35e4d2d,1,685,c0ff7833c0013b08
3678,3678,3678,spring-projects/spring-roo,156ccd6bdbe81d6d63252d76eb5f9ed6d35e4d2d,1,685,c0ff7833c0013b08
3679,3679,3679,spring-projects/spring-roo,156ccd6bdbe81d6d63252d76eb5f9ed6d35e4d2d,1,685,c0ff7833c0013b08
3680,3680,3680,spring-projects/spring-roo,156ccd6bdbe81d6d63252d76eb5f9ed6d35e4d2d,1,685,c0ff7833c0013b08
3681,3681,3681,spring-projects/spring-roo,156ccd6bdbe81d6d63252d76eb5f9ed6d35e4d2d,1,685,c0ff7833c0013b08
3682,3682,3682,spring-projects/spring-roo,156ccd6bdbe81d6d63252d76eb5f9ed6d35e4d2d,1,685,c0ff7833c0013b08
3683,3683,3683,spring-projects/spring-roo,156ccd6bdbe81d6d63252d76eb5f9ed6d35e4d2d,1,685,c0ff7833c0013b08
3684,3684,3684,spring-projects/spring-roo,156ccd6bdbe81d6d63252d76eb5f9ed6d35e4d2d,1,685,c0ff7833c0013b08
3685,3685,3685,spring-projects/spring-roo,156ccd6bdbe81d6d63252d76eb5f9ed6d35e4d2d,1,685,c0ff7833c0013b08
3686,3686,3686,spring-projects/spring-roo,156ccd6bdbe81d6d63252d76eb5f9ed6d35e4d2d,1,685,c0ff7833c0013b08
3687,3687,3687,spring-projects/spring-roo,156ccd6bdbe81d6d63252d76eb5f9ed6d35e4d2d,4,685,c0ff7833c0013b08
3688,3688,3688,spring-projects/spring-roo,156ccd6bdbe81d6d63252d76eb5f9ed6d35e4d2d,1,685,c0ff7833c0013b08
3689,3689,3689,spring-projects/spring-roo,156ccd6bdbe81d6d63252d76eb5f9ed6d35e4d2d,2,685,c0ff7833c0013b08
3690,3690,3690,spring-projects/spring-roo,156ccd6bdbe81d6d63252d76eb5f9ed6d35e4d2d,1,685,c0ff7833c0013b08
3691,3691,3691,spring-projects/spring-roo,156ccd6bdbe81d6d63252d76eb5f9ed6d35e4d2d,3,685,c0ff7833c0013b08
3692,3692,3692,spring-projects/spring-roo,156ccd6bdbe81d6d63252d76eb5f9ed6d35e4d2d,4,685,c0ff7833c0013b08
3693,3693,3693,spring-projects/spring-roo,156ccd6bdbe81d6d63252d76eb5f9ed6d35e4d2d,1,685,c0ff7833c0013b08
3694,3694,3694,spring-projects/spring-roo,fbc33bb974ac456089e6730d6cdd19e0ecf4959f,1,705,c0ff7833c0013b08
3695,3695,3695,spring-projects/spring-roo,fbc33bb974ac456089e6730d6cdd19e0ecf4959f,1,705,c0ff7833c0013b08
3696,3696,3696,spring-projects/spring-roo,fbc33bb974ac456089e6730d6cdd19e0ecf4959f,1,705,c0ff7833c0013b08
3697,3697,3697,spring-projects/spring-roo,fbc33bb974ac456089e6730d6cdd19e0ecf4959f,2,705,c0ff7833c0013b08
3698,3698,3698,spring-projects/spring-roo,fbc33bb974ac456089e6730d6cdd19e0ecf4959f,5,705,c0ff7833c0013b08
3699,3699,3699,spring-projects/spring-roo,fbc33bb974ac456089e6730d6cdd19e0ecf4959f,1,705,c0ff7833c0013b08
3700,3700,3700,spring-projects/spring-roo,fbc33bb974ac456089e6730d6cdd19e0ecf4959f,1,705,c0ff7833c0013b08
3701,3701,3701,spring-projects/spring-roo,fbc33bb974ac456089e6730d6cdd19e0ecf4959f,1,705,c0ff7833c0013b08
3702,3702,3702,spring-projects/spring-roo,fbc33bb974ac456089e6730d6cdd19e0ecf4959f,2,705,c0ff7833c0013b08
3703,3703,3703,spring-projects/spring-roo,fbc33bb974ac456089e6730d6cdd19e0ecf4959f,1,705,c0ff7833c0013b08
3704,3704,3704,spring-projects/spring-roo,fbc33bb974ac456089e6730d6cdd19e0ecf4959f,1,705,c0ff7833c0013b08
3705,3705,3705,spring-projects/spring-roo,fbc33bb974ac456089e6730d6cdd19e0ecf4959f,1,705,c0ff7833c0013b08
3706,3706,3706,spring-projects/spring-roo,fbc33bb974ac456089e6730d6cdd19e0ecf4959f,1,705,c0ff7833c0013b08
3707,3707,3707,spring-projects/spring-roo,fbc33bb974ac456089e6730d6cdd19e0ecf4959f,2,705,c0ff7833c0013b08
3708,3708,3708,spring-projects/spring-roo,fbc33bb974ac456089e6730d6cdd19e0ecf4959f,2,705,c0ff7833c0013b08
3709,3709,3709,spring-projects/spring-roo,fbc33bb974ac456089e6730d6cdd19e0ecf4959f,1,705,c0ff7833c0013b08
3710,3710,3710,spring-projects/spring-roo,fbc33bb974ac456089e6730d6cdd19e0ecf4959f,1,705,c0ff7833c0013b08
3711,3711,3711,spring-projects/spring-roo,fbc33bb974ac456089e6730d6cdd19e0ecf4959f,1,705,c0ff7833c0013b08
3712,3712,3712,spring-projects/spring-roo,fbc33bb974ac456089e6730d6cdd19e0ecf4959f,2,705,c0ff7833c0013b08
3713,3713,3713,spring-projects/spring-roo,fbc33bb974ac456089e6730d6cdd19e0ecf4959f,3,705,c0ff7833c0013b08
3714,3714,3714,spring-projects/spring-roo,fbc33bb974ac456089e6730d6cdd19e0ecf4959f,1,705,c0ff7833c0013b08
3715,3715,3715,spring-projects/spring-roo,fbc33bb974ac456089e6730d6cdd19e0ecf4959f,1,705,c0ff7833c0013b08
3716,3716,3716,spring-projects/spring-roo,fbc33bb974ac456089e6730d6cdd19e0ecf4959f,1,705,c0ff7833c0013b08
3717,3717,3717,spring-projects/spring-roo,fbc33bb974ac456089e6730d6cdd19e0ecf4959f,1,705,c0ff7833c0013b08
3718,3718,3718,spring-projects/spring-roo,4404ffb1621bf74dc03d3d9070fa9edb7abab9bc,3,749,c0ff7833c0013b08
3719,3719,3719,spring-projects/spring-roo,4404ffb1621bf74dc03d3d9070fa9edb7abab9bc,1,749,c0ff7833c0013b08
3720,3720,3720,spring-projects/spring-roo,4404ffb1621bf74dc03d3d9070fa9edb7abab9bc,1,749,c0ff7833c0013b08
3721,3721,3721,spring-projects/spring-roo,4404ffb1621bf74dc03d3d9070fa9edb7abab9bc,1,749,c0ff7833c0013b08
3722,3722,3722,spring-projects/spring-roo,4404ffb1621bf74dc03d3d9070fa9edb7abab9bc,1,749,c0ff7833c0013b08
3723,3723,3723,spring-projects/spring-roo,4404ffb1621bf74dc03d3d9070fa9edb7abab9bc,1,749,c0ff7833c0013b08
3724,3724,3724,spring-projects/spring-roo,4404ffb1621bf74dc03d3d9070fa9edb7abab9bc,1,749,c0ff7833c0013b08
3725,3725,3725,spring-projects/spring-roo,4404ffb1621bf74dc03d3d9070fa9edb7abab9bc,1,749,c0ff7833c0013b08
3726,3726,3726,spring-projects/spring-roo,4404ffb1621bf74dc03d3d9070fa9edb7abab9bc,5,749,c0ff7833c0013b08
3727,3727,3727,spring-projects/spring-roo,4404ffb1621bf74dc03d3d9070fa9edb7abab9bc,7,749,c0ff7833c0013b08
3728,3728,3728,spring-projects/spring-roo,4404ffb1621bf74dc03d3d9070fa9edb7abab9bc,3,749,c0ff7833c0013b08
3729,3729,3729,spring-projects/spring-roo,4404ffb1621bf74dc03d3d9070fa9edb7abab9bc,2,749,c0ff7833c0013b08
3730,3730,3730,spring-projects/spring-roo,4404ffb1621bf74dc03d3d9070fa9edb7abab9bc,1,749,c0ff7833c0013b08
3731,3731,3731,spring-projects/spring-roo,4404ffb1621bf74dc03d3d9070fa9edb7abab9bc,2,749,c0ff7833c0013b08
3732,3732,3732,spring-projects/spring-roo,4404ffb1621bf74dc03d3d9070fa9edb7abab9bc,1,749,c0ff7833c0013b08
3733,3733,3733,spring-projects/spring-roo,4404ffb1621bf74dc03d3d9070fa9edb7abab9bc,2,749,c0ff7833c0013b08
3734,3734,3734,spring-projects/spring-roo,4404ffb1621bf74dc03d3d9070fa9edb7abab9bc,1,749,c0ff7833c0013b08
3735,3735,3735,spring-projects/spring-roo,4404ffb1621bf74dc03d3d9070fa9edb7abab9bc,13,749,c0ff7833c0013b08
3736,3736,3736,spring-projects/spring-roo,4404ffb1621bf74dc03d3d9070fa9edb7abab9bc,2,749,c0ff7833c0013b08
3737,3737,3737,spring-projects/spring-roo,4404ffb1621bf74dc03d3d9070fa9edb7abab9bc,2,749,c0ff7833c0013b08
3738,3738,3738,spring-projects/spring-roo,4404ffb1621bf74dc03d3d9070fa9edb7abab9bc,7,749,c0ff7833c0013b08
3739,3739,3739,spring-projects/spring-roo,4404ffb1621bf74dc03d3d9070fa9edb7abab9bc,1,749,c0ff7833c0013b08
3740,3740,3740,spring-projects/spring-roo,4404ffb1621bf74dc03d3d9070fa9edb7abab9bc,7,749,c0ff7833c0013b08
3741,3741,3741,spring-projects/spring-roo,4404ffb1621bf74dc03d3d9070fa9edb7abab9bc,1,749,c0ff7833c0013b08
3742,3742,3742,spring-projects/spring-roo,4404ffb1621bf74dc03d3d9070fa9edb7abab9bc,1,749,c0ff7833c0013b08
3743,3743,3743,spring-projects/spring-roo,4404ffb1621bf74dc03d3d9070fa9edb7abab9bc,1,749,c0ff7833c0013b08
3744,3744,3744,spring-projects/spring-roo,4404ffb1621bf74dc03d3d9070fa9edb7abab9bc,8,749,c0ff7833c0013b08
3745,3745,3745,spring-projects/spring-roo,4404ffb1621bf74dc03d3d9070fa9edb7abab9bc,5,749,c0ff7833c0013b08
3746,3746,3746,spring-projects/spring-roo,4404ffb1621bf74dc03d3d9070fa9edb7abab9bc,2,749,c0ff7833c0013b08
3747,3747,3747,spring-projects/spring-roo,4404ffb1621bf74dc03d3d9070fa9edb7abab9bc,1,749,c0ff7833c0013b08
3748,3748,3748,spring-projects/spring-roo,4404ffb1621bf74dc03d3d9070fa9edb7abab9bc,1,749,c0ff7833c0013b08
3749,3749,3749,spring-projects/spring-roo,4404ffb1621bf74dc03d3d9070fa9edb7abab9bc,7,749,c0ff7833c0013b08
3750,3750,3750,spring-projects/spring-roo,4404ffb1621bf74dc03d3d9070fa9edb7abab9bc,1,749,c0ff7833c0013b08
3751,3751,3751,spring-projects/spring-roo,4404ffb1621bf74dc03d3d9070fa9edb7abab9bc,1,749,c0ff7833c0013b08
3752,3752,3752,spring-projects/spring-roo,4404ffb1621bf74dc03d3d9070fa9edb7abab9bc,1,749,c0ff7833c0013b08
3753,3753,3753,spring-projects/spring-roo,f787ce7a18eba1d02afe20d457eb523925273efb,3,762,c0ff7833c0013b08
3754,3754,3754,spring-projects/spring-roo,f787ce7a18eba1d02afe20d457eb523925273efb,1,762,c0ff7833c0013b08
3755,3755,3755,spring-projects/spring-roo,f787ce7a18eba1d02afe20d457eb523925273efb,2,762,c0ff7833c0013b08
3756,3756,3756,spring-projects/spring-roo,f787ce7a18eba1d02afe20d457eb523925273efb,10,762,c0ff7833c0013b08
3757,3757,3757,spring-projects/spring-roo,f787ce7a18eba1d02afe20d457eb523925273efb,3,762,c0ff7833c0013b08
3758,3758,3758,spring-projects/spring-roo,f787ce7a18eba1d02afe20d457eb523925273efb,2,762,c0ff7833c0013b08
3759,3759,3759,spring-projects/spring-roo,f787ce7a18eba1d02afe20d457eb523925273efb,1,762,c0ff7833c0013b08
3760,3760,3760,spring-projects/spring-roo,f787ce7a18eba1d02afe20d457eb523925273efb,2,762,c0ff7833c0013b08
3761,3761,3761,spring-projects/spring-roo,f787ce7a18eba1d02afe20d457eb523925273efb,1,762,c0ff7833c0013b08
3762,3762,3762,spring-projects/spring-roo,f787ce7a18eba1d02afe20d457eb523925273efb,1,762,c0ff7833c0013b08
3763,3763,3763,spring-projects/spring-roo,f787ce7a18eba1d02afe20d457eb523925273efb,1,762,c0ff7833c0013b08
3764,3764,3764,spring-projects/spring-roo,f787ce7a18eba1d02afe20d457eb523925273efb,2,762,c0ff7833c0013b08
3765,3765,3765,spring-projects/spring-roo,f787ce7a18eba1d02afe20d457eb523925273efb,1,762,c0ff7833c0013b08
3766,3766,3766,spring-projects/spring-roo,f787ce7a18eba1d02afe20d457eb523925273efb,1,762,c0ff7833c0013b08
3767,3767,3767,spring-projects/spring-roo,f787ce7a18eba1d02afe20d457eb523925273efb,1,762,c0ff7833c0013b08
3768,3768,3768,spring-projects/spring-roo,f787ce7a18eba1d02afe20d457eb523925273efb,2,762,c0ff7833c0013b08
3769,3769,3769,spring-projects/spring-roo,f787ce7a18eba1d02afe20d457eb523925273efb,1,762,c0ff7833c0013b08
3770,3770,3770,spring-projects/spring-roo,f787ce7a18eba1d02afe20d457eb523925273efb,1,762,c0ff7833c0013b08
3771,3771,3771,spring-projects/spring-roo,f787ce7a18eba1d02afe20d457eb523925273efb,1,762,c0ff7833c0013b08
3772,3772,3772,spring-projects/spring-roo,f787ce7a18eba1d02afe20d457eb523925273efb,4,762,c0ff7833c0013b08
3773,3773,3773,spring-projects/spring-roo,f787ce7a18eba1d02afe20d457eb523925273efb,1,762,c0ff7833c0013b08
3774,3774,3774,spring-projects/spring-roo,f787ce7a18eba1d02afe20d457eb523925273efb,1,762,c0ff7833c0013b08
3775,3775,3775,spring-projects/spring-roo,f787ce7a18eba1d02afe20d457eb523925273efb,1,762,c0ff7833c0013b08
3776,3776,3776,spring-projects/spring-roo,f787ce7a18eba1d02afe20d457eb523925273efb,1,762,c0ff7833c0013b08
3777,3777,3777,spring-projects/spring-roo,f787ce7a18eba1d02afe20d457eb523925273efb,1,762,c0ff7833c0013b08
3778,3778,3778,spring-projects/spring-roo,f787ce7a18eba1d02afe20d457eb523925273efb,1,762,c0ff7833c0013b08
3779,3779,3779,spring-projects/spring-roo,f787ce7a18eba1d02afe20d457eb523925273efb,1,762,c0ff7833c0013b08
3780,3780,3780,spring-projects/spring-roo,f787ce7a18eba1d02afe20d457eb523925273efb,1,762,c0ff7833c0013b08
3781,3781,3781,spring-projects/spring-roo,f787ce7a18eba1d02afe20d457eb523925273efb,4,762,c0ff7833c0013b08
3782,3782,3782,spring-projects/spring-roo,f787ce7a18eba1d02afe20d457eb523925273efb,2,762,c0ff7833c0013b08
3783,3783,3783,spring-projects/spring-roo,d3a68c3988154cb043eed54563400d5b51151d82,1,788,c0ff7833c0013b08
3784,3784,3784,spring-projects/spring-roo,d3a68c3988154cb043eed54563400d5b51151d82,1,788,c0ff7833c0013b08
3785,3785,3785,spring-projects/spring-roo,d3a68c3988154cb043eed54563400d5b51151d82,1,788,c0ff7833c0013b08
3786,3786,3786,spring-projects/spring-roo,d3a68c3988154cb043eed54563400d5b51151d82,1,788,c0ff7833c0013b08
3787,3787,3787,spring-projects/spring-roo,d3a68c3988154cb043eed54563400d5b51151d82,1,788,c0ff7833c0013b08
3788,3788,3788,spring-projects/spring-roo,d3a68c3988154cb043eed54563400d5b51151d82,1,788,c0ff7833c0013b08
3789,3789,3789,spring-projects/spring-roo,d3a68c3988154cb043eed54563400d5b51151d82,1,788,c0ff7833c0013b08
3790,3790,3790,spring-projects/spring-roo,d3a68c3988154cb043eed54563400d5b51151d82,1,788,c0ff7833c0013b08
3791,3791,3791,spring-projects/spring-roo,d3a68c3988154cb043eed54563400d5b51151d82,1,788,c0ff7833c0013b08
3792,3792,3792,spring-projects/spring-roo,d3a68c3988154cb043eed54563400d5b51151d82,1,788,c0ff7833c0013b08
3793,3793,3793,spring-projects/spring-roo,d3a68c3988154cb043eed54563400d5b51151d82,2,788,c0ff7833c0013b08
3794,3794,3794,spring-projects/spring-roo,d3a68c3988154cb043eed54563400d5b51151d82,6,788,c0ff7833c0013b08
3795,3795,3795,spring-projects/spring-roo,d3a68c3988154cb043eed54563400d5b51151d82,1,788,c0ff7833c0013b08
3796,3796,3796,spring-projects/spring-roo,d3a68c3988154cb043eed54563400d5b51151d82,1,788,c0ff7833c0013b08
3797,3797,3797,spring-projects/spring-roo,d3a68c3988154cb043eed54563400d5b51151d82,1,788,c0ff7833c0013b08
3798,3798,3798,spring-projects/spring-roo,d3a68c3988154cb043eed54563400d5b51151d82,15,788,c0ff7833c0013b08
3799,3799,3799,spring-projects/spring-roo,d3a68c3988154cb043eed54563400d5b51151d82,6,788,c0ff7833c0013b08
3800,3800,3800,spring-projects/spring-roo,d3a68c3988154cb043eed54563400d5b51151d82,1,788,c0ff7833c0013b08
3801,3801,3801,spring-projects/spring-roo,d3a68c3988154cb043eed54563400d5b51151d82,1,788,c0ff7833c0013b08
3802,3802,3802,spring-projects/spring-roo,d3a68c3988154cb043eed54563400d5b51151d82,1,788,c0ff7833c0013b08
3803,3803,3803,spring-projects/spring-roo,d3a68c3988154cb043eed54563400d5b51151d82,5,788,c0ff7833c0013b08
3804,3804,3804,spring-projects/spring-roo,d3a68c3988154cb043eed54563400d5b51151d82,1,788,c0ff7833c0013b08
3805,3805,3805,spring-projects/spring-roo,d3a68c3988154cb043eed54563400d5b51151d82,1,788,c0ff7833c0013b08
3806,3806,3806,spring-projects/spring-roo,d3a68c3988154cb043eed54563400d5b51151d82,1,788,c0ff7833c0013b08
3807,3807,3807,spring-projects/spring-roo,d3a68c3988154cb043eed54563400d5b51151d82,1,788,c0ff7833c0013b08
3808,3808,3808,spring-projects/spring-roo,dcaa4831a46a18439f08691fd1fda0a66ad25b89,1,1061,c0ff7833c0013b08
3809,3809,3809,spring-projects/spring-roo,1fa252ff8d05ddca244ee97c4735d87a94bb793d,2,952,c0ff7833c0013b08
3810,3810,3810,spring-projects/spring-roo,1fa252ff8d05ddca244ee97c4735d87a94bb793d,1,952,c0ff7833c0013b08
3811,3811,3811,spring-projects/spring-roo,1fa252ff8d05ddca244ee97c4735d87a94bb793d,2,952,c0ff7833c0013b08
3812,3812,3812,spring-projects/spring-roo,1fa252ff8d05ddca244ee97c4735d87a94bb793d,1,952,c0ff7833c0013b08
3813,3813,3813,spring-projects/spring-roo,1fa252ff8d05ddca244ee97c4735d87a94bb793d,8,952,c0ff7833c0013b08
3814,3814,3814,spring-projects/spring-roo,1fa252ff8d05ddca244ee97c4735d87a94bb793d,6,952,c0ff7833c0013b08
3815,3815,3815,spring-projects/spring-roo,1fa252ff8d05ddca244ee97c4735d87a94bb793d,2,952,c0ff7833c0013b08
3816,3816,3816,spring-projects/spring-roo,1fa252ff8d05ddca244ee97c4735d87a94bb793d,7,952,c0ff7833c0013b08
3817,3817,3817,spring-projects/spring-roo,1fa252ff8d05ddca244ee97c4735d87a94bb793d,5,952,c0ff7833c0013b08
3818,3818,3818,spring-projects/spring-roo,1fa252ff8d05ddca244ee97c4735d87a94bb793d,5,952,c0ff7833c0013b08
3819,3819,3819,spring-projects/spring-roo,1fa252ff8d05ddca244ee97c4735d87a94bb793d,5,952,c0ff7833c0013b08
3820,3820,3820,spring-projects/spring-roo,1fa252ff8d05ddca244ee97c4735d87a94bb793d,1,952,c0ff7833c0013b08
3821,3821,3821,spring-projects/spring-roo,1fa252ff8d05ddca244ee97c4735d87a94bb793d,2,952,c0ff7833c0013b08
3822,3822,3822,spring-projects/spring-roo,1fa252ff8d05ddca244ee97c4735d87a94bb793d,1,952,c0ff7833c0013b08
3823,3823,3823,spring-projects/spring-roo,1fa252ff8d05ddca244ee97c4735d87a94bb793d,1,952,c0ff7833c0013b08
3824,3824,3824,spring-projects/spring-roo,1fa252ff8d05ddca244ee97c4735d87a94bb793d,1,952,c0ff7833c0013b08
3825,3825,3825,spring-projects/spring-roo,1fa252ff8d05ddca244ee97c4735d87a94bb793d,5,952,c0ff7833c0013b08
3826,3826,3826,spring-projects/spring-roo,1fa252ff8d05ddca244ee97c4735d87a94bb793d,2,952,c0ff7833c0013b08
3827,3827,3827,spring-projects/spring-roo,1fa252ff8d05ddca244ee97c4735d87a94bb793d,6,952,c0ff7833c0013b08
3828,3828,3828,spring-projects/spring-roo,1fa252ff8d05ddca244ee97c4735d87a94bb793d,2,952,c0ff7833c0013b08
3829,3829,3829,spring-projects/spring-roo,1fa252ff8d05ddca244ee97c4735d87a94bb793d,6,952,c0ff7833c0013b08
3830,3830,3830,spring-projects/spring-roo,1fa252ff8d05ddca244ee97c4735d87a94bb793d,1,952,c0ff7833c0013b08
3831,3831,3831,spring-projects/spring-roo,1fa252ff8d05ddca244ee97c4735d87a94bb793d,1,952,c0ff7833c0013b08
3832,3832,3832,spring-projects/spring-roo,39eb957354ffcc7b1475ad67471e0729edc3dfd9,2,1065,c0ff7833c0013b08
3833,3833,3833,spring-projects/spring-roo,1fa252ff8d05ddca244ee97c4735d87a94bb793d,1,952,c0ff7833c0013b08
3834,3834,3834,spring-projects/spring-roo,1fa252ff8d05ddca244ee97c4735d87a94bb793d,1,952,c0ff7833c0013b08
3835,3835,3835,spring-projects/spring-roo,1fa252ff8d05ddca244ee97c4735d87a94bb793d,1,952,c0ff7833c0013b08
3836,3836,3836,spring-projects/spring-roo,1fa252ff8d05ddca244ee97c4735d87a94bb793d,10,952,c0ff7833c0013b08
3837,3837,3837,spring-projects/spring-roo,1fa252ff8d05ddca244ee97c4735d87a94bb793d,7,952,c0ff7833c0013b08
3838,3838,3838,spring-projects/spring-roo,1fa252ff8d05ddca244ee97c4735d87a94bb793d,1,952,c0ff7833c0013b08
3839,3839,3839,spring-projects/spring-roo,dcaa4831a46a18439f08691fd1fda0a66ad25b89,1,1061,c0ff7833c0013b08
3840,3840,3840,spring-projects/spring-roo,1fa252ff8d05ddca244ee97c4735d87a94bb793d,1,952,c0ff7833c0013b08
3841,3841,3841,spring-projects/spring-roo,dcaa4831a46a18439f08691fd1fda0a66ad25b89,1,1061,c0ff7833c0013b08
3842,3842,3842,spring-projects/spring-roo,dcaa4831a46a18439f08691fd1fda0a66ad25b89,10,1061,c0ff7833c0013b08
3843,3843,3843,spring-projects/spring-roo,dcaa4831a46a18439f08691fd1fda0a66ad25b89,1,1061,c0ff7833c0013b08
3844,3844,3844,spring-projects/spring-roo,1fa252ff8d05ddca244ee97c4735d87a94bb793d,1,952,c0ff7833c0013b08
3845,3845,3845,spring-projects/spring-roo,dcaa4831a46a18439f08691fd1fda0a66ad25b89,2,1061,c0ff7833c0013b08
3846,3846,3846,spring-projects/spring-roo,dcaa4831a46a18439f08691fd1fda0a66ad25b89,2,1061,c0ff7833c0013b08
3847,3847,3847,spring-projects/spring-roo,dcaa4831a46a18439f08691fd1fda0a66ad25b89,1,1061,c0ff7833c0013b08
3848,3848,3848,spring-projects/spring-roo,dcaa4831a46a18439f08691fd1fda0a66ad25b89,17,1061,c0ff7833c0013b08
3849,3849,3849,spring-projects/spring-roo,1fa252ff8d05ddca244ee97c4735d87a94bb793d,3,952,c0ff7833c0013b08
3850,3850,3850,spring-projects/spring-roo,dcaa4831a46a18439f08691fd1fda0a66ad25b89,1,1061,c0ff7833c0013b08
3851,3851,3851,spring-projects/spring-roo,dcaa4831a46a18439f08691fd1fda0a66ad25b89,1,1061,c0ff7833c0013b08
3852,3852,3852,spring-projects/spring-roo,dcaa4831a46a18439f08691fd1fda0a66ad25b89,1,1061,c0ff7833c0013b08
3853,3853,3853,spring-projects/spring-roo,dcaa4831a46a18439f08691fd1fda0a66ad25b89,1,1061,c0ff7833c0013b08
3854,3854,3854,spring-projects/spring-roo,dcaa4831a46a18439f08691fd1fda0a66ad25b89,1,1061,c0ff7833c0013b08
3855,3855,3855,spring-projects/spring-roo,dcaa4831a46a18439f08691fd1fda0a66ad25b89,4,1061,c0ff7833c0013b08
3856,3856,3856,spring-projects/spring-roo,dcaa4831a46a18439f08691fd1fda0a66ad25b89,1,1061,c0ff7833c0013b08
3857,3857,3857,spring-projects/spring-roo,1fa252ff8d05ddca244ee97c4735d87a94bb793d,1,952,c0ff7833c0013b08
3858,3858,3858,spring-projects/spring-roo,dcaa4831a46a18439f08691fd1fda0a66ad25b89,1,1061,c0ff7833c0013b08
3859,3859,3859,spring-projects/spring-roo,39eb957354ffcc7b1475ad67471e0729edc3dfd9,6,1065,c0ff7833c0013b08
3860,3860,3860,spring-projects/spring-roo,6eae723fc884f3605295ef99ae14340167b4a3ea,4,1070,c0ff7833c0013b08
3861,3861,3861,spring-projects/spring-roo,75337cf461f5fb56d99b1704e670367ccdc4388a,1,1109,c0ff7833c0013b08
3862,3862,3862,spring-projects/spring-roo,8341dc23d63cb5192f3dc799a2acc14629255b01,124,1109,c0ff7833c0013b08
3863,3863,3863,spring-projects/spring-security,1849597775bbdc8883651815f9964c7836dbe249,2,657,c0ff7833c0013b08
3864,3864,3864,spring-projects/spring-security,1849597775bbdc8883651815f9964c7836dbe249,1,657,c0ff7833c0013b08
3865,3865,3865,spring-projects/spring-security,1849597775bbdc8883651815f9964c7836dbe249,3,657,c0ff7833c0013b08
3866,3866,3866,spring-projects/spring-security,1849597775bbdc8883651815f9964c7836dbe249,1,657,c0ff7833c0013b08
3867,3867,3867,spring-projects/spring-security,1849597775bbdc8883651815f9964c7836dbe249,1,657,c0ff7833c0013b08
3868,3868,3868,spring-projects/spring-security,1849597775bbdc8883651815f9964c7836dbe249,3,657,c0ff7833c0013b08
3869,3869,3869,spring-projects/spring-security,1849597775bbdc8883651815f9964c7836dbe249,2,657,c0ff7833c0013b08
3870,3870,3870,spring-projects/spring-security,1849597775bbdc8883651815f9964c7836dbe249,2,657,c0ff7833c0013b08
3871,3871,3871,spring-projects/spring-security,1bc1196baafca4f8488b37c131b78e09995c5ceb,2,661,c0ff7833c0013b08
3872,3872,3872,spring-projects/spring-security,1bc1196baafca4f8488b37c131b78e09995c5ceb,1,661,c0ff7833c0013b08
3873,3873,3873,spring-projects/spring-security,1bc1196baafca4f8488b37c131b78e09995c5ceb,2,661,c0ff7833c0013b08
3874,3874,3874,spring-projects/spring-security,1bc1196baafca4f8488b37c131b78e09995c5ceb,1,661,c0ff7833c0013b08
3875,3875,3875,spring-projects/spring-security,1bc1196baafca4f8488b37c131b78e09995c5ceb,2,661,c0ff7833c0013b08
3876,3876,3876,spring-projects/spring-security,1bc1196baafca4f8488b37c131b78e09995c5ceb,1,661,c0ff7833c0013b08
3877,3877,3877,spring-projects/spring-security,1bc1196baafca4f8488b37c131b78e09995c5ceb,1,661,c0ff7833c0013b08
3878,3878,3878,spring-projects/spring-security,1bc1196baafca4f8488b37c131b78e09995c5ceb,16,661,c0ff7833c0013b08
3879,3879,3879,spring-projects/spring-security,1bc1196baafca4f8488b37c131b78e09995c5ceb,1,661,c0ff7833c0013b08
3880,3880,3880,spring-projects/spring-security,1bc1196baafca4f8488b37c131b78e09995c5ceb,2,661,c0ff7833c0013b08
3881,3881,3881,spring-projects/spring-security,1bc1196baafca4f8488b37c131b78e09995c5ceb,1,661,c0ff7833c0013b08
3882,3882,3882,spring-projects/spring-security,1bc1196baafca4f8488b37c131b78e09995c5ceb,3,661,c0ff7833c0013b08
3883,3883,3883,spring-projects/spring-security,1bc1196baafca4f8488b37c131b78e09995c5ceb,1,661,c0ff7833c0013b08
3884,3884,3884,spring-projects/spring-security,1bc1196baafca4f8488b37c131b78e09995c5ceb,1,661,c0ff7833c0013b08
3885,3885,3885,spring-projects/spring-security,1bc1196baafca4f8488b37c131b78e09995c5ceb,2,661,c0ff7833c0013b08
3886,3886,3886,spring-projects/spring-security,1bc1196baafca4f8488b37c131b78e09995c5ceb,1,661,c0ff7833c0013b08
3887,3887,3887,spring-projects/spring-security,1bc1196baafca4f8488b37c131b78e09995c5ceb,2,661,c0ff7833c0013b08
3888,3888,3888,spring-projects/spring-security,1bc1196baafca4f8488b37c131b78e09995c5ceb,1,661,c0ff7833c0013b08
3889,3889,3889,spring-projects/spring-security,459b1d1cde8d148cee79b7838115be133d91e1e6,2,676,c0ff7833c0013b08
3890,3890,3890,spring-projects/spring-security,459b1d1cde8d148cee79b7838115be133d91e1e6,1,676,c0ff7833c0013b08
3891,3891,3891,spring-projects/spring-security,6fe569556c0f5a60d8413c128ab01bb9710a5c69,2,673,c0ff7833c0013b08
3892,3892,3892,spring-projects/spring-security,6fe569556c0f5a60d8413c128ab01bb9710a5c69,1,673,c0ff7833c0013b08
3893,3893,3893,spring-projects/spring-security,6fe569556c0f5a60d8413c128ab01bb9710a5c69,1,673,c0ff7833c0013b08
3894,3894,3894,spring-projects/spring-security,6fe569556c0f5a60d8413c128ab01bb9710a5c69,1,673,c0ff7833c0013b08
3895,3895,3895,spring-projects/spring-security,6fe569556c0f5a60d8413c128ab01bb9710a5c69,1,673,c0ff7833c0013b08
3896,3896,3896,spring-projects/spring-security,6fe569556c0f5a60d8413c128ab01bb9710a5c69,1,673,c0ff7833c0013b08
3897,3897,3897,spring-projects/spring-security,6fe569556c0f5a60d8413c128ab01bb9710a5c69,1,673,c0ff7833c0013b08
3898,3898,3898,spring-projects/spring-security,6fe569556c0f5a60d8413c128ab01bb9710a5c69,1,673,c0ff7833c0013b08
3899,3899,3899,spring-projects/spring-security,6fe569556c0f5a60d8413c128ab01bb9710a5c69,1,673,c0ff7833c0013b08
3900,3900,3900,spring-projects/spring-security,6fe569556c0f5a60d8413c128ab01bb9710a5c69,1,673,c0ff7833c0013b08
3901,3901,3901,spring-projects/spring-security,6fe569556c0f5a60d8413c128ab01bb9710a5c69,1,673,c0ff7833c0013b08
3902,3902,3902,spring-projects/spring-security,6fe569556c0f5a60d8413c128ab01bb9710a5c69,1,673,c0ff7833c0013b08
3903,3903,3903,spring-projects/spring-security,6fe569556c0f5a60d8413c128ab01bb9710a5c69,2,673,c0ff7833c0013b08
3904,3904,3904,spring-projects/spring-security,6fe569556c0f5a60d8413c128ab01bb9710a5c69,3,673,c0ff7833c0013b08
3905,3905,3905,spring-projects/spring-security,6fe569556c0f5a60d8413c128ab01bb9710a5c69,1,673,c0ff7833c0013b08
3906,3906,3906,spring-projects/spring-security,6fe569556c0f5a60d8413c128ab01bb9710a5c69,2,673,c0ff7833c0013b08
3907,3907,3907,spring-projects/spring-security,6fe569556c0f5a60d8413c128ab01bb9710a5c69,2,673,c0ff7833c0013b08
3908,3908,3908,spring-projects/spring-security,6fe569556c0f5a60d8413c128ab01bb9710a5c69,1,673,c0ff7833c0013b08
3909,3909,3909,spring-projects/spring-security,6fe569556c0f5a60d8413c128ab01bb9710a5c69,2,673,c0ff7833c0013b08
3910,3910,3910,spring-projects/spring-security,6833b1c348199cb666e3738b634266dc20431319,1,731,c0ff7833c0013b08
3911,3911,3911,spring-projects/spring-security,6833b1c348199cb666e3738b634266dc20431319,9,731,c0ff7833c0013b08
3912,3912,3912,spring-projects/spring-security,6833b1c348199cb666e3738b634266dc20431319,4,731,c0ff7833c0013b08
3913,3913,3913,spring-projects/spring-security,6833b1c348199cb666e3738b634266dc20431319,2,731,c0ff7833c0013b08
3914,3914,3914,spring-projects/spring-security,6833b1c348199cb666e3738b634266dc20431319,1,731,c0ff7833c0013b08
3915,3915,3915,spring-projects/spring-security,6833b1c348199cb666e3738b634266dc20431319,2,731,c0ff7833c0013b08
3916,3916,3916,spring-projects/spring-security,ac30552c423d7de759cbccf681c722202e6bc97c,1,759,c0ff7833c0013b08
3917,3917,3917,spring-projects/spring-security,d37c82e7b08db696bf18426521dc4497b0c73750,1,823,c0ff7833c0013b08
3918,3918,3918,spring-projects/spring-security,d37c82e7b08db696bf18426521dc4497b0c73750,2,823,c0ff7833c0013b08
3919,3919,3919,spring-projects/spring-security,d37c82e7b08db696bf18426521dc4497b0c73750,1,823,c0ff7833c0013b08
3920,3920,3920,spring-projects/spring-security,d37c82e7b08db696bf18426521dc4497b0c73750,1,823,c0ff7833c0013b08
3921,3921,3921,spring-projects/spring-security,d37c82e7b08db696bf18426521dc4497b0c73750,1,823,c0ff7833c0013b08
3922,3922,3922,spring-projects/spring-security,df17a2d885dfa85bb1a339bb2a491a852586f605,2,887,c0ff7833c0013b08
3923,3923,3923,spring-projects/spring-security,d37c82e7b08db696bf18426521dc4497b0c73750,2,823,c0ff7833c0013b08
3924,3924,3924,spring-projects/spring-security,d37c82e7b08db696bf18426521dc4497b0c73750,3,823,c0ff7833c0013b08
3925,3925,3925,spring-projects/spring-security,99e3a5d715ea1e210d5a180f708b80bf75070d48,3,877,c0ff7833c0013b08
3926,3926,3926,spring-projects/spring-security,99e3a5d715ea1e210d5a180f708b80bf75070d48,5,877,c0ff7833c0013b08
3927,3927,3927,spring-projects/spring-security,99e3a5d715ea1e210d5a180f708b80bf75070d48,1,877,c0ff7833c0013b08
3928,3928,3928,spring-projects/spring-security,973fdf69f2593ed42198d5a7ef9d0497ffb7c074,3,882,c0ff7833c0013b08
3929,3929,3929,spring-projects/spring-security,973fdf69f2593ed42198d5a7ef9d0497ffb7c074,1,882,c0ff7833c0013b08
3930,3930,3930,spring-projects/spring-security,973fdf69f2593ed42198d5a7ef9d0497ffb7c074,5,882,c0ff7833c0013b08
3931,3931,3931,spring-projects/spring-security,973fdf69f2593ed42198d5a7ef9d0497ffb7c074,3,882,c0ff7833c0013b08
3932,3932,3932,spring-projects/spring-security,973fdf69f2593ed42198d5a7ef9d0497ffb7c074,1,882,c0ff7833c0013b08
3933,3933,3933,spring-projects/spring-security,973fdf69f2593ed42198d5a7ef9d0497ffb7c074,12,882,c0ff7833c0013b08
3934,3934,3934,spring-projects/spring-security,973fdf69f2593ed42198d5a7ef9d0497ffb7c074,2,882,c0ff7833c0013b08
3935,3935,3935,spring-projects/spring-security,973fdf69f2593ed42198d5a7ef9d0497ffb7c074,3,882,c0ff7833c0013b08
3936,3936,3936,spring-projects/spring-security,a899084581b7fe2bccf4733f7c5c97d4accec264,7,909,c0ff7833c0013b08
3937,3937,3937,spring-projects/spring-security,a899084581b7fe2bccf4733f7c5c97d4accec264,3,909,c0ff7833c0013b08
3938,3938,3938,spring-projects/spring-security,a899084581b7fe2bccf4733f7c5c97d4accec264,2,909,c0ff7833c0013b08
3939,3939,3939,spring-projects/spring-security,a899084581b7fe2bccf4733f7c5c97d4accec264,4,909,c0ff7833c0013b08
3940,3940,3940,spring-projects/spring-security,a899084581b7fe2bccf4733f7c5c97d4accec264,1,909,c0ff7833c0013b08
3941,3941,3941,spring-projects/spring-security,a899084581b7fe2bccf4733f7c5c97d4accec264,2,909,c0ff7833c0013b08
3942,3942,3942,spring-projects/spring-security,a899084581b7fe2bccf4733f7c5c97d4accec264,1,909,c0ff7833c0013b08
3943,3943,3943,spring-projects/spring-security,a899084581b7fe2bccf4733f7c5c97d4accec264,1,909,c0ff7833c0013b08
3944,3944,3944,spring-projects/spring-security,a899084581b7fe2bccf4733f7c5c97d4accec264,4,909,c0ff7833c0013b08
3945,3945,3945,spring-projects/spring-security,a899084581b7fe2bccf4733f7c5c97d4accec264,2,909,c0ff7833c0013b08
3946,3946,3946,spring-projects/spring-security,a899084581b7fe2bccf4733f7c5c97d4accec264,1,909,c0ff7833c0013b08
3947,3947,3947,spring-projects/spring-security,45253ca148e9d2bf6fca32af323e315c3510b558,2,915,c0ff7833c0013b08
3948,3948,3948,spring-projects/spring-security,45253ca148e9d2bf6fca32af323e315c3510b558,1,915,c0ff7833c0013b08
3949,3949,3949,spring-projects/spring-security,45253ca148e9d2bf6fca32af323e315c3510b558,2,915,c0ff7833c0013b08
3950,3950,3950,spring-projects/spring-security,45253ca148e9d2bf6fca32af323e315c3510b558,2,915,c0ff7833c0013b08
3951,3951,3951,spring-projects/spring-security,45253ca148e9d2bf6fca32af323e315c3510b558,1,915,c0ff7833c0013b08
3952,3952,3952,spring-projects/spring-security,45253ca148e9d2bf6fca32af323e315c3510b558,4,915,c0ff7833c0013b08
3953,3953,3953,spring-projects/spring-security,d6d9bc9d6b4c2cbb94a7efbf8d8407e3c35dc0c2,2,926,c0ff7833c0013b08
3954,3954,3954,spring-projects/spring-security,d6d9bc9d6b4c2cbb94a7efbf8d8407e3c35dc0c2,2,926,c0ff7833c0013b08
3955,3955,3955,spring-projects/spring-security,d6d9bc9d6b4c2cbb94a7efbf8d8407e3c35dc0c2,2,926,c0ff7833c0013b08
3956,3956,3956,spring-projects/spring-security,d6d9bc9d6b4c2cbb94a7efbf8d8407e3c35dc0c2,4,926,c0ff7833c0013b08
3957,3957,3957,spring-projects/spring-security,d6d9bc9d6b4c2cbb94a7efbf8d8407e3c35dc0c2,1,926,c0ff7833c0013b08
3958,3958,3958,spring-projects/spring-security,d6d9bc9d6b4c2cbb94a7efbf8d8407e3c35dc0c2,1,926,c0ff7833c0013b08
3959,3959,3959,spring-projects/spring-security,d6d9bc9d6b4c2cbb94a7efbf8d8407e3c35dc0c2,3,926,c0ff7833c0013b08
3960,3960,3960,spring-projects/spring-security,d6d9bc9d6b4c2cbb94a7efbf8d8407e3c35dc0c2,2,926,c0ff7833c0013b08
3961,3961,3961,spring-projects/spring-security,d6d9bc9d6b4c2cbb94a7efbf8d8407e3c35dc0c2,2,926,c0ff7833c0013b08
3962,3962,3962,spring-projects/spring-security,d6d9bc9d6b4c2cbb94a7efbf8d8407e3c35dc0c2,1,926,c0ff7833c0013b08
3963,3963,3963,spring-projects/spring-security,d6d9bc9d6b4c2cbb94a7efbf8d8407e3c35dc0c2,3,926,c0ff7833c0013b08
3964,3964,3964,spring-projects/spring-security,37fb78baf8b50bf38f2e3e37e707a821352a28fe,1,987,c0ff7833c0013b08
3965,3965,3965,spring-projects/spring-security,37fb78baf8b50bf38f2e3e37e707a821352a28fe,3,987,c0ff7833c0013b08
3966,3966,3966,spring-projects/spring-security,37fb78baf8b50bf38f2e3e37e707a821352a28fe,1,987,c0ff7833c0013b08
3967,3967,3967,spring-projects/spring-security,37fb78baf8b50bf38f2e3e37e707a821352a28fe,1,987,c0ff7833c0013b08
3968,3968,3968,spring-projects/spring-security,4361211c218a0394fd7b7b74078d999fc8aafcc8,2,987,c0ff7833c0013b08
3969,3969,3969,spring-projects/spring-security,4361211c218a0394fd7b7b74078d999fc8aafcc8,2,987,c0ff7833c0013b08
3970,3970,3970,spring-projects/spring-security,4361211c218a0394fd7b7b74078d999fc8aafcc8,3,987,c0ff7833c0013b08
3971,3971,3971,spring-projects/spring-security,4361211c218a0394fd7b7b74078d999fc8aafcc8,2,987,c0ff7833c0013b08
3972,3972,3972,spring-projects/spring-security,751ab1886bd0d4ff7c08144e2cd00f9a12e055f4,1,917,c0ff7833c0013b08
3973,3973,3973,spring-projects/spring-security,751ab1886bd0d4ff7c08144e2cd00f9a12e055f4,2,917,c0ff7833c0013b08
3974,3974,3974,spring-projects/spring-security,0e5aa7008de42498aef849ac702dbaa4bafe5abf,2,927,c0ff7833c0013b08
3975,3975,3975,spring-projects/spring-security,0e5aa7008de42498aef849ac702dbaa4bafe5abf,1,927,c0ff7833c0013b08
3976,3976,3976,spring-projects/spring-security,0e5aa7008de42498aef849ac702dbaa4bafe5abf,1,927,c0ff7833c0013b08
3977,3977,3977,spring-projects/spring-security,48cd912607bb0ab3c987439353a7ee309f101cf0,3,928,c0ff7833c0013b08
3978,3978,3978,spring-projects/spring-security,48cd912607bb0ab3c987439353a7ee309f101cf0,1,928,c0ff7833c0013b08
3979,3979,3979,spring-projects/spring-security,48cd912607bb0ab3c987439353a7ee309f101cf0,3,928,c0ff7833c0013b08
3980,3980,3980,spring-projects/spring-security,48cd912607bb0ab3c987439353a7ee309f101cf0,2,928,c0ff7833c0013b08
3981,3981,3981,spring-projects/spring-security,48cd912607bb0ab3c987439353a7ee309f101cf0,2,928,c0ff7833c0013b08
3982,3982,3982,spring-projects/spring-security,48cd912607bb0ab3c987439353a7ee309f101cf0,3,928,c0ff7833c0013b08
3983,3983,3983,spring-projects/spring-security,48cd912607bb0ab3c987439353a7ee309f101cf0,3,928,c0ff7833c0013b08
3984,3984,3984,spring-projects/spring-security,48cd912607bb0ab3c987439353a7ee309f101cf0,2,928,c0ff7833c0013b08
3985,3985,3985,spring-projects/spring-security,48cd912607bb0ab3c987439353a7ee309f101cf0,1,928,c0ff7833c0013b08
3986,3986,3986,spring-projects/spring-security,48cd912607bb0ab3c987439353a7ee309f101cf0,1,928,c0ff7833c0013b08
3987,3987,3987,spring-projects/spring-security,48cd912607bb0ab3c987439353a7ee309f101cf0,1,928,c0ff7833c0013b08
3988,3988,3988,spring-projects/spring-security,48cd912607bb0ab3c987439353a7ee309f101cf0,3,928,c0ff7833c0013b08
3989,3989,3989,spring-projects/spring-security,f2cf17bd4970220d5e8dc08a5a79593210b8d18c,1,931,c0ff7833c0013b08
3990,3990,3990,spring-projects/spring-security,f2cf17bd4970220d5e8dc08a5a79593210b8d18c,3,931,c0ff7833c0013b08
3991,3991,3991,spring-projects/spring-security,9c696df36e9d3e327cb827a200572a0ee822cdcc,5,874,c0ff7833c0013b08
3992,3992,3992,spring-projects/spring-security,9c696df36e9d3e327cb827a200572a0ee822cdcc,5,874,c0ff7833c0013b08
3993,3993,3993,spring-projects/spring-security,9c696df36e9d3e327cb827a200572a0ee822cdcc,1,874,c0ff7833c0013b08
3994,3994,3994,spring-projects/spring-security,9c696df36e9d3e327cb827a200572a0ee822cdcc,1,874,c0ff7833c0013b08
3995,3995,3995,spring-projects/spring-security,9c696df36e9d3e327cb827a200572a0ee822cdcc,2,874,c0ff7833c0013b08
3996,3996,3996,spring-projects/spring-security,9c696df36e9d3e327cb827a200572a0ee822cdcc,2,874,c0ff7833c0013b08
3997,3997,3997,spring-projects/spring-security,9c696df36e9d3e327cb827a200572a0ee822cdcc,2,874,c0ff7833c0013b08
3998,3998,3998,spring-projects/spring-security,9c696df36e9d3e327cb827a200572a0ee822cdcc,2,874,c0ff7833c0013b08
3999,3999,3999,spring-projects/spring-security,9c696df36e9d3e327cb827a200572a0ee822cdcc,2,874,c0ff7833c0013b08
4000,4000,4000,spring-projects/spring-security,9c696df36e9d3e327cb827a200572a0ee822cdcc,2,874,c0ff7833c0013b08
4001,4001,4001,spring-projects/spring-security,9c696df36e9d3e327cb827a200572a0ee822cdcc,2,874,c0ff7833c0013b08
4002,4002,4002,spring-projects/spring-security,9c696df36e9d3e327cb827a200572a0ee822cdcc,2,874,c0ff7833c0013b08
4003,4003,4003,spring-projects/spring-security,9c696df36e9d3e327cb827a200572a0ee822cdcc,9,874,c0ff7833c0013b08
4004,4004,4004,spring-projects/spring-security,9c696df36e9d3e327cb827a200572a0ee822cdcc,3,874,c0ff7833c0013b08
4005,4005,4005,spring-projects/spring-security,9c696df36e9d3e327cb827a200572a0ee822cdcc,3,874,c0ff7833c0013b08
4006,4006,4006,spring-projects/spring-security,9c696df36e9d3e327cb827a200572a0ee822cdcc,4,874,c0ff7833c0013b08
4007,4007,4007,spring-projects/spring-security,9c696df36e9d3e327cb827a200572a0ee822cdcc,2,874,c0ff7833c0013b08
4008,4008,4008,spring-projects/spring-security,9c696df36e9d3e327cb827a200572a0ee822cdcc,1,874,c0ff7833c0013b08
4009,4009,4009,spring-projects/spring-security,9c696df36e9d3e327cb827a200572a0ee822cdcc,1,874,c0ff7833c0013b08
4010,4010,4010,spring-projects/spring-security,05634f97dc032e14224717968fcd453fbaeede96,2,881,c0ff7833c0013b08
4011,4011,4011,spring-projects/spring-security,05634f97dc032e14224717968fcd453fbaeede96,2,881,c0ff7833c0013b08
4012,4012,4012,spring-projects/spring-security,05634f97dc032e14224717968fcd453fbaeede96,1,881,c0ff7833c0013b08
4013,4013,4013,spring-projects/spring-security,05634f97dc032e14224717968fcd453fbaeede96,1,881,c0ff7833c0013b08
4014,4014,4014,spring-projects/spring-security,05634f97dc032e14224717968fcd453fbaeede96,2,881,c0ff7833c0013b08
4015,4015,4015,spring-projects/spring-security,05634f97dc032e14224717968fcd453fbaeede96,2,881,c0ff7833c0013b08
4016,4016,4016,spring-projects/spring-security,05634f97dc032e14224717968fcd453fbaeede96,2,881,c0ff7833c0013b08
4017,4017,4017,spring-projects/spring-security,05634f97dc032e14224717968fcd453fbaeede96,1,881,c0ff7833c0013b08
4018,4018,4018,spring-projects/spring-security,05634f97dc032e14224717968fcd453fbaeede96,3,881,c0ff7833c0013b08
4019,4019,4019,spring-projects/spring-security,05634f97dc032e14224717968fcd453fbaeede96,4,881,c0ff7833c0013b08
4020,4020,4020,spring-projects/spring-security,05634f97dc032e14224717968fcd453fbaeede96,1,881,c0ff7833c0013b08
4021,4021,4021,spring-projects/spring-security,05634f97dc032e14224717968fcd453fbaeede96,3,881,c0ff7833c0013b08
4022,4022,4022,spring-projects/spring-security,44f45d21f05750d4a6b99769c77d93291227c57e,2,972,c0ff7833c0013b08
4023,4023,4023,spring-projects/spring-security,44f45d21f05750d4a6b99769c77d93291227c57e,3,972,c0ff7833c0013b08
4024,4024,4024,spring-projects/spring-security,44f45d21f05750d4a6b99769c77d93291227c57e,1,972,c0ff7833c0013b08
4025,4025,4025,spring-projects/spring-security,44f45d21f05750d4a6b99769c77d93291227c57e,1,972,c0ff7833c0013b08
4026,4026,4026,spring-projects/spring-security,44f45d21f05750d4a6b99769c77d93291227c57e,4,972,c0ff7833c0013b08
4027,4027,4027,spring-projects/spring-security,44f45d21f05750d4a6b99769c77d93291227c57e,2,972,c0ff7833c0013b08
4028,4028,4028,spring-projects/spring-security,44f45d21f05750d4a6b99769c77d93291227c57e,4,972,c0ff7833c0013b08
4029,4029,4029,spring-projects/spring-security,44f45d21f05750d4a6b99769c77d93291227c57e,1,972,c0ff7833c0013b08
4030,4030,4030,spring-projects/spring-security,44f45d21f05750d4a6b99769c77d93291227c57e,2,972,c0ff7833c0013b08
4031,4031,4031,spring-projects/spring-security,44f45d21f05750d4a6b99769c77d93291227c57e,1,972,c0ff7833c0013b08
4032,4032,4032,spring-projects/spring-security,44f45d21f05750d4a6b99769c77d93291227c57e,1,972,c0ff7833c0013b08
4033,4033,4033,spring-projects/spring-security,44f45d21f05750d4a6b99769c77d93291227c57e,2,972,c0ff7833c0013b08
4034,4034,4034,spring-projects/spring-security,9b0c21dfefafd301f061ee21ef6197416f7f9a85,1,979,c0ff7833c0013b08
4035,4035,4035,spring-projects/spring-security,9b0c21dfefafd301f061ee21ef6197416f7f9a85,2,979,c0ff7833c0013b08
4036,4036,4036,spring-projects/spring-security,9b0c21dfefafd301f061ee21ef6197416f7f9a85,2,979,c0ff7833c0013b08
4037,4037,4037,spring-projects/spring-security,9b0c21dfefafd301f061ee21ef6197416f7f9a85,2,979,c0ff7833c0013b08
4038,4038,4038,spring-projects/spring-security,9b0c21dfefafd301f061ee21ef6197416f7f9a85,1,979,c0ff7833c0013b08
4039,4039,4039,spring-projects/spring-security,9b0c21dfefafd301f061ee21ef6197416f7f9a85,2,979,c0ff7833c0013b08
4040,4040,4040,spring-projects/spring-security,9b0c21dfefafd301f061ee21ef6197416f7f9a85,7,979,c0ff7833c0013b08
4041,4041,4041,spring-projects/spring-security,82d140ffb1173d9176cf9382358f1861b74989e6,1,993,c0ff7833c0013b08
4042,4042,4042,spring-projects/spring-security,82d140ffb1173d9176cf9382358f1861b74989e6,2,993,c0ff7833c0013b08
4043,4043,4043,spring-projects/spring-security,82d140ffb1173d9176cf9382358f1861b74989e6,2,993,c0ff7833c0013b08
4044,4044,4044,spring-projects/spring-security,82d140ffb1173d9176cf9382358f1861b74989e6,2,993,c0ff7833c0013b08
4045,4045,4045,spring-projects/spring-security,90304f64c63562ab20c24c5f014a7f55d7d883d2,4,993,c0ff7833c0013b08
4046,4046,4046,spring-projects/spring-security,90304f64c63562ab20c24c5f014a7f55d7d883d2,1,993,c0ff7833c0013b08
4047,4047,4047,spring-projects/spring-security,90304f64c63562ab20c24c5f014a7f55d7d883d2,4,993,c0ff7833c0013b08
4048,4048,4048,spring-projects/spring-security,90304f64c63562ab20c24c5f014a7f55d7d883d2,1,993,c0ff7833c0013b08
4049,4049,4049,spring-projects/spring-security,90304f64c63562ab20c24c5f014a7f55d7d883d2,1,993,c0ff7833c0013b08
4050,4050,4050,spring-projects/spring-security,90304f64c63562ab20c24c5f014a7f55d7d883d2,2,993,c0ff7833c0013b08
4051,4051,4051,spring-projects/spring-security,90304f64c63562ab20c24c5f014a7f55d7d883d2,1,993,c0ff7833c0013b08
4052,4052,4052,spring-projects/spring-security,90304f64c63562ab20c24c5f014a7f55d7d883d2,2,993,c0ff7833c0013b08
4053,4053,4053,spring-projects/spring-security,90304f64c63562ab20c24c5f014a7f55d7d883d2,2,993,c0ff7833c0013b08
4054,4054,4054,spring-projects/spring-security,90304f64c63562ab20c24c5f014a7f55d7d883d2,2,993,c0ff7833c0013b08
4055,4055,4055,spring-projects/spring-security,714ee3e960e66c6b80b87a10a1c7217a2d674bb2,2,998,c0ff7833c0013b08
4056,4056,4056,spring-projects/spring-security,714ee3e960e66c6b80b87a10a1c7217a2d674bb2,1,998,c0ff7833c0013b08
4057,4057,4057,spring-projects/spring-security,714ee3e960e66c6b80b87a10a1c7217a2d674bb2,1,998,c0ff7833c0013b08
4058,4058,4058,spring-projects/spring-security,714ee3e960e66c6b80b87a10a1c7217a2d674bb2,2,998,c0ff7833c0013b08
4059,4059,4059,spring-projects/spring-security,714ee3e960e66c6b80b87a10a1c7217a2d674bb2,4,998,c0ff7833c0013b08
4060,4060,4060,spring-projects/spring-security,714ee3e960e66c6b80b87a10a1c7217a2d674bb2,1,998,c0ff7833c0013b08
4061,4061,4061,spring-projects/spring-security,714ee3e960e66c6b80b87a10a1c7217a2d674bb2,2,998,c0ff7833c0013b08
4062,4062,4062,spring-projects/spring-security,714ee3e960e66c6b80b87a10a1c7217a2d674bb2,2,998,c0ff7833c0013b08
4063,4063,4063,spring-projects/spring-security,714ee3e960e66c6b80b87a10a1c7217a2d674bb2,1,998,c0ff7833c0013b08
4064,4064,4064,spring-projects/spring-security,714ee3e960e66c6b80b87a10a1c7217a2d674bb2,1,998,c0ff7833c0013b08
4065,4065,4065,spring-projects/spring-security,714ee3e960e66c6b80b87a10a1c7217a2d674bb2,1,998,c0ff7833c0013b08
4066,4066,4066,spring-projects/spring-security,714ee3e960e66c6b80b87a10a1c7217a2d674bb2,2,998,c0ff7833c0013b08
4067,4067,4067,spring-projects/spring-security,23c4d1ec280b895e2f7ec9b385396c6c4c1dfb97,1,1001,c0ff7833c0013b08
4068,4068,4068,spring-projects/spring-security,23c4d1ec280b895e2f7ec9b385396c6c4c1dfb97,1,1001,c0ff7833c0013b08
4069,4069,4069,spring-projects/spring-security,23c4d1ec280b895e2f7ec9b385396c6c4c1dfb97,3,1001,c0ff7833c0013b08
4070,4070,4070,spring-projects/spring-security,0ca5157f479f28bc3aca40614b382465e6083f10,3,1041,c0ff7833c0013b08
4071,4071,4071,spring-projects/spring-security,0ca5157f479f28bc3aca40614b382465e6083f10,1,1041,c0ff7833c0013b08
4072,4072,4072,spring-projects/spring-security,0ca5157f479f28bc3aca40614b382465e6083f10,1,1041,c0ff7833c0013b08
4073,4073,4073,spring-projects/spring-security,b62d36d6468e7e024892a1e1ecf14c76e84dc55b,1,1076,c0ff7833c0013b08
4074,4074,4074,spring-projects/spring-security,b62d36d6468e7e024892a1e1ecf14c76e84dc55b,1,1076,c0ff7833c0013b08
4075,4075,4075,spring-projects/spring-security,b62d36d6468e7e024892a1e1ecf14c76e84dc55b,1,1076,c0ff7833c0013b08
4076,4076,4076,spring-projects/spring-security,b62d36d6468e7e024892a1e1ecf14c76e84dc55b,1,1076,c0ff7833c0013b08
4077,4077,4077,spring-projects/spring-security,b62d36d6468e7e024892a1e1ecf14c76e84dc55b,1,1076,c0ff7833c0013b08
4078,4078,4078,spring-projects/spring-security,513f08707d38478da4e361ad8ac2e8acede82f31,1,1074,c0ff7833c0013b08
4079,4079,4079,spring-projects/spring-security,513f08707d38478da4e361ad8ac2e8acede82f31,2,1074,c0ff7833c0013b08
4080,4080,4080,spring-projects/spring-security,b62d36d6468e7e024892a1e1ecf14c76e84dc55b,2,1076,c0ff7833c0013b08
4081,4081,4081,spring-projects/spring-security,513f08707d38478da4e361ad8ac2e8acede82f31,1,1074,c0ff7833c0013b08
4082,4082,4082,spring-projects/spring-security,513f08707d38478da4e361ad8ac2e8acede82f31,1,1074,c0ff7833c0013b08
4083,4083,4083,spring-projects/spring-security,9e619611ae1b55debc57ca71b90b8542d6529bdf,1,1084,c0ff7833c0013b08
4084,4084,4084,spring-projects/spring-security,513f08707d38478da4e361ad8ac2e8acede82f31,1,1074,c0ff7833c0013b08
4085,4085,4085,spring-projects/spring-security,9e619611ae1b55debc57ca71b90b8542d6529bdf,1,1084,c0ff7833c0013b08
4086,4086,4086,spring-projects/spring-security,9b423a7726e999b6c80e8c4a769a99dd634f56ce,1,1087,c0ff7833c0013b08
4087,4087,4087,spring-projects/spring-security,9b423a7726e999b6c80e8c4a769a99dd634f56ce,1,1087,c0ff7833c0013b08
4088,4088,4088,spring-projects/spring-security,9b423a7726e999b6c80e8c4a769a99dd634f56ce,2,1087,c0ff7833c0013b08
4089,4089,4089,spring-projects/spring-security,9b423a7726e999b6c80e8c4a769a99dd634f56ce,2,1087,c0ff7833c0013b08
4090,4090,4090,spring-projects/spring-security,9b423a7726e999b6c80e8c4a769a99dd634f56ce,1,1087,c0ff7833c0013b08
4091,4091,4091,spring-projects/spring-security,9b423a7726e999b6c80e8c4a769a99dd634f56ce,4,1087,c0ff7833c0013b08
4092,4092,4092,spring-projects/spring-security,9b423a7726e999b6c80e8c4a769a99dd634f56ce,1,1087,c0ff7833c0013b08
4093,4093,4093,spring-projects/spring-security,9b423a7726e999b6c80e8c4a769a99dd634f56ce,2,1087,c0ff7833c0013b08
4094,4094,4094,spring-projects/spring-security,9b423a7726e999b6c80e8c4a769a99dd634f56ce,1,1087,c0ff7833c0013b08
4095,4095,4095,spring-projects/spring-security,9b423a7726e999b6c80e8c4a769a99dd634f56ce,2,1087,c0ff7833c0013b08
4096,4096,4096,spring-projects/spring-security,9b423a7726e999b6c80e8c4a769a99dd634f56ce,1,1087,c0ff7833c0013b08
4097,4097,4097,spring-projects/spring-security,9b423a7726e999b6c80e8c4a769a99dd634f56ce,2,1087,c0ff7833c0013b08
4098,4098,4098,spring-projects/spring-security,9b423a7726e999b6c80e8c4a769a99dd634f56ce,2,1087,c0ff7833c0013b08
4099,4099,4099,spring-projects/spring-security,9b423a7726e999b6c80e8c4a769a99dd634f56ce,1,1087,c0ff7833c0013b08
4100,4100,4100,spring-projects/spring-security,9b423a7726e999b6c80e8c4a769a99dd634f56ce,2,1087,c0ff7833c0013b08
4101,4101,4101,spring-projects/spring-security,9b423a7726e999b6c80e8c4a769a99dd634f56ce,5,1087,c0ff7833c0013b08
4102,4102,4102,spring-projects/spring-security,9b423a7726e999b6c80e8c4a769a99dd634f56ce,2,1087,c0ff7833c0013b08
4103,4103,4103,spring-projects/spring-security,9b423a7726e999b6c80e8c4a769a99dd634f56ce,4,1087,c0ff7833c0013b08
4104,4104,4104,spring-projects/spring-security,9b423a7726e999b6c80e8c4a769a99dd634f56ce,1,1087,c0ff7833c0013b08
4105,4105,4105,spring-projects/spring-security,9b423a7726e999b6c80e8c4a769a99dd634f56ce,2,1087,c0ff7833c0013b08
4106,4106,4106,spring-projects/spring-security,9b423a7726e999b6c80e8c4a769a99dd634f56ce,2,1087,c0ff7833c0013b08
4107,4107,4107,spring-projects/spring-security,f46a5bab40ad565c30b632608a69060dcee15522,1,1095,c0ff7833c0013b08
4108,4108,4108,spring-projects/spring-security,f46a5bab40ad565c30b632608a69060dcee15522,2,1095,c0ff7833c0013b08
4109,4109,4109,spring-projects/spring-security,f46a5bab40ad565c30b632608a69060dcee15522,2,1095,c0ff7833c0013b08
4110,4110,4110,spring-projects/spring-security,f46a5bab40ad565c30b632608a69060dcee15522,2,1095,c0ff7833c0013b08
4111,4111,4111,spring-projects/spring-security,f46a5bab40ad565c30b632608a69060dcee15522,2,1095,c0ff7833c0013b08
4112,4112,4112,spring-projects/spring-security,f46a5bab40ad565c30b632608a69060dcee15522,2,1095,c0ff7833c0013b08
4113,4113,4113,spring-projects/spring-security,b1d8e6164f806966e75f9cbac93b9e3581b57cb7,2,1098,c0ff7833c0013b08
4114,4114,4114,spring-projects/spring-security,b1d8e6164f806966e75f9cbac93b9e3581b57cb7,2,1098,c0ff7833c0013b08
4115,4115,4115,spring-projects/spring-security,b1d8e6164f806966e75f9cbac93b9e3581b57cb7,1,1098,c0ff7833c0013b08
4116,4116,4116,spring-projects/spring-security,b1d8e6164f806966e75f9cbac93b9e3581b57cb7,2,1098,c0ff7833c0013b08
4117,4117,4117,spring-projects/spring-security,b1d8e6164f806966e75f9cbac93b9e3581b57cb7,2,1098,c0ff7833c0013b08
4118,4118,4118,spring-projects/spring-security,ac472d494ae1baed14fb21d1bd8d5569f5108de0,4,1101,c0ff7833c0013b08
4119,4119,4119,spring-projects/spring-security,ac472d494ae1baed14fb21d1bd8d5569f5108de0,2,1101,c0ff7833c0013b08
4120,4120,4120,spring-projects/spring-security,ac472d494ae1baed14fb21d1bd8d5569f5108de0,1,1101,c0ff7833c0013b08
4121,4121,4121,spring-projects/spring-security,ac472d494ae1baed14fb21d1bd8d5569f5108de0,2,1101,c0ff7833c0013b08
4122,4122,4122,spring-projects/spring-security,ac472d494ae1baed14fb21d1bd8d5569f5108de0,2,1101,c0ff7833c0013b08
4123,4123,4123,spring-projects/spring-security,32abe39afec04a0e8707365753ad3115f60d110c,1,1101,c0ff7833c0013b08
4124,4124,4124,spring-projects/spring-security,32abe39afec04a0e8707365753ad3115f60d110c,2,1101,c0ff7833c0013b08
4125,4125,4125,spring-projects/spring-security,32abe39afec04a0e8707365753ad3115f60d110c,2,1101,c0ff7833c0013b08
4126,4126,4126,spring-projects/spring-security,32abe39afec04a0e8707365753ad3115f60d110c,2,1101,c0ff7833c0013b08
4127,4127,4127,spring-projects/spring-security,32abe39afec04a0e8707365753ad3115f60d110c,1,1101,c0ff7833c0013b08
4128,4128,4128,spring-projects/spring-security,32abe39afec04a0e8707365753ad3115f60d110c,2,1101,c0ff7833c0013b08
4129,4129,4129,spring-projects/spring-security,32abe39afec04a0e8707365753ad3115f60d110c,2,1101,c0ff7833c0013b08
4130,4130,4130,spring-projects/spring-security,cea4c36a93e0dc58ab139e7fa005b66066ae1b7e,1,1142,c0ff7833c0013b08
4131,4131,4131,spring-projects/spring-security,cea4c36a93e0dc58ab139e7fa005b66066ae1b7e,4,1142,c0ff7833c0013b08
4132,4132,4132,spring-projects/spring-security,cea4c36a93e0dc58ab139e7fa005b66066ae1b7e,1,1142,c0ff7833c0013b08
4133,4133,4133,spring-projects/spring-security,b45f7b9585d21f46826f05bc907507ef2dff0370,6,1215,c0ff7833c0013b08
4134,4134,4134,spring-projects/spring-security,b45f7b9585d21f46826f05bc907507ef2dff0370,3,1215,c0ff7833c0013b08
4135,4135,4135,spring-projects/spring-security,b45f7b9585d21f46826f05bc907507ef2dff0370,1,1215,c0ff7833c0013b08
4136,4136,4136,spring-projects/spring-security,b45f7b9585d21f46826f05bc907507ef2dff0370,2,1215,c0ff7833c0013b08
4137,4137,4137,spring-projects/spring-security,b45f7b9585d21f46826f05bc907507ef2dff0370,1,1215,c0ff7833c0013b08
4138,4138,4138,spring-projects/spring-security,63c4fec733ccd8f887a6009047accaffa0b151df,1,1321,c0ff7833c0013b08
4139,4139,4139,spring-projects/spring-security,63c4fec733ccd8f887a6009047accaffa0b151df,2,1321,c0ff7833c0013b08
4140,4140,4140,spring-projects/spring-security,63c4fec733ccd8f887a6009047accaffa0b151df,1,1321,c0ff7833c0013b08
4141,4141,4141,spring-projects/spring-security,63c4fec733ccd8f887a6009047accaffa0b151df,1,1321,c0ff7833c0013b08
4142,4142,4142,spring-projects/spring-security,63c4fec733ccd8f887a6009047accaffa0b151df,1,1321,c0ff7833c0013b08
4143,4143,4143,spring-projects/spring-security,63c4fec733ccd8f887a6009047accaffa0b151df,1,1321,c0ff7833c0013b08
4144,4144,4144,spring-projects/spring-security,63c4fec733ccd8f887a6009047accaffa0b151df,1,1321,c0ff7833c0013b08
4145,4145,4145,spring-projects/spring-security,63c4fec733ccd8f887a6009047accaffa0b151df,3,1321,c0ff7833c0013b08
4146,4146,4146,spring-projects/spring-security,63c4fec733ccd8f887a6009047accaffa0b151df,1,1321,c0ff7833c0013b08
4147,4147,4147,spring-projects/spring-security,63c4fec733ccd8f887a6009047accaffa0b151df,2,1321,c0ff7833c0013b08
4148,4148,4148,spring-projects/spring-security,a549e4b6f95e183d7de41f1fb8423d22957f1c03,1,1353,c0ff7833c0013b08
4149,4149,4149,spring-projects/spring-security,a549e4b6f95e183d7de41f1fb8423d22957f1c03,1,1353,c0ff7833c0013b08
4150,4150,4150,spring-projects/spring-security,63c4fec733ccd8f887a6009047accaffa0b151df,2,1321,c0ff7833c0013b08
4151,4151,4151,spring-projects/spring-security,a549e4b6f95e183d7de41f1fb8423d22957f1c03,6,1353,c0ff7833c0013b08
4152,4152,4152,spring-projects/spring-security,a549e4b6f95e183d7de41f1fb8423d22957f1c03,2,1353,c0ff7833c0013b08
4153,4153,4153,spring-projects/spring-security,4619705e37fa49556480fb942247fb7b63727b3e,4,1364,c0ff7833c0013b08
4154,4154,4154,spring-projects/spring-security,4619705e37fa49556480fb942247fb7b63727b3e,2,1364,c0ff7833c0013b08
4155,4155,4155,spring-projects/spring-security,4619705e37fa49556480fb942247fb7b63727b3e,1,1364,c0ff7833c0013b08
4156,4156,4156,spring-projects/spring-security,4619705e37fa49556480fb942247fb7b63727b3e,1,1364,c0ff7833c0013b08
4157,4157,4157,spring-projects/spring-security,4619705e37fa49556480fb942247fb7b63727b3e,1,1364,c0ff7833c0013b08
4158,4158,4158,spring-projects/spring-security,4619705e37fa49556480fb942247fb7b63727b3e,2,1364,c0ff7833c0013b08
4159,4159,4159,spring-projects/spring-security,4619705e37fa49556480fb942247fb7b63727b3e,1,1364,c0ff7833c0013b08
4160,4160,4160,spring-projects/spring-security,9287892863f77df4f29c53701e6fbf3fdc60a9a8,1,1373,c0ff7833c0013b08
4161,4161,4161,spring-projects/spring-security,9287892863f77df4f29c53701e6fbf3fdc60a9a8,4,1373,c0ff7833c0013b08
4162,4162,4162,spring-projects/spring-security,9287892863f77df4f29c53701e6fbf3fdc60a9a8,2,1373,c0ff7833c0013b08
4163,4163,4163,spring-projects/spring-security,9287892863f77df4f29c53701e6fbf3fdc60a9a8,2,1373,c0ff7833c0013b08
4164,4164,4164,spring-projects/spring-security,afe5ec53d48393113f4f10f69b76ce7ac12b348c,1,1381,c0ff7833c0013b08
4165,4165,4165,spring-projects/spring-security,afe5ec53d48393113f4f10f69b76ce7ac12b348c,1,1381,c0ff7833c0013b08
4166,4166,4166,spring-projects/spring-security,afe5ec53d48393113f4f10f69b76ce7ac12b348c,1,1381,c0ff7833c0013b08
4167,4167,4167,spring-projects/spring-security,afcad4f0d48c9e4ca8abebcd08ebc3dc6194a6e9,2,1381,c0ff7833c0013b08
4168,4168,4168,spring-projects/spring-security,afcad4f0d48c9e4ca8abebcd08ebc3dc6194a6e9,2,1381,c0ff7833c0013b08
4169,4169,4169,spring-projects/spring-security,afcad4f0d48c9e4ca8abebcd08ebc3dc6194a6e9,1,1381,c0ff7833c0013b08
4170,4170,4170,spring-projects/spring-security,afcad4f0d48c9e4ca8abebcd08ebc3dc6194a6e9,2,1381,c0ff7833c0013b08
4171,4171,4171,spring-projects/spring-security,afcad4f0d48c9e4ca8abebcd08ebc3dc6194a6e9,4,1381,c0ff7833c0013b08
4172,4172,4172,spring-projects/spring-security,59bb10ef81dc0f1ceaeee8ab1c4d83344b924f90,1,1382,c0ff7833c0013b08
4173,4173,4173,spring-projects/spring-security,59bb10ef81dc0f1ceaeee8ab1c4d83344b924f90,2,1382,c0ff7833c0013b08
4174,4174,4174,spring-projects/spring-security,6dc270383762fa3509792ce34843b76f3f22130c,1,1387,c0ff7833c0013b08
4175,4175,4175,spring-projects/spring-security,6dc270383762fa3509792ce34843b76f3f22130c,1,1387,c0ff7833c0013b08
4176,4176,4176,spring-projects/spring-security,6dc270383762fa3509792ce34843b76f3f22130c,4,1387,c0ff7833c0013b08
4177,4177,4177,spring-projects/spring-security,6dc270383762fa3509792ce34843b76f3f22130c,2,1387,c0ff7833c0013b08
4178,4178,4178,spring-projects/spring-security,6dc270383762fa3509792ce34843b76f3f22130c,2,1387,c0ff7833c0013b08
4179,4179,4179,spring-projects/spring-security,6dc270383762fa3509792ce34843b76f3f22130c,2,1387,c0ff7833c0013b08
4180,4180,4180,spring-projects/spring-security,6dc270383762fa3509792ce34843b76f3f22130c,1,1387,c0ff7833c0013b08
4181,4181,4181,spring-projects/spring-security,6dc270383762fa3509792ce34843b76f3f22130c,1,1387,c0ff7833c0013b08
4182,4182,4182,spring-projects/spring-security,98abd29c9feb67cc2a02cab1cd0f50f2306b7f1b,2,1392,c0ff7833c0013b08
4183,4183,4183,spring-projects/spring-security,98abd29c9feb67cc2a02cab1cd0f50f2306b7f1b,1,1392,c0ff7833c0013b08
4184,4184,4184,spring-projects/spring-security,644392045ab256246bb2212b85054e584dc57b8e,2,1392,c0ff7833c0013b08
4185,4185,4185,spring-projects/spring-security,48eb8788c4f077f1d0c9e2ba054d9443b0f6170d,1,1394,c0ff7833c0013b08
4186,4186,4186,spring-projects/spring-security,48eb8788c4f077f1d0c9e2ba054d9443b0f6170d,5,1394,c0ff7833c0013b08
4187,4187,4187,spring-projects/spring-security,48eb8788c4f077f1d0c9e2ba054d9443b0f6170d,2,1394,c0ff7833c0013b08
4188,4188,4188,spring-projects/spring-security,48eb8788c4f077f1d0c9e2ba054d9443b0f6170d,2,1394,c0ff7833c0013b08
4189,4189,4189,spring-projects/spring-security,79cf4f466c136bb9ec9005fe976c557972efb2ac,2,1421,c0ff7833c0013b08
4190,4190,4190,spring-projects/spring-security,d24190f345a9c5937997cf35aca1c4d0235fccdd,1,1471,c0ff7833c0013b08
4191,4191,4191,spring-projects/spring-security,d24190f345a9c5937997cf35aca1c4d0235fccdd,1,1471,c0ff7833c0013b08
4192,4192,4192,spring-projects/spring-security,6a25b8bc83733d9e3e939bf227949ce5ab99300d,3,1449,c0ff7833c0013b08
4193,4193,4193,spring-projects/spring-security,6a25b8bc83733d9e3e939bf227949ce5ab99300d,2,1449,c0ff7833c0013b08
4194,4194,4194,spring-projects/spring-security,6a25b8bc83733d9e3e939bf227949ce5ab99300d,2,1449,c0ff7833c0013b08
4195,4195,4195,spring-projects/spring-security,8f9065b3f6b48b9157b43b9e35153680d1bb68d7,1,1494,c0ff7833c0013b08
4196,4196,4196,spring-projects/spring-security,bbce00b4a66193891700c57922d253190844e76d,1,1492,c0ff7833c0013b08
4197,4197,4197,spring-projects/spring-security,8f9065b3f6b48b9157b43b9e35153680d1bb68d7,2,1494,c0ff7833c0013b08
4198,4198,4198,spring-projects/spring-security,680facd4a81c4af2b10e606b964f84f6294e2c36,1,1495,c0ff7833c0013b08
4199,4199,4199,spring-projects/spring-security,680facd4a81c4af2b10e606b964f84f6294e2c36,1,1495,c0ff7833c0013b08
4200,4200,4200,spring-projects/spring-security,680facd4a81c4af2b10e606b964f84f6294e2c36,1,1495,c0ff7833c0013b08
4201,4201,4201,spring-projects/spring-security,680facd4a81c4af2b10e606b964f84f6294e2c36,2,1495,c0ff7833c0013b08
4202,4202,4202,spring-projects/spring-security,680facd4a81c4af2b10e606b964f84f6294e2c36,1,1495,c0ff7833c0013b08
4203,4203,4203,spring-projects/spring-security,33c9185160c91ffde53ff2c9da5420bd57420e48,2,1503,c0ff7833c0013b08
4204,4204,4204,spring-projects/spring-security,19f88e91793342babf034e55d2f96cbba72c061a,1,1507,c0ff7833c0013b08
4205,4205,4205,spring-projects/spring-security,19f88e91793342babf034e55d2f96cbba72c061a,1,1507,c0ff7833c0013b08
4206,4206,4206,spring-projects/spring-security-oauth,dfc14ee9c52e596d6b009e433696e0e14c690aa7,1,296,c0ff7833c0013b08
4207,4207,4207,spring-projects/spring-security-oauth,dfc14ee9c52e596d6b009e433696e0e14c690aa7,1,296,c0ff7833c0013b08
4208,4208,4208,spring-projects/spring-security-oauth,b81d6c19542af63f5940376debc8b626581d6b99,2,343,c0ff7833c0013b08
4209,4209,4209,spring-projects/spring-security-oauth,b81d6c19542af63f5940376debc8b626581d6b99,1,343,c0ff7833c0013b08
4210,4210,4210,spring-projects/spring-security-oauth,b81d6c19542af63f5940376debc8b626581d6b99,1,343,c0ff7833c0013b08
4211,4211,4211,spring-projects/spring-security-oauth,2d6640db09f3c3b7612ec3bf08e7ff8ff2b90cc7,7,409,c0ff7833c0013b08
4212,4212,4212,spring-projects/spring-security-oauth,b81d6c19542af63f5940376debc8b626581d6b99,1,343,c0ff7833c0013b08
4213,4213,4213,spring-projects/spring-security-oauth,b81d6c19542af63f5940376debc8b626581d6b99,3,343,c0ff7833c0013b08
4214,4214,4214,spring-projects/spring-security-oauth,b81d6c19542af63f5940376debc8b626581d6b99,2,343,c0ff7833c0013b08
4215,4215,4215,spring-projects/spring-security-oauth,10669ff9a0ab5bd79753a5d8a82c20997e74d82e,2,405,c0ff7833c0013b08
4216,4216,4216,spring-projects/spring-security-oauth,2d6640db09f3c3b7612ec3bf08e7ff8ff2b90cc7,2,409,c0ff7833c0013b08
4217,4217,4217,spring-projects/spring-security-oauth,10669ff9a0ab5bd79753a5d8a82c20997e74d82e,2,405,c0ff7833c0013b08
4218,4218,4218,spring-projects/spring-security-oauth,10669ff9a0ab5bd79753a5d8a82c20997e74d82e,4,405,c0ff7833c0013b08
4219,4219,4219,spring-projects/spring-security-oauth,10669ff9a0ab5bd79753a5d8a82c20997e74d82e,2,405,c0ff7833c0013b08
4220,4220,4220,spring-projects/spring-security-oauth,10669ff9a0ab5bd79753a5d8a82c20997e74d82e,3,405,c0ff7833c0013b08
4221,4221,4221,spring-projects/spring-security-oauth,10669ff9a0ab5bd79753a5d8a82c20997e74d82e,2,405,c0ff7833c0013b08
4222,4222,4222,spring-projects/spring-security-oauth,b81d6c19542af63f5940376debc8b626581d6b99,2,343,c0ff7833c0013b08
4223,4223,4223,spring-projects/spring-security-oauth,e31b0fd1df9739b8119c3bb32ef67172d9a5fa41,6,406,c0ff7833c0013b08
4224,4224,4224,spring-projects/spring-security-oauth,e31b0fd1df9739b8119c3bb32ef67172d9a5fa41,3,406,c0ff7833c0013b08
4225,4225,4225,spring-projects/spring-security-oauth,10669ff9a0ab5bd79753a5d8a82c20997e74d82e,3,405,c0ff7833c0013b08
4226,4226,4226,spring-projects/spring-security-oauth,e31b0fd1df9739b8119c3bb32ef67172d9a5fa41,1,406,c0ff7833c0013b08
4227,4227,4227,spring-projects/spring-security-oauth,e31b0fd1df9739b8119c3bb32ef67172d9a5fa41,1,406,c0ff7833c0013b08
4228,4228,4228,spring-projects/spring-security-oauth,2d6640db09f3c3b7612ec3bf08e7ff8ff2b90cc7,2,409,c0ff7833c0013b08
4229,4229,4229,spring-projects/spring-security-oauth,e31b0fd1df9739b8119c3bb32ef67172d9a5fa41,2,406,c0ff7833c0013b08
4230,4230,4230,spring-projects/spring-security-oauth,2d6640db09f3c3b7612ec3bf08e7ff8ff2b90cc7,1,409,c0ff7833c0013b08
4231,4231,4231,spring-projects/spring-security-oauth,2d6640db09f3c3b7612ec3bf08e7ff8ff2b90cc7,2,409,c0ff7833c0013b08
4232,4232,4232,spring-projects/spring-security-oauth,2d6640db09f3c3b7612ec3bf08e7ff8ff2b90cc7,2,409,c0ff7833c0013b08
4233,4233,4233,spring-projects/spring-security-oauth,2d6640db09f3c3b7612ec3bf08e7ff8ff2b90cc7,1,409,c0ff7833c0013b08
4234,4234,4234,spring-projects/spring-security-oauth,10669ff9a0ab5bd79753a5d8a82c20997e74d82e,1,405,c0ff7833c0013b08
4235,4235,4235,spring-projects/spring-security-oauth,2d6640db09f3c3b7612ec3bf08e7ff8ff2b90cc7,2,409,c0ff7833c0013b08
4236,4236,4236,spring-projects/spring-security-oauth,2d6640db09f3c3b7612ec3bf08e7ff8ff2b90cc7,1,409,c0ff7833c0013b08
4237,4237,4237,spring-projects/spring-security-oauth,b93364a3a5cd64115b7b96dd53616c986c09b87f,2,419,c0ff7833c0013b08
4238,4238,4238,spring-projects/spring-security-oauth,b93364a3a5cd64115b7b96dd53616c986c09b87f,2,419,c0ff7833c0013b08
4239,4239,4239,spring-projects/spring-security-oauth,cdf933e8ed1dddbfb5002b44917817c8a3a856ec,2,421,c0ff7833c0013b08
4240,4240,4240,spring-projects/spring-security-oauth,7838c880ff8a58525095ebcbee1f7be6206c8f3e,5,421,c0ff7833c0013b08
4241,4241,4241,spring-projects/spring-security-oauth,bbe9c54e336facd91db235718fafab8433bcf02b,1,421,c0ff7833c0013b08
4242,4242,4242,spring-projects/spring-data-gemfire,795890acff35057468deeb9b15016f433e87862f,2,69,c0ff7833c0013b08
4243,4243,4243,spring-projects/spring-data-gemfire,795890acff35057468deeb9b15016f433e87862f,1,69,c0ff7833c0013b08
4244,4244,4244,spring-projects/spring-data-gemfire,304ca7ed8d3f37b05d7a5e1d501a7a5239874a6e,5,39,c0ff7833c0013b08
4245,4245,4245,spring-projects/spring-data-gemfire,795890acff35057468deeb9b15016f433e87862f,2,69,c0ff7833c0013b08
4246,4246,4246,spring-projects/spring-data-gemfire,795890acff35057468deeb9b15016f433e87862f,1,69,c0ff7833c0013b08
4247,4247,4247,spring-projects/spring-data-gemfire,795890acff35057468deeb9b15016f433e87862f,7,69,c0ff7833c0013b08
4248,4248,4248,spring-projects/spring-data-gemfire,c0df0b41a04f1dc924d7afd11f87fbeb0f478544,1,600,c0ff7833c0013b08
4249,4249,4249,spring-projects/spring-data-gemfire,c0df0b41a04f1dc924d7afd11f87fbeb0f478544,1,600,c0ff7833c0013b08
4250,4250,4250,spring-projects/spring-data-gemfire,45e4b1c8d6bb298dbbe6bae50dbe9aab700cad18,2,107,c0ff7833c0013b08
4251,4251,4251,spring-projects/spring-data-gemfire,45e4b1c8d6bb298dbbe6bae50dbe9aab700cad18,1,107,c0ff7833c0013b08
4252,4252,4252,spring-projects/spring-data-gemfire,d967a1302e3636feccef9ddead2f459465564680,1,104,c0ff7833c0013b08
4253,4253,4253,spring-projects/spring-data-gemfire,d967a1302e3636feccef9ddead2f459465564680,4,104,c0ff7833c0013b08
4254,4254,4254,spring-projects/spring-data-gemfire,2a341c1c946042e134b6772d9752d618e72ccea9,2,108,c0ff7833c0013b08
4255,4255,4255,spring-projects/spring-data-gemfire,08757733019c3fd54f2bb9f8c5e84f44746bd391,2,151,c0ff7833c0013b08
4256,4256,4256,spring-projects/spring-data-gemfire,08757733019c3fd54f2bb9f8c5e84f44746bd391,4,151,c0ff7833c0013b08
4257,4257,4257,spring-projects/spring-data-gemfire,4e26240e0ed2c7824da934ec14601f9631234660,3,187,c0ff7833c0013b08
4258,4258,4258,spring-projects/spring-data-gemfire,4e26240e0ed2c7824da934ec14601f9631234660,4,187,c0ff7833c0013b08
4259,4259,4259,spring-projects/spring-data-gemfire,4e26240e0ed2c7824da934ec14601f9631234660,3,187,c0ff7833c0013b08
4260,4260,4260,spring-projects/spring-data-gemfire,4e26240e0ed2c7824da934ec14601f9631234660,1,187,c0ff7833c0013b08
4261,4261,4261,spring-projects/spring-data-gemfire,65943afb2540bcdd41b77303ab3da4da45c534cf,1,197,c0ff7833c0013b08
4262,4262,4262,spring-projects/spring-data-gemfire,65943afb2540bcdd41b77303ab3da4da45c534cf,1,197,c0ff7833c0013b08
4263,4263,4263,spring-projects/spring-data-gemfire,01c26fbba37abd71a5dc630d8e62e2130d15de36,7,306,c0ff7833c0013b08
4264,4264,4264,spring-projects/spring-data-gemfire,65943afb2540bcdd41b77303ab3da4da45c534cf,1,197,c0ff7833c0013b08
4265,4265,4265,spring-projects/spring-data-gemfire,65c57ba77e75a50894509ab7bd9f672daafc20c4,5,306,c0ff7833c0013b08
4266,4266,4266,spring-projects/spring-data-gemfire,65c57ba77e75a50894509ab7bd9f672daafc20c4,2,306,c0ff7833c0013b08
4267,4267,4267,spring-projects/spring-data-gemfire,65c57ba77e75a50894509ab7bd9f672daafc20c4,2,306,c0ff7833c0013b08
4268,4268,4268,spring-projects/spring-data-gemfire,65c57ba77e75a50894509ab7bd9f672daafc20c4,2,306,c0ff7833c0013b08
4269,4269,4269,spring-projects/spring-data-gemfire,65c57ba77e75a50894509ab7bd9f672daafc20c4,2,306,c0ff7833c0013b08
4270,4270,4270,spring-projects/spring-data-gemfire,65c57ba77e75a50894509ab7bd9f672daafc20c4,2,306,c0ff7833c0013b08
4271,4271,4271,spring-projects/spring-data-gemfire,463b8b21b7c04bea6c5a591eb8f65db7e915815a,5,311,c0ff7833c0013b08
4272,4272,4272,spring-projects/spring-data-gemfire,463b8b21b7c04bea6c5a591eb8f65db7e915815a,2,311,c0ff7833c0013b08
4273,4273,4273,spring-projects/spring-data-gemfire,463b8b21b7c04bea6c5a591eb8f65db7e915815a,2,311,c0ff7833c0013b08
4274,4274,4274,spring-projects/spring-data-gemfire,463b8b21b7c04bea6c5a591eb8f65db7e915815a,2,311,c0ff7833c0013b08
4275,4275,4275,spring-projects/spring-data-gemfire,463b8b21b7c04bea6c5a591eb8f65db7e915815a,4,311,c0ff7833c0013b08
4276,4276,4276,spring-projects/spring-data-gemfire,463b8b21b7c04bea6c5a591eb8f65db7e915815a,2,311,c0ff7833c0013b08
4277,4277,4277,spring-projects/spring-data-gemfire,463b8b21b7c04bea6c5a591eb8f65db7e915815a,16,311,c0ff7833c0013b08
4278,4278,4278,spring-projects/spring-data-gemfire,3dd93326872a0ae761add2a987a59ca3c3c716e3,15,328,c0ff7833c0013b08
4279,4279,4279,spring-projects/spring-data-gemfire,3dd93326872a0ae761add2a987a59ca3c3c716e3,3,328,c0ff7833c0013b08
4280,4280,4280,spring-projects/spring-data-gemfire,3dd93326872a0ae761add2a987a59ca3c3c716e3,3,328,c0ff7833c0013b08
4281,4281,4281,spring-projects/spring-data-gemfire,3dd93326872a0ae761add2a987a59ca3c3c716e3,2,328,c0ff7833c0013b08
4282,4282,4282,spring-projects/spring-data-gemfire,3dd93326872a0ae761add2a987a59ca3c3c716e3,1,328,c0ff7833c0013b08
4283,4283,4283,spring-projects/spring-data-gemfire,924bcb73bb706ec6ffddc545aaf903efd13ccea8,3,396,c0ff7833c0013b08
4284,4284,4284,spring-projects/spring-data-gemfire,924bcb73bb706ec6ffddc545aaf903efd13ccea8,2,396,c0ff7833c0013b08
4285,4285,4285,spring-projects/spring-data-gemfire,3da016b4dcaf67cd3d7e3ef7e2bf8a13fe236bcc,8,386,c0ff7833c0013b08
4286,4286,4286,spring-projects/spring-data-gemfire,2f91fd885fd272903028c36aa95035d02e85a531,4,396,c0ff7833c0013b08
4287,4287,4287,spring-projects/spring-data-gemfire,2f91fd885fd272903028c36aa95035d02e85a531,2,396,c0ff7833c0013b08
4288,4288,4288,spring-projects/spring-data-gemfire,78af10c32a1d6ddc4c873a12abe216c752d8eab5,2,399,c0ff7833c0013b08
4289,4289,4289,spring-projects/spring-data-gemfire,78af10c32a1d6ddc4c873a12abe216c752d8eab5,2,399,c0ff7833c0013b08
4290,4290,4290,spring-projects/spring-data-gemfire,78af10c32a1d6ddc4c873a12abe216c752d8eab5,1,399,c0ff7833c0013b08
4291,4291,4291,spring-projects/spring-data-gemfire,cc81d0f97aa5676b9474849fe076080d8eb52b26,7,399,c0ff7833c0013b08
4292,4292,4292,spring-projects/spring-data-gemfire,cc81d0f97aa5676b9474849fe076080d8eb52b26,7,399,c0ff7833c0013b08
4293,4293,4293,spring-projects/spring-data-gemfire,cc81d0f97aa5676b9474849fe076080d8eb52b26,8,399,c0ff7833c0013b08
4294,4294,4294,spring-projects/spring-data-gemfire,b46e8b20e8b7d42b622e3fa47601a988b4cf37b9,3,417,c0ff7833c0013b08
4295,4295,4295,spring-projects/spring-data-gemfire,abc348bd4255af565fc405d833bbbbec0fa77b26,3,428,c0ff7833c0013b08
4296,4296,4296,spring-projects/spring-data-gemfire,abc348bd4255af565fc405d833bbbbec0fa77b26,13,428,c0ff7833c0013b08
4297,4297,4297,spring-projects/spring-data-gemfire,d0e0fe24d371bc1602b75996d2be636539286a88,23,516,c0ff7833c0013b08
4298,4298,4298,spring-projects/spring-data-gemfire,d0e0fe24d371bc1602b75996d2be636539286a88,8,516,c0ff7833c0013b08
4299,4299,4299,spring-projects/spring-data-gemfire,d0e0fe24d371bc1602b75996d2be636539286a88,1,516,c0ff7833c0013b08
4300,4300,4300,spring-projects/spring-data-gemfire,d0e0fe24d371bc1602b75996d2be636539286a88,1,516,c0ff7833c0013b08
4301,4301,4301,spring-projects/spring-data-gemfire,d0e0fe24d371bc1602b75996d2be636539286a88,4,516,c0ff7833c0013b08
4302,4302,4302,spring-projects/spring-data-gemfire,caa6632a2c28151299bde42136fe62a273742a8c,4,607,c0ff7833c0013b08
4303,4303,4303,spring-projects/spring-data-gemfire,caa6632a2c28151299bde42136fe62a273742a8c,8,607,c0ff7833c0013b08
4304,4304,4304,spring-projects/spring-hadoop,1cc6915344bdea750479cf0d15aaa29da709bb01,2,144,c0ff7833c0013b08
4305,4305,4305,spring-projects/spring-hadoop,d2843d307c221a7d8a680aaddf4cc3f8e44f2796,1,184,c0ff7833c0013b08
4306,4306,4306,spring-projects/spring-hadoop,86e9e714b5c303c7d869fdb6cecd12a4a7851a66,1,473,c0ff7833c0013b08
4307,4307,4307,spring-projects/spring-hadoop,86e9e714b5c303c7d869fdb6cecd12a4a7851a66,3,473,c0ff7833c0013b08
4308,4308,4308,spring-projects/spring-hadoop,17ad7300204229399718d93f2cd316667e2dd2c2,4,575,c0ff7833c0013b08
4309,4309,4309,spring-projects/spring-hadoop,17ad7300204229399718d93f2cd316667e2dd2c2,2,575,c0ff7833c0013b08
4310,4310,4310,spring-projects/spring-hadoop,17ad7300204229399718d93f2cd316667e2dd2c2,1,575,c0ff7833c0013b08
4311,4311,4311,spring-projects/spring-hadoop,7063f4f0888239cbb081e88587545b2ee17a4c2c,1,693,c0ff7833c0013b08
4312,4312,4312,spring-projects/spring-hadoop,a1a51ea7d105ceb469b36f44b2aee2460ceadb89,1,773,c0ff7833c0013b08
4313,4313,4313,spring-projects/spring-hadoop,2d813f78d08381b62e61789f959d540a25350bf7,1,818,c0ff7833c0013b08
4314,4314,4314,spring-projects/spring-hadoop,2d813f78d08381b62e61789f959d540a25350bf7,1,818,c0ff7833c0013b08
4315,4315,4315,spring-projects/spring-hadoop,f36fccfcccd9bd67627933bc344e6dd958505256,2,826,c0ff7833c0013b08
4316,4316,4316,spring-projects/spring-hadoop,f36fccfcccd9bd67627933bc344e6dd958505256,1,826,c0ff7833c0013b08
4317,4317,4317,spring-projects/spring-hadoop,f36fccfcccd9bd67627933bc344e6dd958505256,2,826,c0ff7833c0013b08
4318,4318,4318,spring-projects/spring-hadoop,f36fccfcccd9bd67627933bc344e6dd958505256,1,826,c0ff7833c0013b08
4319,4319,4319,spring-projects/spring-hadoop,f36fccfcccd9bd67627933bc344e6dd958505256,2,826,c0ff7833c0013b08
4320,4320,4320,spring-projects/spring-hadoop,1022000e3d77a71d6ed0f1511200a07822ab80be,2,826,c0ff7833c0013b08
4321,4321,4321,spring-projects/spring-hadoop,1022000e3d77a71d6ed0f1511200a07822ab80be,2,826,c0ff7833c0013b08
4322,4322,4322,spring-projects/spring-hadoop,1022000e3d77a71d6ed0f1511200a07822ab80be,1,826,c0ff7833c0013b08
4323,4323,4323,spring-projects/spring-hadoop,4a02825bc55d1487068de5934e2f5d69306a9840,4,826,c0ff7833c0013b08
4324,4324,4324,spring-projects/spring-hadoop,8b10df2e8e9afbcf05be446e0dd9d076d07aa5d9,4,826,c0ff7833c0013b08
4325,4325,4325,spring-projects/spring-hadoop,af1cabdaf6d8a4f6a827cbf2e44c6710f8fd565c,3,1022,c0ff7833c0013b08
4326,4326,4326,spring-projects/spring-hadoop,af1cabdaf6d8a4f6a827cbf2e44c6710f8fd565c,4,1022,c0ff7833c0013b08
4327,4327,4327,spring-projects/spring-hadoop,fe4d6df00cc2d4ecd48fdc433cdb52dc39da6f26,1,1082,c0ff7833c0013b08
4328,4328,4328,spring-projects/spring-hadoop,0c811a9f3fde2df9b598ed40d2cc3806d56b8835,2,1087,c0ff7833c0013b08
4329,4329,4329,spring-projects/spring-hadoop,71371c638f671c76a49a548400c4b6bf22e424a5,1,1085,c0ff7833c0013b08
4330,4330,4330,spring-projects/spring-hadoop,71371c638f671c76a49a548400c4b6bf22e424a5,9,1085,c0ff7833c0013b08
4331,4331,4331,spring-projects/spring-hadoop,4e9addd6d03ee970a3951eb2f05a6a786845da34,1,1100,c0ff7833c0013b08
4332,4332,4332,spring-projects/spring-hadoop,4e9addd6d03ee970a3951eb2f05a6a786845da34,2,1100,c0ff7833c0013b08
4333,4333,4333,spring-projects/spring-hadoop,6c6bddaec8b40c728985e4ad8c7f3f78c5a6b1fe,1,1060,c0ff7833c0013b08
4334,4334,4334,spring-projects/spring-hadoop,6c6bddaec8b40c728985e4ad8c7f3f78c5a6b1fe,5,1060,c0ff7833c0013b08
4335,4335,4335,spring-projects/spring-hadoop,7f91d702e2da9b39758b13404e6b78435a53a9a2,1,1061,c0ff7833c0013b08
4336,4336,4336,spring-projects/spring-hadoop,351d7b62f29cb47260d249e70c5258a6266389be,2,1108,c0ff7833c0013b08
4337,4337,4337,spring-projects/spring-shell,adaed8ff054375e5e45d60a7945d48533fbbe870,1,130,c0ff7833c0013b08
4338,4338,4338,spring-projects/spring-shell,adaed8ff054375e5e45d60a7945d48533fbbe870,1,130,c0ff7833c0013b08
4339,4339,4339,spring-projects/spring-shell,6d13c0eaead4bc83aa5e818cb085f8de2d15cfa8,1,115,c0ff7833c0013b08
4340,4340,4340,spring-projects/spring-shell,2340555a326a8755da81bb932a4658cc8b108806,1,151,c0ff7833c0013b08
4341,4341,4341,spring-projects/spring-social,72c49b8c77ba7edd7c175521c941720b05d6ec01,1,66,c0ff7833c0013b08
4342,4342,4342,spring-projects/spring-social,08613c3c6ee3267348c87046bcb9da6107f1bfbc,1,126,c0ff7833c0013b08
4343,4343,4343,spring-projects/spring-social,dd701a7051b7ee01b3e9299fad9e85ebfcefaadb,1,130,c0ff7833c0013b08
4344,4344,4344,spring-projects/spring-social,dd701a7051b7ee01b3e9299fad9e85ebfcefaadb,1,130,c0ff7833c0013b08
4345,4345,4345,spring-projects/spring-social,a2cf5ad960264245ab478ac4b21bfcaf32a21e74,1,130,c0ff7833c0013b08
4346,4346,4346,spring-projects/spring-social,a2cf5ad960264245ab478ac4b21bfcaf32a21e74,1,130,c0ff7833c0013b08
4347,4347,4347,spring-projects/spring-social,799a5a7eb35f106f01c125f98a892c189ffd1b0f,1,145,c0ff7833c0013b08
4348,4348,4348,spring-projects/spring-social,2ae2988f83c96776fe6b8e97c9bb087c28553304,1,205,c0ff7833c0013b08
4349,4349,4349,spring-projects/spring-social,2ae2988f83c96776fe6b8e97c9bb087c28553304,1,205,c0ff7833c0013b08
4350,4350,4350,spring-projects/spring-social,204b34e011b48a49a0aed87c80a6565e87322152,1,185,c0ff7833c0013b08
4351,4351,4351,spring-projects/spring-social,2ae2988f83c96776fe6b8e97c9bb087c28553304,1,205,c0ff7833c0013b08
4352,4352,4352,spring-projects/spring-social,2ae2988f83c96776fe6b8e97c9bb087c28553304,4,205,c0ff7833c0013b08
4353,4353,4353,spring-projects/spring-social-facebook,18aff39f8f96c5770791dcc33e3aa6d46dbb7c36,1,119,c0ff7833c0013b08
4354,4354,4354,spring-projects/spring-social-facebook,18aff39f8f96c5770791dcc33e3aa6d46dbb7c36,2,119,c0ff7833c0013b08
4355,4355,4355,spring-projects/spring-social-facebook,18aff39f8f96c5770791dcc33e3aa6d46dbb7c36,2,119,c0ff7833c0013b08
4356,4356,4356,spring-projects/spring-social-facebook,41112e3ef7a3644e6c4bc5d2951c66d102f14cda,11,121,c0ff7833c0013b08
4357,4357,4357,spring-projects/spring-social-facebook,a90b38641a381255c2e5f90779fd90fc949a7844,2,198,c0ff7833c0013b08
4358,4358,4358,spring-projects/spring-social-facebook,a90b38641a381255c2e5f90779fd90fc949a7844,1,198,c0ff7833c0013b08
4359,4359,4359,spring-projects/spring-social-facebook,b09739aa2f90c6223639dc350ea6505087262bd8,1,168,c0ff7833c0013b08
4360,4360,4360,spring-projects/spring-social-facebook,8ae8df90879c1e88f5c795e9f358bdf66c6fb42a,2,176,c0ff7833c0013b08
4361,4361,4361,spring-projects/spring-social-facebook,8ae8df90879c1e88f5c795e9f358bdf66c6fb42a,3,176,c0ff7833c0013b08
4362,4362,4362,spring-projects/spring-social-facebook,a90b38641a381255c2e5f90779fd90fc949a7844,3,198,c0ff7833c0013b08
4363,4363,4363,spring-projects/spring-social-facebook,0a5955883c828383d4ee969481c32dc0cdb4d58c,3,200,c0ff7833c0013b08
4364,4364,4364,spring-projects/spring-social-facebook,0a5955883c828383d4ee969481c32dc0cdb4d58c,2,200,c0ff7833c0013b08
4365,4365,4365,spring-projects/spring-social-facebook,0a5955883c828383d4ee969481c32dc0cdb4d58c,2,200,c0ff7833c0013b08
4366,4366,4366,spring-projects/spring-social-facebook,0a5955883c828383d4ee969481c32dc0cdb4d58c,1,200,c0ff7833c0013b08
4367,4367,4367,spring-projects/spring-social-facebook,7f8d1f070c398f1b0aba6de34ba7017ec3f56c82,2,251,c0ff7833c0013b08
4368,4368,4368,spring-projects/spring-social-linkedin,c60e66202ddfa9d8c0055c9cc7bcabdaedfcd3aa,7,143,c0ff7833c0013b08
4369,4369,4369,spring-projects/spring-social-linkedin,aad9e21d95c163cc7d225dcf8351f83c6e0fb5ea,1,168,c0ff7833c0013b08
4370,4370,4370,spring-projects/spring-social-linkedin,cd2b92285a0b1dbca93c482a36b6d7f16b342daf,3,174,c0ff7833c0013b08
4371,4371,4371,spring-projects/spring-social-linkedin,e50aa3cf7f27d07c513208f1b7c6e7a46a6ef58e,1,177,c0ff7833c0013b08
4372,4372,4372,spring-projects/spring-social-twitter,ec29d0ccf79f088415875203018ab472f825e82b,1,88,c0ff7833c0013b08
4373,4373,4373,spring-projects/spring-social-twitter,6f5cbed8c655d7eca032041e5f28f6ff273943ba,2,90,c0ff7833c0013b08
4374,4374,4374,spring-projects/spring-social-twitter,b1483373017f694cc3cf829eda6400b504742b66,2,112,c0ff7833c0013b08
4375,4375,4375,spring-projects/spring-social-twitter,b1483373017f694cc3cf829eda6400b504742b66,2,112,c0ff7833c0013b08
4376,4376,4376,spring-projects/spring-social-twitter,6aa4a8f5993a5a51d8c7a93eb16c45f9b2ee9d16,3,140,c0ff7833c0013b08
4377,4377,4377,spring-projects/spring-social-twitter,fb1cf16abbee869506faee089e02a3870d0285b4,1,149,c0ff7833c0013b08
4378,4378,4378,spring-projects/spring-framework,dfcbc6f659b20d4f30929122ed3d2e28aa76360f,3,3253,c0ff7833c0013b08
4379,4379,4379,spring-projects/spring-framework,dfcbc6f659b20d4f30929122ed3d2e28aa76360f,2,3253,c0ff7833c0013b08
4380,4380,4380,spring-projects/spring-framework,153c3c43830d52288ee0519ec1bd542884783185,1,4002,c0ff7833c0013b08
4381,4381,4381,spring-projects/spring-framework,153c3c43830d52288ee0519ec1bd542884783185,3,4002,c0ff7833c0013b08
4382,4382,4382,spring-projects/spring-framework,df8feec322279148dfef4050471adb509bfa3857,2,4029,c0ff7833c0013b08
4383,4383,4383,spring-projects/spring-framework,df8feec322279148dfef4050471adb509bfa3857,1,4029,c0ff7833c0013b08
4384,4384,4384,spring-projects/spring-framework,e3b58bf67836a045b4e519eb4f496bc725d06f52,3,4121,c0ff7833c0013b08
4385,4385,4385,spring-projects/spring-framework,e3b58bf67836a045b4e519eb4f496bc725d06f52,1,4121,c0ff7833c0013b08
4386,4386,4386,spring-projects/spring-framework,e3b58bf67836a045b4e519eb4f496bc725d06f52,4,4121,c0ff7833c0013b08
4387,4387,4387,spring-projects/spring-framework,44375c90e63fd7f134dfd0d3af36c0ce54c6577c,2,4141,c0ff7833c0013b08
4388,4388,4388,spring-projects/spring-framework,44375c90e63fd7f134dfd0d3af36c0ce54c6577c,1,4141,c0ff7833c0013b08
4389,4389,4389,spring-projects/spring-framework,30604ae861d378669a9719918f3068dadcc5aed5,1,4093,c0ff7833c0013b08
4390,4390,4390,spring-projects/spring-framework,30604ae861d378669a9719918f3068dadcc5aed5,2,4093,c0ff7833c0013b08
4391,4391,4391,spring-projects/spring-framework,30604ae861d378669a9719918f3068dadcc5aed5,4,4093,c0ff7833c0013b08
4392,4392,4392,spring-projects/spring-framework,df8feec322279148dfef4050471adb509bfa3857,5,4029,c0ff7833c0013b08
4393,4393,4393,spring-projects/spring-framework,e3b58bf67836a045b4e519eb4f496bc725d06f52,9,4121,c0ff7833c0013b08
4394,4394,4394,spring-projects/spring-framework,44375c90e63fd7f134dfd0d3af36c0ce54c6577c,4,4141,c0ff7833c0013b08
4395,4395,4395,spring-projects/spring-framework,30604ae861d378669a9719918f3068dadcc5aed5,1,4093,c0ff7833c0013b08
4396,4396,4396,spring-projects/spring-framework,c20c4e1f05eb3c64062ba3af509c528ad003f089,3,4121,c0ff7833c0013b08
4397,4397,4397,spring-projects/spring-framework,c20c4e1f05eb3c64062ba3af509c528ad003f089,3,4121,c0ff7833c0013b08
4398,4398,4398,spring-projects/spring-framework,c20c4e1f05eb3c64062ba3af509c528ad003f089,2,4121,c0ff7833c0013b08
4399,4399,4399,spring-projects/spring-framework,c20c4e1f05eb3c64062ba3af509c528ad003f089,4,4121,c0ff7833c0013b08
4400,4400,4400,spring-projects/spring-framework,1c31c7aa6ba83c93b0049e180953db04142a78db,8,4157,c0ff7833c0013b08
4401,4401,4401,spring-projects/spring-framework,b266bef3e82213d981b70c0098197d0f366384a6,1,4175,c0ff7833c0013b08
4402,4402,4402,spring-projects/spring-framework,b266bef3e82213d981b70c0098197d0f366384a6,2,4175,c0ff7833c0013b08
4403,4403,4403,spring-projects/spring-framework,b266bef3e82213d981b70c0098197d0f366384a6,6,4175,c0ff7833c0013b08
4404,4404,4404,spring-projects/spring-framework,0206845341eefed93e46e573f49cdc227e703b0a,3,4202,c0ff7833c0013b08
4405,4405,4405,spring-projects/spring-framework,0206845341eefed93e46e573f49cdc227e703b0a,1,4202,c0ff7833c0013b08
4406,4406,4406,spring-projects/spring-framework,0206845341eefed93e46e573f49cdc227e703b0a,6,4202,c0ff7833c0013b08
4407,4407,4407,spring-projects/spring-framework,40015e3de33c3384cf21914f85a2338858e63a1b,2,4220,c0ff7833c0013b08
4408,4408,4408,spring-projects/spring-framework,75a5e62a753aff9cc60e330e632fe68133f4e455,1,4734,c0ff7833c0013b08
4409,4409,4409,spring-projects/spring-framework,75a5e62a753aff9cc60e330e632fe68133f4e455,1,4734,c0ff7833c0013b08
4410,4410,4410,spring-projects/spring-framework,ac107d0c2ae939c669ba086c2874d02790519b06,10,4786,c0ff7833c0013b08
4411,4411,4411,spring-projects/spring-framework,ac107d0c2ae939c669ba086c2874d02790519b06,2,4786,c0ff7833c0013b08
4412,4412,4412,spring-projects/spring-framework,ac107d0c2ae939c669ba086c2874d02790519b06,4,4786,c0ff7833c0013b08
4413,4413,4413,spring-projects/spring-framework,ac107d0c2ae939c669ba086c2874d02790519b06,2,4786,c0ff7833c0013b08
4414,4414,4414,spring-projects/spring-framework,d869a6ba8fed9b552b53b0a2cc576bfb8f9f96ea,2,4766,c0ff7833c0013b08
4415,4415,4415,spring-projects/spring-framework,dd42a21f3968c165af924310fce460694803756f,1,6221,c0ff7833c0013b08
4416,4416,4416,spring-projects/spring-webflow,4bc7d43cdfa342b368aac614ec298170c396b571,2,515,c0ff7833c0013b08
4417,4417,4417,spring-projects/spring-webflow,4bc7d43cdfa342b368aac614ec298170c396b571,12,515,c0ff7833c0013b08
4418,4418,4418,spring-projects/spring-webflow,4bc7d43cdfa342b368aac614ec298170c396b571,1,515,c0ff7833c0013b08
4419,4419,4419,spring-projects/spring-webflow,4bc7d43cdfa342b368aac614ec298170c396b571,2,515,c0ff7833c0013b08
4420,4420,4420,spring-projects/spring-webflow,4bc7d43cdfa342b368aac614ec298170c396b571,2,515,c0ff7833c0013b08
4421,4421,4421,spring-projects/spring-webflow,4bc7d43cdfa342b368aac614ec298170c396b571,10,515,c0ff7833c0013b08
4422,4422,4422,spring-projects/spring-webflow,4bc7d43cdfa342b368aac614ec298170c396b571,4,515,c0ff7833c0013b08
4423,4423,4423,spring-projects/spring-webflow,4bc7d43cdfa342b368aac614ec298170c396b571,4,515,c0ff7833c0013b08
4424,4424,4424,spring-projects/spring-webflow,4bc7d43cdfa342b368aac614ec298170c396b571,1,515,c0ff7833c0013b08
4425,4425,4425,spring-projects/spring-webflow,4bc7d43cdfa342b368aac614ec298170c396b571,2,515,c0ff7833c0013b08
4426,4426,4426,spring-projects/spring-webflow,4bc7d43cdfa342b368aac614ec298170c396b571,1,515,c0ff7833c0013b08
4427,4427,4427,spring-projects/spring-webflow,659f49611a47ca15ebf77b86c07d920cc8088e7d,1,548,c0ff7833c0013b08
4428,4428,4428,spring-projects/spring-webflow,db4ae605c8ef78c120a1bdb007d72eace8b4cba4,5,548,c0ff7833c0013b08
4429,4429,4429,spring-projects/spring-webflow,db4ae605c8ef78c120a1bdb007d72eace8b4cba4,4,548,c0ff7833c0013b08
4430,4430,4430,spring-projects/spring-webflow,db4ae605c8ef78c120a1bdb007d72eace8b4cba4,5,548,c0ff7833c0013b08
4431,4431,4431,spring-projects/spring-webflow,db4ae605c8ef78c120a1bdb007d72eace8b4cba4,3,548,c0ff7833c0013b08
4432,4432,4432,spring-projects/spring-webflow,db4ae605c8ef78c120a1bdb007d72eace8b4cba4,2,548,c0ff7833c0013b08
4433,4433,4433,spring-projects/spring-webflow,1654960928dc70fee08fb2241f57530c8d34aa4a,2,551,c0ff7833c0013b08
4434,4434,4434,spring-projects/spring-webflow,1654960928dc70fee08fb2241f57530c8d34aa4a,1,551,c0ff7833c0013b08
4435,4435,4435,spring-projects/spring-webflow,1654960928dc70fee08fb2241f57530c8d34aa4a,2,551,c0ff7833c0013b08
4436,4436,4436,spring-projects/spring-webflow,c21b78c338ab29357b1901fd0ae544445a4b0bca,1,549,c0ff7833c0013b08
4437,4437,4437,spring-projects/spring-webflow,c21b78c338ab29357b1901fd0ae544445a4b0bca,1,549,c0ff7833c0013b08
4438,4438,4438,spring-projects/spring-webflow,c21b78c338ab29357b1901fd0ae544445a4b0bca,1,549,c0ff7833c0013b08
4439,4439,4439,spring-projects/spring-webflow,c21b78c338ab29357b1901fd0ae544445a4b0bca,1,549,c0ff7833c0013b08
4440,4440,4440,spring-projects/spring-webflow,c21b78c338ab29357b1901fd0ae544445a4b0bca,5,549,c0ff7833c0013b08
4441,4441,4441,spring-projects/spring-webflow,c21b78c338ab29357b1901fd0ae544445a4b0bca,3,549,c0ff7833c0013b08
4442,4442,4442,spring-projects/spring-webflow,c21b78c338ab29357b1901fd0ae544445a4b0bca,1,549,c0ff7833c0013b08
4443,4443,4443,spring-projects/spring-webflow,5d1ea2974737871f5d2206c15b75f9692c19aad2,1,659,c0ff7833c0013b08
4444,4444,4444,spring-projects/spring-webflow,5d1ea2974737871f5d2206c15b75f9692c19aad2,2,659,c0ff7833c0013b08
4445,4445,4445,spring-projects/spring-webflow,5d1ea2974737871f5d2206c15b75f9692c19aad2,12,659,c0ff7833c0013b08
4446,4446,4446,spring-projects/spring-webflow,5d1ea2974737871f5d2206c15b75f9692c19aad2,2,659,c0ff7833c0013b08
4447,4447,4447,spring-projects/spring-webflow,5d1ea2974737871f5d2206c15b75f9692c19aad2,1,659,c0ff7833c0013b08
4448,4448,4448,spring-projects/spring-webflow,5d1ea2974737871f5d2206c15b75f9692c19aad2,1,659,c0ff7833c0013b08
4449,4449,4449,spring-projects/spring-webflow,5d1ea2974737871f5d2206c15b75f9692c19aad2,2,659,c0ff7833c0013b08
4450,4450,4450,spring-projects/spring-webflow,7ceb7c46b88295552584b9387349824e424e3055,1,667,c0ff7833c0013b08
4451,4451,4451,spring-projects/spring-webflow,5d1ea2974737871f5d2206c15b75f9692c19aad2,1,659,c0ff7833c0013b08
4452,4452,4452,spring-projects/spring-webflow,7ceb7c46b88295552584b9387349824e424e3055,2,667,c0ff7833c0013b08
4455,4455,4455,spring-projects/spring-webflow,06f66698caba693a78dfcca4d93876542c17fd72,1,668,c0ff7833c0013b08
4456,4456,4456,spring-projects/spring-webflow,06f66698caba693a78dfcca4d93876542c17fd72,1,668,c0ff7833c0013b08
4457,4457,4457,spring-projects/spring-webflow,06f66698caba693a78dfcca4d93876542c17fd72,2,668,c0ff7833c0013b08
4458,4458,4458,spring-projects/spring-webflow,06f66698caba693a78dfcca4d93876542c17fd72,2,668,c0ff7833c0013b08
4459,4459,4459,spring-projects/spring-webflow,06f66698caba693a78dfcca4d93876542c17fd72,2,668,c0ff7833c0013b08
4460,4460,4460,spring-projects/spring-webflow,06f66698caba693a78dfcca4d93876542c17fd72,2,668,c0ff7833c0013b08
4461,4461,4461,spring-projects/spring-webflow,06f66698caba693a78dfcca4d93876542c17fd72,5,668,c0ff7833c0013b08
4462,4462,4462,spring-projects/spring-webflow,87a3cd4e3aa17894b7a5c2c48bd0d8d07c21aff1,1,673,c0ff7833c0013b08
4463,4463,4463,spring-projects/spring-webflow,87a3cd4e3aa17894b7a5c2c48bd0d8d07c21aff1,1,673,c0ff7833c0013b08
4464,4464,4464,spring-projects/spring-webflow,87a3cd4e3aa17894b7a5c2c48bd0d8d07c21aff1,1,673,c0ff7833c0013b08
4465,4465,4465,spring-projects/spring-webflow,87a3cd4e3aa17894b7a5c2c48bd0d8d07c21aff1,13,673,c0ff7833c0013b08
4466,4466,4466,spring-projects/spring-webflow,87a3cd4e3aa17894b7a5c2c48bd0d8d07c21aff1,2,673,c0ff7833c0013b08
4467,4467,4467,spring-projects/spring-webflow,87a3cd4e3aa17894b7a5c2c48bd0d8d07c21aff1,2,673,c0ff7833c0013b08
4468,4468,4468,spring-projects/spring-webflow,87a3cd4e3aa17894b7a5c2c48bd0d8d07c21aff1,2,673,c0ff7833c0013b08
4469,4469,4469,spring-projects/spring-webflow,6976f16b1cfc14fa028f21d934b128d621d1a367,2,694,c0ff7833c0013b08
4470,4470,4470,spring-projects/spring-webflow,6976f16b1cfc14fa028f21d934b128d621d1a367,1,694,c0ff7833c0013b08
4473,4473,4473,spring-projects/spring-webflow,6976f16b1cfc14fa028f21d934b128d621d1a367,1,694,c0ff7833c0013b08
4474,4474,4474,spring-projects/spring-webflow,6976f16b1cfc14fa028f21d934b128d621d1a367,1,694,c0ff7833c0013b08
4475,4475,4475,spring-projects/spring-webflow,6976f16b1cfc14fa028f21d934b128d621d1a367,2,694,c0ff7833c0013b08
4476,4476,4476,spring-projects/spring-webflow,6976f16b1cfc14fa028f21d934b128d621d1a367,1,694,c0ff7833c0013b08
4477,4477,4477,spring-projects/spring-webflow,6976f16b1cfc14fa028f21d934b128d621d1a367,1,694,c0ff7833c0013b08
4478,4478,4478,spring-projects/spring-webflow,6976f16b1cfc14fa028f21d934b128d621d1a367,2,694,c0ff7833c0013b08
4479,4479,4479,spring-projects/spring-webflow,6976f16b1cfc14fa028f21d934b128d621d1a367,3,694,c0ff7833c0013b08
4480,4480,4480,spring-projects/spring-webflow,6976f16b1cfc14fa028f21d934b128d621d1a367,4,694,c0ff7833c0013b08
4481,4481,4481,spring-projects/spring-webflow,6976f16b1cfc14fa028f21d934b128d621d1a367,2,694,c0ff7833c0013b08
4482,4482,4482,spring-projects/spring-webflow,bfb47229b5d0b8bb7a2c6a97e1f1e8de26db1c12,1,714,c0ff7833c0013b08
4483,4483,4483,spring-projects/spring-webflow,bfb47229b5d0b8bb7a2c6a97e1f1e8de26db1c12,1,714,c0ff7833c0013b08
4484,4484,4484,spring-projects/spring-webflow,bfb47229b5d0b8bb7a2c6a97e1f1e8de26db1c12,6,714,c0ff7833c0013b08
4485,4485,4485,spring-projects/spring-webflow,9342f975ebcb796d7bda578273d809b7c3b41807,4,720,c0ff7833c0013b08
4486,4486,4486,spring-projects/spring-webflow,9342f975ebcb796d7bda578273d809b7c3b41807,3,720,c0ff7833c0013b08
4487,4487,4487,spring-projects/spring-webflow,9342f975ebcb796d7bda578273d809b7c3b41807,1,720,c0ff7833c0013b08
4488,4488,4488,spring-projects/spring-webflow,9342f975ebcb796d7bda578273d809b7c3b41807,1,720,c0ff7833c0013b08
4489,4489,4489,spring-projects/spring-webflow,9342f975ebcb796d7bda578273d809b7c3b41807,2,720,c0ff7833c0013b08
4490,4490,4490,spring-projects/spring-webflow,9342f975ebcb796d7bda578273d809b7c3b41807,2,720,c0ff7833c0013b08
4491,4491,4491,spring-projects/spring-webflow,9342f975ebcb796d7bda578273d809b7c3b41807,1,720,c0ff7833c0013b08
4492,4492,4492,spring-projects/spring-webflow,9342f975ebcb796d7bda578273d809b7c3b41807,2,720,c0ff7833c0013b08
4493,4493,4493,spring-projects/spring-webflow,9342f975ebcb796d7bda578273d809b7c3b41807,2,720,c0ff7833c0013b08
4494,4494,4494,spring-projects/spring-webflow,9342f975ebcb796d7bda578273d809b7c3b41807,1,720,c0ff7833c0013b08
4495,4495,4495,spring-projects/spring-webflow,9342f975ebcb796d7bda578273d809b7c3b41807,1,720,c0ff7833c0013b08
4496,4496,4496,spring-projects/spring-webflow,9342f975ebcb796d7bda578273d809b7c3b41807,1,720,c0ff7833c0013b08
4497,4497,4497,spring-projects/spring-webflow,9342f975ebcb796d7bda578273d809b7c3b41807,1,720,c0ff7833c0013b08
4498,4498,4498,spring-projects/spring-webflow,9342f975ebcb796d7bda578273d809b7c3b41807,3,720,c0ff7833c0013b08
4499,4499,4499,spring-projects/spring-webflow,a5d7d50a48300baa90303e28a44714932a4a4469,2,732,c0ff7833c0013b08
4500,4500,4500,spring-projects/spring-webflow,a5d7d50a48300baa90303e28a44714932a4a4469,1,732,c0ff7833c0013b08
4501,4501,4501,spring-projects/spring-webflow,a5d7d50a48300baa90303e28a44714932a4a4469,4,732,c0ff7833c0013b08
4502,4502,4502,spring-projects/spring-webflow,4a65092e81fb794da4cd76fbdcccd57f39f2154b,1,736,c0ff7833c0013b08
4503,4503,4503,spring-projects/spring-webflow,4a65092e81fb794da4cd76fbdcccd57f39f2154b,1,736,c0ff7833c0013b08
4504,4504,4504,spring-projects/spring-webflow,4a65092e81fb794da4cd76fbdcccd57f39f2154b,4,736,c0ff7833c0013b08
4505,4505,4505,spring-projects/spring-webflow,4a65092e81fb794da4cd76fbdcccd57f39f2154b,3,736,c0ff7833c0013b08
4506,4506,4506,spring-projects/spring-webflow,4a65092e81fb794da4cd76fbdcccd57f39f2154b,1,736,c0ff7833c0013b08
4507,4507,4507,spring-projects/spring-webflow,4a65092e81fb794da4cd76fbdcccd57f39f2154b,2,736,c0ff7833c0013b08
4508,4508,4508,spring-projects/spring-webflow,cde54221c7d040e665812ace2c6d6e10e061fcc5,2,738,c0ff7833c0013b08
4509,4509,4509,spring-projects/spring-webflow,cde54221c7d040e665812ace2c6d6e10e061fcc5,2,738,c0ff7833c0013b08
4510,4510,4510,spring-projects/spring-webflow,cde54221c7d040e665812ace2c6d6e10e061fcc5,2,738,c0ff7833c0013b08
4511,4511,4511,spring-projects/spring-webflow,c8b442431781077dfcc4514163bb8e400cc12555,2,758,c0ff7833c0013b08
4512,4512,4512,spring-projects/spring-webflow,c8b442431781077dfcc4514163bb8e400cc12555,2,758,c0ff7833c0013b08
4513,4513,4513,spring-projects/spring-webflow,c8b442431781077dfcc4514163bb8e400cc12555,2,758,c0ff7833c0013b08
4514,4514,4514,spring-projects/spring-webflow,c8b442431781077dfcc4514163bb8e400cc12555,2,758,c0ff7833c0013b08
4515,4515,4515,spring-projects/spring-webflow,3e4355ae76d427e6f96df3eb46f0bfeefae22fec,2,751,c0ff7833c0013b08
4516,4516,4516,spring-projects/spring-webflow,db51d8bf978b1de421f7838a947592f856d6a42c,1,753,c0ff7833c0013b08
4517,4517,4517,spring-projects/spring-webflow,4e165df96136e054fe2bafb2189f1b6a97a969f8,10,758,c0ff7833c0013b08
4518,4518,4518,spring-projects/spring-webflow,bc3d570df9e48c0429c0f2f11777c486f5308271,2,759,c0ff7833c0013b08
4519,4519,4519,spring-projects/spring-webflow,65c6b3989397baeec1400ccc685a467f9f416cb3,1,768,c0ff7833c0013b08
4520,4520,4520,spring-projects/spring-webflow,52981a27cf73ca17df5d622512acf28587c086bb,2,789,c0ff7833c0013b08
4521,4521,4521,spring-projects/spring-webflow,4de3f3cb3aa07d0e791666d61bd4bc3c2bd715c5,2,789,c0ff7833c0013b08
4522,4522,4522,spring-projects/spring-webflow,4de3f3cb3aa07d0e791666d61bd4bc3c2bd715c5,1,789,c0ff7833c0013b08
4523,4523,4523,spring-projects/spring-webflow,4de3f3cb3aa07d0e791666d61bd4bc3c2bd715c5,2,789,c0ff7833c0013b08
4524,4524,4524,spring-projects/spring-webflow,9c1df329bc850ede2eec74b470bf8d735fdeb58b,1,789,c0ff7833c0013b08
4525,4525,4525,spring-projects/spring-webflow,9c1df329bc850ede2eec74b470bf8d735fdeb58b,2,789,c0ff7833c0013b08
4526,4526,4526,spring-projects/spring-webflow,a2e1969371b5b7d7a41b4106b2a05e89149e4ae3,1,802,c0ff7833c0013b08
4527,4527,4527,spring-projects/spring-ws,b0d9c92b36046e3cd86e79c3f7e9ceb8dc5a8936,2,432,c0ff7833c0013b08
4528,4528,4528,spring-projects/spring-ws,b0d9c92b36046e3cd86e79c3f7e9ceb8dc5a8936,4,432,c0ff7833c0013b08
4529,4529,4529,spring-projects/spring-ws,b0d9c92b36046e3cd86e79c3f7e9ceb8dc5a8936,2,432,c0ff7833c0013b08
4530,4530,4530,spring-projects/spring-ws,2339ad55a18f4adf3e9592713496a512c94d0174,1,788,c0ff7833c0013b08
4531,4531,4531,spring-projects/spring-ws,0d77c108a541287c9815bcbae90ea93fa78d3fff,6,496,c0ff7833c0013b08
4532,4532,4532,spring-projects/spring-ws,0d77c108a541287c9815bcbae90ea93fa78d3fff,1,496,c0ff7833c0013b08
4533,4533,4533,spring-projects/spring-ws,e2d5b75f9387b80789827ec8ba0405c3436c0a4f,5,580,c0ff7833c0013b08
4534,4534,4534,spring-projects/spring-ws,e2d5b75f9387b80789827ec8ba0405c3436c0a4f,3,580,c0ff7833c0013b08
4535,4535,4535,spring-projects/spring-ws,a8a2ae85c74e3ceb549cadba481ee06addfdc24c,1,643,c0ff7833c0013b08
4536,4536,4536,spring-projects/spring-ws,a8a2ae85c74e3ceb549cadba481ee06addfdc24c,3,643,c0ff7833c0013b08
4537,4537,4537,spring-projects/spring-ws,a8a2ae85c74e3ceb549cadba481ee06addfdc24c,1,643,c0ff7833c0013b08
4538,4538,4538,spring-projects/spring-ws,a8a2ae85c74e3ceb549cadba481ee06addfdc24c,1,643,c0ff7833c0013b08
4539,4539,4539,spring-projects/spring-ws,0d77c108a541287c9815bcbae90ea93fa78d3fff,1,496,c0ff7833c0013b08
4540,4540,4540,spring-projects/spring-ws,0d77c108a541287c9815bcbae90ea93fa78d3fff,1,496,c0ff7833c0013b08
4541,4541,4541,spring-projects/spring-ws,0d77c108a541287c9815bcbae90ea93fa78d3fff,2,496,c0ff7833c0013b08
4542,4542,4542,spring-projects/spring-ws,25ea4faff8d63f0e051c3bdd7c85ef9720c11be3,1,645,c0ff7833c0013b08
4543,4543,4543,spring-projects/spring-ws,25ea4faff8d63f0e051c3bdd7c85ef9720c11be3,1,645,c0ff7833c0013b08
4544,4544,4544,spring-projects/spring-ws,a8a2ae85c74e3ceb549cadba481ee06addfdc24c,2,643,c0ff7833c0013b08
4545,4545,4545,spring-projects/spring-ws,25ea4faff8d63f0e051c3bdd7c85ef9720c11be3,4,645,c0ff7833c0013b08
4546,4546,4546,spring-projects/spring-ws,25ea4faff8d63f0e051c3bdd7c85ef9720c11be3,1,645,c0ff7833c0013b08
4547,4547,4547,spring-projects/spring-ws,a8a2ae85c74e3ceb549cadba481ee06addfdc24c,4,643,c0ff7833c0013b08
4548,4548,4548,spring-projects/spring-ws,a8a2ae85c74e3ceb549cadba481ee06addfdc24c,4,643,c0ff7833c0013b08
4549,4549,4549,spring-projects/spring-ws,25ea4faff8d63f0e051c3bdd7c85ef9720c11be3,3,645,c0ff7833c0013b08
4550,4550,4550,spring-projects/spring-ws,25ea4faff8d63f0e051c3bdd7c85ef9720c11be3,6,645,c0ff7833c0013b08
4551,4551,4551,spring-projects/spring-ws,f3c12433b43d9b36526a709528fdf8568faa3b1d,5,647,c0ff7833c0013b08
4552,4552,4552,spring-projects/spring-ws,f3c12433b43d9b36526a709528fdf8568faa3b1d,1,647,c0ff7833c0013b08
4553,4553,4553,spring-projects/spring-ws,f3c12433b43d9b36526a709528fdf8568faa3b1d,11,647,c0ff7833c0013b08
4554,4554,4554,spring-projects/spring-ws,f3c12433b43d9b36526a709528fdf8568faa3b1d,3,647,c0ff7833c0013b08
4555,4555,4555,spring-projects/spring-ws,f3c12433b43d9b36526a709528fdf8568faa3b1d,4,647,c0ff7833c0013b08
4556,4556,4556,spring-projects/spring-ws,f3c12433b43d9b36526a709528fdf8568faa3b1d,2,647,c0ff7833c0013b08
4557,4557,4557,spring-projects/spring-ws,f3c12433b43d9b36526a709528fdf8568faa3b1d,2,647,c0ff7833c0013b08
4558,4558,4558,spring-projects/spring-ws,726509e04c5120559272d79e925e336876e7b116,1,662,c0ff7833c0013b08
4559,4559,4559,spring-projects/spring-ws,726509e04c5120559272d79e925e336876e7b116,2,662,c0ff7833c0013b08
4560,4560,4560,spring-projects/spring-ws,726509e04c5120559272d79e925e336876e7b116,1,662,c0ff7833c0013b08
4561,4561,4561,spring-projects/spring-ws,726509e04c5120559272d79e925e336876e7b116,2,662,c0ff7833c0013b08
4562,4562,4562,spring-projects/spring-ws,726509e04c5120559272d79e925e336876e7b116,2,662,c0ff7833c0013b08
4563,4563,4563,spring-projects/spring-ws,726509e04c5120559272d79e925e336876e7b116,12,662,c0ff7833c0013b08
4564,4564,4564,spring-projects/spring-ws,726509e04c5120559272d79e925e336876e7b116,12,662,c0ff7833c0013b08
4565,4565,4565,spring-projects/spring-ws,726509e04c5120559272d79e925e336876e7b116,2,662,c0ff7833c0013b08
4566,4566,4566,spring-projects/spring-ws,726509e04c5120559272d79e925e336876e7b116,1,662,c0ff7833c0013b08
4567,4567,4567,spring-projects/spring-ws,726509e04c5120559272d79e925e336876e7b116,1,662,c0ff7833c0013b08
4568,4568,4568,spring-projects/spring-ws,726509e04c5120559272d79e925e336876e7b116,8,662,c0ff7833c0013b08
4569,4569,4569,spring-projects/spring-ws,25a5592f1edb0666ef8860e8d81c68be02980115,2,593,c0ff7833c0013b08
4570,4570,4570,spring-projects/spring-ws,25a5592f1edb0666ef8860e8d81c68be02980115,5,593,c0ff7833c0013b08
4571,4571,4571,spring-projects/spring-ws,7bc11445ff951988259e057feebf78a43aa15f6f,5,684,c0ff7833c0013b08
4572,4572,4572,spring-projects/spring-ws,995225c7172c6fdbfd2940339f218d54a6ab8360,3,738,c0ff7833c0013b08
4573,4573,4573,spring-projects/spring-ws,995225c7172c6fdbfd2940339f218d54a6ab8360,1,738,c0ff7833c0013b08
4574,4574,4574,spring-projects/spring-ws,995225c7172c6fdbfd2940339f218d54a6ab8360,1,738,c0ff7833c0013b08
4575,4575,4575,spring-projects/spring-ws,995225c7172c6fdbfd2940339f218d54a6ab8360,1,738,c0ff7833c0013b08
4576,4576,4576,spring-projects/spring-ws,b396849350e0b12a114babe3f75db7b1b2ef8199,1,805,c0ff7833c0013b08
4577,4577,4577,spring-projects/spring-ws,b396849350e0b12a114babe3f75db7b1b2ef8199,2,805,c0ff7833c0013b08
4578,4578,4578,spring-projects/spring-ws,b38c53890e8ce444db4d9b2740a9e8f7cc4f47af,4,806,c0ff7833c0013b08
4579,4579,4579,spring-projects/spring-ws,b38c53890e8ce444db4d9b2740a9e8f7cc4f47af,1,806,c0ff7833c0013b08
4580,4580,4580,spring-projects/spring-ws,b38c53890e8ce444db4d9b2740a9e8f7cc4f47af,2,806,c0ff7833c0013b08
4581,4581,4581,spring-projects/spring-ws,b38c53890e8ce444db4d9b2740a9e8f7cc4f47af,1,806,c0ff7833c0013b08
4582,4582,4582,spring-projects/spring-ws,b38c53890e8ce444db4d9b2740a9e8f7cc4f47af,5,806,c0ff7833c0013b08
4583,4583,4583,spring-projects/spring-ws,b38c53890e8ce444db4d9b2740a9e8f7cc4f47af,2,806,c0ff7833c0013b08
4584,4584,4584,spring-projects/spring-ws,b38c53890e8ce444db4d9b2740a9e8f7cc4f47af,3,806,c0ff7833c0013b08
4585,4585,4585,spring-projects/spring-ws,b6f6759d01735cfd5e3fe73ffacaf70de90ff931,1,810,c0ff7833c0013b08
4586,4586,4586,spring-projects/spring-ws,b6f6759d01735cfd5e3fe73ffacaf70de90ff931,1,810,c0ff7833c0013b08
4587,4587,4587,spring-projects/spring-ws,b6f6759d01735cfd5e3fe73ffacaf70de90ff931,5,810,c0ff7833c0013b08
4588,4588,4588,spring-projects/spring-ws,b6f6759d01735cfd5e3fe73ffacaf70de90ff931,1,810,c0ff7833c0013b08
4589,4589,4589,spring-projects/spring-ws,b6f6759d01735cfd5e3fe73ffacaf70de90ff931,2,810,c0ff7833c0013b08
4590,4590,4590,spring-projects/spring-ws,b6f6759d01735cfd5e3fe73ffacaf70de90ff931,2,810,c0ff7833c0013b08
4591,4591,4591,spring-projects/spring-ws,b6f6759d01735cfd5e3fe73ffacaf70de90ff931,2,810,c0ff7833c0013b08
4592,4592,4592,spring-projects/spring-ws,b6f6759d01735cfd5e3fe73ffacaf70de90ff931,14,810,c0ff7833c0013b08
4593,4593,4593,spring-projects/spring-ws,43005f84c9a5b2d0e5cdc21f0eae6ff7c94742ad,1,904,c0ff7833c0013b08
4594,4594,4594,spring-projects/spring-ws,2dbc22e1c0de246be9a8cd574369cb0b2ece8388,2,917,c0ff7833c0013b08
4595,4595,4595,spring-projects/spring-ws,2dbc22e1c0de246be9a8cd574369cb0b2ece8388,4,917,c0ff7833c0013b08
4596,4596,4596,spring-projects/spring-ws,2dbc22e1c0de246be9a8cd574369cb0b2ece8388,1,917,c0ff7833c0013b08
4597,4597,4597,spring-projects/spring-ws,2dbc22e1c0de246be9a8cd574369cb0b2ece8388,1,917,c0ff7833c0013b08
4598,4598,4598,spring-projects/spring-ws,77a31a695abe45f1ea32a4543d36aa047e5d765b,2,818,c0ff7833c0013b08
4599,4599,4599,spring-projects/spring-ws,77a31a695abe45f1ea32a4543d36aa047e5d765b,10,818,c0ff7833c0013b08
4600,4600,4600,spring-projects/spring-ws,77a31a695abe45f1ea32a4543d36aa047e5d765b,3,818,c0ff7833c0013b08
4601,4601,4601,spring-projects/spring-ws,77a31a695abe45f1ea32a4543d36aa047e5d765b,1,818,c0ff7833c0013b08
4602,4602,4602,spring-projects/spring-ws,77a31a695abe45f1ea32a4543d36aa047e5d765b,3,818,c0ff7833c0013b08
4603,4603,4603,spring-projects/spring-ws,77a31a695abe45f1ea32a4543d36aa047e5d765b,2,818,c0ff7833c0013b08
4604,4604,4604,spring-projects/spring-ws,77a31a695abe45f1ea32a4543d36aa047e5d765b,1,818,c0ff7833c0013b08
4605,4605,4605,spring-projects/spring-ws,77a31a695abe45f1ea32a4543d36aa047e5d765b,2,818,c0ff7833c0013b08
4606,4606,4606,spring-projects/spring-ws,77a31a695abe45f1ea32a4543d36aa047e5d765b,2,818,c0ff7833c0013b08
4607,4607,4607,spring-projects/spring-ws,77a31a695abe45f1ea32a4543d36aa047e5d765b,1,818,c0ff7833c0013b08
4608,4608,4608,spring-projects/spring-ws,e09e7eb2fd3896d865c363133bfeb7c17507d058,1,830,c0ff7833c0013b08
4609,4609,4609,spring-projects/spring-ws,e09e7eb2fd3896d865c363133bfeb7c17507d058,1,830,c0ff7833c0013b08
4610,4610,4610,spring-projects/spring-ws,e09e7eb2fd3896d865c363133bfeb7c17507d058,2,830,c0ff7833c0013b08
4611,4611,4611,spring-projects/spring-ws,e09e7eb2fd3896d865c363133bfeb7c17507d058,4,830,c0ff7833c0013b08
4612,4612,4612,spring-projects/spring-ws,e09e7eb2fd3896d865c363133bfeb7c17507d058,2,830,c0ff7833c0013b08
4613,4613,4613,spring-projects/spring-ws,e09e7eb2fd3896d865c363133bfeb7c17507d058,1,830,c0ff7833c0013b08
4614,4614,4614,spring-projects/spring-ws,e09e7eb2fd3896d865c363133bfeb7c17507d058,2,830,c0ff7833c0013b08
4615,4615,4615,spring-projects/spring-ws,e09e7eb2fd3896d865c363133bfeb7c17507d058,1,830,c0ff7833c0013b08
4616,4616,4616,spring-projects/spring-ws,5b5296995db8f56929fb0de44334a5147514a6f4,1,841,c0ff7833c0013b08
4617,4617,4617,spring-projects/spring-ws,5b5296995db8f56929fb0de44334a5147514a6f4,2,841,c0ff7833c0013b08
4618,4618,4618,spring-projects/spring-ws,5b5296995db8f56929fb0de44334a5147514a6f4,3,841,c0ff7833c0013b08
4619,4619,4619,spring-projects/spring-ws,5b5296995db8f56929fb0de44334a5147514a6f4,8,841,c0ff7833c0013b08
4620,4620,4620,spring-projects/spring-ws,5b5296995db8f56929fb0de44334a5147514a6f4,2,841,c0ff7833c0013b08
4621,4621,4621,spring-projects/spring-ws,5b5296995db8f56929fb0de44334a5147514a6f4,3,841,c0ff7833c0013b08
4622,4622,4622,spring-projects/spring-ws,fcbfa518367e0920763d1fac7c94107c083e4591,2,846,c0ff7833c0013b08
4623,4623,4623,spring-projects/spring-ws,fcbfa518367e0920763d1fac7c94107c083e4591,2,846,c0ff7833c0013b08
4624,4624,4624,spring-projects/spring-ws,fcbfa518367e0920763d1fac7c94107c083e4591,9,846,c0ff7833c0013b08
4625,4625,4625,spring-projects/spring-ws,fcbfa518367e0920763d1fac7c94107c083e4591,2,846,c0ff7833c0013b08
4626,4626,4626,spring-projects/spring-ws,fcbfa518367e0920763d1fac7c94107c083e4591,2,846,c0ff7833c0013b08
4627,4627,4627,spring-projects/spring-ws,fcbfa518367e0920763d1fac7c94107c083e4591,8,846,c0ff7833c0013b08
4628,4628,4628,spring-projects/spring-ws,fcbfa518367e0920763d1fac7c94107c083e4591,1,846,c0ff7833c0013b08
4629,4629,4629,spring-projects/spring-ws,2e75722a23f9ace6244fae8060b719877b1cb542,1,847,c0ff7833c0013b08
4630,4630,4630,spring-projects/spring-ws,2e75722a23f9ace6244fae8060b719877b1cb542,2,847,c0ff7833c0013b08
4631,4631,4631,spring-projects/spring-ws,2e75722a23f9ace6244fae8060b719877b1cb542,3,847,c0ff7833c0013b08
4632,4632,4632,spring-projects/spring-ws,2e75722a23f9ace6244fae8060b719877b1cb542,2,847,c0ff7833c0013b08
4633,4633,4633,spring-projects/spring-ws,fe5ff63bda423aace20ac05a4d4f4698c969b8b9,5,850,c0ff7833c0013b08
4634,4634,4634,spring-projects/spring-ws,fe5ff63bda423aace20ac05a4d4f4698c969b8b9,3,850,c0ff7833c0013b08
4635,4635,4635,spring-projects/spring-ws,fe5ff63bda423aace20ac05a4d4f4698c969b8b9,2,850,c0ff7833c0013b08
4636,4636,4636,spring-projects/spring-ws,fe5ff63bda423aace20ac05a4d4f4698c969b8b9,4,850,c0ff7833c0013b08
4637,4637,4637,spring-projects/spring-ws,fe5ff63bda423aace20ac05a4d4f4698c969b8b9,3,850,c0ff7833c0013b08
4638,4638,4638,spring-projects/spring-ws,4b145eddeb6e8054277b1c5e581fed829875e227,2,854,c0ff7833c0013b08
4639,4639,4639,spring-projects/spring-ws,4b145eddeb6e8054277b1c5e581fed829875e227,2,854,c0ff7833c0013b08
4640,4640,4640,spring-projects/spring-ws,4b145eddeb6e8054277b1c5e581fed829875e227,1,854,c0ff7833c0013b08
4641,4641,4641,spring-projects/spring-ws,4b145eddeb6e8054277b1c5e581fed829875e227,2,854,c0ff7833c0013b08
4642,4642,4642,spring-projects/spring-ws,4b145eddeb6e8054277b1c5e581fed829875e227,2,854,c0ff7833c0013b08
4643,4643,4643,spring-projects/spring-ws,4b145eddeb6e8054277b1c5e581fed829875e227,1,854,c0ff7833c0013b08
4644,4644,4644,spring-projects/spring-ws,4b145eddeb6e8054277b1c5e581fed829875e227,2,854,c0ff7833c0013b08
4645,4645,4645,spring-projects/spring-ws,4b145eddeb6e8054277b1c5e581fed829875e227,1,854,c0ff7833c0013b08
4646,4646,4646,spring-projects/spring-ws,4b145eddeb6e8054277b1c5e581fed829875e227,2,854,c0ff7833c0013b08
4647,4647,4647,spring-projects/spring-ws,4b145eddeb6e8054277b1c5e581fed829875e227,2,854,c0ff7833c0013b08
4648,4648,4648,spring-projects/spring-ws,4b145eddeb6e8054277b1c5e581fed829875e227,1,854,c0ff7833c0013b08
4649,4649,4649,spring-projects/spring-ws,76bf0b5c01cc87bad9bc010a6456451a3f3a9a6b,3,854,c0ff7833c0013b08
4650,4650,4650,spring-projects/spring-ws,76bf0b5c01cc87bad9bc010a6456451a3f3a9a6b,2,854,c0ff7833c0013b08
4651,4651,4651,spring-projects/spring-ws,76bf0b5c01cc87bad9bc010a6456451a3f3a9a6b,1,854,c0ff7833c0013b08
4652,4652,4652,spring-projects/spring-ws,90625da31c024c62b0c71fa2a4eaa48c13d3c516,1,920,c0ff7833c0013b08
4653,4653,4653,spring-projects/spring-ws,90625da31c024c62b0c71fa2a4eaa48c13d3c516,1,920,c0ff7833c0013b08
4654,4654,4654,spring-projects/spring-ws,90625da31c024c62b0c71fa2a4eaa48c13d3c516,1,920,c0ff7833c0013b08
4655,4655,4655,spring-projects/spring-ws,90625da31c024c62b0c71fa2a4eaa48c13d3c516,3,920,c0ff7833c0013b08
4656,4656,4656,spring-projects/spring-ws,90625da31c024c62b0c71fa2a4eaa48c13d3c516,1,920,c0ff7833c0013b08
4657,4657,4657,spring-projects/spring-ws,90625da31c024c62b0c71fa2a4eaa48c13d3c516,1,920,c0ff7833c0013b08
4658,4658,4658,spring-projects/spring-ws,90625da31c024c62b0c71fa2a4eaa48c13d3c516,1,920,c0ff7833c0013b08
4659,4659,4659,spring-projects/spring-ws,52c0afa83f743f1497788af940e5de1081108631,2,924,c0ff7833c0013b08
4660,4660,4660,spring-projects/spring-ws,52c0afa83f743f1497788af940e5de1081108631,9,924,c0ff7833c0013b08
4661,4661,4661,spring-projects/spring-ws,d9c7a7ae494157923b384dc1eafc60678f2240cd,4,925,c0ff7833c0013b08
4662,4662,4662,spring-projects/spring-ws,d9c7a7ae494157923b384dc1eafc60678f2240cd,2,925,c0ff7833c0013b08
4663,4663,4663,spring-projects/spring-ws,d9c7a7ae494157923b384dc1eafc60678f2240cd,2,925,c0ff7833c0013b08
4664,4664,4664,spring-projects/spring-ws,88516e510906fd6cdda3c6f922d46bd8dd0b95b2,1,903,c0ff7833c0013b08
4665,4665,4665,spring-projects/spring-ws,9449929f92ec169e5719f1fc5d7eb94d16278671,4,903,c0ff7833c0013b08
4666,4666,4666,spring-projects/spring-ws,9449929f92ec169e5719f1fc5d7eb94d16278671,1,903,c0ff7833c0013b08
4667,4667,4667,spring-projects/spring-ws,51d4a5a56e22c00b39f15b8bd3e8bca7613a4291,1,908,c0ff7833c0013b08
4668,4668,4668,spring-projects/spring-ws,51d4a5a56e22c00b39f15b8bd3e8bca7613a4291,2,908,c0ff7833c0013b08
4669,4669,4669,spring-projects/spring-ws,032615d873b69ecccf7c566011dd0e6852d41160,1,858,c0ff7833c0013b08
4670,4670,4670,spring-projects/spring-ws,27e9512f705ca85c2b7cdaf06ca7dc5240058b79,1,859,c0ff7833c0013b08
4671,4671,4671,spring-projects/spring-ws,c721eb3f3131f137304e9ec584b3c340d8bd720a,3,861,c0ff7833c0013b08
4672,4672,4672,spring-projects/spring-ws,c721eb3f3131f137304e9ec584b3c340d8bd720a,2,861,c0ff7833c0013b08
4673,4673,4673,spring-projects/spring-ws,95689226d540c6fdc44e6b9c1f18dbfadb0531d0,1,861,c0ff7833c0013b08
4674,4674,4674,spring-projects/spring-ws,95689226d540c6fdc44e6b9c1f18dbfadb0531d0,1,861,c0ff7833c0013b08
4675,4675,4675,wildfly-security/wildfly-elytron,3de68f1b67014c8fc0b74e6ab7f1470eae155338,2,533,c0ff7833c0013b08
4676,4676,4676,wildfly-security/wildfly-elytron,dd23cb35a77fabd560d15ab14cb81dffd29bbf08,1,68,c0ff7833c0013b08
4677,4677,4677,wildfly-security/wildfly-elytron,dd23cb35a77fabd560d15ab14cb81dffd29bbf08,1,68,c0ff7833c0013b08
4678,4678,4678,wildfly-security/wildfly-elytron,dd23cb35a77fabd560d15ab14cb81dffd29bbf08,1,68,c0ff7833c0013b08
4679,4679,4679,wildfly-security/wildfly-elytron,432af156c72be5510d7c0960e36f143260b49ad9,1,692,c0ff7833c0013b08
4680,4680,4680,wildfly-security/wildfly-elytron,432af156c72be5510d7c0960e36f143260b49ad9,3,692,c0ff7833c0013b08
4681,4681,4681,wildfly-security/wildfly-elytron,432af156c72be5510d7c0960e36f143260b49ad9,1,692,c0ff7833c0013b08
4682,4682,4682,wildfly-security/wildfly-elytron,432af156c72be5510d7c0960e36f143260b49ad9,1,692,c0ff7833c0013b08
4683,4683,4683,wildfly-security/wildfly-elytron,432af156c72be5510d7c0960e36f143260b49ad9,1,692,c0ff7833c0013b08
4684,4684,4684,wildfly-security/wildfly-elytron,432af156c72be5510d7c0960e36f143260b49ad9,1,692,c0ff7833c0013b08
4685,4685,4685,wildfly-security/wildfly-elytron,432af156c72be5510d7c0960e36f143260b49ad9,1,692,c0ff7833c0013b08
4686,4686,4686,wildfly-security/wildfly-elytron,432af156c72be5510d7c0960e36f143260b49ad9,1,692,c0ff7833c0013b08
4687,4687,4687,wildfly-security/wildfly-elytron,23fdcc553ba318d07ebcc629490dc3e1db0677b0,1,762,c0ff7833c0013b08
4688,4688,4688,wildfly-security/wildfly-elytron,23fdcc553ba318d07ebcc629490dc3e1db0677b0,1,762,c0ff7833c0013b08
4689,4689,4689,wildfly-security/wildfly-elytron,23fdcc553ba318d07ebcc629490dc3e1db0677b0,1,762,c0ff7833c0013b08
4690,4690,4690,wildfly-security/wildfly-elytron,23fdcc553ba318d07ebcc629490dc3e1db0677b0,1,762,c0ff7833c0013b08
4691,4691,4691,wildfly-security/wildfly-elytron,449d0a61ba6f8aa90b1c00289b50153743374b83,1,776,c0ff7833c0013b08
4692,4692,4692,wildfly-security/wildfly-elytron,d4dae23ad45bc66599acf38901aa2c3afeb1f218,7,765,c0ff7833c0013b08
4693,4693,4693,wildfly-security/wildfly-elytron,a0d226448c1a9e45da33ac56157fd38708043fec,1,764,c0ff7833c0013b08
4694,4694,4694,wildfly-security/wildfly-elytron,4a31e4042aba18e14fc2d0cdba6907219ba9c3a7,2,790,c0ff7833c0013b08
4695,4695,4695,wildfly-swarm/wildfly-swarm,1885ff3408e61ab7ce47153b4feca4ec3e2562ee,1,368,c0ff7833c0013b08
4696,4696,4696,wildfly-swarm/wildfly-swarm,1885ff3408e61ab7ce47153b4feca4ec3e2562ee,1,368,c0ff7833c0013b08
4697,4697,4697,wildfly-swarm/wildfly-swarm,b37a073c19b052ec01cf726bfa8dfb97d4fa00b5,1,380,c0ff7833c0013b08
4698,4698,4698,wildfly-swarm/wildfly-swarm,bbbbc817233b02e9869f16bd62a1f21cc3cdefe0,1,392,c0ff7833c0013b08
4699,4699,4699,wildfly-swarm/wildfly-swarm,bbbbc817233b02e9869f16bd62a1f21cc3cdefe0,1,392,c0ff7833c0013b08
4700,4700,4700,wildfly-swarm/wildfly-swarm,bbbbc817233b02e9869f16bd62a1f21cc3cdefe0,1,392,c0ff7833c0013b08
4701,4701,4701,wildfly-swarm/wildfly-swarm,bbbbc817233b02e9869f16bd62a1f21cc3cdefe0,1,392,c0ff7833c0013b08
4702,4702,4702,wildfly-swarm/wildfly-swarm,bbbbc817233b02e9869f16bd62a1f21cc3cdefe0,1,392,c0ff7833c0013b08
4703,4703,4703,wildfly-swarm/wildfly-swarm,bbbbc817233b02e9869f16bd62a1f21cc3cdefe0,1,392,c0ff7833c0013b08
4704,4704,4704,wildfly-swarm/wildfly-swarm,bbbbc817233b02e9869f16bd62a1f21cc3cdefe0,1,392,c0ff7833c0013b08
4705,4705,4705,wildfly-swarm/wildfly-swarm,76e64b9280dca2a6250e0bef8c40143283f7a9fd,1,654,c0ff7833c0013b08
4706,4706,4706,wildfly-swarm/wildfly-swarm,fb479d22344565084d7a85a4226f9f3a12ab4aa3,1,701,c0ff7833c0013b08
4707,4707,4707,wildfly-swarm/wildfly-swarm,5561d4c7d0fd9dca60ff100addde31e9db2a8761,21,566,c0ff7833c0013b08
4708,4708,4708,wildfly-swarm/wildfly-swarm,5561d4c7d0fd9dca60ff100addde31e9db2a8761,1,566,c0ff7833c0013b08
4709,4709,4709,wildfly-swarm/wildfly-swarm,5561d4c7d0fd9dca60ff100addde31e9db2a8761,1,566,c0ff7833c0013b08
4710,4710,4710,wildfly-swarm/wildfly-swarm,8d7976709b1ac1eb61a9c6a1f692f4dd95fc73b6,1,593,c0ff7833c0013b08
4711,4711,4711,wildfly-swarm/wildfly-swarm,8d7976709b1ac1eb61a9c6a1f692f4dd95fc73b6,2,593,c0ff7833c0013b08
4712,4712,4712,wildfly-swarm/wildfly-swarm,8d7976709b1ac1eb61a9c6a1f692f4dd95fc73b6,4,593,c0ff7833c0013b08
4713,4713,4713,wildfly-swarm/wildfly-swarm,8d7976709b1ac1eb61a9c6a1f692f4dd95fc73b6,2,593,c0ff7833c0013b08
4714,4714,4714,wildfly-swarm/wildfly-swarm,8d7976709b1ac1eb61a9c6a1f692f4dd95fc73b6,1,593,c0ff7833c0013b08
4715,4715,4715,wildfly-swarm/wildfly-swarm,8d7976709b1ac1eb61a9c6a1f692f4dd95fc73b6,1,593,c0ff7833c0013b08
4716,4716,4716,wildfly-swarm/wildfly-swarm,8d7976709b1ac1eb61a9c6a1f692f4dd95fc73b6,2,593,c0ff7833c0013b08
4717,4717,4717,wildfly-swarm/wildfly-swarm,8d7976709b1ac1eb61a9c6a1f692f4dd95fc73b6,1,593,c0ff7833c0013b08
4718,4718,4718,wildfly-swarm/wildfly-swarm,8d7976709b1ac1eb61a9c6a1f692f4dd95fc73b6,2,593,c0ff7833c0013b08
4719,4719,4719,wildfly-swarm/wildfly-swarm,8d7976709b1ac1eb61a9c6a1f692f4dd95fc73b6,1,593,c0ff7833c0013b08
4720,4720,4720,wildfly/wildfly-core,a28bf3e94ef80105f5b3e643f1e8a064c8d9bc96,1,2819,c0ff7833c0013b08
4721,4721,4721,wildfly/wildfly-core,00a333da5527e614eaed5cbdaffd359bcc71588f,2,2832,c0ff7833c0013b08
4722,4722,4722,wildfly/wildfly-core,00a333da5527e614eaed5cbdaffd359bcc71588f,1,2832,c0ff7833c0013b08
4723,4723,4723,wildfly/wildfly-core,5056ea7dca2bf03356c9234dea6f91bf607da508,1,2894,c0ff7833c0013b08
4724,4724,4724,wildfly/wildfly-core,5056ea7dca2bf03356c9234dea6f91bf607da508,2,2894,c0ff7833c0013b08
4725,4725,4725,wildfly/wildfly-core,5056ea7dca2bf03356c9234dea6f91bf607da508,1,2894,c0ff7833c0013b08
4726,4726,4726,wildfly/wildfly-core,5056ea7dca2bf03356c9234dea6f91bf607da508,9,2894,c0ff7833c0013b08
4727,4727,4727,wildfly/wildfly-core,fc2ec205fad23199d0e417209983e381c9f46baf,2,2878,c0ff7833c0013b08
4728,4728,4728,wildfly/wildfly-core,fc2ec205fad23199d0e417209983e381c9f46baf,4,2878,c0ff7833c0013b08
4729,4729,4729,wildfly/wildfly-core,fc2ec205fad23199d0e417209983e381c9f46baf,2,2878,c0ff7833c0013b08
4730,4730,4730,wildfly/wildfly-core,fc2ec205fad23199d0e417209983e381c9f46baf,1,2878,c0ff7833c0013b08
4731,4731,4731,wildfly/wildfly-core,fc2ec205fad23199d0e417209983e381c9f46baf,1,2878,c0ff7833c0013b08
4732,4732,4732,wildfly/wildfly-core,fc2ec205fad23199d0e417209983e381c9f46baf,4,2878,c0ff7833c0013b08
4733,4733,4733,wildfly/wildfly-core,70e49dd80ebd11cfdae3dc30c70b7ed9f4c97ef4,1,2907,c0ff7833c0013b08
4734,4734,4734,wildfly/wildfly-core,70e49dd80ebd11cfdae3dc30c70b7ed9f4c97ef4,1,2907,c0ff7833c0013b08
4735,4735,4735,wildfly/wildfly-core,70e49dd80ebd11cfdae3dc30c70b7ed9f4c97ef4,8,2907,c0ff7833c0013b08
4736,4736,4736,wildfly/wildfly-core,fc2ec205fad23199d0e417209983e381c9f46baf,8,2878,c0ff7833c0013b08
4737,4737,4737,wildfly/wildfly-core,70e49dd80ebd11cfdae3dc30c70b7ed9f4c97ef4,1,2907,c0ff7833c0013b08
4738,4738,4738,wildfly/wildfly-core,70e49dd80ebd11cfdae3dc30c70b7ed9f4c97ef4,3,2907,c0ff7833c0013b08
4739,4739,4739,wildfly/wildfly-core,0de5ec749ff2ef5db9be1f030dd440776b4daebb,1,2912,c0ff7833c0013b08
4740,4740,4740,wildfly/wildfly-core,37125c7255213ce337ecb77b848c63b043782795,1,2945,c0ff7833c0013b08
4741,4741,4741,wildfly/wildfly-core,37125c7255213ce337ecb77b848c63b043782795,4,2945,c0ff7833c0013b08
4742,4742,4742,wildfly/wildfly-core,37125c7255213ce337ecb77b848c63b043782795,1,2945,c0ff7833c0013b08
4743,4743,4743,wildfly/wildfly-core,37125c7255213ce337ecb77b848c63b043782795,4,2945,c0ff7833c0013b08
4744,4744,4744,wildfly/wildfly-core,37125c7255213ce337ecb77b848c63b043782795,2,2945,c0ff7833c0013b08
4745,4745,4745,wildfly/wildfly-core,363780d725784b33be757742ae7fa4a60ea5b12c,1,3003,c0ff7833c0013b08
4746,4746,4746,wildfly/wildfly-core,363780d725784b33be757742ae7fa4a60ea5b12c,1,3003,c0ff7833c0013b08
4747,4747,4747,wildfly/wildfly-core,363780d725784b33be757742ae7fa4a60ea5b12c,1,3003,c0ff7833c0013b08
4748,4748,4748,wildfly/wildfly-core,5d6ca1774d09a93d8d5240d4af44cc830cbaa1d6,1,3006,c0ff7833c0013b08
4749,4749,4749,wildfly/wildfly-core,37125c7255213ce337ecb77b848c63b043782795,3,2945,c0ff7833c0013b08
4750,4750,4750,wildfly/wildfly-core,56efc732c25e464fdfee0cf528e72db1f35b46e0,2,3012,c0ff7833c0013b08
4751,4751,4751,wildfly/wildfly-core,37125c7255213ce337ecb77b848c63b043782795,2,2945,c0ff7833c0013b08
4752,4752,4752,wildfly/wildfly-core,7ad6a7700e8d1459a4504c36be1a27a09959bf8a,40,3125,c0ff7833c0013b08
4753,4753,4753,wildfly/wildfly-core,56efc732c25e464fdfee0cf528e72db1f35b46e0,5,3012,c0ff7833c0013b08
4754,4754,4754,wildfly/wildfly-core,56efc732c25e464fdfee0cf528e72db1f35b46e0,1,3012,c0ff7833c0013b08
4755,4755,4755,wildfly/wildfly-core,56efc732c25e464fdfee0cf528e72db1f35b46e0,4,3012,c0ff7833c0013b08
4756,4756,4756,wildfly/wildfly-core,56efc732c25e464fdfee0cf528e72db1f35b46e0,3,3012,c0ff7833c0013b08
4757,4757,4757,wildfly/wildfly-core,56efc732c25e464fdfee0cf528e72db1f35b46e0,1,3012,c0ff7833c0013b08
4758,4758,4758,wildfly/wildfly-core,56efc732c25e464fdfee0cf528e72db1f35b46e0,1,3012,c0ff7833c0013b08
4759,4759,4759,wildfly/wildfly-core,56efc732c25e464fdfee0cf528e72db1f35b46e0,1,3012,c0ff7833c0013b08
4760,4760,4760,wildfly/wildfly-core,ca904d7398e9815c327cd539d7c285c8c5ff9114,3,3065,c0ff7833c0013b08
4761,4761,4761,wildfly/wildfly-core,363780d725784b33be757742ae7fa4a60ea5b12c,11,3003,c0ff7833c0013b08
4762,4762,4762,wildfly/wildfly-core,ca904d7398e9815c327cd539d7c285c8c5ff9114,1,3065,c0ff7833c0013b08
4763,4763,4763,wildfly/wildfly-core,0ae34e936c19a18f342070dc115c7ec3a2337016,2,3073,c0ff7833c0013b08
4764,4764,4764,wildfly/wildfly-core,0ae34e936c19a18f342070dc115c7ec3a2337016,3,3073,c0ff7833c0013b08
4765,4765,4765,wildfly/wildfly-core,0ae34e936c19a18f342070dc115c7ec3a2337016,2,3073,c0ff7833c0013b08
4766,4766,4766,wildfly/wildfly-core,0ae34e936c19a18f342070dc115c7ec3a2337016,1,3073,c0ff7833c0013b08
4767,4767,4767,wildfly/wildfly-core,0ae34e936c19a18f342070dc115c7ec3a2337016,1,3073,c0ff7833c0013b08
4768,4768,4768,wildfly/wildfly-core,0ae34e936c19a18f342070dc115c7ec3a2337016,4,3073,c0ff7833c0013b08
4769,4769,4769,wildfly/wildfly-core,0ae34e936c19a18f342070dc115c7ec3a2337016,7,3073,c0ff7833c0013b08
4770,4770,4770,wildfly/wildfly-core,0ae34e936c19a18f342070dc115c7ec3a2337016,1,3073,c0ff7833c0013b08
4771,4771,4771,wildfly/wildfly-core,0ae34e936c19a18f342070dc115c7ec3a2337016,1,3073,c0ff7833c0013b08
4772,4772,4772,wildfly/wildfly-core,0ae34e936c19a18f342070dc115c7ec3a2337016,1,3073,c0ff7833c0013b08
4773,4773,4773,wildfly/wildfly-core,0ae34e936c19a18f342070dc115c7ec3a2337016,1,3073,c0ff7833c0013b08
4774,4774,4774,wildfly/wildfly-core,0ae34e936c19a18f342070dc115c7ec3a2337016,4,3073,c0ff7833c0013b08
4775,4775,4775,wildfly/wildfly-core,f28ae21e5652be079a51067355e141722b8b7076,2,3102,c0ff7833c0013b08
4776,4776,4776,wildfly/wildfly-core,4463ec5a1c2ba6e5f3f68c1e62b8f42232fd362c,1,3116,c0ff7833c0013b08
4777,4777,4777,wildfly/wildfly-core,0de5ec749ff2ef5db9be1f030dd440776b4daebb,1,2912,c0ff7833c0013b08
4778,4778,4778,wildfly/wildfly-core,990d9bd8424fcbe278cf6a554ee5ee541739ef54,2,3122,c0ff7833c0013b08
4779,4779,4779,wildfly/wildfly-core,4463ec5a1c2ba6e5f3f68c1e62b8f42232fd362c,3,3116,c0ff7833c0013b08
4780,4780,4780,wildfly/wildfly-core,7ad6a7700e8d1459a4504c36be1a27a09959bf8a,6,3125,c0ff7833c0013b08
4781,4781,4781,wildfly/wildfly-core,7ad6a7700e8d1459a4504c36be1a27a09959bf8a,1,3125,c0ff7833c0013b08
4782,4782,4782,wildfly/wildfly-core,7ad6a7700e8d1459a4504c36be1a27a09959bf8a,3,3125,c0ff7833c0013b08
4783,4783,4783,wildfly/wildfly-core,7ad6a7700e8d1459a4504c36be1a27a09959bf8a,2,3125,c0ff7833c0013b08
4784,4784,4784,wildfly/wildfly-core,3f0980b99e0fd681cbe7f34cb4b6785e019ab159,5,2819,c0ff7833c0013b08
4785,4785,4785,wildfly/wildfly-core,7ad6a7700e8d1459a4504c36be1a27a09959bf8a,3,3125,c0ff7833c0013b08
4786,4786,4786,wildfly/wildfly-core,990d9bd8424fcbe278cf6a554ee5ee541739ef54,4,3122,c0ff7833c0013b08
4787,4787,4787,wildfly/wildfly-core,7ad6a7700e8d1459a4504c36be1a27a09959bf8a,1,3125,c0ff7833c0013b08
4788,4788,4788,wildfly/wildfly-core,e9af7db126aa403bdb195d01f577dd79891e7a80,1,3167,c0ff7833c0013b08
4789,4789,4789,wildfly/wildfly-core,0ae34e936c19a18f342070dc115c7ec3a2337016,1,3073,c0ff7833c0013b08
4790,4790,4790,wildfly/wildfly-core,b9bc9c45ac5e176e355bc059bd7ca4e8a2fb32bb,1,3167,c0ff7833c0013b08
4791,4791,4791,wildfly/wildfly-core,363780d725784b33be757742ae7fa4a60ea5b12c,5,3003,c0ff7833c0013b08
4792,4792,4792,wildfly/wildfly-core,e9af7db126aa403bdb195d01f577dd79891e7a80,1,3167,c0ff7833c0013b08
4793,4793,4793,wildfly/wildfly-core,e9af7db126aa403bdb195d01f577dd79891e7a80,1,3167,c0ff7833c0013b08
4794,4794,4794,wildfly/wildfly-core,e9af7db126aa403bdb195d01f577dd79891e7a80,2,3167,c0ff7833c0013b08
4795,4795,4795,wildfly/wildfly-core,7ad6a7700e8d1459a4504c36be1a27a09959bf8a,2,3125,c0ff7833c0013b08
4796,4796,4796,wildfly/wildfly-core,e9af7db126aa403bdb195d01f577dd79891e7a80,3,3167,c0ff7833c0013b08
4797,4797,4797,wildfly/wildfly-core,70e49dd80ebd11cfdae3dc30c70b7ed9f4c97ef4,3,2907,c0ff7833c0013b08
4798,4798,4798,wildfly/wildfly-core,f825e0c0c1b3c43d19bc454632250ea470718cc5,3,3183,c0ff7833c0013b08
4799,4799,4799,wildfly/wildfly-core,f825e0c0c1b3c43d19bc454632250ea470718cc5,1,3183,c0ff7833c0013b08
4800,4800,4800,wildfly/wildfly-core,f825e0c0c1b3c43d19bc454632250ea470718cc5,2,3183,c0ff7833c0013b08
4801,4801,4801,wildfly/wildfly-core,91bd6410d4df8fcbdde901162184c15c9d91d051,1,3160,c0ff7833c0013b08
4802,4802,4802,wildfly/wildfly-core,d5f375af652cd283edaf8e03a1bcd1fcdacd4cf5,1,3184,c0ff7833c0013b08
4803,4803,4803,wildfly/wildfly-core,d5f375af652cd283edaf8e03a1bcd1fcdacd4cf5,6,3184,c0ff7833c0013b08
4804,4804,4804,wildfly/wildfly-core,17453adfceed1715b5c94699b7e15f453a010cb2,1,3184,c0ff7833c0013b08
4805,4805,4805,wildfly/wildfly-core,b499c01cbff47e55d30a8c12bd4b6268a7cc8b0f,2,3184,c0ff7833c0013b08
4806,4806,4806,wildfly/wildfly-core,17453adfceed1715b5c94699b7e15f453a010cb2,2,3184,c0ff7833c0013b08
4807,4807,4807,wildfly/wildfly-core,17453adfceed1715b5c94699b7e15f453a010cb2,1,3184,c0ff7833c0013b08
4808,4808,4808,wildfly/wildfly-core,56efc732c25e464fdfee0cf528e72db1f35b46e0,1,3012,c0ff7833c0013b08
4809,4809,4809,wildfly/wildfly-core,55f98250f51c6c775a982ae6afcc705b6626a447,1,3180,c0ff7833c0013b08
4810,4810,4810,wildfly/wildfly-core,671a3599d28b1ae024a9ef395ee885ff6d68392d,2,3178,c0ff7833c0013b08
4811,4811,4811,wildfly/wildfly-core,671a3599d28b1ae024a9ef395ee885ff6d68392d,1,3178,c0ff7833c0013b08
4812,4812,4812,wildfly/wildfly-core,55f98250f51c6c775a982ae6afcc705b6626a447,1,3180,c0ff7833c0013b08
4813,4813,4813,wildfly/wildfly-core,671a3599d28b1ae024a9ef395ee885ff6d68392d,1,3178,c0ff7833c0013b08
4814,4814,4814,wildfly/wildfly-core,b499c01cbff47e55d30a8c12bd4b6268a7cc8b0f,5,3184,c0ff7833c0013b08
4815,4815,4815,wildfly/wildfly-core,7ad6a7700e8d1459a4504c36be1a27a09959bf8a,1,3125,c0ff7833c0013b08
4816,4816,4816,wildfly/wildfly-core,8b60df9b0156488db9aefc9738561636f7b3def8,1,3180,c0ff7833c0013b08
4817,4817,4817,wildfly/wildfly-core,8b60df9b0156488db9aefc9738561636f7b3def8,3,3180,c0ff7833c0013b08
4818,4818,4818,wildfly/wildfly-core,8b60df9b0156488db9aefc9738561636f7b3def8,5,3180,c0ff7833c0013b08
4819,4819,4819,wildfly/wildfly-core,17453adfceed1715b5c94699b7e15f453a010cb2,1,3184,c0ff7833c0013b08
4820,4820,4820,wildfly/wildfly-core,59e4051b2c446e95820671d918c6496523a3b192,5,3180,c0ff7833c0013b08
4821,4821,4821,wildfly/wildfly-core,f06bbb543806ac461fc09e29c2bcd6c079b8e7b7,2,3180,c0ff7833c0013b08
4822,4822,4822,wildfly/wildfly-core,6aa0dc631fef3170ee3a9fe867d5751405f32ea6,2,3209,c0ff7833c0013b08
4823,4823,4823,wildfly/wildfly-core,a437828eb27883d5c3bbf9bee9cc86c8781a2411,1,3210,c0ff7833c0013b08
4824,4824,4824,wildfly/wildfly-core,a437828eb27883d5c3bbf9bee9cc86c8781a2411,2,3210,c0ff7833c0013b08
4825,4825,4825,wildfly/wildfly-core,a437828eb27883d5c3bbf9bee9cc86c8781a2411,3,3210,c0ff7833c0013b08
4826,4826,4826,wildfly/wildfly-core,f9afef5ebe93fdadf450abd6627339885ba4c49c,2,3243,c0ff7833c0013b08
4827,4827,4827,wildfly/wildfly-core,24290e9657bdde72c3b16b452545d5ae0e399a46,5,3268,c0ff7833c0013b08
4828,4828,4828,wildfly/wildfly-core,f9afef5ebe93fdadf450abd6627339885ba4c49c,5,3243,c0ff7833c0013b08
4829,4829,4829,wildfly/wildfly-core,ffd5522b650141251338b7d9acc09953b7370557,2,3285,c0ff7833c0013b08
4830,4830,4830,wildfly/wildfly-core,01db1d154535aaf3adca571942fa74d0fa8ba109,1,3296,c0ff7833c0013b08
4831,4831,4831,wildfly/wildfly-core,8662b37cd8e479a04542695a96d9c799b0671fce,4,3296,c0ff7833c0013b08
4832,4832,4832,wildfly/wildfly-core,f9afef5ebe93fdadf450abd6627339885ba4c49c,1,3243,c0ff7833c0013b08
4833,4833,4833,wildfly/wildfly-core,8662b37cd8e479a04542695a96d9c799b0671fce,4,3296,c0ff7833c0013b08
4834,4834,4834,wildfly/wildfly-core,ffd5522b650141251338b7d9acc09953b7370557,7,3285,c0ff7833c0013b08
4835,4835,4835,wildfly/wildfly-core,03e49312e2c271eb719d60f6610fa1af628bec88,1,3315,c0ff7833c0013b08
4836,4836,4836,wildfly/wildfly-core,f65302114af439f1d31e4a893d51e745c6345e9e,1,3324,c0ff7833c0013b08
4837,4837,4837,wildfly/wildfly-core,03e49312e2c271eb719d60f6610fa1af628bec88,2,3315,c0ff7833c0013b08
4838,4838,4838,wildfly/wildfly-core,bf72f3f7f342c08cf9704b2bf36812c2d6e0a315,2,3343,c0ff7833c0013b08
4839,4839,4839,wildfly/wildfly-core,da3ea2a9b085bffa7d690d4099ba876434c15aa3,1,3332,c0ff7833c0013b08
4840,4840,4840,wildfly/wildfly-core,03e49312e2c271eb719d60f6610fa1af628bec88,1,3315,c0ff7833c0013b08
4841,4841,4841,wildfly/wildfly-core,03e49312e2c271eb719d60f6610fa1af628bec88,4,3315,c0ff7833c0013b08
4842,4842,4842,wildfly/wildfly-core,03e49312e2c271eb719d60f6610fa1af628bec88,6,3315,c0ff7833c0013b08
4843,4843,4843,wildfly/wildfly-core,ffd5522b650141251338b7d9acc09953b7370557,1,3285,c0ff7833c0013b08
4844,4844,4844,wildfly/wildfly-core,54239dc57c2e618dbb1f4c8f2f4ebb88b9908770,2,3344,c0ff7833c0013b08
4845,4845,4845,wildfly/wildfly-core,54239dc57c2e618dbb1f4c8f2f4ebb88b9908770,2,3344,c0ff7833c0013b08
4846,4846,4846,wildfly/wildfly-core,54239dc57c2e618dbb1f4c8f2f4ebb88b9908770,6,3344,c0ff7833c0013b08
4847,4847,4847,wildfly/wildfly-core,c46a2e0bedf48cfd9139d3d3a452861740255efd,1,3350,c0ff7833c0013b08
4848,4848,4848,wildfly/wildfly-core,da3ea2a9b085bffa7d690d4099ba876434c15aa3,19,3332,c0ff7833c0013b08
4849,4849,4849,wildfly/wildfly-core,bf72f3f7f342c08cf9704b2bf36812c2d6e0a315,3,3343,c0ff7833c0013b08
4850,4850,4850,wildfly/wildfly-core,6f22914f293305994bceb6c25abc04ab8085ee24,3,3352,c0ff7833c0013b08
4851,4851,4851,wildfly/wildfly-core,6f22914f293305994bceb6c25abc04ab8085ee24,2,3352,c0ff7833c0013b08
4852,4852,4852,wildfly/wildfly-core,6f22914f293305994bceb6c25abc04ab8085ee24,1,3352,c0ff7833c0013b08
4853,4853,4853,wildfly/wildfly-core,6f22914f293305994bceb6c25abc04ab8085ee24,31,3352,c0ff7833c0013b08
4854,4854,4854,wildfly/wildfly-core,be839f294f8088fabdbdaf0ec1f0a8e1e757d49b,2,3362,c0ff7833c0013b08
4855,4855,4855,wildfly/wildfly-core,da3ea2a9b085bffa7d690d4099ba876434c15aa3,5,3332,c0ff7833c0013b08
4856,4856,4856,wildfly/wildfly-core,54239dc57c2e618dbb1f4c8f2f4ebb88b9908770,8,3344,c0ff7833c0013b08
4857,4857,4857,wildfly/wildfly-core,be839f294f8088fabdbdaf0ec1f0a8e1e757d49b,11,3362,c0ff7833c0013b08
4858,4858,4858,wildfly/wildfly-core,27df459f0e3b5356ad0b81a4be06e9805ec9df1b,1,3361,c0ff7833c0013b08
4859,4859,4859,wildfly/wildfly-core,c46a2e0bedf48cfd9139d3d3a452861740255efd,15,3350,c0ff7833c0013b08
4860,4860,4860,wildfly/wildfly-core,54239dc57c2e618dbb1f4c8f2f4ebb88b9908770,2,3344,c0ff7833c0013b08
4861,4861,4861,wildfly/wildfly-core,54239dc57c2e618dbb1f4c8f2f4ebb88b9908770,1,3344,c0ff7833c0013b08
4862,4862,4862,wildfly/wildfly-core,54239dc57c2e618dbb1f4c8f2f4ebb88b9908770,1,3344,c0ff7833c0013b08
4863,4863,4863,wildfly/wildfly-core,54239dc57c2e618dbb1f4c8f2f4ebb88b9908770,5,3344,c0ff7833c0013b08
4864,4864,4864,wildfly/wildfly-core,aa3ca556c507963bf6a58bc993f0229432cd427f,2,3367,c0ff7833c0013b08
4865,4865,4865,wildfly/wildfly-core,900de18d21d7810bf94728a4755f068ee51581a5,5,3367,c0ff7833c0013b08
4866,4866,4866,wildfly/wildfly-core,c46a2e0bedf48cfd9139d3d3a452861740255efd,3,3350,c0ff7833c0013b08
4867,4867,4867,wildfly/wildfly-core,900de18d21d7810bf94728a4755f068ee51581a5,6,3367,c0ff7833c0013b08
4868,4868,4868,wildfly/wildfly-core,b0b06b59dd71a0af4d93955ad0b871373a32408d,1,3368,c0ff7833c0013b08
4869,4869,4869,wildfly/wildfly-core,da3ea2a9b085bffa7d690d4099ba876434c15aa3,2,3332,c0ff7833c0013b08
4870,4870,4870,wildfly/wildfly-core,de242ae73f1fe891fb7fdc848368af5dfbb6452b,2,3367,c0ff7833c0013b08
4871,4871,4871,wildfly/wildfly-core,b0b06b59dd71a0af4d93955ad0b871373a32408d,2,3368,c0ff7833c0013b08
4872,4872,4872,wildfly/wildfly-core,b0b06b59dd71a0af4d93955ad0b871373a32408d,1,3368,c0ff7833c0013b08
4873,4873,4873,wildfly/wildfly-core,900de18d21d7810bf94728a4755f068ee51581a5,1,3367,c0ff7833c0013b08
4874,4874,4874,wildfly/wildfly-core,b0b06b59dd71a0af4d93955ad0b871373a32408d,2,3368,c0ff7833c0013b08
4875,4875,4875,wildfly/wildfly-core,b0b06b59dd71a0af4d93955ad0b871373a32408d,1,3368,c0ff7833c0013b08
4876,4876,4876,wildfly/wildfly-core,96399de03a2d0b359967781bf951e0238817f911,2,3368,c0ff7833c0013b08
4877,4877,4877,wildfly/wildfly-core,96399de03a2d0b359967781bf951e0238817f911,2,3368,c0ff7833c0013b08
4878,4878,4878,wildfly/wildfly-core,b0b06b59dd71a0af4d93955ad0b871373a32408d,2,3368,c0ff7833c0013b08
4879,4879,4879,wildfly/wildfly-core,96399de03a2d0b359967781bf951e0238817f911,5,3368,c0ff7833c0013b08
4880,4880,4880,wildfly/wildfly-core,27df459f0e3b5356ad0b81a4be06e9805ec9df1b,2,3361,c0ff7833c0013b08
4881,4881,4881,wildfly/wildfly-core,de242ae73f1fe891fb7fdc848368af5dfbb6452b,1,3367,c0ff7833c0013b08
4882,4882,4882,wildfly/wildfly-core,900de18d21d7810bf94728a4755f068ee51581a5,1,3367,c0ff7833c0013b08
4883,4883,4883,wildfly/wildfly-core,d057eec9fc2c40c2c5a5d676de5ef61290b8cd91,2,3368,c0ff7833c0013b08
4884,4884,4884,wildfly/wildfly-core,27df459f0e3b5356ad0b81a4be06e9805ec9df1b,2,3361,c0ff7833c0013b08
4885,4885,4885,wildfly/wildfly-core,d057eec9fc2c40c2c5a5d676de5ef61290b8cd91,5,3368,c0ff7833c0013b08
4886,4886,4886,wildfly/wildfly-core,7313068c4f3d66d601e68583617fda416e8ebfe3,5,3369,c0ff7833c0013b08
4887,4887,4887,wildfly/wildfly-core,7313068c4f3d66d601e68583617fda416e8ebfe3,5,3369,c0ff7833c0013b08
4888,4888,4888,wildfly/wildfly-core,7313068c4f3d66d601e68583617fda416e8ebfe3,2,3369,c0ff7833c0013b08
4889,4889,4889,wildfly/wildfly-core,d057eec9fc2c40c2c5a5d676de5ef61290b8cd91,1,3368,c0ff7833c0013b08
4890,4890,4890,wildfly/wildfly-core,b0b06b59dd71a0af4d93955ad0b871373a32408d,7,3368,c0ff7833c0013b08
4891,4891,4891,wildfly/wildfly-core,8f86d454995864614ebf256fc29c7d0080f9f7ff,1,3370,c0ff7833c0013b08
4892,4892,4892,wildfly/wildfly-core,d057eec9fc2c40c2c5a5d676de5ef61290b8cd91,2,3368,c0ff7833c0013b08
4893,4893,4893,wildfly/wildfly-core,8f86d454995864614ebf256fc29c7d0080f9f7ff,1,3370,c0ff7833c0013b08
4894,4894,4894,wildfly/wildfly-core,bf72f3f7f342c08cf9704b2bf36812c2d6e0a315,1,3343,c0ff7833c0013b08
4895,4895,4895,wildfly/wildfly-core,8f86d454995864614ebf256fc29c7d0080f9f7ff,1,3370,c0ff7833c0013b08
4896,4896,4896,wildfly/wildfly-core,8f86d454995864614ebf256fc29c7d0080f9f7ff,1,3370,c0ff7833c0013b08
4897,4897,4897,wildfly/wildfly-core,900de18d21d7810bf94728a4755f068ee51581a5,6,3367,c0ff7833c0013b08
4898,4898,4898,wildfly/wildfly-core,b0b06b59dd71a0af4d93955ad0b871373a32408d,1,3368,c0ff7833c0013b08
4899,4899,4899,wildfly/wildfly-core,24290e9657bdde72c3b16b452545d5ae0e399a46,1,3268,c0ff7833c0013b08
4900,4900,4900,wildfly/wildfly-core,900de18d21d7810bf94728a4755f068ee51581a5,4,3367,c0ff7833c0013b08
4901,4901,4901,wildfly/wildfly-core,8f86d454995864614ebf256fc29c7d0080f9f7ff,1,3370,c0ff7833c0013b08
4902,4902,4902,wildfly/wildfly-core,2c3c7c3b2a22696bbf6fa8f2bde65ac3985593b3,2,3370,c0ff7833c0013b08
4903,4903,4903,wildfly/wildfly-core,2c3c7c3b2a22696bbf6fa8f2bde65ac3985593b3,6,3370,c0ff7833c0013b08
4904,4904,4904,wildfly/wildfly-core,2c3c7c3b2a22696bbf6fa8f2bde65ac3985593b3,13,3370,c0ff7833c0013b08
4905,4905,4905,wildfly/wildfly-core,508a72e3d73aa0416c367c97a3d1c8e86df6b2c6,7,3385,c0ff7833c0013b08
4906,4906,4906,wildfly/wildfly-core,508a72e3d73aa0416c367c97a3d1c8e86df6b2c6,2,3385,c0ff7833c0013b08
4907,4907,4907,wildfly/wildfly-core,508a72e3d73aa0416c367c97a3d1c8e86df6b2c6,1,3385,c0ff7833c0013b08
4908,4908,4908,wildfly/wildfly-core,508a72e3d73aa0416c367c97a3d1c8e86df6b2c6,5,3385,c0ff7833c0013b08
4909,4909,4909,wildfly/wildfly-core,508a72e3d73aa0416c367c97a3d1c8e86df6b2c6,4,3385,c0ff7833c0013b08
4910,4910,4910,wildfly/wildfly-core,508a72e3d73aa0416c367c97a3d1c8e86df6b2c6,2,3385,c0ff7833c0013b08
4911,4911,4911,wildfly/wildfly-core,508a72e3d73aa0416c367c97a3d1c8e86df6b2c6,1,3385,c0ff7833c0013b08
4912,4912,4912,wildfly/wildfly-core,508a72e3d73aa0416c367c97a3d1c8e86df6b2c6,1,3385,c0ff7833c0013b08
4913,4913,4913,wildfly/wildfly-core,508a72e3d73aa0416c367c97a3d1c8e86df6b2c6,6,3385,c0ff7833c0013b08
4914,4914,4914,wildfly/wildfly-core,1e6cb04b41811806b302ea64838fde82e6375430,1,3371,c0ff7833c0013b08
4915,4915,4915,wildfly/wildfly-core,1e6cb04b41811806b302ea64838fde82e6375430,12,3371,c0ff7833c0013b08
4916,4916,4916,wildfly/wildfly-core,b03ba5b75691f02507de5c45c8f00f6185dec3fb,1,3371,c0ff7833c0013b08
4917,4917,4917,wildfly/wildfly-core,b03ba5b75691f02507de5c45c8f00f6185dec3fb,2,3371,c0ff7833c0013b08
4918,4918,4918,wildfly/wildfly-core,b03ba5b75691f02507de5c45c8f00f6185dec3fb,3,3371,c0ff7833c0013b08
4919,4919,4919,wildfly/wildfly-core,b03ba5b75691f02507de5c45c8f00f6185dec3fb,8,3371,c0ff7833c0013b08
4920,4920,4920,wildfly/wildfly-core,e08fff8f07fe526cdaa5940220a33308fadae469,2,3371,c0ff7833c0013b08
4921,4921,4921,wildfly/wildfly-core,e08fff8f07fe526cdaa5940220a33308fadae469,2,3371,c0ff7833c0013b08
4922,4922,4922,wildfly/wildfly-core,e08fff8f07fe526cdaa5940220a33308fadae469,1,3371,c0ff7833c0013b08
4923,4923,4923,wildfly/wildfly-core,e08fff8f07fe526cdaa5940220a33308fadae469,2,3371,c0ff7833c0013b08
4924,4924,4924,wildfly/wildfly-core,e08fff8f07fe526cdaa5940220a33308fadae469,3,3371,c0ff7833c0013b08
4925,4925,4925,wildfly/wildfly-core,e08fff8f07fe526cdaa5940220a33308fadae469,3,3371,c0ff7833c0013b08
4926,4926,4926,wildfly/wildfly-core,e08fff8f07fe526cdaa5940220a33308fadae469,2,3371,c0ff7833c0013b08
4927,4927,4927,wildfly/wildfly-core,e08fff8f07fe526cdaa5940220a33308fadae469,1,3371,c0ff7833c0013b08
4928,4928,4928,wildfly/wildfly-core,e08fff8f07fe526cdaa5940220a33308fadae469,3,3371,c0ff7833c0013b08
4929,4929,4929,wildfly/wildfly-core,e12b944f179c25ceadd903bdeff291b1212fb584,1,3379,c0ff7833c0013b08
4930,4930,4930,wildfly/wildfly-core,beb1450b374c672dccf7a6816e6966d22c6259de,1,3382,c0ff7833c0013b08
4931,4931,4931,wildfly/wildfly-core,beb1450b374c672dccf7a6816e6966d22c6259de,2,3382,c0ff7833c0013b08
4932,4932,4932,wildfly/wildfly-core,beb1450b374c672dccf7a6816e6966d22c6259de,2,3382,c0ff7833c0013b08
4933,4933,4933,wildfly/wildfly-core,beb1450b374c672dccf7a6816e6966d22c6259de,2,3382,c0ff7833c0013b08
4934,4934,4934,wildfly/wildfly-core,beb1450b374c672dccf7a6816e6966d22c6259de,4,3382,c0ff7833c0013b08
4935,4935,4935,wildfly/wildfly-core,beb1450b374c672dccf7a6816e6966d22c6259de,1,3382,c0ff7833c0013b08
4936,4936,4936,wildfly/wildfly-core,beb1450b374c672dccf7a6816e6966d22c6259de,5,3382,c0ff7833c0013b08
4937,4937,4937,wildfly/wildfly-core,32dadadaf7af7d3f58b3631a066b906e3be0de80,1,3382,c0ff7833c0013b08
4938,4938,4938,wildfly/wildfly-core,32dadadaf7af7d3f58b3631a066b906e3be0de80,1,3382,c0ff7833c0013b08
4939,4939,4939,wildfly/wildfly-core,107db8bd102623431371b2f9a23b722fbe3c3d09,2,3382,c0ff7833c0013b08
4940,4940,4940,wildfly/wildfly-core,107db8bd102623431371b2f9a23b722fbe3c3d09,1,3382,c0ff7833c0013b08
4941,4941,4941,wildfly/wildfly-core,107db8bd102623431371b2f9a23b722fbe3c3d09,2,3382,c0ff7833c0013b08
4942,4942,4942,wildfly/wildfly-core,890c52a957eb7079ccb54e9fb4726e7a84dee6c7,2,3385,c0ff7833c0013b08
4943,4943,4943,wildfly/wildfly-core,51f5fe9407e7dce18b8071b857ae353e9560c62a,1,3386,c0ff7833c0013b08
4944,4944,4944,wildfly/wildfly-core,51f5fe9407e7dce18b8071b857ae353e9560c62a,1,3386,c0ff7833c0013b08
4945,4945,4945,wildfly/wildfly-core,51f5fe9407e7dce18b8071b857ae353e9560c62a,1,3386,c0ff7833c0013b08
4946,4946,4946,wildfly/wildfly-core,51f5fe9407e7dce18b8071b857ae353e9560c62a,1,3386,c0ff7833c0013b08
4947,4947,4947,wildfly/wildfly-core,51f5fe9407e7dce18b8071b857ae353e9560c62a,3,3386,c0ff7833c0013b08
4948,4948,4948,wildfly/wildfly-core,51f5fe9407e7dce18b8071b857ae353e9560c62a,1,3386,c0ff7833c0013b08
4949,4949,4949,wildfly/wildfly-core,51f5fe9407e7dce18b8071b857ae353e9560c62a,1,3386,c0ff7833c0013b08
4950,4950,4950,wildfly/wildfly-core,51f5fe9407e7dce18b8071b857ae353e9560c62a,1,3386,c0ff7833c0013b08
4951,4951,4951,wildfly/wildfly-core,51f5fe9407e7dce18b8071b857ae353e9560c62a,1,3386,c0ff7833c0013b08
4952,4952,4952,wildfly/wildfly-core,51f5fe9407e7dce18b8071b857ae353e9560c62a,7,3386,c0ff7833c0013b08
4953,4953,4953,wildfly/wildfly-core,51f5fe9407e7dce18b8071b857ae353e9560c62a,2,3386,c0ff7833c0013b08
4954,4954,4954,wildfly/wildfly-core,51f5fe9407e7dce18b8071b857ae353e9560c62a,2,3386,c0ff7833c0013b08
4955,4955,4955,wildfly/wildfly-core,51f5fe9407e7dce18b8071b857ae353e9560c62a,1,3386,c0ff7833c0013b08
4956,4956,4956,wildfly/wildfly-core,51f5fe9407e7dce18b8071b857ae353e9560c62a,2,3386,c0ff7833c0013b08
4957,4957,4957,wildfly/wildfly-core,ae5f29dda40001a401a7fecd76f8e796b8571c37,3,3390,c0ff7833c0013b08
4958,4958,4958,wildfly/wildfly-core,ae5f29dda40001a401a7fecd76f8e796b8571c37,8,3390,c0ff7833c0013b08
4959,4959,4959,wildfly/wildfly-core,ae5f29dda40001a401a7fecd76f8e796b8571c37,1,3390,c0ff7833c0013b08
4960,4960,4960,wildfly/wildfly-core,ae5f29dda40001a401a7fecd76f8e796b8571c37,8,3390,c0ff7833c0013b08
4961,4961,4961,wildfly/wildfly-core,ae5f29dda40001a401a7fecd76f8e796b8571c37,1,3390,c0ff7833c0013b08
4962,4962,4962,wildfly/wildfly-core,51f5fe9407e7dce18b8071b857ae353e9560c62a,1,3386,c0ff7833c0013b08
4963,4963,4963,wildfly/wildfly-core,51f5fe9407e7dce18b8071b857ae353e9560c62a,2,3386,c0ff7833c0013b08
4964,4964,4964,wildfly/wildfly-core,ae5f29dda40001a401a7fecd76f8e796b8571c37,1,3390,c0ff7833c0013b08
4965,4965,4965,wildfly/wildfly-core,ae5f29dda40001a401a7fecd76f8e796b8571c37,2,3390,c0ff7833c0013b08
4966,4966,4966,wildfly/wildfly-core,ae5f29dda40001a401a7fecd76f8e796b8571c37,3,3390,c0ff7833c0013b08
4967,4967,4967,wildfly/wildfly-core,ae5f29dda40001a401a7fecd76f8e796b8571c37,2,3390,c0ff7833c0013b08
4968,4968,4968,wildfly/wildfly-core,ae5f29dda40001a401a7fecd76f8e796b8571c37,1,3390,c0ff7833c0013b08
4969,4969,4969,wildfly/wildfly-core,ae5f29dda40001a401a7fecd76f8e796b8571c37,1,3390,c0ff7833c0013b08
4970,4970,4970,wildfly/wildfly-core,ae5f29dda40001a401a7fecd76f8e796b8571c37,1,3390,c0ff7833c0013b08
4971,4971,4971,wildfly/wildfly-core,ae5f29dda40001a401a7fecd76f8e796b8571c37,2,3390,c0ff7833c0013b08
4972,4972,4972,wildfly/wildfly-core,ae5f29dda40001a401a7fecd76f8e796b8571c37,2,3390,c0ff7833c0013b08
4973,4973,4973,wildfly/wildfly-core,ae5f29dda40001a401a7fecd76f8e796b8571c37,6,3390,c0ff7833c0013b08
4974,4974,4974,wildfly/wildfly-core,ae5f29dda40001a401a7fecd76f8e796b8571c37,1,3390,c0ff7833c0013b08
4975,4975,4975,wildfly/wildfly-core,ae5f29dda40001a401a7fecd76f8e796b8571c37,2,3390,c0ff7833c0013b08
4976,4976,4976,wildfly/wildfly-core,f1377e06ca79f5696b0db2b9f75dea189d649cd2,2,3402,c0ff7833c0013b08
4977,4977,4977,wildfly/wildfly-core,f1377e06ca79f5696b0db2b9f75dea189d649cd2,1,3402,c0ff7833c0013b08
4978,4978,4978,wildfly/wildfly-core,f1377e06ca79f5696b0db2b9f75dea189d649cd2,1,3402,c0ff7833c0013b08
4979,4979,4979,wildfly/wildfly-core,bc260d984c13cb5f799554c1826dcb29287e182c,2,3404,c0ff7833c0013b08
4980,4980,4980,wildfly/wildfly-core,df15bbc390766054c7090932cb033f2898a18b11,1,3404,c0ff7833c0013b08
4981,4981,4981,wildfly/wildfly-core,2f08b8e4b6716245cf14f436a84f50059a9f1a8a,1,3404,c0ff7833c0013b08
4982,4982,4982,wildfly/wildfly-core,f1377e06ca79f5696b0db2b9f75dea189d649cd2,2,3402,c0ff7833c0013b08
4983,4983,4983,wildfly/wildfly-core,6be2c6ed4d095258d9bc1e3b8506b82947a58933,1,3444,c0ff7833c0013b08
4984,4984,4984,wildfly/wildfly-core,0aac3f96ca3a5214a6e4ed5edef6c4d95f16c530,1,3431,c0ff7833c0013b08
4985,4985,4985,wildfly/wildfly-core,0aac3f96ca3a5214a6e4ed5edef6c4d95f16c530,3,3431,c0ff7833c0013b08
4986,4986,4986,wildfly/wildfly-core,0aac3f96ca3a5214a6e4ed5edef6c4d95f16c530,3,3431,c0ff7833c0013b08
4987,4987,4987,wildfly/wildfly-core,0aac3f96ca3a5214a6e4ed5edef6c4d95f16c530,1,3431,c0ff7833c0013b08
4988,4988,4988,wildfly/wildfly-core,2405c1a0ec30263ecdf513d8ce2653ff3c165359,1,3441,c0ff7833c0013b08
4989,4989,4989,wildfly/wildfly-core,0aac3f96ca3a5214a6e4ed5edef6c4d95f16c530,4,3431,c0ff7833c0013b08
4990,4990,4990,wildfly/wildfly-core,2405c1a0ec30263ecdf513d8ce2653ff3c165359,4,3441,c0ff7833c0013b08
4991,4991,4991,wildfly/wildfly-core,2405c1a0ec30263ecdf513d8ce2653ff3c165359,2,3441,c0ff7833c0013b08
4992,4992,4992,wildfly/wildfly-core,6be2c6ed4d095258d9bc1e3b8506b82947a58933,1,3444,c0ff7833c0013b08
4993,4993,4993,wildfly/wildfly-core,6be2c6ed4d095258d9bc1e3b8506b82947a58933,1,3444,c0ff7833c0013b08
4994,4994,4994,wildfly/wildfly-core,4489567235df0699f755c2ca82f68761c9a96b3e,1,3465,c0ff7833c0013b08
4995,4995,4995,wildfly/wildfly-core,0aac3f96ca3a5214a6e4ed5edef6c4d95f16c530,5,3431,c0ff7833c0013b08
4996,4996,4996,wildfly/wildfly-core,4489567235df0699f755c2ca82f68761c9a96b3e,1,3465,c0ff7833c0013b08
4997,4997,4997,wildfly/wildfly-core,4489567235df0699f755c2ca82f68761c9a96b3e,1,3465,c0ff7833c0013b08
4998,4998,4998,wildfly/wildfly-core,4489567235df0699f755c2ca82f68761c9a96b3e,1,3465,c0ff7833c0013b08
4999,4999,4999,wildfly/wildfly-core,8eb43b57b5be9dfaa295a05b92eba769690d20d7,3,3470,c0ff7833c0013b08
5000,5000,5000,wildfly/wildfly-core,8eb43b57b5be9dfaa295a05b92eba769690d20d7,1,3470,c0ff7833c0013b08
5001,5001,5001,wildfly/wildfly-core,6be2c6ed4d095258d9bc1e3b8506b82947a58933,5,3444,c0ff7833c0013b08
5002,5002,5002,wildfly/wildfly-core,4489567235df0699f755c2ca82f68761c9a96b3e,1,3465,c0ff7833c0013b08
5003,5003,5003,wildfly/wildfly-core,8eb43b57b5be9dfaa295a05b92eba769690d20d7,1,3470,c0ff7833c0013b08
5004,5004,5004,wildfly/wildfly-core,2f43bb2b3616c80cbd224583f6ccd0de8d986af8,2,3515,c0ff7833c0013b08
5005,5005,5005,wildfly/wildfly-core,2f43bb2b3616c80cbd224583f6ccd0de8d986af8,3,3515,c0ff7833c0013b08
5006,5006,5006,wildfly/wildfly-core,2f43bb2b3616c80cbd224583f6ccd0de8d986af8,1,3515,c0ff7833c0013b08
5007,5007,5007,wildfly/wildfly-core,19e56ebd1e4f8f401a8b560207a75e156c1a6b17,1,3519,c0ff7833c0013b08
5008,5008,5008,wildfly/wildfly-core,19e56ebd1e4f8f401a8b560207a75e156c1a6b17,2,3519,c0ff7833c0013b08
5009,5009,5009,wildfly/wildfly-core,2f43bb2b3616c80cbd224583f6ccd0de8d986af8,1,3515,c0ff7833c0013b08
5010,5010,5010,wildfly/wildfly-core,19e56ebd1e4f8f401a8b560207a75e156c1a6b17,4,3519,c0ff7833c0013b08
5011,5011,5011,wildfly/wildfly-core,19e56ebd1e4f8f401a8b560207a75e156c1a6b17,1,3519,c0ff7833c0013b08
5012,5012,5012,wildfly/wildfly-core,2f43bb2b3616c80cbd224583f6ccd0de8d986af8,1,3515,c0ff7833c0013b08
5013,5013,5013,wildfly/wildfly-core,0aac3f96ca3a5214a6e4ed5edef6c4d95f16c530,1,3431,c0ff7833c0013b08
5014,5014,5014,wildfly/wildfly-core,ae37f6190035aad05d001f53dd862572954cf132,6,3532,c0ff7833c0013b08
5015,5015,5015,wildfly/wildfly-core,ae37f6190035aad05d001f53dd862572954cf132,4,3532,c0ff7833c0013b08
5016,5016,5016,wildfly/wildfly-core,ae37f6190035aad05d001f53dd862572954cf132,2,3532,c0ff7833c0013b08
5017,5017,5017,wildfly/wildfly-core,ae37f6190035aad05d001f53dd862572954cf132,1,3532,c0ff7833c0013b08
5018,5018,5018,wildfly/wildfly-core,ae37f6190035aad05d001f53dd862572954cf132,2,3532,c0ff7833c0013b08
5019,5019,5019,wildfly/wildfly-core,4273e3459da4cbe63f8db79edeb071545dc47f0e,3,3539,c0ff7833c0013b08
5020,5020,5020,wildfly/wildfly-core,4273e3459da4cbe63f8db79edeb071545dc47f0e,1,3539,c0ff7833c0013b08
5021,5021,5021,wildfly/wildfly-core,4273e3459da4cbe63f8db79edeb071545dc47f0e,2,3539,c0ff7833c0013b08
5022,5022,5022,wildfly/wildfly-core,5727a58f117b6030529a5c15a3cd8ba3be056040,3,3534,c0ff7833c0013b08
5023,5023,5023,wildfly/wildfly-core,4273e3459da4cbe63f8db79edeb071545dc47f0e,3,3539,c0ff7833c0013b08
5024,5024,5024,wildfly/wildfly-core,4273e3459da4cbe63f8db79edeb071545dc47f0e,2,3539,c0ff7833c0013b08
5025,5025,5025,wildfly/wildfly-core,4273e3459da4cbe63f8db79edeb071545dc47f0e,1,3539,c0ff7833c0013b08
5026,5026,5026,wildfly/wildfly-core,4273e3459da4cbe63f8db79edeb071545dc47f0e,2,3539,c0ff7833c0013b08
5027,5027,5027,wildfly/wildfly-core,8eb43b57b5be9dfaa295a05b92eba769690d20d7,1,3470,c0ff7833c0013b08
5028,5028,5028,wildfly/wildfly-core,0d2986d3c8539f9b38c391bc977d18ffc9d2ae05,1,3554,c0ff7833c0013b08
5029,5029,5029,wildfly/wildfly-core,0d2986d3c8539f9b38c391bc977d18ffc9d2ae05,3,3554,c0ff7833c0013b08
5030,5030,5030,wildfly/wildfly-core,0d2986d3c8539f9b38c391bc977d18ffc9d2ae05,1,3554,c0ff7833c0013b08
5031,5031,5031,wildfly/wildfly-core,0d2986d3c8539f9b38c391bc977d18ffc9d2ae05,2,3554,c0ff7833c0013b08
5032,5032,5032,wildfly/wildfly-core,0d2986d3c8539f9b38c391bc977d18ffc9d2ae05,3,3554,c0ff7833c0013b08
5033,5033,5033,wildfly/wildfly-core,0d2986d3c8539f9b38c391bc977d18ffc9d2ae05,1,3554,c0ff7833c0013b08
5034,5034,5034,wildfly/wildfly-core,0d2986d3c8539f9b38c391bc977d18ffc9d2ae05,1,3554,c0ff7833c0013b08
5035,5035,5035,wildfly/wildfly-core,0d2986d3c8539f9b38c391bc977d18ffc9d2ae05,1,3554,c0ff7833c0013b08
5036,5036,5036,wildfly/wildfly-core,0d2986d3c8539f9b38c391bc977d18ffc9d2ae05,1,3554,c0ff7833c0013b08
5037,5037,5037,wildfly/wildfly-core,0d2986d3c8539f9b38c391bc977d18ffc9d2ae05,1,3554,c0ff7833c0013b08
5038,5038,5038,wildfly/wildfly-core,bb60c33a03b8272cf54850546dbe92eb26f7178b,13,3598,c0ff7833c0013b08
5039,5039,5039,wildfly/wildfly,270c8e07135cca2eba43e00727bad171822aff70,1,6496,c0ff7833c0013b08
5040,5040,5040,wildfly/wildfly,270c8e07135cca2eba43e00727bad171822aff70,10,6496,c0ff7833c0013b08
5041,5041,5041,wildfly/wildfly,d71e1b2ee97e6d4c9b9e648031b0c85187c42e58,2,6498,c0ff7833c0013b08
5042,5042,5042,wildfly/wildfly,270c8e07135cca2eba43e00727bad171822aff70,6,6496,c0ff7833c0013b08
5043,5043,5043,wildfly/wildfly,1dd4c59a9f4d267583710fa324605e28bb35f73a,3,6519,c0ff7833c0013b08
5044,5044,5044,wildfly/wildfly,1dd4c59a9f4d267583710fa324605e28bb35f73a,6,6519,c0ff7833c0013b08
5045,5045,5045,wildfly/wildfly,270c8e07135cca2eba43e00727bad171822aff70,6,6496,c0ff7833c0013b08
5046,5046,5046,wildfly/wildfly,270c8e07135cca2eba43e00727bad171822aff70,3,6496,c0ff7833c0013b08
5047,5047,5047,wildfly/wildfly,270c8e07135cca2eba43e00727bad171822aff70,1,6496,c0ff7833c0013b08
5048,5048,5048,wildfly/wildfly,1dd4c59a9f4d267583710fa324605e28bb35f73a,5,6519,c0ff7833c0013b08
5049,5049,5049,wildfly/wildfly,b31edb322399608018e53d28df49b62cea042654,1,6693,c0ff7833c0013b08
5050,5050,5050,wildfly/wildfly,b31edb322399608018e53d28df49b62cea042654,1,6693,c0ff7833c0013b08
5051,5051,5051,wildfly/wildfly,a831af819cf422642eaece9d75e3b0379c2017a7,1,6761,c0ff7833c0013b08
5052,5052,5052,wildfly/wildfly,a831af819cf422642eaece9d75e3b0379c2017a7,1,6761,c0ff7833c0013b08
5053,5053,5053,wildfly/wildfly,a831af819cf422642eaece9d75e3b0379c2017a7,1,6761,c0ff7833c0013b08
5054,5054,5054,wildfly/wildfly,a831af819cf422642eaece9d75e3b0379c2017a7,2,6761,c0ff7833c0013b08
5055,5055,5055,wildfly/wildfly,b31edb322399608018e53d28df49b62cea042654,13,6693,c0ff7833c0013b08
5056,5056,5056,wildfly/wildfly,1fadb169e89f1f7a6b16b1c398829dcd633bbb1c,2,6868,c0ff7833c0013b08
5057,5057,5057,wildfly/wildfly,a831af819cf422642eaece9d75e3b0379c2017a7,2,6761,c0ff7833c0013b08
5058,5058,5058,wildfly/wildfly,b31edb322399608018e53d28df49b62cea042654,2,6693,c0ff7833c0013b08
5059,5059,5059,wildfly/wildfly,1fadb169e89f1f7a6b16b1c398829dcd633bbb1c,1,6868,c0ff7833c0013b08
5060,5060,5060,wildfly/wildfly,1fadb169e89f1f7a6b16b1c398829dcd633bbb1c,2,6868,c0ff7833c0013b08
5061,5061,5061,wildfly/wildfly,a831af819cf422642eaece9d75e3b0379c2017a7,1,6761,c0ff7833c0013b08
5062,5062,5062,wildfly/wildfly,1fadb169e89f1f7a6b16b1c398829dcd633bbb1c,1,6868,c0ff7833c0013b08
5063,5063,5063,wildfly/wildfly,1fadb169e89f1f7a6b16b1c398829dcd633bbb1c,1,6868,c0ff7833c0013b08
5064,5064,5064,wildfly/wildfly,1fadb169e89f1f7a6b16b1c398829dcd633bbb1c,2,6868,c0ff7833c0013b08
5065,5065,5065,wildfly/wildfly,2320f4776a3bd3a6a7592209b207116607bd00c0,12,7006,c0ff7833c0013b08
5066,5066,5066,wildfly/wildfly,1fadb169e89f1f7a6b16b1c398829dcd633bbb1c,10,6868,c0ff7833c0013b08
5067,5067,5067,wildfly/wildfly,b31edb322399608018e53d28df49b62cea042654,1,6693,c0ff7833c0013b08
5068,5068,5068,wildfly/wildfly,b31edb322399608018e53d28df49b62cea042654,1,6693,c0ff7833c0013b08
5069,5069,5069,wildfly/wildfly,1fadb169e89f1f7a6b16b1c398829dcd633bbb1c,1,6868,c0ff7833c0013b08
5070,5070,5070,wildfly/wildfly,1fadb169e89f1f7a6b16b1c398829dcd633bbb1c,2,6868,c0ff7833c0013b08
5071,5071,5071,wildfly/wildfly,1fadb169e89f1f7a6b16b1c398829dcd633bbb1c,2,6868,c0ff7833c0013b08
5072,5072,5072,wildfly/wildfly,2320f4776a3bd3a6a7592209b207116607bd00c0,1,7006,c0ff7833c0013b08
5073,5073,5073,wildfly/wildfly,286ec956ffd9ae730d960282b7a456fe649addcb,1,7037,c0ff7833c0013b08
5074,5074,5074,wildfly/wildfly,286ec956ffd9ae730d960282b7a456fe649addcb,1,7037,c0ff7833c0013b08
5075,5075,5075,wildfly/wildfly,286ec956ffd9ae730d960282b7a456fe649addcb,2,7037,c0ff7833c0013b08
5076,5076,5076,wildfly/wildfly,286ec956ffd9ae730d960282b7a456fe649addcb,2,7037,c0ff7833c0013b08
5077,5077,5077,wildfly/wildfly,286ec956ffd9ae730d960282b7a456fe649addcb,3,7037,c0ff7833c0013b08
5078,5078,5078,wildfly/wildfly,286ec956ffd9ae730d960282b7a456fe649addcb,1,7037,c0ff7833c0013b08
5079,5079,5079,wildfly/wildfly,286ec956ffd9ae730d960282b7a456fe649addcb,1,7037,c0ff7833c0013b08
5080,5080,5080,wildfly/wildfly,1fadb169e89f1f7a6b16b1c398829dcd633bbb1c,3,6868,c0ff7833c0013b08
5081,5081,5081,wildfly/wildfly,2320f4776a3bd3a6a7592209b207116607bd00c0,4,7006,c0ff7833c0013b08
5082,5082,5082,wildfly/wildfly,1fadb169e89f1f7a6b16b1c398829dcd633bbb1c,4,6868,c0ff7833c0013b08
5083,5083,5083,wildfly/wildfly,286ec956ffd9ae730d960282b7a456fe649addcb,1,7037,c0ff7833c0013b08
5084,5084,5084,wildfly/wildfly,1fadb169e89f1f7a6b16b1c398829dcd633bbb1c,3,6868,c0ff7833c0013b08
5085,5085,5085,wildfly/wildfly,286ec956ffd9ae730d960282b7a456fe649addcb,2,7037,c0ff7833c0013b08
5086,5086,5086,wildfly/wildfly,286ec956ffd9ae730d960282b7a456fe649addcb,2,7037,c0ff7833c0013b08
5087,5087,5087,wildfly/wildfly,286ec956ffd9ae730d960282b7a456fe649addcb,1,7037,c0ff7833c0013b08
5088,5088,5088,wildfly/wildfly,286ec956ffd9ae730d960282b7a456fe649addcb,1,7037,c0ff7833c0013b08
5089,5089,5089,wildfly/wildfly,286ec956ffd9ae730d960282b7a456fe649addcb,1,7037,c0ff7833c0013b08
5090,5090,5090,wildfly/wildfly,286ec956ffd9ae730d960282b7a456fe649addcb,3,7037,c0ff7833c0013b08
5091,5091,5091,wildfly/wildfly,286ec956ffd9ae730d960282b7a456fe649addcb,1,7037,c0ff7833c0013b08
5092,5092,5092,wildfly/wildfly,2320f4776a3bd3a6a7592209b207116607bd00c0,15,7006,c0ff7833c0013b08
5093,5093,5093,wildfly/wildfly,286ec956ffd9ae730d960282b7a456fe649addcb,1,7037,c0ff7833c0013b08
5094,5094,5094,wildfly/wildfly,286ec956ffd9ae730d960282b7a456fe649addcb,4,7037,c0ff7833c0013b08
5095,5095,5095,wildfly/wildfly,2320f4776a3bd3a6a7592209b207116607bd00c0,1,7006,c0ff7833c0013b08
5096,5096,5096,wildfly/wildfly,286ec956ffd9ae730d960282b7a456fe649addcb,3,7037,c0ff7833c0013b08
5097,5097,5097,wildfly/wildfly,2320f4776a3bd3a6a7592209b207116607bd00c0,3,7006,c0ff7833c0013b08
5098,5098,5098,wildfly/wildfly,286ec956ffd9ae730d960282b7a456fe649addcb,3,7037,c0ff7833c0013b08
5099,5099,5099,wildfly/wildfly,286ec956ffd9ae730d960282b7a456fe649addcb,1,7037,c0ff7833c0013b08
5100,5100,5100,wildfly/wildfly,2320f4776a3bd3a6a7592209b207116607bd00c0,7,7006,c0ff7833c0013b08
5101,5101,5101,wildfly/wildfly,286ec956ffd9ae730d960282b7a456fe649addcb,4,7037,c0ff7833c0013b08
5102,5102,5102,wildfly/wildfly,80efb93b7cdb44b82efb212b1e18a9befff996d2,1,7155,c0ff7833c0013b08
5103,5103,5103,wildfly/wildfly,286ec956ffd9ae730d960282b7a456fe649addcb,3,7037,c0ff7833c0013b08
5104,5104,5104,wildfly/wildfly,80efb93b7cdb44b82efb212b1e18a9befff996d2,1,7155,c0ff7833c0013b08
5105,5105,5105,wildfly/wildfly,80efb93b7cdb44b82efb212b1e18a9befff996d2,3,7155,c0ff7833c0013b08
5106,5106,5106,wildfly/wildfly,80efb93b7cdb44b82efb212b1e18a9befff996d2,6,7155,c0ff7833c0013b08
5107,5107,5107,wildfly/wildfly,286ec956ffd9ae730d960282b7a456fe649addcb,1,7037,c0ff7833c0013b08
5108,5108,5108,wildfly/wildfly,286ec956ffd9ae730d960282b7a456fe649addcb,1,7037,c0ff7833c0013b08
5109,5109,5109,wildfly/wildfly,80efb93b7cdb44b82efb212b1e18a9befff996d2,13,7155,c0ff7833c0013b08
5110,5110,5110,wildfly/wildfly,80efb93b7cdb44b82efb212b1e18a9befff996d2,5,7155,c0ff7833c0013b08
5111,5111,5111,wildfly/wildfly,286ec956ffd9ae730d960282b7a456fe649addcb,1,7037,c0ff7833c0013b08
5112,5112,5112,wildfly/wildfly,80efb93b7cdb44b82efb212b1e18a9befff996d2,1,7155,c0ff7833c0013b08
5113,5113,5113,wildfly/wildfly,80efb93b7cdb44b82efb212b1e18a9befff996d2,1,7155,c0ff7833c0013b08
5114,5114,5114,wildfly/wildfly,80efb93b7cdb44b82efb212b1e18a9befff996d2,2,7155,c0ff7833c0013b08
5115,5115,5115,wildfly/wildfly,80efb93b7cdb44b82efb212b1e18a9befff996d2,1,7155,c0ff7833c0013b08
5116,5116,5116,wildfly/wildfly,8e8c168709dc8e2f8906782620646d26eca03eb9,1,7189,c0ff7833c0013b08
5117,5117,5117,wildfly/wildfly,8e8c168709dc8e2f8906782620646d26eca03eb9,1,7189,c0ff7833c0013b08
5118,5118,5118,wildfly/wildfly,2320f4776a3bd3a6a7592209b207116607bd00c0,2,7006,c0ff7833c0013b08
5119,5119,5119,wildfly/wildfly,8e8c168709dc8e2f8906782620646d26eca03eb9,1,7189,c0ff7833c0013b08
5120,5120,5120,wildfly/wildfly,8e8c168709dc8e2f8906782620646d26eca03eb9,5,7189,c0ff7833c0013b08
5121,5121,5121,wildfly/wildfly,8e8c168709dc8e2f8906782620646d26eca03eb9,1,7189,c0ff7833c0013b08
5122,5122,5122,wildfly/wildfly,8e8c168709dc8e2f8906782620646d26eca03eb9,3,7189,c0ff7833c0013b08
5123,5123,5123,wildfly/wildfly,1fadb169e89f1f7a6b16b1c398829dcd633bbb1c,3,6868,c0ff7833c0013b08
5124,5124,5124,wildfly/wildfly,8e8c168709dc8e2f8906782620646d26eca03eb9,5,7189,c0ff7833c0013b08
5125,5125,5125,wildfly/wildfly,bee82ccf23eb87f2e9acf0a4e04b5ffa113f956b,19,7197,c0ff7833c0013b08
5126,5126,5126,wildfly/wildfly,8e8c168709dc8e2f8906782620646d26eca03eb9,1,7189,c0ff7833c0013b08
5127,5127,5127,wildfly/wildfly,2320f4776a3bd3a6a7592209b207116607bd00c0,2,7006,c0ff7833c0013b08
5128,5128,5128,wildfly/wildfly,8e8c168709dc8e2f8906782620646d26eca03eb9,6,7189,c0ff7833c0013b08
5129,5129,5129,wildfly/wildfly,8e8c168709dc8e2f8906782620646d26eca03eb9,1,7189,c0ff7833c0013b08
5130,5130,5130,wildfly/wildfly,8e8c168709dc8e2f8906782620646d26eca03eb9,1,7189,c0ff7833c0013b08
5131,5131,5131,wildfly/wildfly,8e8c168709dc8e2f8906782620646d26eca03eb9,1,7189,c0ff7833c0013b08
5132,5132,5132,wildfly/wildfly,ef9dac9eb5c1bacfd6ff10b313a6f272019febb7,2,7209,c0ff7833c0013b08
5133,5133,5133,wildfly/wildfly,ef9dac9eb5c1bacfd6ff10b313a6f272019febb7,2,7209,c0ff7833c0013b08
5134,5134,5134,wildfly/wildfly,ef9dac9eb5c1bacfd6ff10b313a6f272019febb7,1,7209,c0ff7833c0013b08
5135,5135,5135,wildfly/wildfly,ef9dac9eb5c1bacfd6ff10b313a6f272019febb7,1,7209,c0ff7833c0013b08
5136,5136,5136,wildfly/wildfly,a831af819cf422642eaece9d75e3b0379c2017a7,1,6761,c0ff7833c0013b08
5137,5137,5137,wildfly/wildfly,ef9dac9eb5c1bacfd6ff10b313a6f272019febb7,4,7209,c0ff7833c0013b08
5138,5138,5138,wildfly/wildfly,ef9dac9eb5c1bacfd6ff10b313a6f272019febb7,5,7209,c0ff7833c0013b08
5139,5139,5139,wildfly/wildfly,286ec956ffd9ae730d960282b7a456fe649addcb,3,7037,c0ff7833c0013b08
5140,5140,5140,wildfly/wildfly,286ec956ffd9ae730d960282b7a456fe649addcb,1,7037,c0ff7833c0013b08
5141,5141,5141,wildfly/wildfly,ef9dac9eb5c1bacfd6ff10b313a6f272019febb7,1,7209,c0ff7833c0013b08
5142,5142,5142,wildfly/wildfly,ef9dac9eb5c1bacfd6ff10b313a6f272019febb7,1,7209,c0ff7833c0013b08
5143,5143,5143,wildfly/wildfly,8e8c168709dc8e2f8906782620646d26eca03eb9,3,7189,c0ff7833c0013b08
5144,5144,5144,wildfly/wildfly,ef9dac9eb5c1bacfd6ff10b313a6f272019febb7,3,7209,c0ff7833c0013b08
5145,5145,5145,wildfly/wildfly,ef9dac9eb5c1bacfd6ff10b313a6f272019febb7,2,7209,c0ff7833c0013b08
5146,5146,5146,wildfly/wildfly,ef9dac9eb5c1bacfd6ff10b313a6f272019febb7,1,7209,c0ff7833c0013b08
5147,5147,5147,wildfly/wildfly,ef9dac9eb5c1bacfd6ff10b313a6f272019febb7,1,7209,c0ff7833c0013b08
5148,5148,5148,wildfly/wildfly,ef9dac9eb5c1bacfd6ff10b313a6f272019febb7,2,7209,c0ff7833c0013b08
5149,5149,5149,wildfly/wildfly,ef9dac9eb5c1bacfd6ff10b313a6f272019febb7,3,7209,c0ff7833c0013b08
5150,5150,5150,wildfly/wildfly,ef9dac9eb5c1bacfd6ff10b313a6f272019febb7,1,7209,c0ff7833c0013b08
5151,5151,5151,wildfly/wildfly,ef9dac9eb5c1bacfd6ff10b313a6f272019febb7,2,7209,c0ff7833c0013b08
5152,5152,5152,wildfly/wildfly,ef9dac9eb5c1bacfd6ff10b313a6f272019febb7,4,7209,c0ff7833c0013b08
5153,5153,5153,wildfly/wildfly,ef9dac9eb5c1bacfd6ff10b313a6f272019febb7,3,7209,c0ff7833c0013b08
5154,5154,5154,wildfly/wildfly,ef9dac9eb5c1bacfd6ff10b313a6f272019febb7,2,7209,c0ff7833c0013b08
5155,5155,5155,wildfly/wildfly,ef9dac9eb5c1bacfd6ff10b313a6f272019febb7,1,7209,c0ff7833c0013b08
5156,5156,5156,wildfly/wildfly,ef9dac9eb5c1bacfd6ff10b313a6f272019febb7,4,7209,c0ff7833c0013b08
5157,5157,5157,wildfly/wildfly,ef9dac9eb5c1bacfd6ff10b313a6f272019febb7,1,7209,c0ff7833c0013b08
5158,5158,5158,wildfly/wildfly,ef9dac9eb5c1bacfd6ff10b313a6f272019febb7,1,7209,c0ff7833c0013b08
5159,5159,5159,wildfly/wildfly,ef9dac9eb5c1bacfd6ff10b313a6f272019febb7,11,7209,c0ff7833c0013b08
5160,5160,5160,wildfly/wildfly,a831af819cf422642eaece9d75e3b0379c2017a7,1,6761,c0ff7833c0013b08
5161,5161,5161,wildfly/wildfly,ef9dac9eb5c1bacfd6ff10b313a6f272019febb7,9,7209,c0ff7833c0013b08
5162,5162,5162,wildfly/wildfly,ef9dac9eb5c1bacfd6ff10b313a6f272019febb7,1,7209,c0ff7833c0013b08
5163,5163,5163,wildfly/wildfly,ef9dac9eb5c1bacfd6ff10b313a6f272019febb7,3,7209,c0ff7833c0013b08
5164,5164,5164,wildfly/wildfly,ef9dac9eb5c1bacfd6ff10b313a6f272019febb7,5,7209,c0ff7833c0013b08
5165,5165,5165,wildfly/wildfly,ef9dac9eb5c1bacfd6ff10b313a6f272019febb7,7,7209,c0ff7833c0013b08
5166,5166,5166,wildfly/wildfly,ef9dac9eb5c1bacfd6ff10b313a6f272019febb7,1,7209,c0ff7833c0013b08
5167,5167,5167,wildfly/wildfly,8e8c168709dc8e2f8906782620646d26eca03eb9,1,7189,c0ff7833c0013b08
5168,5168,5168,wildfly/wildfly,ef9dac9eb5c1bacfd6ff10b313a6f272019febb7,3,7209,c0ff7833c0013b08
5169,5169,5169,wildfly/wildfly,ef9dac9eb5c1bacfd6ff10b313a6f272019febb7,2,7209,c0ff7833c0013b08
5170,5170,5170,wildfly/wildfly,ef9dac9eb5c1bacfd6ff10b313a6f272019febb7,1,7209,c0ff7833c0013b08
5171,5171,5171,wildfly/wildfly,ef9dac9eb5c1bacfd6ff10b313a6f272019febb7,1,7209,c0ff7833c0013b08
5172,5172,5172,wildfly/wildfly,ef9dac9eb5c1bacfd6ff10b313a6f272019febb7,1,7209,c0ff7833c0013b08
5173,5173,5173,wildfly/wildfly,8e8c168709dc8e2f8906782620646d26eca03eb9,1,7189,c0ff7833c0013b08
5174,5174,5174,wildfly/wildfly,2a1457307dbbc6c24111033c54f673f50da1666a,1,7222,c0ff7833c0013b08
5175,5175,5175,wildfly/wildfly,2a1457307dbbc6c24111033c54f673f50da1666a,4,7222,c0ff7833c0013b08
5176,5176,5176,wildfly/wildfly,2a1457307dbbc6c24111033c54f673f50da1666a,1,7222,c0ff7833c0013b08
5177,5177,5177,wildfly/wildfly,2a1457307dbbc6c24111033c54f673f50da1666a,2,7222,c0ff7833c0013b08
5178,5178,5178,wildfly/wildfly,2a1457307dbbc6c24111033c54f673f50da1666a,1,7222,c0ff7833c0013b08
5179,5179,5179,wildfly/wildfly,2a1457307dbbc6c24111033c54f673f50da1666a,1,7222,c0ff7833c0013b08
5180,5180,5180,wildfly/wildfly,2a1457307dbbc6c24111033c54f673f50da1666a,1,7222,c0ff7833c0013b08
5181,5181,5181,wildfly/wildfly,2a1457307dbbc6c24111033c54f673f50da1666a,1,7222,c0ff7833c0013b08
5182,5182,5182,wildfly/wildfly,ef9dac9eb5c1bacfd6ff10b313a6f272019febb7,1,7209,c0ff7833c0013b08
5183,5183,5183,wildfly/wildfly,2a1457307dbbc6c24111033c54f673f50da1666a,1,7222,c0ff7833c0013b08
5184,5184,5184,wildfly/wildfly,2a1457307dbbc6c24111033c54f673f50da1666a,1,7222,c0ff7833c0013b08
5185,5185,5185,wildfly/wildfly,ef9dac9eb5c1bacfd6ff10b313a6f272019febb7,3,7209,c0ff7833c0013b08
5186,5186,5186,wildfly/wildfly,2a1457307dbbc6c24111033c54f673f50da1666a,2,7222,c0ff7833c0013b08
5187,5187,5187,wildfly/wildfly,2a1457307dbbc6c24111033c54f673f50da1666a,1,7222,c0ff7833c0013b08
5188,5188,5188,wildfly/wildfly,2a1457307dbbc6c24111033c54f673f50da1666a,8,7222,c0ff7833c0013b08
5189,5189,5189,wildfly/wildfly,ef9dac9eb5c1bacfd6ff10b313a6f272019febb7,8,7209,c0ff7833c0013b08
5190,5190,5190,wildfly/wildfly,ef9dac9eb5c1bacfd6ff10b313a6f272019febb7,4,7209,c0ff7833c0013b08
5191,5191,5191,wildfly/wildfly,ef9dac9eb5c1bacfd6ff10b313a6f272019febb7,1,7209,c0ff7833c0013b08
5192,5192,5192,wildfly/wildfly,ef9dac9eb5c1bacfd6ff10b313a6f272019febb7,1,7209,c0ff7833c0013b08
5193,5193,5193,wildfly/wildfly,ef9dac9eb5c1bacfd6ff10b313a6f272019febb7,2,7209,c0ff7833c0013b08
5194,5194,5194,wildfly/wildfly,286ec956ffd9ae730d960282b7a456fe649addcb,2,7037,c0ff7833c0013b08
5195,5195,5195,wildfly/wildfly,2a1457307dbbc6c24111033c54f673f50da1666a,8,7222,c0ff7833c0013b08
5196,5196,5196,wildfly/wildfly,2a1457307dbbc6c24111033c54f673f50da1666a,1,7222,c0ff7833c0013b08
5197,5197,5197,wildfly/wildfly,f52e8d79b9eff90b8c063e1c96d1c37be746c807,2,7222,c0ff7833c0013b08
5198,5198,5198,wildfly/wildfly,f52e8d79b9eff90b8c063e1c96d1c37be746c807,3,7222,c0ff7833c0013b08
5199,5199,5199,wildfly/wildfly,2a1457307dbbc6c24111033c54f673f50da1666a,3,7222,c0ff7833c0013b08
5200,5200,5200,wildfly/wildfly,f52e8d79b9eff90b8c063e1c96d1c37be746c807,2,7222,c0ff7833c0013b08
5201,5201,5201,wildfly/wildfly,f52e8d79b9eff90b8c063e1c96d1c37be746c807,2,7222,c0ff7833c0013b08
5202,5202,5202,wildfly/wildfly,f52e8d79b9eff90b8c063e1c96d1c37be746c807,3,7222,c0ff7833c0013b08
5203,5203,5203,wildfly/wildfly,bee82ccf23eb87f2e9acf0a4e04b5ffa113f956b,1,7197,c0ff7833c0013b08
5204,5204,5204,wildfly/wildfly,f52e8d79b9eff90b8c063e1c96d1c37be746c807,1,7222,c0ff7833c0013b08
5205,5205,5205,wildfly/wildfly,f52e8d79b9eff90b8c063e1c96d1c37be746c807,1,7222,c0ff7833c0013b08
5206,5206,5206,wildfly/wildfly,2a1457307dbbc6c24111033c54f673f50da1666a,9,7222,c0ff7833c0013b08
5207,5207,5207,wildfly/wildfly,1fadb169e89f1f7a6b16b1c398829dcd633bbb1c,2,6868,c0ff7833c0013b08
5208,5208,5208,wildfly/wildfly,f52e8d79b9eff90b8c063e1c96d1c37be746c807,1,7222,c0ff7833c0013b08
5209,5209,5209,wildfly/wildfly,f52e8d79b9eff90b8c063e1c96d1c37be746c807,4,7222,c0ff7833c0013b08
5210,5210,5210,wildfly/wildfly,f52e8d79b9eff90b8c063e1c96d1c37be746c807,2,7222,c0ff7833c0013b08
5211,5211,5211,wildfly/wildfly,f52e8d79b9eff90b8c063e1c96d1c37be746c807,1,7222,c0ff7833c0013b08
5212,5212,5212,wildfly/wildfly,f52e8d79b9eff90b8c063e1c96d1c37be746c807,1,7222,c0ff7833c0013b08
5213,5213,5213,wildfly/wildfly,2a1457307dbbc6c24111033c54f673f50da1666a,2,7222,c0ff7833c0013b08
5214,5214,5214,wildfly/wildfly,b31edb322399608018e53d28df49b62cea042654,1,6693,c0ff7833c0013b08
5215,5215,5215,wildfly/wildfly,f52e8d79b9eff90b8c063e1c96d1c37be746c807,4,7222,c0ff7833c0013b08
5216,5216,5216,wildfly/wildfly,f52e8d79b9eff90b8c063e1c96d1c37be746c807,1,7222,c0ff7833c0013b08
5217,5217,5217,wildfly/wildfly,f52e8d79b9eff90b8c063e1c96d1c37be746c807,1,7222,c0ff7833c0013b08
5218,5218,5218,wildfly/wildfly,f52e8d79b9eff90b8c063e1c96d1c37be746c807,1,7222,c0ff7833c0013b08
5219,5219,5219,wildfly/wildfly,f52e8d79b9eff90b8c063e1c96d1c37be746c807,2,7222,c0ff7833c0013b08
5220,5220,5220,wildfly/wildfly,1fadb169e89f1f7a6b16b1c398829dcd633bbb1c,1,6868,c0ff7833c0013b08
5221,5221,5221,wildfly/wildfly,ef9dac9eb5c1bacfd6ff10b313a6f272019febb7,1,7209,c0ff7833c0013b08
5222,5222,5222,wildfly/wildfly,270c8e07135cca2eba43e00727bad171822aff70,1,6496,c0ff7833c0013b08
5223,5223,5223,wildfly/wildfly,270c8e07135cca2eba43e00727bad171822aff70,1,6496,c0ff7833c0013b08
5224,5224,5224,wildfly/wildfly,f52e8d79b9eff90b8c063e1c96d1c37be746c807,2,7222,c0ff7833c0013b08
5225,5225,5225,wildfly/wildfly,f52e8d79b9eff90b8c063e1c96d1c37be746c807,2,7222,c0ff7833c0013b08
5226,5226,5226,wildfly/wildfly,f52e8d79b9eff90b8c063e1c96d1c37be746c807,18,7222,c0ff7833c0013b08
5227,5227,5227,wildfly/wildfly,f52e8d79b9eff90b8c063e1c96d1c37be746c807,6,7222,c0ff7833c0013b08
5228,5228,5228,wildfly/wildfly,f52e8d79b9eff90b8c063e1c96d1c37be746c807,1,7222,c0ff7833c0013b08
5229,5229,5229,wildfly/wildfly,f52e8d79b9eff90b8c063e1c96d1c37be746c807,1,7222,c0ff7833c0013b08
5230,5230,5230,wildfly/wildfly,ef9dac9eb5c1bacfd6ff10b313a6f272019febb7,1,7209,c0ff7833c0013b08
5231,5231,5231,wildfly/wildfly,f52e8d79b9eff90b8c063e1c96d1c37be746c807,2,7222,c0ff7833c0013b08
5232,5232,5232,wildfly/wildfly,f52e8d79b9eff90b8c063e1c96d1c37be746c807,1,7222,c0ff7833c0013b08
5233,5233,5233,wildfly/wildfly,f52e8d79b9eff90b8c063e1c96d1c37be746c807,1,7222,c0ff7833c0013b08
5234,5234,5234,wildfly/wildfly,f52e8d79b9eff90b8c063e1c96d1c37be746c807,1,7222,c0ff7833c0013b08
5235,5235,5235,wildfly/wildfly,f52e8d79b9eff90b8c063e1c96d1c37be746c807,1,7222,c0ff7833c0013b08
5236,5236,5236,wildfly/wildfly,f52e8d79b9eff90b8c063e1c96d1c37be746c807,1,7222,c0ff7833c0013b08
5237,5237,5237,wildfly/wildfly,f52e8d79b9eff90b8c063e1c96d1c37be746c807,1,7222,c0ff7833c0013b08
5238,5238,5238,wildfly/wildfly,f52e8d79b9eff90b8c063e1c96d1c37be746c807,1,7222,c0ff7833c0013b08
5239,5239,5239,wildfly/wildfly,f52e8d79b9eff90b8c063e1c96d1c37be746c807,1,7222,c0ff7833c0013b08
5240,5240,5240,wildfly/wildfly,f52e8d79b9eff90b8c063e1c96d1c37be746c807,2,7222,c0ff7833c0013b08
5241,5241,5241,wildfly/wildfly,f52e8d79b9eff90b8c063e1c96d1c37be746c807,3,7222,c0ff7833c0013b08
5242,5242,5242,wildfly/wildfly,f52e8d79b9eff90b8c063e1c96d1c37be746c807,2,7222,c0ff7833c0013b08
5243,5243,5243,wildfly/wildfly,f52e8d79b9eff90b8c063e1c96d1c37be746c807,1,7222,c0ff7833c0013b08
5244,5244,5244,wildfly/wildfly,2a1457307dbbc6c24111033c54f673f50da1666a,1,7222,c0ff7833c0013b08
5245,5245,5245,wildfly/wildfly,80efb93b7cdb44b82efb212b1e18a9befff996d2,2,7155,c0ff7833c0013b08
5246,5246,5246,wildfly/wildfly,f52e8d79b9eff90b8c063e1c96d1c37be746c807,1,7222,c0ff7833c0013b08
5247,5247,5247,wildfly/wildfly,f52e8d79b9eff90b8c063e1c96d1c37be746c807,1,7222,c0ff7833c0013b08
5248,5248,5248,wildfly/wildfly,8e8c168709dc8e2f8906782620646d26eca03eb9,3,7189,c0ff7833c0013b08
5249,5249,5249,wildfly/wildfly,f52e8d79b9eff90b8c063e1c96d1c37be746c807,1,7222,c0ff7833c0013b08
5250,5250,5250,wildfly/wildfly,f52e8d79b9eff90b8c063e1c96d1c37be746c807,2,7222,c0ff7833c0013b08
5251,5251,5251,wildfly/wildfly,f52e8d79b9eff90b8c063e1c96d1c37be746c807,1,7222,c0ff7833c0013b08
5252,5252,5252,wildfly/wildfly,f52e8d79b9eff90b8c063e1c96d1c37be746c807,1,7222,c0ff7833c0013b08
5253,5253,5253,wildfly/wildfly,f52e8d79b9eff90b8c063e1c96d1c37be746c807,1,7222,c0ff7833c0013b08
5254,5254,5254,wildfly/wildfly,f52e8d79b9eff90b8c063e1c96d1c37be746c807,1,7222,c0ff7833c0013b08
5255,5255,5255,wildfly/wildfly,f52e8d79b9eff90b8c063e1c96d1c37be746c807,1,7222,c0ff7833c0013b08
5256,5256,5256,wildfly/wildfly,f52e8d79b9eff90b8c063e1c96d1c37be746c807,1,7222,c0ff7833c0013b08
5257,5257,5257,wildfly/wildfly,f52e8d79b9eff90b8c063e1c96d1c37be746c807,1,7222,c0ff7833c0013b08
5258,5258,5258,wildfly/wildfly,f52e8d79b9eff90b8c063e1c96d1c37be746c807,5,7222,c0ff7833c0013b08
5259,5259,5259,wildfly/wildfly,ef9dac9eb5c1bacfd6ff10b313a6f272019febb7,1,7209,c0ff7833c0013b08
5260,5260,5260,wildfly/wildfly,f52e8d79b9eff90b8c063e1c96d1c37be746c807,8,7222,c0ff7833c0013b08
5261,5261,5261,wildfly/wildfly,ef9dac9eb5c1bacfd6ff10b313a6f272019febb7,1,7209,c0ff7833c0013b08
5262,5262,5262,wildfly/wildfly,f52e8d79b9eff90b8c063e1c96d1c37be746c807,2,7222,c0ff7833c0013b08
5263,5263,5263,wildfly/wildfly,f52e8d79b9eff90b8c063e1c96d1c37be746c807,1,7222,c0ff7833c0013b08
5264,5264,5264,wildfly/wildfly,f52e8d79b9eff90b8c063e1c96d1c37be746c807,1,7222,c0ff7833c0013b08
5265,5265,5265,wildfly/wildfly,f52e8d79b9eff90b8c063e1c96d1c37be746c807,1,7222,c0ff7833c0013b08
5266,5266,5266,wildfly/wildfly,f52e8d79b9eff90b8c063e1c96d1c37be746c807,1,7222,c0ff7833c0013b08
5267,5267,5267,wildfly/wildfly,f52e8d79b9eff90b8c063e1c96d1c37be746c807,1,7222,c0ff7833c0013b08
5268,5268,5268,wildfly/wildfly,f52e8d79b9eff90b8c063e1c96d1c37be746c807,1,7222,c0ff7833c0013b08
5269,5269,5269,wildfly/wildfly,2320f4776a3bd3a6a7592209b207116607bd00c0,4,7006,c0ff7833c0013b08
5270,5270,5270,wildfly/wildfly,f52e8d79b9eff90b8c063e1c96d1c37be746c807,1,7222,c0ff7833c0013b08
5271,5271,5271,wildfly/wildfly,2a1457307dbbc6c24111033c54f673f50da1666a,1,7222,c0ff7833c0013b08
5272,5272,5272,wildfly/wildfly,f52e8d79b9eff90b8c063e1c96d1c37be746c807,6,7222,c0ff7833c0013b08
5273,5273,5273,wildfly/wildfly,f52e8d79b9eff90b8c063e1c96d1c37be746c807,1,7222,c0ff7833c0013b08
5274,5274,5274,wildfly/wildfly,f52e8d79b9eff90b8c063e1c96d1c37be746c807,1,7222,c0ff7833c0013b08
5275,5275,5275,wildfly/wildfly,f52e8d79b9eff90b8c063e1c96d1c37be746c807,1,7222,c0ff7833c0013b08
5276,5276,5276,wildfly/wildfly,ef9dac9eb5c1bacfd6ff10b313a6f272019febb7,9,7209,c0ff7833c0013b08
5277,5277,5277,wildfly/wildfly,f52e8d79b9eff90b8c063e1c96d1c37be746c807,1,7222,c0ff7833c0013b08
5278,5278,5278,wildfly/wildfly,286ec956ffd9ae730d960282b7a456fe649addcb,1,7037,c0ff7833c0013b08
5279,5279,5279,wildfly/wildfly,f52e8d79b9eff90b8c063e1c96d1c37be746c807,2,7222,c0ff7833c0013b08
5280,5280,5280,wildfly/wildfly,f52e8d79b9eff90b8c063e1c96d1c37be746c807,2,7222,c0ff7833c0013b08
5281,5281,5281,wildfly/wildfly,f52e8d79b9eff90b8c063e1c96d1c37be746c807,3,7222,c0ff7833c0013b08
5282,5282,5282,wildfly/wildfly,f52e8d79b9eff90b8c063e1c96d1c37be746c807,2,7222,c0ff7833c0013b08
5283,5283,5283,wildfly/wildfly,f52e8d79b9eff90b8c063e1c96d1c37be746c807,3,7222,c0ff7833c0013b08
5284,5284,5284,wildfly/wildfly,f52e8d79b9eff90b8c063e1c96d1c37be746c807,7,7222,c0ff7833c0013b08
5285,5285,5285,wildfly/wildfly,f52e8d79b9eff90b8c063e1c96d1c37be746c807,3,7222,c0ff7833c0013b08
5286,5286,5286,wildfly/wildfly,f52e8d79b9eff90b8c063e1c96d1c37be746c807,3,7222,c0ff7833c0013b08
5287,5287,5287,wildfly/wildfly,5f187399f3181045087e657b0b862dba58b67e6d,1,7279,c0ff7833c0013b08
5288,5288,5288,wildfly/wildfly,5f187399f3181045087e657b0b862dba58b67e6d,1,7279,c0ff7833c0013b08
5289,5289,5289,wildfly/wildfly,5f187399f3181045087e657b0b862dba58b67e6d,10,7279,c0ff7833c0013b08
5290,5290,5290,wildfly/wildfly,5f187399f3181045087e657b0b862dba58b67e6d,1,7279,c0ff7833c0013b08
5291,5291,5291,wildfly/wildfly,c3332cec0c9bc5dc57899c2ae7ba26dd0c627686,1,7283,c0ff7833c0013b08
5292,5292,5292,wildfly/wildfly,c3332cec0c9bc5dc57899c2ae7ba26dd0c627686,7,7283,c0ff7833c0013b08
5293,5293,5293,wildfly/wildfly,c3332cec0c9bc5dc57899c2ae7ba26dd0c627686,1,7283,c0ff7833c0013b08
5294,5294,5294,wildfly/wildfly,c3332cec0c9bc5dc57899c2ae7ba26dd0c627686,2,7283,c0ff7833c0013b08
5295,5295,5295,wildfly/wildfly,c3332cec0c9bc5dc57899c2ae7ba26dd0c627686,3,7283,c0ff7833c0013b08
5296,5296,5296,wildfly/wildfly,c3332cec0c9bc5dc57899c2ae7ba26dd0c627686,2,7283,c0ff7833c0013b08
5297,5297,5297,wildfly/wildfly,c3332cec0c9bc5dc57899c2ae7ba26dd0c627686,1,7283,c0ff7833c0013b08
5298,5298,5298,wildfly/wildfly,c3332cec0c9bc5dc57899c2ae7ba26dd0c627686,2,7283,c0ff7833c0013b08
5299,5299,5299,wildfly/wildfly,c3332cec0c9bc5dc57899c2ae7ba26dd0c627686,1,7283,c0ff7833c0013b08
5300,5300,5300,wildfly/wildfly,c3332cec0c9bc5dc57899c2ae7ba26dd0c627686,1,7283,c0ff7833c0013b08
5301,5301,5301,wildfly/wildfly,c3332cec0c9bc5dc57899c2ae7ba26dd0c627686,2,7283,c0ff7833c0013b08
5302,5302,5302,wildfly/wildfly,5f187399f3181045087e657b0b862dba58b67e6d,1,7279,c0ff7833c0013b08
5303,5303,5303,wildfly/wildfly,c3332cec0c9bc5dc57899c2ae7ba26dd0c627686,1,7283,c0ff7833c0013b08
5304,5304,5304,wildfly/wildfly,c3332cec0c9bc5dc57899c2ae7ba26dd0c627686,10,7283,c0ff7833c0013b08
5305,5305,5305,wildfly/wildfly,c3332cec0c9bc5dc57899c2ae7ba26dd0c627686,1,7283,c0ff7833c0013b08
5306,5306,5306,wildfly/wildfly,c3332cec0c9bc5dc57899c2ae7ba26dd0c627686,1,7283,c0ff7833c0013b08
5307,5307,5307,wildfly/wildfly,c3332cec0c9bc5dc57899c2ae7ba26dd0c627686,2,7283,c0ff7833c0013b08
5308,5308,5308,wildfly/wildfly,c3332cec0c9bc5dc57899c2ae7ba26dd0c627686,1,7283,c0ff7833c0013b08
5309,5309,5309,wildfly/wildfly,c3332cec0c9bc5dc57899c2ae7ba26dd0c627686,1,7283,c0ff7833c0013b08
5310,5310,5310,wildfly/wildfly,c3332cec0c9bc5dc57899c2ae7ba26dd0c627686,1,7283,c0ff7833c0013b08
5311,5311,5311,wildfly/wildfly,c3332cec0c9bc5dc57899c2ae7ba26dd0c627686,1,7283,c0ff7833c0013b08
5312,5312,5312,wildfly/wildfly,c3332cec0c9bc5dc57899c2ae7ba26dd0c627686,5,7283,c0ff7833c0013b08
5313,5313,5313,wildfly/wildfly,c3332cec0c9bc5dc57899c2ae7ba26dd0c627686,1,7283,c0ff7833c0013b08
5314,5314,5314,wildfly/wildfly,c3332cec0c9bc5dc57899c2ae7ba26dd0c627686,1,7283,c0ff7833c0013b08
5315,5315,5315,wildfly/wildfly,c3332cec0c9bc5dc57899c2ae7ba26dd0c627686,1,7283,c0ff7833c0013b08
5316,5316,5316,wildfly/wildfly,c3332cec0c9bc5dc57899c2ae7ba26dd0c627686,2,7283,c0ff7833c0013b08
5317,5317,5317,wildfly/wildfly,c3332cec0c9bc5dc57899c2ae7ba26dd0c627686,3,7283,c0ff7833c0013b08
5318,5318,5318,wildfly/wildfly,c3332cec0c9bc5dc57899c2ae7ba26dd0c627686,4,7283,c0ff7833c0013b08
5319,5319,5319,wildfly/wildfly,c3332cec0c9bc5dc57899c2ae7ba26dd0c627686,6,7283,c0ff7833c0013b08
5320,5320,5320,wildfly/wildfly,c3332cec0c9bc5dc57899c2ae7ba26dd0c627686,1,7283,c0ff7833c0013b08
5321,5321,5321,wildfly/wildfly,c3332cec0c9bc5dc57899c2ae7ba26dd0c627686,2,7283,c0ff7833c0013b08
5322,5322,5322,wildfly/wildfly,c3332cec0c9bc5dc57899c2ae7ba26dd0c627686,3,7283,c0ff7833c0013b08
5323,5323,5323,wildfly/wildfly,e2e1eb1a7eb2fa2d8e082098157a6e18da62ac69,1,7850,c0ff7833c0013b08
5324,5324,5324,wildfly/wildfly,e2e1eb1a7eb2fa2d8e082098157a6e18da62ac69,1,7850,c0ff7833c0013b08
5325,5325,5325,wildfly/wildfly,e2e1eb1a7eb2fa2d8e082098157a6e18da62ac69,1,7850,c0ff7833c0013b08
5326,5326,5326,wildfly/wildfly,e2e1eb1a7eb2fa2d8e082098157a6e18da62ac69,2,7850,c0ff7833c0013b08
5327,5327,5327,wildfly/wildfly,e2e1eb1a7eb2fa2d8e082098157a6e18da62ac69,2,7850,c0ff7833c0013b08
5328,5328,5328,wildfly/wildfly,e2e1eb1a7eb2fa2d8e082098157a6e18da62ac69,1,7850,c0ff7833c0013b08
5329,5329,5329,wildfly/wildfly,e2e1eb1a7eb2fa2d8e082098157a6e18da62ac69,1,7850,c0ff7833c0013b08
5330,5330,5330,wildfly/wildfly,e2e1eb1a7eb2fa2d8e082098157a6e18da62ac69,1,7850,c0ff7833c0013b08
5331,5331,5331,wildfly/wildfly,e2e1eb1a7eb2fa2d8e082098157a6e18da62ac69,1,7850,c0ff7833c0013b08
5332,5332,5332,wildfly/wildfly,e2e1eb1a7eb2fa2d8e082098157a6e18da62ac69,1,7850,c0ff7833c0013b08
5333,5333,5333,wildfly/wildfly,e2e1eb1a7eb2fa2d8e082098157a6e18da62ac69,3,7850,c0ff7833c0013b08
5334,5334,5334,wildfly/wildfly,e2e1eb1a7eb2fa2d8e082098157a6e18da62ac69,1,7850,c0ff7833c0013b08
5335,5335,5335,wildfly/wildfly,e2e1eb1a7eb2fa2d8e082098157a6e18da62ac69,2,7850,c0ff7833c0013b08
5336,5336,5336,wildfly/wildfly,e2e1eb1a7eb2fa2d8e082098157a6e18da62ac69,1,7850,c0ff7833c0013b08
5337,5337,5337,wildfly/wildfly,e2e1eb1a7eb2fa2d8e082098157a6e18da62ac69,2,7850,c0ff7833c0013b08
5338,5338,5338,wildfly/wildfly,e2e1eb1a7eb2fa2d8e082098157a6e18da62ac69,1,7850,c0ff7833c0013b08
5339,5339,5339,wildfly/wildfly,e2e1eb1a7eb2fa2d8e082098157a6e18da62ac69,2,7850,c0ff7833c0013b08
5340,5340,5340,wildfly/wildfly,e2e1eb1a7eb2fa2d8e082098157a6e18da62ac69,2,7850,c0ff7833c0013b08
5341,5341,5341,wildfly/wildfly,e2e1eb1a7eb2fa2d8e082098157a6e18da62ac69,2,7850,c0ff7833c0013b08
5342,5342,5342,wildfly/wildfly,e2e1eb1a7eb2fa2d8e082098157a6e18da62ac69,1,7850,c0ff7833c0013b08
5343,5343,5343,wildfly/wildfly,e2e1eb1a7eb2fa2d8e082098157a6e18da62ac69,1,7850,c0ff7833c0013b08
5344,5344,5344,wildfly/wildfly,e2e1eb1a7eb2fa2d8e082098157a6e18da62ac69,2,7850,c0ff7833c0013b08
5345,5345,5345,wildfly/wildfly,e2e1eb1a7eb2fa2d8e082098157a6e18da62ac69,3,7850,c0ff7833c0013b08
5346,5346,5346,wildfly/wildfly,efc67adc2613877e0c49fafe2fc4910a7289067a,1,7847,c0ff7833c0013b08
5347,5347,5347,wildfly/wildfly,e2e1eb1a7eb2fa2d8e082098157a6e18da62ac69,4,7850,c0ff7833c0013b08
5348,5348,5348,wildfly/wildfly,efc67adc2613877e0c49fafe2fc4910a7289067a,1,7847,c0ff7833c0013b08
5349,5349,5349,wildfly/wildfly,efc67adc2613877e0c49fafe2fc4910a7289067a,19,7847,c0ff7833c0013b08
5350,5350,5350,wildfly/wildfly,efc67adc2613877e0c49fafe2fc4910a7289067a,1,7847,c0ff7833c0013b08
5351,5351,5351,wildfly/wildfly,efc67adc2613877e0c49fafe2fc4910a7289067a,2,7847,c0ff7833c0013b08
5352,5352,5352,wildfly/wildfly,efc67adc2613877e0c49fafe2fc4910a7289067a,3,7847,c0ff7833c0013b08
5353,5353,5353,wildfly/wildfly,efc67adc2613877e0c49fafe2fc4910a7289067a,3,7847,c0ff7833c0013b08
5354,5354,5354,wildfly/wildfly,efc67adc2613877e0c49fafe2fc4910a7289067a,1,7847,c0ff7833c0013b08
5355,5355,5355,wildfly/wildfly,efc67adc2613877e0c49fafe2fc4910a7289067a,3,7847,c0ff7833c0013b08
5356,5356,5356,wildfly/wildfly,319b63a63cc8ada267090901b8ab91cfba1b03dd,1,7694,c0ff7833c0013b08
5357,5357,5357,wildfly/wildfly,319b63a63cc8ada267090901b8ab91cfba1b03dd,1,7694,c0ff7833c0013b08
5358,5358,5358,wildfly/wildfly,319b63a63cc8ada267090901b8ab91cfba1b03dd,2,7694,c0ff7833c0013b08
5359,5359,5359,wildfly/wildfly,efc67adc2613877e0c49fafe2fc4910a7289067a,3,7847,c0ff7833c0013b08
5360,5360,5360,wildfly/wildfly,e2e1eb1a7eb2fa2d8e082098157a6e18da62ac69,1,7850,c0ff7833c0013b08
5361,5361,5361,wildfly/wildfly,e2e1eb1a7eb2fa2d8e082098157a6e18da62ac69,3,7850,c0ff7833c0013b08
5362,5362,5362,wildfly/wildfly,319b63a63cc8ada267090901b8ab91cfba1b03dd,11,7694,c0ff7833c0013b08
5363,5363,5363,wildfly/wildfly,319b63a63cc8ada267090901b8ab91cfba1b03dd,1,7694,c0ff7833c0013b08
5364,5364,5364,wildfly/wildfly,e2e1eb1a7eb2fa2d8e082098157a6e18da62ac69,2,7850,c0ff7833c0013b08
5365,5365,5365,wildfly/wildfly,e2e1eb1a7eb2fa2d8e082098157a6e18da62ac69,6,7850,c0ff7833c0013b08
5366,5366,5366,wildfly/wildfly,e2e1eb1a7eb2fa2d8e082098157a6e18da62ac69,3,7850,c0ff7833c0013b08
5367,5367,5367,wildfly/wildfly,de7fe84f937cca5ee2f1d7692b1b9e05162264ec,1,7847,c0ff7833c0013b08
5368,5368,5368,wildfly/wildfly,de7fe84f937cca5ee2f1d7692b1b9e05162264ec,1,7847,c0ff7833c0013b08
5369,5369,5369,wildfly/wildfly,de7fe84f937cca5ee2f1d7692b1b9e05162264ec,1,7847,c0ff7833c0013b08
5370,5370,5370,wildfly/wildfly,de7fe84f937cca5ee2f1d7692b1b9e05162264ec,2,7847,c0ff7833c0013b08
5371,5371,5371,wildfly/wildfly,e2e1eb1a7eb2fa2d8e082098157a6e18da62ac69,10,7850,c0ff7833c0013b08
5372,5372,5372,wildfly/wildfly,efc67adc2613877e0c49fafe2fc4910a7289067a,6,7847,c0ff7833c0013b08
5373,5373,5373,wildfly/wildfly,de7fe84f937cca5ee2f1d7692b1b9e05162264ec,1,7847,c0ff7833c0013b08
5374,5374,5374,wildfly/wildfly,319b63a63cc8ada267090901b8ab91cfba1b03dd,1,7694,c0ff7833c0013b08
5375,5375,5375,wildfly/wildfly,efc67adc2613877e0c49fafe2fc4910a7289067a,22,7847,c0ff7833c0013b08
5376,5376,5376,wildfly/wildfly,319b63a63cc8ada267090901b8ab91cfba1b03dd,11,7694,c0ff7833c0013b08
5377,5377,5377,wildfly/wildfly,de7fe84f937cca5ee2f1d7692b1b9e05162264ec,1,7847,c0ff7833c0013b08
5378,5378,5378,wildfly/wildfly,de7fe84f937cca5ee2f1d7692b1b9e05162264ec,1,7847,c0ff7833c0013b08
5379,5379,5379,wildfly/wildfly,de7fe84f937cca5ee2f1d7692b1b9e05162264ec,1,7847,c0ff7833c0013b08
5380,5380,5380,wildfly/wildfly,de7fe84f937cca5ee2f1d7692b1b9e05162264ec,4,7847,c0ff7833c0013b08
5381,5381,5381,wildfly/wildfly,de7fe84f937cca5ee2f1d7692b1b9e05162264ec,1,7847,c0ff7833c0013b08
5382,5382,5382,wildfly/wildfly,e2e1eb1a7eb2fa2d8e082098157a6e18da62ac69,4,7850,c0ff7833c0013b08
5383,5383,5383,wildfly/wildfly,de7fe84f937cca5ee2f1d7692b1b9e05162264ec,2,7847,c0ff7833c0013b08
5384,5384,5384,wildfly/wildfly,de7fe84f937cca5ee2f1d7692b1b9e05162264ec,1,7847,c0ff7833c0013b08
5385,5385,5385,wildfly/wildfly,de7fe84f937cca5ee2f1d7692b1b9e05162264ec,4,7847,c0ff7833c0013b08
5386,5386,5386,wildfly/wildfly,de7fe84f937cca5ee2f1d7692b1b9e05162264ec,1,7847,c0ff7833c0013b08
5387,5387,5387,wildfly/wildfly,de7fe84f937cca5ee2f1d7692b1b9e05162264ec,7,7847,c0ff7833c0013b08
5388,5388,5388,wildfly/wildfly,319b63a63cc8ada267090901b8ab91cfba1b03dd,2,7694,c0ff7833c0013b08
5389,5389,5389,wildfly/wildfly,de7fe84f937cca5ee2f1d7692b1b9e05162264ec,15,7847,c0ff7833c0013b08
5390,5390,5390,wildfly/wildfly,de7fe84f937cca5ee2f1d7692b1b9e05162264ec,1,7847,c0ff7833c0013b08
5391,5391,5391,wildfly/wildfly,de7fe84f937cca5ee2f1d7692b1b9e05162264ec,1,7847,c0ff7833c0013b08
5392,5392,5392,wildfly/wildfly,de7fe84f937cca5ee2f1d7692b1b9e05162264ec,1,7847,c0ff7833c0013b08
5393,5393,5393,wildfly/wildfly,e2e1eb1a7eb2fa2d8e082098157a6e18da62ac69,1,7850,c0ff7833c0013b08
5394,5394,5394,wildfly/wildfly,de7fe84f937cca5ee2f1d7692b1b9e05162264ec,14,7847,c0ff7833c0013b08
5395,5395,5395,wildfly/wildfly,de7fe84f937cca5ee2f1d7692b1b9e05162264ec,1,7847,c0ff7833c0013b08
5396,5396,5396,wildfly/wildfly,de7fe84f937cca5ee2f1d7692b1b9e05162264ec,1,7847,c0ff7833c0013b08
5397,5397,5397,wildfly/wildfly,de7fe84f937cca5ee2f1d7692b1b9e05162264ec,1,7847,c0ff7833c0013b08
5398,5398,5398,wildfly/wildfly,de7fe84f937cca5ee2f1d7692b1b9e05162264ec,4,7847,c0ff7833c0013b08
5399,5399,5399,wildfly/wildfly,de7fe84f937cca5ee2f1d7692b1b9e05162264ec,1,7847,c0ff7833c0013b08
5400,5400,5400,wildfly/wildfly,de7fe84f937cca5ee2f1d7692b1b9e05162264ec,1,7847,c0ff7833c0013b08
5401,5401,5401,wildfly/wildfly,de7fe84f937cca5ee2f1d7692b1b9e05162264ec,1,7847,c0ff7833c0013b08
5402,5402,5402,wildfly/wildfly,de7fe84f937cca5ee2f1d7692b1b9e05162264ec,1,7847,c0ff7833c0013b08
5403,5403,5403,wildfly/wildfly,43ba05f4e7aa21c82786aedc8ebb3e3465811087,1,8433,c0ff7833c0013b08
5404,5404,5404,wildfly/wildfly,de7fe84f937cca5ee2f1d7692b1b9e05162264ec,2,7847,c0ff7833c0013b08
5405,5405,5405,wildfly/wildfly,de7fe84f937cca5ee2f1d7692b1b9e05162264ec,3,7847,c0ff7833c0013b08
5406,5406,5406,wildfly/wildfly,efc67adc2613877e0c49fafe2fc4910a7289067a,2,7847,c0ff7833c0013b08
5407,5407,5407,wildfly/wildfly,de7fe84f937cca5ee2f1d7692b1b9e05162264ec,1,7847,c0ff7833c0013b08
5408,5408,5408,wildfly/wildfly,43ba05f4e7aa21c82786aedc8ebb3e3465811087,1,8433,c0ff7833c0013b08
5409,5409,5409,wildfly/wildfly,43ba05f4e7aa21c82786aedc8ebb3e3465811087,1,8433,c0ff7833c0013b08
5410,5410,5410,wildfly/wildfly,43ba05f4e7aa21c82786aedc8ebb3e3465811087,2,8433,c0ff7833c0013b08
5411,5411,5411,wildfly/wildfly,43ba05f4e7aa21c82786aedc8ebb3e3465811087,7,8433,c0ff7833c0013b08
5412,5412,5412,wildfly/wildfly,e2e1eb1a7eb2fa2d8e082098157a6e18da62ac69,2,7850,c0ff7833c0013b08
5413,5413,5413,wildfly/wildfly,43ba05f4e7aa21c82786aedc8ebb3e3465811087,3,8433,c0ff7833c0013b08
5414,5414,5414,wildfly/wildfly,43ba05f4e7aa21c82786aedc8ebb3e3465811087,1,8433,c0ff7833c0013b08
5415,5415,5415,wildfly/wildfly,43ba05f4e7aa21c82786aedc8ebb3e3465811087,1,8433,c0ff7833c0013b08
5416,5416,5416,wildfly/wildfly,43ba05f4e7aa21c82786aedc8ebb3e3465811087,1,8433,c0ff7833c0013b08
5417,5417,5417,wildfly/wildfly,43ba05f4e7aa21c82786aedc8ebb3e3465811087,5,8433,c0ff7833c0013b08
5419,5419,5419,wildfly/wildfly,43ba05f4e7aa21c82786aedc8ebb3e3465811087,1,8433,c0ff7833c0013b08
5420,5420,5420,wildfly/wildfly,43ba05f4e7aa21c82786aedc8ebb3e3465811087,1,8433,c0ff7833c0013b08
5421,5421,5421,wildfly/wildfly,43ba05f4e7aa21c82786aedc8ebb3e3465811087,10,8433,c0ff7833c0013b08
5422,5422,5422,wildfly/wildfly,43ba05f4e7aa21c82786aedc8ebb3e3465811087,1,8433,c0ff7833c0013b08
5423,5423,5423,wildfly/wildfly,43ba05f4e7aa21c82786aedc8ebb3e3465811087,1,8433,c0ff7833c0013b08
5424,5424,5424,wildfly/wildfly,43ba05f4e7aa21c82786aedc8ebb3e3465811087,3,8433,c0ff7833c0013b08
5425,5425,5425,wildfly/wildfly,43ba05f4e7aa21c82786aedc8ebb3e3465811087,3,8433,c0ff7833c0013b08
5426,5426,5426,wildfly/wildfly,43ba05f4e7aa21c82786aedc8ebb3e3465811087,8,8433,c0ff7833c0013b08
5427,5427,5427,wildfly/wildfly,319b63a63cc8ada267090901b8ab91cfba1b03dd,4,7694,c0ff7833c0013b08
5428,5428,5428,wildfly/wildfly,43ba05f4e7aa21c82786aedc8ebb3e3465811087,1,8433,c0ff7833c0013b08
5429,5429,5429,wildfly/wildfly,43ba05f4e7aa21c82786aedc8ebb3e3465811087,5,8433,c0ff7833c0013b08
5430,5430,5430,wildfly/wildfly,43ba05f4e7aa21c82786aedc8ebb3e3465811087,1,8433,c0ff7833c0013b08
5431,5431,5431,wildfly/wildfly,de7fe84f937cca5ee2f1d7692b1b9e05162264ec,1,7847,c0ff7833c0013b08
5432,5432,5432,wildfly/wildfly,de7fe84f937cca5ee2f1d7692b1b9e05162264ec,2,7847,c0ff7833c0013b08
5433,5433,5433,wildfly/wildfly,43ba05f4e7aa21c82786aedc8ebb3e3465811087,3,8433,c0ff7833c0013b08
5434,5434,5434,wildfly/wildfly,43ba05f4e7aa21c82786aedc8ebb3e3465811087,1,8433,c0ff7833c0013b08
5435,5435,5435,wildfly/wildfly,43ba05f4e7aa21c82786aedc8ebb3e3465811087,3,8433,c0ff7833c0013b08
5436,5436,5436,wildfly/wildfly,43ba05f4e7aa21c82786aedc8ebb3e3465811087,2,8433,c0ff7833c0013b08
5437,5437,5437,wildfly/wildfly,de7fe84f937cca5ee2f1d7692b1b9e05162264ec,3,7847,c0ff7833c0013b08
5438,5438,5438,wildfly/wildfly,de7fe84f937cca5ee2f1d7692b1b9e05162264ec,1,7847,c0ff7833c0013b08
5439,5439,5439,wildfly/wildfly,e2e1eb1a7eb2fa2d8e082098157a6e18da62ac69,2,7850,c0ff7833c0013b08
5440,5440,5440,wildfly/wildfly,de7fe84f937cca5ee2f1d7692b1b9e05162264ec,2,7847,c0ff7833c0013b08
5441,5441,5441,wildfly/wildfly,de7fe84f937cca5ee2f1d7692b1b9e05162264ec,1,7847,c0ff7833c0013b08
5442,5442,5442,wildfly/wildfly,e2e1eb1a7eb2fa2d8e082098157a6e18da62ac69,1,7850,c0ff7833c0013b08
5443,5443,5443,wildfly/wildfly,43ba05f4e7aa21c82786aedc8ebb3e3465811087,1,8433,c0ff7833c0013b08
5444,5444,5444,wildfly/wildfly,43ba05f4e7aa21c82786aedc8ebb3e3465811087,1,8433,c0ff7833c0013b08
5445,5445,5445,wildfly/wildfly,43ba05f4e7aa21c82786aedc8ebb3e3465811087,1,8433,c0ff7833c0013b08
5446,5446,5446,wildfly/wildfly,de7fe84f937cca5ee2f1d7692b1b9e05162264ec,2,7847,c0ff7833c0013b08
5447,5447,5447,wildfly/wildfly,43ba05f4e7aa21c82786aedc8ebb3e3465811087,1,8433,c0ff7833c0013b08
5448,5448,5448,wildfly/wildfly,43ba05f4e7aa21c82786aedc8ebb3e3465811087,1,8433,c0ff7833c0013b08
5449,5449,5449,wildfly/wildfly,43ba05f4e7aa21c82786aedc8ebb3e3465811087,3,8433,c0ff7833c0013b08
5450,5450,5450,wildfly/wildfly,43ba05f4e7aa21c82786aedc8ebb3e3465811087,4,8433,c0ff7833c0013b08
5451,5451,5451,wildfly/wildfly,43ba05f4e7aa21c82786aedc8ebb3e3465811087,4,8433,c0ff7833c0013b08
5452,5452,5452,wildfly/wildfly,43ba05f4e7aa21c82786aedc8ebb3e3465811087,1,8433,c0ff7833c0013b08
5453,5453,5453,wildfly/wildfly,e2e1eb1a7eb2fa2d8e082098157a6e18da62ac69,2,7850,c0ff7833c0013b08
5454,5454,5454,wildfly/wildfly,43ba05f4e7aa21c82786aedc8ebb3e3465811087,1,8433,c0ff7833c0013b08
5455,5455,5455,wildfly/wildfly,43ba05f4e7aa21c82786aedc8ebb3e3465811087,2,8433,c0ff7833c0013b08
5456,5456,5456,wildfly/wildfly,43ba05f4e7aa21c82786aedc8ebb3e3465811087,1,8433,c0ff7833c0013b08
5457,5457,5457,wildfly/wildfly,319b63a63cc8ada267090901b8ab91cfba1b03dd,3,7694,c0ff7833c0013b08
5458,5458,5458,wildfly/wildfly,43ba05f4e7aa21c82786aedc8ebb3e3465811087,7,8433,c0ff7833c0013b08
5459,5459,5459,wildfly/wildfly,43ba05f4e7aa21c82786aedc8ebb3e3465811087,2,8433,c0ff7833c0013b08
5460,5460,5460,wildfly/wildfly,43ba05f4e7aa21c82786aedc8ebb3e3465811087,1,8433,c0ff7833c0013b08
5461,5461,5461,wildfly/wildfly,43ba05f4e7aa21c82786aedc8ebb3e3465811087,1,8433,c0ff7833c0013b08
5462,5462,5462,wildfly/wildfly,e2e1eb1a7eb2fa2d8e082098157a6e18da62ac69,3,7850,c0ff7833c0013b08
5463,5463,5463,wildfly/wildfly,43ba05f4e7aa21c82786aedc8ebb3e3465811087,1,8433,c0ff7833c0013b08
5464,5464,5464,wildfly/wildfly,43ba05f4e7aa21c82786aedc8ebb3e3465811087,1,8433,c0ff7833c0013b08
5465,5465,5465,wildfly/wildfly,43ba05f4e7aa21c82786aedc8ebb3e3465811087,1,8433,c0ff7833c0013b08
5466,5466,5466,wildfly/wildfly,43ba05f4e7aa21c82786aedc8ebb3e3465811087,1,8433,c0ff7833c0013b08
5467,5467,5467,wildfly/wildfly,de7fe84f937cca5ee2f1d7692b1b9e05162264ec,1,7847,c0ff7833c0013b08
5468,5468,5468,wildfly/wildfly,43ba05f4e7aa21c82786aedc8ebb3e3465811087,1,8433,c0ff7833c0013b08
5469,5469,5469,wildfly/wildfly,43ba05f4e7aa21c82786aedc8ebb3e3465811087,1,8433,c0ff7833c0013b08
5470,5470,5470,wildfly/wildfly,43ba05f4e7aa21c82786aedc8ebb3e3465811087,1,8433,c0ff7833c0013b08
5471,5471,5471,wildfly/wildfly,43ba05f4e7aa21c82786aedc8ebb3e3465811087,2,8433,c0ff7833c0013b08
5472,5472,5472,wildfly/wildfly,43ba05f4e7aa21c82786aedc8ebb3e3465811087,1,8433,c0ff7833c0013b08
5473,5473,5473,wildfly/wildfly,43ba05f4e7aa21c82786aedc8ebb3e3465811087,2,8433,c0ff7833c0013b08
5474,5474,5474,wildfly/wildfly,43ba05f4e7aa21c82786aedc8ebb3e3465811087,1,8433,c0ff7833c0013b08
5475,5475,5475,wildfly/wildfly,43ba05f4e7aa21c82786aedc8ebb3e3465811087,5,8433,c0ff7833c0013b08
5476,5476,5476,wildfly/wildfly,43ba05f4e7aa21c82786aedc8ebb3e3465811087,1,8433,c0ff7833c0013b08
5477,5477,5477,wildfly/wildfly,43ba05f4e7aa21c82786aedc8ebb3e3465811087,9,8433,c0ff7833c0013b08
5478,5478,5478,wildfly/wildfly,43ba05f4e7aa21c82786aedc8ebb3e3465811087,2,8433,c0ff7833c0013b08
5479,5479,5479,wildfly/wildfly,43ba05f4e7aa21c82786aedc8ebb3e3465811087,4,8433,c0ff7833c0013b08
5480,5480,5480,wildfly/wildfly,43ba05f4e7aa21c82786aedc8ebb3e3465811087,1,8433,c0ff7833c0013b08
5481,5481,5481,wildfly/wildfly,43ba05f4e7aa21c82786aedc8ebb3e3465811087,2,8433,c0ff7833c0013b08
5482,5482,5482,wildfly/wildfly,de7fe84f937cca5ee2f1d7692b1b9e05162264ec,1,7847,c0ff7833c0013b08
5483,5483,5483,wildfly/wildfly,43ba05f4e7aa21c82786aedc8ebb3e3465811087,2,8433,c0ff7833c0013b08
5484,5484,5484,wildfly/wildfly,43ba05f4e7aa21c82786aedc8ebb3e3465811087,1,8433,c0ff7833c0013b08
5485,5485,5485,wildfly/wildfly,24ef789d67693ca986d0b3d02ba5b95a50fcdbde,1,8659,c0ff7833c0013b08
5486,5486,5486,wildfly/wildfly,24ef789d67693ca986d0b3d02ba5b95a50fcdbde,1,8659,c0ff7833c0013b08
5487,5487,5487,wildfly/wildfly,24ef789d67693ca986d0b3d02ba5b95a50fcdbde,4,8659,c0ff7833c0013b08
5488,5488,5488,wildfly/wildfly,43ba05f4e7aa21c82786aedc8ebb3e3465811087,4,8433,c0ff7833c0013b08
5489,5489,5489,wildfly/wildfly,de7fe84f937cca5ee2f1d7692b1b9e05162264ec,2,7847,c0ff7833c0013b08
5490,5490,5490,wildfly/wildfly,24ef789d67693ca986d0b3d02ba5b95a50fcdbde,1,8659,c0ff7833c0013b08
5491,5491,5491,wildfly/wildfly,43ba05f4e7aa21c82786aedc8ebb3e3465811087,2,8433,c0ff7833c0013b08
5492,5492,5492,wildfly/wildfly,43ba05f4e7aa21c82786aedc8ebb3e3465811087,2,8433,c0ff7833c0013b08
5493,5493,5493,wildfly/wildfly,43ba05f4e7aa21c82786aedc8ebb3e3465811087,5,8433,c0ff7833c0013b08
5494,5494,5494,wildfly/wildfly,43ba05f4e7aa21c82786aedc8ebb3e3465811087,1,8433,c0ff7833c0013b08
5495,5495,5495,wildfly/wildfly,24ef789d67693ca986d0b3d02ba5b95a50fcdbde,1,8659,c0ff7833c0013b08
5496,5496,5496,wildfly/wildfly,24ef789d67693ca986d0b3d02ba5b95a50fcdbde,1,8659,c0ff7833c0013b08
5497,5497,5497,wildfly/wildfly,24ef789d67693ca986d0b3d02ba5b95a50fcdbde,13,8659,c0ff7833c0013b08
5498,5498,5498,wildfly/wildfly,24ef789d67693ca986d0b3d02ba5b95a50fcdbde,2,8659,c0ff7833c0013b08
5499,5499,5499,wildfly/wildfly,24ef789d67693ca986d0b3d02ba5b95a50fcdbde,1,8659,c0ff7833c0013b08
5500,5500,5500,wildfly/wildfly,24ef789d67693ca986d0b3d02ba5b95a50fcdbde,1,8659,c0ff7833c0013b08
5501,5501,5501,wildfly/wildfly,24ef789d67693ca986d0b3d02ba5b95a50fcdbde,3,8659,c0ff7833c0013b08
5502,5502,5502,wildfly/wildfly,24ef789d67693ca986d0b3d02ba5b95a50fcdbde,1,8659,c0ff7833c0013b08
5503,5503,5503,wildfly/wildfly,43ba05f4e7aa21c82786aedc8ebb3e3465811087,2,8433,c0ff7833c0013b08
5504,5504,5504,wildfly/wildfly,24ef789d67693ca986d0b3d02ba5b95a50fcdbde,1,8659,c0ff7833c0013b08
5505,5505,5505,wildfly/wildfly,24ef789d67693ca986d0b3d02ba5b95a50fcdbde,2,8659,c0ff7833c0013b08
5506,5506,5506,wildfly/wildfly,24ef789d67693ca986d0b3d02ba5b95a50fcdbde,3,8659,c0ff7833c0013b08
5507,5507,5507,wildfly/wildfly,24ef789d67693ca986d0b3d02ba5b95a50fcdbde,3,8659,c0ff7833c0013b08
5508,5508,5508,wildfly/wildfly,43ba05f4e7aa21c82786aedc8ebb3e3465811087,4,8433,c0ff7833c0013b08
5509,5509,5509,wildfly/wildfly,24ef789d67693ca986d0b3d02ba5b95a50fcdbde,2,8659,c0ff7833c0013b08
5510,5510,5510,wildfly/wildfly,24ef789d67693ca986d0b3d02ba5b95a50fcdbde,1,8659,c0ff7833c0013b08
5511,5511,5511,wildfly/wildfly,24ef789d67693ca986d0b3d02ba5b95a50fcdbde,2,8659,c0ff7833c0013b08
5512,5512,5512,wildfly/wildfly,24ef789d67693ca986d0b3d02ba5b95a50fcdbde,3,8659,c0ff7833c0013b08
5513,5513,5513,wildfly/wildfly,24ef789d67693ca986d0b3d02ba5b95a50fcdbde,1,8659,c0ff7833c0013b08
5514,5514,5514,wildfly/wildfly,de7fe84f937cca5ee2f1d7692b1b9e05162264ec,4,7847,c0ff7833c0013b08
5515,5515,5515,wildfly/wildfly,43ba05f4e7aa21c82786aedc8ebb3e3465811087,4,8433,c0ff7833c0013b08
5516,5516,5516,wildfly/wildfly,319b63a63cc8ada267090901b8ab91cfba1b03dd,1,7694,c0ff7833c0013b08
5517,5517,5517,wildfly/wildfly,de7fe84f937cca5ee2f1d7692b1b9e05162264ec,4,7847,c0ff7833c0013b08
5518,5518,5518,wildfly/wildfly,24ef789d67693ca986d0b3d02ba5b95a50fcdbde,1,8659,c0ff7833c0013b08
5519,5519,5519,wildfly/wildfly,24ef789d67693ca986d0b3d02ba5b95a50fcdbde,1,8659,c0ff7833c0013b08
5520,5520,5520,wildfly/wildfly,24ef789d67693ca986d0b3d02ba5b95a50fcdbde,2,8659,c0ff7833c0013b08
5521,5521,5521,wildfly/wildfly,24ef789d67693ca986d0b3d02ba5b95a50fcdbde,1,8659,c0ff7833c0013b08
5522,5522,5522,wildfly/wildfly,24ef789d67693ca986d0b3d02ba5b95a50fcdbde,1,8659,c0ff7833c0013b08
5523,5523,5523,wildfly/wildfly,43ba05f4e7aa21c82786aedc8ebb3e3465811087,8,8433,c0ff7833c0013b08
5524,5524,5524,wildfly/wildfly,24ef789d67693ca986d0b3d02ba5b95a50fcdbde,3,8659,c0ff7833c0013b08
5525,5525,5525,wildfly/wildfly,24ef789d67693ca986d0b3d02ba5b95a50fcdbde,4,8659,c0ff7833c0013b08
5526,5526,5526,wildfly/wildfly,24ef789d67693ca986d0b3d02ba5b95a50fcdbde,1,8659,c0ff7833c0013b08
5527,5527,5527,wildfly/wildfly,24ef789d67693ca986d0b3d02ba5b95a50fcdbde,1,8659,c0ff7833c0013b08
5528,5528,5528,wildfly/wildfly,43ba05f4e7aa21c82786aedc8ebb3e3465811087,3,8433,c0ff7833c0013b08
5529,5529,5529,wildfly/wildfly,24ef789d67693ca986d0b3d02ba5b95a50fcdbde,6,8659,c0ff7833c0013b08
5530,5530,5530,wildfly/wildfly,24ef789d67693ca986d0b3d02ba5b95a50fcdbde,1,8659,c0ff7833c0013b08
5531,5531,5531,wildfly/wildfly,24ef789d67693ca986d0b3d02ba5b95a50fcdbde,1,8659,c0ff7833c0013b08
5532,5532,5532,wildfly/wildfly,b062b90fadf6b35a181fddad2e4e2b13e3bbaaa9,1,8761,c0ff7833c0013b08
5533,5533,5533,wildfly/wildfly,b062b90fadf6b35a181fddad2e4e2b13e3bbaaa9,5,8761,c0ff7833c0013b08
5534,5534,5534,wildfly/wildfly,b062b90fadf6b35a181fddad2e4e2b13e3bbaaa9,6,8761,c0ff7833c0013b08
5535,5535,5535,wildfly/wildfly,b062b90fadf6b35a181fddad2e4e2b13e3bbaaa9,1,8761,c0ff7833c0013b08
5536,5536,5536,wildfly/wildfly,b062b90fadf6b35a181fddad2e4e2b13e3bbaaa9,1,8761,c0ff7833c0013b08
5537,5537,5537,wildfly/wildfly,b062b90fadf6b35a181fddad2e4e2b13e3bbaaa9,1,8761,c0ff7833c0013b08
5538,5538,5538,wildfly/wildfly,43ba05f4e7aa21c82786aedc8ebb3e3465811087,7,8433,c0ff7833c0013b08
5539,5539,5539,wildfly/wildfly,b062b90fadf6b35a181fddad2e4e2b13e3bbaaa9,7,8761,c0ff7833c0013b08
5540,5540,5540,wildfly/wildfly,b062b90fadf6b35a181fddad2e4e2b13e3bbaaa9,1,8761,c0ff7833c0013b08
5541,5541,5541,wildfly/wildfly,43ba05f4e7aa21c82786aedc8ebb3e3465811087,2,8433,c0ff7833c0013b08
5542,5542,5542,wildfly/wildfly,b062b90fadf6b35a181fddad2e4e2b13e3bbaaa9,1,8761,c0ff7833c0013b08
5543,5543,5543,wildfly/wildfly,b062b90fadf6b35a181fddad2e4e2b13e3bbaaa9,3,8761,c0ff7833c0013b08
5544,5544,5544,wildfly/wildfly,b062b90fadf6b35a181fddad2e4e2b13e3bbaaa9,3,8761,c0ff7833c0013b08
5545,5545,5545,wildfly/wildfly,b062b90fadf6b35a181fddad2e4e2b13e3bbaaa9,1,8761,c0ff7833c0013b08
5546,5546,5546,wildfly/wildfly,24ef789d67693ca986d0b3d02ba5b95a50fcdbde,12,8659,c0ff7833c0013b08
5547,5547,5547,wildfly/wildfly,b062b90fadf6b35a181fddad2e4e2b13e3bbaaa9,1,8761,c0ff7833c0013b08
5548,5548,5548,wildfly/wildfly,b062b90fadf6b35a181fddad2e4e2b13e3bbaaa9,4,8761,c0ff7833c0013b08
5549,5549,5549,wildfly/wildfly,b062b90fadf6b35a181fddad2e4e2b13e3bbaaa9,1,8761,c0ff7833c0013b08
5550,5550,5550,wildfly/wildfly,b062b90fadf6b35a181fddad2e4e2b13e3bbaaa9,1,8761,c0ff7833c0013b08
5551,5551,5551,wildfly/wildfly,b062b90fadf6b35a181fddad2e4e2b13e3bbaaa9,1,8761,c0ff7833c0013b08
5552,5552,5552,wildfly/wildfly,b062b90fadf6b35a181fddad2e4e2b13e3bbaaa9,1,8761,c0ff7833c0013b08
5553,5553,5553,wildfly/wildfly,b062b90fadf6b35a181fddad2e4e2b13e3bbaaa9,5,8761,c0ff7833c0013b08
5554,5554,5554,wildfly/wildfly,b062b90fadf6b35a181fddad2e4e2b13e3bbaaa9,2,8761,c0ff7833c0013b08
5555,5555,5555,wildfly/wildfly,b062b90fadf6b35a181fddad2e4e2b13e3bbaaa9,7,8761,c0ff7833c0013b08
5556,5556,5556,wildfly/wildfly,b062b90fadf6b35a181fddad2e4e2b13e3bbaaa9,2,8761,c0ff7833c0013b08
5557,5557,5557,wildfly/wildfly,b062b90fadf6b35a181fddad2e4e2b13e3bbaaa9,14,8761,c0ff7833c0013b08
5558,5558,5558,wildfly/wildfly,b062b90fadf6b35a181fddad2e4e2b13e3bbaaa9,2,8761,c0ff7833c0013b08
5559,5559,5559,wildfly/wildfly,b062b90fadf6b35a181fddad2e4e2b13e3bbaaa9,2,8761,c0ff7833c0013b08
5560,5560,5560,wildfly/wildfly,b062b90fadf6b35a181fddad2e4e2b13e3bbaaa9,4,8761,c0ff7833c0013b08
5561,5561,5561,wildfly/wildfly,b062b90fadf6b35a181fddad2e4e2b13e3bbaaa9,7,8761,c0ff7833c0013b08
5562,5562,5562,wildfly/wildfly,b062b90fadf6b35a181fddad2e4e2b13e3bbaaa9,1,8761,c0ff7833c0013b08
5563,5563,5563,wildfly/wildfly,b062b90fadf6b35a181fddad2e4e2b13e3bbaaa9,1,8761,c0ff7833c0013b08
5564,5564,5564,wildfly/wildfly,b062b90fadf6b35a181fddad2e4e2b13e3bbaaa9,1,8761,c0ff7833c0013b08
5565,5565,5565,wildfly/wildfly,43ba05f4e7aa21c82786aedc8ebb3e3465811087,3,8433,c0ff7833c0013b08
5566,5566,5566,wildfly/wildfly,b062b90fadf6b35a181fddad2e4e2b13e3bbaaa9,16,8761,c0ff7833c0013b08
5567,5567,5567,wildfly/wildfly,b062b90fadf6b35a181fddad2e4e2b13e3bbaaa9,1,8761,c0ff7833c0013b08
5568,5568,5568,wildfly/wildfly,b062b90fadf6b35a181fddad2e4e2b13e3bbaaa9,1,8761,c0ff7833c0013b08
5569,5569,5569,wildfly/wildfly,b062b90fadf6b35a181fddad2e4e2b13e3bbaaa9,1,8761,c0ff7833c0013b08
5570,5570,5570,wildfly/wildfly,b062b90fadf6b35a181fddad2e4e2b13e3bbaaa9,3,8761,c0ff7833c0013b08
5571,5571,5571,wildfly/wildfly,b062b90fadf6b35a181fddad2e4e2b13e3bbaaa9,2,8761,c0ff7833c0013b08
5572,5572,5572,wildfly/wildfly,b062b90fadf6b35a181fddad2e4e2b13e3bbaaa9,2,8761,c0ff7833c0013b08
5573,5573,5573,wildfly/wildfly,b062b90fadf6b35a181fddad2e4e2b13e3bbaaa9,1,8761,c0ff7833c0013b08
5574,5574,5574,wildfly/wildfly,b062b90fadf6b35a181fddad2e4e2b13e3bbaaa9,1,8761,c0ff7833c0013b08
5575,5575,5575,wildfly/wildfly,b062b90fadf6b35a181fddad2e4e2b13e3bbaaa9,1,8761,c0ff7833c0013b08
5576,5576,5576,wildfly/wildfly,b062b90fadf6b35a181fddad2e4e2b13e3bbaaa9,2,8761,c0ff7833c0013b08
5577,5577,5577,wildfly/wildfly,24ef789d67693ca986d0b3d02ba5b95a50fcdbde,4,8659,c0ff7833c0013b08
5578,5578,5578,wildfly/wildfly,b062b90fadf6b35a181fddad2e4e2b13e3bbaaa9,2,8761,c0ff7833c0013b08
5579,5579,5579,wildfly/wildfly,b062b90fadf6b35a181fddad2e4e2b13e3bbaaa9,3,8761,c0ff7833c0013b08
5580,5580,5580,wildfly/wildfly,b062b90fadf6b35a181fddad2e4e2b13e3bbaaa9,2,8761,c0ff7833c0013b08
5581,5581,5581,wildfly/wildfly,b062b90fadf6b35a181fddad2e4e2b13e3bbaaa9,7,8761,c0ff7833c0013b08
5582,5582,5582,wildfly/wildfly,b062b90fadf6b35a181fddad2e4e2b13e3bbaaa9,1,8761,c0ff7833c0013b08
5583,5583,5583,wildfly/wildfly,b062b90fadf6b35a181fddad2e4e2b13e3bbaaa9,3,8761,c0ff7833c0013b08
5584,5584,5584,wildfly/wildfly,b062b90fadf6b35a181fddad2e4e2b13e3bbaaa9,3,8761,c0ff7833c0013b08
5585,5585,5585,wildfly/wildfly,b062b90fadf6b35a181fddad2e4e2b13e3bbaaa9,2,8761,c0ff7833c0013b08
5586,5586,5586,wildfly/wildfly,b062b90fadf6b35a181fddad2e4e2b13e3bbaaa9,7,8761,c0ff7833c0013b08
5587,5587,5587,wildfly/wildfly,43ba05f4e7aa21c82786aedc8ebb3e3465811087,8,8433,c0ff7833c0013b08
5588,5588,5588,wildfly/wildfly,b062b90fadf6b35a181fddad2e4e2b13e3bbaaa9,1,8761,c0ff7833c0013b08
5589,5589,5589,wildfly/wildfly,24ef789d67693ca986d0b3d02ba5b95a50fcdbde,1,8659,c0ff7833c0013b08
5590,5590,5590,wildfly/wildfly,24ef789d67693ca986d0b3d02ba5b95a50fcdbde,1,8659,c0ff7833c0013b08
5591,5591,5591,wildfly/wildfly,b062b90fadf6b35a181fddad2e4e2b13e3bbaaa9,3,8761,c0ff7833c0013b08
5592,5592,5592,wildfly/wildfly,b062b90fadf6b35a181fddad2e4e2b13e3bbaaa9,1,8761,c0ff7833c0013b08
5593,5593,5593,wildfly/wildfly,b062b90fadf6b35a181fddad2e4e2b13e3bbaaa9,1,8761,c0ff7833c0013b08
5594,5594,5594,wildfly/wildfly,24ef789d67693ca986d0b3d02ba5b95a50fcdbde,2,8659,c0ff7833c0013b08
5595,5595,5595,wildfly/wildfly,b062b90fadf6b35a181fddad2e4e2b13e3bbaaa9,2,8761,c0ff7833c0013b08
5596,5596,5596,wildfly/wildfly,b062b90fadf6b35a181fddad2e4e2b13e3bbaaa9,3,8761,c0ff7833c0013b08
5597,5597,5597,wildfly/wildfly,b062b90fadf6b35a181fddad2e4e2b13e3bbaaa9,4,8761,c0ff7833c0013b08
5598,5598,5598,wildfly/wildfly,b062b90fadf6b35a181fddad2e4e2b13e3bbaaa9,4,8761,c0ff7833c0013b08
5599,5599,5599,wildfly/wildfly,b062b90fadf6b35a181fddad2e4e2b13e3bbaaa9,2,8761,c0ff7833c0013b08
5600,5600,5600,wildfly/wildfly,24ef789d67693ca986d0b3d02ba5b95a50fcdbde,1,8659,c0ff7833c0013b08
5601,5601,5601,wildfly/wildfly,b062b90fadf6b35a181fddad2e4e2b13e3bbaaa9,1,8761,c0ff7833c0013b08
5602,5602,5602,wildfly/wildfly,b062b90fadf6b35a181fddad2e4e2b13e3bbaaa9,5,8761,c0ff7833c0013b08
5603,5603,5603,wildfly/wildfly,b062b90fadf6b35a181fddad2e4e2b13e3bbaaa9,1,8761,c0ff7833c0013b08
5604,5604,5604,wildfly/wildfly,b062b90fadf6b35a181fddad2e4e2b13e3bbaaa9,1,8761,c0ff7833c0013b08
5605,5605,5605,wildfly/wildfly,e2e1eb1a7eb2fa2d8e082098157a6e18da62ac69,5,7850,c0ff7833c0013b08
5606,5606,5606,wildfly/wildfly,b062b90fadf6b35a181fddad2e4e2b13e3bbaaa9,3,8761,c0ff7833c0013b08
5607,5607,5607,wildfly/wildfly,43ba05f4e7aa21c82786aedc8ebb3e3465811087,1,8433,c0ff7833c0013b08
5608,5608,5608,wildfly/wildfly,b062b90fadf6b35a181fddad2e4e2b13e3bbaaa9,1,8761,c0ff7833c0013b08
5609,5609,5609,wildfly/wildfly,b062b90fadf6b35a181fddad2e4e2b13e3bbaaa9,1,8761,c0ff7833c0013b08
5610,5610,5610,wildfly/wildfly,43ba05f4e7aa21c82786aedc8ebb3e3465811087,1,8433,c0ff7833c0013b08
5611,5611,5611,wildfly/wildfly,b062b90fadf6b35a181fddad2e4e2b13e3bbaaa9,1,8761,c0ff7833c0013b08
5612,5612,5612,wildfly/wildfly,b062b90fadf6b35a181fddad2e4e2b13e3bbaaa9,1,8761,c0ff7833c0013b08
5613,5613,5613,wildfly/wildfly,b062b90fadf6b35a181fddad2e4e2b13e3bbaaa9,1,8761,c0ff7833c0013b08
5614,5614,5614,wildfly/wildfly,de7fe84f937cca5ee2f1d7692b1b9e05162264ec,1,7847,c0ff7833c0013b08
5615,5615,5615,wildfly/wildfly,24ef789d67693ca986d0b3d02ba5b95a50fcdbde,1,8659,c0ff7833c0013b08
5616,5616,5616,wildfly/wildfly,43ba05f4e7aa21c82786aedc8ebb3e3465811087,1,8433,c0ff7833c0013b08
5617,5617,5617,wildfly/wildfly,24ef789d67693ca986d0b3d02ba5b95a50fcdbde,3,8659,c0ff7833c0013b08
5618,5618,5618,wildfly/wildfly,b062b90fadf6b35a181fddad2e4e2b13e3bbaaa9,2,8761,c0ff7833c0013b08
5619,5619,5619,wildfly/wildfly,24ef789d67693ca986d0b3d02ba5b95a50fcdbde,3,8659,c0ff7833c0013b08
5620,5620,5620,wildfly/wildfly,de7fe84f937cca5ee2f1d7692b1b9e05162264ec,2,7847,c0ff7833c0013b08
5621,5621,5621,wildfly/wildfly,b062b90fadf6b35a181fddad2e4e2b13e3bbaaa9,1,8761,c0ff7833c0013b08
5622,5622,5622,wildfly/wildfly,b062b90fadf6b35a181fddad2e4e2b13e3bbaaa9,1,8761,c0ff7833c0013b08
5623,5623,5623,wildfly/wildfly,37048291008a3d84d3aa351e0453f8285cd9e2e6,3,8856,c0ff7833c0013b08
5624,5624,5624,wildfly/wildfly,37048291008a3d84d3aa351e0453f8285cd9e2e6,1,8856,c0ff7833c0013b08
5625,5625,5625,wildfly/wildfly,37048291008a3d84d3aa351e0453f8285cd9e2e6,2,8856,c0ff7833c0013b08
5626,5626,5626,wildfly/wildfly,37048291008a3d84d3aa351e0453f8285cd9e2e6,17,8856,c0ff7833c0013b08
5627,5627,5627,wildfly/wildfly,37048291008a3d84d3aa351e0453f8285cd9e2e6,1,8856,c0ff7833c0013b08
5628,5628,5628,wildfly/wildfly,37048291008a3d84d3aa351e0453f8285cd9e2e6,1,8856,c0ff7833c0013b08
5629,5629,5629,wildfly/wildfly,7dd6d2867a6c5f56ce567617151b2da5e98368e7,1,8883,c0ff7833c0013b08
5630,5630,5630,wildfly/wildfly,7dd6d2867a6c5f56ce567617151b2da5e98368e7,1,8883,c0ff7833c0013b08
5631,5631,5631,wildfly/wildfly,8b650b900efc13247c8789df273aed98981443de,4,8885,c0ff7833c0013b08
5632,5632,5632,wildfly/wildfly,8b650b900efc13247c8789df273aed98981443de,2,8885,c0ff7833c0013b08
5633,5633,5633,wildfly/wildfly,8b650b900efc13247c8789df273aed98981443de,6,8885,c0ff7833c0013b08
5634,5634,5634,wildfly/wildfly,8b650b900efc13247c8789df273aed98981443de,1,8885,c0ff7833c0013b08
5635,5635,5635,wildfly/wildfly,7dd6d2867a6c5f56ce567617151b2da5e98368e7,1,8883,c0ff7833c0013b08
5636,5636,5636,wildfly/wildfly,8b650b900efc13247c8789df273aed98981443de,1,8885,c0ff7833c0013b08
5637,5637,5637,wildfly/wildfly,7dd6d2867a6c5f56ce567617151b2da5e98368e7,3,8883,c0ff7833c0013b08
5638,5638,5638,wildfly/wildfly,8b650b900efc13247c8789df273aed98981443de,1,8885,c0ff7833c0013b08
5639,5639,5639,wildfly/wildfly,8b650b900efc13247c8789df273aed98981443de,8,8885,c0ff7833c0013b08
5640,5640,5640,wildfly/wildfly,8b650b900efc13247c8789df273aed98981443de,1,8885,c0ff7833c0013b08
5641,5641,5641,wildfly/wildfly,8b650b900efc13247c8789df273aed98981443de,5,8885,c0ff7833c0013b08
5642,5642,5642,wildfly/wildfly,8b650b900efc13247c8789df273aed98981443de,1,8885,c0ff7833c0013b08
5643,5643,5643,wildfly/wildfly,8b650b900efc13247c8789df273aed98981443de,1,8885,c0ff7833c0013b08
5644,5644,5644,wildfly/wildfly,8b650b900efc13247c8789df273aed98981443de,1,8885,c0ff7833c0013b08
5645,5645,5645,wildfly/wildfly,8b650b900efc13247c8789df273aed98981443de,1,8885,c0ff7833c0013b08
5646,5646,5646,wildfly/wildfly,8b650b900efc13247c8789df273aed98981443de,1,8885,c0ff7833c0013b08
5647,5647,5647,wildfly/wildfly,7dd6d2867a6c5f56ce567617151b2da5e98368e7,1,8883,c0ff7833c0013b08
5648,5648,5648,wildfly/wildfly,8b650b900efc13247c8789df273aed98981443de,1,8885,c0ff7833c0013b08
5649,5649,5649,wildfly/wildfly,8b650b900efc13247c8789df273aed98981443de,5,8885,c0ff7833c0013b08
5650,5650,5650,wildfly/wildfly,8b650b900efc13247c8789df273aed98981443de,1,8885,c0ff7833c0013b08
5651,5651,5651,wildfly/wildfly,8b650b900efc13247c8789df273aed98981443de,3,8885,c0ff7833c0013b08
5652,5652,5652,wildfly/wildfly,8b650b900efc13247c8789df273aed98981443de,1,8885,c0ff7833c0013b08
5653,5653,5653,wildfly/wildfly,8b650b900efc13247c8789df273aed98981443de,2,8885,c0ff7833c0013b08
5654,5654,5654,wildfly/wildfly,8b650b900efc13247c8789df273aed98981443de,1,8885,c0ff7833c0013b08
5655,5655,5655,wildfly/wildfly,8b650b900efc13247c8789df273aed98981443de,1,8885,c0ff7833c0013b08
5656,5656,5656,wildfly/wildfly,8b650b900efc13247c8789df273aed98981443de,2,8885,c0ff7833c0013b08
5657,5657,5657,wildfly/wildfly,8b650b900efc13247c8789df273aed98981443de,1,8885,c0ff7833c0013b08
5658,5658,5658,wildfly/wildfly,8b650b900efc13247c8789df273aed98981443de,1,8885,c0ff7833c0013b08
5659,5659,5659,wildfly/wildfly,8b650b900efc13247c8789df273aed98981443de,2,8885,c0ff7833c0013b08
5660,5660,5660,wildfly/wildfly,8b650b900efc13247c8789df273aed98981443de,3,8885,c0ff7833c0013b08
5661,5661,5661,wildfly/wildfly,8b650b900efc13247c8789df273aed98981443de,7,8885,c0ff7833c0013b08
5662,5662,5662,wildfly/wildfly,8b650b900efc13247c8789df273aed98981443de,1,8885,c0ff7833c0013b08
5663,5663,5663,wildfly/wildfly,8b650b900efc13247c8789df273aed98981443de,2,8885,c0ff7833c0013b08
5664,5664,5664,wildfly/wildfly,8b650b900efc13247c8789df273aed98981443de,1,8885,c0ff7833c0013b08
5665,5665,5665,wildfly/wildfly,8b650b900efc13247c8789df273aed98981443de,1,8885,c0ff7833c0013b08
5666,5666,5666,wildfly/wildfly,37048291008a3d84d3aa351e0453f8285cd9e2e6,6,8856,c0ff7833c0013b08
5667,5667,5667,wildfly/wildfly,8b650b900efc13247c8789df273aed98981443de,2,8885,c0ff7833c0013b08
5668,5668,5668,wildfly/wildfly,cad226d05a0ac1edaca2d36f805abf70c1c44852,1,8990,c0ff7833c0013b08
5669,5669,5669,wildfly/wildfly,cad226d05a0ac1edaca2d36f805abf70c1c44852,1,8990,c0ff7833c0013b08
5670,5670,5670,wildfly/wildfly,cad226d05a0ac1edaca2d36f805abf70c1c44852,4,8990,c0ff7833c0013b08
5671,5671,5671,wildfly/wildfly,cad226d05a0ac1edaca2d36f805abf70c1c44852,1,8990,c0ff7833c0013b08
5672,5672,5672,wildfly/wildfly,cad226d05a0ac1edaca2d36f805abf70c1c44852,1,8990,c0ff7833c0013b08
5673,5673,5673,wildfly/wildfly,cad226d05a0ac1edaca2d36f805abf70c1c44852,1,8990,c0ff7833c0013b08
5674,5674,5674,wildfly/wildfly,cad226d05a0ac1edaca2d36f805abf70c1c44852,1,8990,c0ff7833c0013b08
5675,5675,5675,wildfly/wildfly,cad226d05a0ac1edaca2d36f805abf70c1c44852,2,8990,c0ff7833c0013b08
5676,5676,5676,wildfly/wildfly,cad226d05a0ac1edaca2d36f805abf70c1c44852,9,8990,c0ff7833c0013b08
5677,5677,5677,wildfly/wildfly,cad226d05a0ac1edaca2d36f805abf70c1c44852,2,8990,c0ff7833c0013b08
5678,5678,5678,wildfly/wildfly,cad226d05a0ac1edaca2d36f805abf70c1c44852,1,8990,c0ff7833c0013b08
5679,5679,5679,wildfly/wildfly,cad226d05a0ac1edaca2d36f805abf70c1c44852,4,8990,c0ff7833c0013b08
5680,5680,5680,wildfly/wildfly,cad226d05a0ac1edaca2d36f805abf70c1c44852,1,8990,c0ff7833c0013b08
5681,5681,5681,wildfly/wildfly,cad226d05a0ac1edaca2d36f805abf70c1c44852,1,8990,c0ff7833c0013b08
5682,5682,5682,wildfly/wildfly,cad226d05a0ac1edaca2d36f805abf70c1c44852,2,8990,c0ff7833c0013b08
5683,5683,5683,wildfly/wildfly,cad226d05a0ac1edaca2d36f805abf70c1c44852,5,8990,c0ff7833c0013b08
5684,5684,5684,wildfly/wildfly,cad226d05a0ac1edaca2d36f805abf70c1c44852,1,8990,c0ff7833c0013b08
5685,5685,5685,wildfly/wildfly,cad226d05a0ac1edaca2d36f805abf70c1c44852,2,8990,c0ff7833c0013b08
5686,5686,5686,wildfly/wildfly,cad226d05a0ac1edaca2d36f805abf70c1c44852,1,8990,c0ff7833c0013b08
5687,5687,5687,wildfly/wildfly,cad226d05a0ac1edaca2d36f805abf70c1c44852,1,8990,c0ff7833c0013b08
5688,5688,5688,wildfly/wildfly,cca2eee168169f0fe6c8ffe96bd9122d3b0a11e2,2,8984,c0ff7833c0013b08
5708,5708,5708,wildfly/wildfly,4b6828ba90ba25d1c0f126d9c6fcd24c38472ec3,2,6458,c0ff7833c0013b08
5709,5709,5709,wildfly/wildfly,4b6828ba90ba25d1c0f126d9c6fcd24c38472ec3,2,6458,c0ff7833c0013b08
5711,5711,5711,wildfly/wildfly,4b6828ba90ba25d1c0f126d9c6fcd24c38472ec3,1,6458,c0ff7833c0013b08
5712,5712,5712,wildfly/wildfly,4b6828ba90ba25d1c0f126d9c6fcd24c38472ec3,1,6458,c0ff7833c0013b08
5713,5713,5713,wildfly/wildfly,4b6828ba90ba25d1c0f126d9c6fcd24c38472ec3,1,6458,c0ff7833c0013b08
5714,5714,5714,wildfly/wildfly,4b6828ba90ba25d1c0f126d9c6fcd24c38472ec3,1,6458,c0ff7833c0013b08
5716,5716,5716,wildfly/wildfly,4b6828ba90ba25d1c0f126d9c6fcd24c38472ec3,2,6458,c0ff7833c0013b08
5717,5717,5717,wildfly/wildfly,89ba74569dbaafa2354d48d7586adf2d0887bc10,1,6495,c0ff7833c0013b08
5718,5718,5718,wildfly/wildfly,89ba74569dbaafa2354d48d7586adf2d0887bc10,3,6495,c0ff7833c0013b08
5723,5723,5723,wildfly/wildfly,89ba74569dbaafa2354d48d7586adf2d0887bc10,3,6495,c0ff7833c0013b08
5724,5724,5724,wildfly/wildfly,4b6828ba90ba25d1c0f126d9c6fcd24c38472ec3,1,6458,c0ff7833c0013b08
5725,5725,5725,wildfly/wildfly,4b6828ba90ba25d1c0f126d9c6fcd24c38472ec3,1,6458,c0ff7833c0013b08
5726,5726,5726,wildfly/wildfly,89ba74569dbaafa2354d48d7586adf2d0887bc10,2,6495,c0ff7833c0013b08
5727,5727,5727,wildfly/wildfly,89ba74569dbaafa2354d48d7586adf2d0887bc10,4,6495,c0ff7833c0013b08
5728,5728,5728,wildfly/wildfly,89ba74569dbaafa2354d48d7586adf2d0887bc10,2,6495,c0ff7833c0013b08
5729,5729,5729,wildfly/wildfly,89ba74569dbaafa2354d48d7586adf2d0887bc10,1,6495,c0ff7833c0013b08
5730,5730,5730,wildfly/wildfly,89ba74569dbaafa2354d48d7586adf2d0887bc10,1,6495,c0ff7833c0013b08
5731,5731,5731,wildfly/wildfly,89ba74569dbaafa2354d48d7586adf2d0887bc10,1,6495,c0ff7833c0013b08
5732,5732,5732,wildfly/wildfly,89ba74569dbaafa2354d48d7586adf2d0887bc10,1,6495,c0ff7833c0013b08
5733,5733,5733,wildfly/wildfly,b1ac71d52b504dbf740b13472b7c38852fa77eec,1,6502,c0ff7833c0013b08
5734,5734,5734,wildfly/wildfly,89ba74569dbaafa2354d48d7586adf2d0887bc10,3,6495,c0ff7833c0013b08
5735,5735,5735,wildfly/wildfly,89ba74569dbaafa2354d48d7586adf2d0887bc10,2,6495,c0ff7833c0013b08
5736,5736,5736,wildfly/wildfly,89ba74569dbaafa2354d48d7586adf2d0887bc10,1,6495,c0ff7833c0013b08
5737,5737,5737,wildfly/wildfly,b1ac71d52b504dbf740b13472b7c38852fa77eec,15,6502,c0ff7833c0013b08
5740,5740,5740,wildfly/wildfly,bb382e0b0c80920ae33d9ef4bb568a28cc7e8477,2,6503,c0ff7833c0013b08
5741,5741,5741,wildfly/wildfly,89ba74569dbaafa2354d48d7586adf2d0887bc10,3,6495,c0ff7833c0013b08
5743,5743,5743,wildfly/wildfly,b1ac71d52b504dbf740b13472b7c38852fa77eec,1,6502,c0ff7833c0013b08
5744,5744,5744,wildfly/wildfly,56d0d601c396dcfca53e1fe1ab0322869f3e1dc3,2,6503,c0ff7833c0013b08
5745,5745,5745,wildfly/wildfly,56d0d601c396dcfca53e1fe1ab0322869f3e1dc3,2,6503,c0ff7833c0013b08
5746,5746,5746,wildfly/wildfly,3fbeffe9495e0a7073eedd4a5bfb3a1de6d8f201,1,6503,c0ff7833c0013b08
5747,5747,5747,wildfly/wildfly,3fbeffe9495e0a7073eedd4a5bfb3a1de6d8f201,1,6503,c0ff7833c0013b08
5748,5748,5748,wildfly/wildfly,3fbeffe9495e0a7073eedd4a5bfb3a1de6d8f201,6,6503,c0ff7833c0013b08
5749,5749,5749,wildfly/wildfly,3fbeffe9495e0a7073eedd4a5bfb3a1de6d8f201,1,6503,c0ff7833c0013b08
5750,5750,5750,wildfly/wildfly-maven-plugin,db74cad0245abc14b0d1d2c8f84a722251a50c3d,2,59,c0ff7833c0013b08
5751,5751,5751,wildfly/wildfly-maven-plugin,cab3e5cc39bec0fcd31801165600cbe0b41268bb,1,67,c0ff7833c0013b08
5752,5752,5752,wildfly/wildfly-maven-plugin,560bd1b6ac9984ef4c40f7aad4c213c78712d46f,2,80,c0ff7833c0013b08
5753,5753,5753,wildfly-security/wildfly-elytron,1dfa97fb282dad2b438a8dc7636398860a9d51e1,1,1217,c0ff7833c0013b08
5754,5754,5754,wildfly-security/wildfly-elytron,b201a05f41e0e7b8bbedb05e275f6ee4a696a625,2,1182,c0ff7833c0013b08
5755,5755,5755,wildfly-security/wildfly-elytron,b9d3be1853e66209d1ed15057b5d067d4116e9f9,1,1190,c0ff7833c0013b08
5756,5756,5756,wildfly-security/wildfly-elytron,b201a05f41e0e7b8bbedb05e275f6ee4a696a625,2,1182,c0ff7833c0013b08
5757,5757,5757,wildfly-security/wildfly-elytron,b201a05f41e0e7b8bbedb05e275f6ee4a696a625,2,1182,c0ff7833c0013b08
5758,5758,5758,wildfly-security/wildfly-elytron,be47dedc17c4bb8b7f4e8bdc7659196bc7c24745,2,1189,c0ff7833c0013b08
5759,5759,5759,wildfly-security/wildfly-elytron,f99d577fe1446e2a376575d9a626dbd4160a8458,1,1216,c0ff7833c0013b08
5760,5760,5760,wildfly-security/wildfly-elytron,96c377b046f798d6dd7cd7ebdd42f04ef83d7a02,2,1217,c0ff7833c0013b08
5761,5761,5761,wildfly-security/wildfly-elytron,96c377b046f798d6dd7cd7ebdd42f04ef83d7a02,1,1217,c0ff7833c0013b08
5762,5762,5762,wildfly-security/wildfly-elytron,63c6c7cfc807e06c965b6b9a322e796f023a24ae,1,1196,c0ff7833c0013b08
5763,5763,5763,wildfly-security/wildfly-elytron,da0900cfe43bbe286af2bb8d10afadd3ae031b83,1,1211,c0ff7833c0013b08
5764,5764,5764,wildfly-security/wildfly-elytron,fc18f139bc82939f9856e6906386d9b17e0d2af5,2,1189,c0ff7833c0013b08
5765,5765,5765,wildfly-security/wildfly-elytron,da0900cfe43bbe286af2bb8d10afadd3ae031b83,2,1211,c0ff7833c0013b08
5766,5766,5766,wildfly-security/wildfly-elytron,fc18f139bc82939f9856e6906386d9b17e0d2af5,2,1189,c0ff7833c0013b08
5769,5769,5769,wildfly-security/wildfly-elytron,21159aece17f320eb5f6ee8c82193a833d558e22,2,1196,c0ff7833c0013b08
5770,5770,5770,wildfly-security/wildfly-elytron,0881f795d85b7f7fdb72bf33a3eb31157148dd77,2,1185,c0ff7833c0013b08
5771,5771,5771,wildfly-security/wildfly-elytron,ee74e5ad16d7b074676315e57e926b3def6d3366,9,1121,c0ff7833c0013b08
5772,5772,5772,wildfly-security/wildfly-elytron,ee74e5ad16d7b074676315e57e926b3def6d3366,2,1121,c0ff7833c0013b08
5773,5773,5773,wildfly-security/wildfly-elytron,250f676d8f72feec29b00a973facc82aa2604e79,1,1119,c0ff7833c0013b08
5774,5774,5774,wildfly-security/wildfly-elytron,c81df0bd62298f925f8a2a523434721c36d11a93,4,1078,c0ff7833c0013b08
5775,5775,5775,wildfly-security/wildfly-elytron,6bfd727f141c1a1fea45bfb5e6b99417b2b3716b,1,1119,c0ff7833c0013b08
5776,5776,5776,wildfly-security/wildfly-elytron,29970b9ece948a0495887b50603804861625488f,1,1117,c0ff7833c0013b08
5777,5777,5777,wildfly-security/wildfly-elytron,85eea15cb4ab44e012671e664446b7549dd1c48c,2,1101,c0ff7833c0013b08
5778,5778,5778,wildfly-security/wildfly-elytron,29970b9ece948a0495887b50603804861625488f,2,1117,c0ff7833c0013b08
5779,5779,5779,wildfly-security/wildfly-elytron,c700c09c6783746b03848287de0ec184c3f632ff,2,1117,c0ff7833c0013b08
5780,5780,5780,wildfly-security/wildfly-elytron,85eea15cb4ab44e012671e664446b7549dd1c48c,1,1101,c0ff7833c0013b08
5781,5781,5781,wildfly-security/wildfly-elytron,ef006d2be0266baab21ed70d1758aa076da7ea6a,2,1100,c0ff7833c0013b08
5782,5782,5782,wildfly-security/wildfly-elytron,ef006d2be0266baab21ed70d1758aa076da7ea6a,1,1100,c0ff7833c0013b08
5783,5783,5783,wildfly-security/wildfly-elytron,f82b3c0e1dd70236739603a08641c2701a3ec5fc,3,1073,c0ff7833c0013b08
5785,5785,5785,wildfly-security/wildfly-elytron,8d3ae4d65357a5e8dafa3b0e9ef702c2b479f724,1,1096,c0ff7833c0013b08
5786,5786,5786,wildfly-security/wildfly-elytron,8f19a930dfa68c99b3fc9e0555d45ae957705bd6,1,1096,c0ff7833c0013b08
5788,5788,5788,wildfly-security/wildfly-elytron,826ccb5e0d8ac1b3583c473c96a4b940be6b4cec,1,1076,c0ff7833c0013b08
5790,5790,5790,wildfly-security/wildfly-elytron,52f52c3f33d1fc760532844a78981a8ef7f7b8dd,3,1061,c0ff7833c0013b08
5791,5791,5791,wildfly-security/wildfly-elytron,98c2952739741a1f69bbb80ae7dcf867ae406f06,1,1061,c0ff7833c0013b08
5792,5792,5792,wildfly-security/wildfly-elytron,52f52c3f33d1fc760532844a78981a8ef7f7b8dd,2,1061,c0ff7833c0013b08
5793,5793,5793,wildfly-security/wildfly-elytron,c938848e17450d439172497f08f5e80e4703bc8d,1,1027,c0ff7833c0013b08
5795,5795,5795,wildfly-security/wildfly-elytron,270a3d78dd7a4801ded32818eef260b115b878ba,7,1053,c0ff7833c0013b08
5796,5796,5796,wildfly-security/wildfly-elytron,270a3d78dd7a4801ded32818eef260b115b878ba,2,1053,c0ff7833c0013b08
5797,5797,5797,wildfly-security/wildfly-elytron,6d4dc2215344912c7e6e05b59c53726710f4e94b,5,1033,c0ff7833c0013b08
5798,5798,5798,wildfly-security/wildfly-elytron,a1f9116f89553bad8f76cf7b8a34564b06c174a8,1,1049,c0ff7833c0013b08
5799,5799,5799,wildfly-security/wildfly-elytron,e33bf38f7213858803d4ef5c6a90023c8809914e,1,913,c0ff7833c0013b08
5800,5800,5800,wildfly-security/wildfly-elytron,c938848e17450d439172497f08f5e80e4703bc8d,1,1027,c0ff7833c0013b08
5802,5802,5802,wildfly-security/wildfly-elytron,699819dbdc9e9608c2aaf3478c568f6105b9e133,2,936,c0ff7833c0013b08
5803,5803,5803,wildfly-security/wildfly-elytron,699819dbdc9e9608c2aaf3478c568f6105b9e133,1,936,c0ff7833c0013b08
5804,5804,5804,wildfly-security/wildfly-elytron,699819dbdc9e9608c2aaf3478c568f6105b9e133,1,936,c0ff7833c0013b08
5805,5805,5805,wildfly-security/wildfly-elytron,699819dbdc9e9608c2aaf3478c568f6105b9e133,1,936,c0ff7833c0013b08
5806,5806,5806,wildfly-security/wildfly-elytron,bb0921f1600f0d36ebcfadbca5e5e17c8e5cd759,1,913,c0ff7833c0013b08
5807,5807,5807,wildfly-security/wildfly-elytron,42cd48280e06240a5a431d64ae406fd007d24533,1,915,c0ff7833c0013b08
5808,5808,5808,wildfly-security/wildfly-elytron,38def8326fc3cbadc147f65eee59c11566f150ae,1,913,c0ff7833c0013b08
5809,5809,5809,wildfly-security/wildfly-elytron,38def8326fc3cbadc147f65eee59c11566f150ae,1,913,c0ff7833c0013b08
5811,5811,5811,wildfly-security/wildfly-elytron,1d166a240dfc0973ba104efeb0362c82506b3b91,1,913,c0ff7833c0013b08
5812,5812,5812,wildfly-security/wildfly-elytron,ed10cec118aebe682c66b41998483b1713332401,1,901,c0ff7833c0013b08
5814,5814,5814,wildfly-security/wildfly-elytron,ed10cec118aebe682c66b41998483b1713332401,1,901,c0ff7833c0013b08
5815,5815,5815,wildfly-security/wildfly-elytron,63f2805a804072dbd441991e5ab7791c7b990801,1,898,c0ff7833c0013b08
5816,5818,5816,wildfly/wildfly-core,c90f884c5b988de55ce3a5df8917eb8752d9fc6c,1,4326,c0ff7833c0013b08
5817,5819,5817,wildfly/wildfly-core,f9872edc47acec23fcf4b22736cd3fad492db3ff,1,4345,c0ff7833c0013b08
5818,5820,5818,wildfly/wildfly-core,907d8d8a08feedbe6e6a468b6209a47fab6fcf4b,1,4313,c0ff7833c0013b08
5820,5822,5820,wildfly/wildfly-core,99e67bf0a8fec437e00ba2f801c8f208a28cd78c,3,4287,c0ff7833c0013b08
5821,5823,5821,wildfly/wildfly-core,2d0027730ebc9f4fab07e4d6cd3cda3cde93cf15,1,4280,c0ff7833c0013b08
5822,5824,5822,wildfly/wildfly-core,2d0027730ebc9f4fab07e4d6cd3cda3cde93cf15,1,4280,c0ff7833c0013b08
5824,5826,5824,wildfly/wildfly-core,98ceedf4d0e080740c579a2c0105ee5901aac010,1,4280,c0ff7833c0013b08
5825,5827,5825,wildfly/wildfly-core,98ceedf4d0e080740c579a2c0105ee5901aac010,1,4280,c0ff7833c0013b08
5826,5828,5826,wildfly/wildfly-core,98ceedf4d0e080740c579a2c0105ee5901aac010,1,4280,c0ff7833c0013b08
5828,5830,5828,wildfly/wildfly-core,e9de4d015dc7051ad93180c4cc79bd3fdc2bfe56,1,4303,c0ff7833c0013b08
5829,5831,5829,wildfly/wildfly-core,e9de4d015dc7051ad93180c4cc79bd3fdc2bfe56,1,4303,c0ff7833c0013b08
5832,5834,5832,wildfly/wildfly-core,c95416b77e5ae114afce3330f19b5e72dedde475,5,4280,c0ff7833c0013b08
5833,5835,5833,wildfly/wildfly-core,e9de4d015dc7051ad93180c4cc79bd3fdc2bfe56,2,4303,c0ff7833c0013b08
5834,5836,5834,wildfly/wildfly-core,e561a8736e0a6e02cc6e3ca41ff3fa3c1d760a3e,1,4303,c0ff7833c0013b08
5835,5837,5835,wildfly/wildfly-core,e561a8736e0a6e02cc6e3ca41ff3fa3c1d760a3e,1,4303,c0ff7833c0013b08
5836,5838,5836,wildfly/wildfly-core,35fdd3c2935e4eadca2571004f3ffef95e9bdab9,4,4301,c0ff7833c0013b08
5837,5839,5837,wildfly/wildfly-core,a5a13a99b570b7fe1bc03deb76aeeb988a831048,5,4301,c0ff7833c0013b08
5838,5840,5838,wildfly/wildfly-core,3ec50374458ae9155f0d595e7eee02dddca72631,2,4297,c0ff7833c0013b08
5839,5841,5839,wildfly/wildfly-core,65996d58736fbb874b12709461bbdc3630c97067,1,4221,c0ff7833c0013b08
5840,5842,5840,wildfly/wildfly-core,013ba8bb025e7894733302b5b0823d44f23911c8,1,4196,c0ff7833c0013b08
5841,5843,5841,wildfly/wildfly-core,13e32710a388e75657806216273f73401a5965cf,2,4190,c0ff7833c0013b08
5842,5844,5842,wildfly/wildfly-core,013ba8bb025e7894733302b5b0823d44f23911c8,1,4196,c0ff7833c0013b08
5844,5846,5844,wildfly/wildfly-core,7163f1d363e26261a8bed0467b447ad1ab71de11,1,4170,c0ff7833c0013b08
5846,5848,5846,wildfly/wildfly-core,a71d0b514220bafcec5ce19ba3d02e1428f0e200,1,4174,c0ff7833c0013b08
5847,5849,5847,wildfly/wildfly-core,a71d0b514220bafcec5ce19ba3d02e1428f0e200,2,4174,c0ff7833c0013b08
5848,5850,5848,wildfly/wildfly-core,a71d0b514220bafcec5ce19ba3d02e1428f0e200,2,4174,c0ff7833c0013b08
5849,5851,5849,wildfly/wildfly-core,5123b52676bd7b2c45f2a8af123e3132b2c1dd25,6,4172,c0ff7833c0013b08
5850,5852,5850,wildfly/wildfly-core,5123b52676bd7b2c45f2a8af123e3132b2c1dd25,9,4172,c0ff7833c0013b08
5851,5853,5851,wildfly/wildfly-core,83dbfde97e26a463794051e9079477c977cbb449,7,4173,c0ff7833c0013b08
5852,5854,5852,wildfly/wildfly-core,83dbfde97e26a463794051e9079477c977cbb449,3,4173,c0ff7833c0013b08
5853,5855,5853,wildfly/wildfly-core,ab0d2bfbf3732c7c9aed9511677486c9e670e2dc,1,4173,c0ff7833c0013b08
5855,5857,5855,wildfly/wildfly-core,75eb366d4dddcced967ae37ac5c174af1d33ac29,2,4178,c0ff7833c0013b08
5856,5858,5856,wildfly/wildfly-core,75eb366d4dddcced967ae37ac5c174af1d33ac29,1,4178,c0ff7833c0013b08
5857,5859,5857,wildfly/wildfly-core,75eb366d4dddcced967ae37ac5c174af1d33ac29,2,4178,c0ff7833c0013b08
5858,5860,5858,wildfly/wildfly-core,75eb366d4dddcced967ae37ac5c174af1d33ac29,2,4178,c0ff7833c0013b08
5859,5861,5859,wildfly/wildfly-core,75eb366d4dddcced967ae37ac5c174af1d33ac29,2,4178,c0ff7833c0013b08
5860,5862,5860,wildfly/wildfly-core,7079fe70e233e0031620b7f70c2ce7953142916f,2,4173,c0ff7833c0013b08
5862,5864,5862,wildfly/wildfly-core,0ea03f3b38a31effcf2b7acf07c2d974632d16d2,2,4176,c0ff7833c0013b08
5864,5866,5864,wildfly/wildfly-core,1a7ee682150a1b1a3862f526f90b5897bc7746ea,1,4174,c0ff7833c0013b08
5865,5867,5865,wildfly/wildfly-core,f4b93d15f3dd617cf3f9b68a0d342971aa7074b6,2,4174,c0ff7833c0013b08
5866,5868,5866,wildfly/wildfly-core,f4b93d15f3dd617cf3f9b68a0d342971aa7074b6,1,4174,c0ff7833c0013b08
5868,5870,5868,wildfly/wildfly-core,8f395f3c0bd65c0582223631f724d4165476c2e5,3,4172,c0ff7833c0013b08
5869,5871,5869,wildfly/wildfly-core,d6cf65403da305530f2fa9755fbd1569303ed25c,2,4171,c0ff7833c0013b08
5870,5872,5870,wildfly/wildfly-core,2b99a78f24bbe103323f545a0fdd2236df18c374,1,4154,c0ff7833c0013b08
5871,5873,5871,wildfly/wildfly-core,2b99a78f24bbe103323f545a0fdd2236df18c374,1,4154,c0ff7833c0013b08
5872,5874,5872,wildfly/wildfly-core,4f112f2091f65d9cc9af5cafe0c991f89c90643e,1,4188,c0ff7833c0013b08
5873,5875,5873,wildfly/wildfly-core,20e21dbdb5015ffff0733e153110b4bdc3e05bbe,2,4184,c0ff7833c0013b08
5874,5876,5874,wildfly/wildfly-core,20e21dbdb5015ffff0733e153110b4bdc3e05bbe,1,4184,c0ff7833c0013b08
5875,5877,5875,wildfly/wildfly-core,20e21dbdb5015ffff0733e153110b4bdc3e05bbe,1,4184,c0ff7833c0013b08
5876,5878,5876,wildfly/wildfly-core,b01b08b9d947af08a1dadad55e1a737e2d1258d4,1,4402,c0ff7833c0013b08
5877,5879,5877,wildfly/wildfly-core,b01b08b9d947af08a1dadad55e1a737e2d1258d4,5,4402,c0ff7833c0013b08
5878,5880,5878,wildfly/wildfly-core,e4c3677ae89ecbf68cbc23900fa2fb378db51771,2,4398,c0ff7833c0013b08
5879,5881,5879,wildfly/wildfly-core,45e59d8aa44f6cc9dbd1f565eb0b120d8c3aa5b5,1,4398,c0ff7833c0013b08
5880,5882,5880,wildfly/wildfly-core,199f6e03ed41ca9010641f5125ca82b147c3d35b,1,4395,c0ff7833c0013b08
5882,5884,5882,wildfly/wildfly-core,b7772f5e2523a18c5d6fce04553f85204359047b,1,4383,c0ff7833c0013b08
5883,5885,5883,wildfly/wildfly-core,521fffa254c2b97e44609034b011958ea191a3e4,3,4345,c0ff7833c0013b08
5884,5886,5884,wildfly/wildfly-core,ace4de8ab3663217beb072a885f2a4c3139247c4,1,4345,c0ff7833c0013b08
5885,5887,5885,wildfly/wildfly-core,5007ef807eec22fa2163ba667bfcf2e766716c9b,1,4340,c0ff7833c0013b08
5886,5888,5886,wildfly/wildfly-core,237e8c1eb380f0c3519f5129254b90269b500a60,3,4336,c0ff7833c0013b08
5887,5889,5887,wildfly/wildfly-core,7ad9027d57f8bedeff1007c874bcc7116b762de1,1,4330,c0ff7833c0013b08
5888,5890,5888,wildfly/wildfly-core,6e37c0e32917c648203c2290d2ca89071c491a6a,1,4325,c0ff7833c0013b08
5889,5891,5889,wildfly/wildfly-core,6e37c0e32917c648203c2290d2ca89071c491a6a,1,4325,c0ff7833c0013b08
5890,5892,5890,wildfly/wildfly-core,b7c2db4d5746fe66ac92376e4c304d49912372c9,1,4321,c0ff7833c0013b08
5892,5894,5892,wildfly/wildfly-core,b7c2db4d5746fe66ac92376e4c304d49912372c9,1,4321,c0ff7833c0013b08
5893,5895,5893,wildfly/wildfly-core,80c2f90ef1e4500f638151c498b770212b80a11d,2,4280,c0ff7833c0013b08
5894,5896,5894,wildfly/wildfly-core,80c2f90ef1e4500f638151c498b770212b80a11d,1,4280,c0ff7833c0013b08
5895,5897,5895,wildfly/wildfly-core,e456d40d87098309278dffd74333566365d9e0aa,1,4289,c0ff7833c0013b08
5896,5898,5896,wildfly/wildfly-core,80c2f90ef1e4500f638151c498b770212b80a11d,5,4280,c0ff7833c0013b08
5897,5899,5897,wildfly/wildfly-core,f620c0f6c8463114971df4489125e87cbe44e322,1,4266,c0ff7833c0013b08
5898,5900,5898,wildfly/wildfly-core,9748f253f0d1a399ab2112b60f1c60a6b092f708,1,4237,c0ff7833c0013b08
5899,5901,5899,wildfly/wildfly-core,9748f253f0d1a399ab2112b60f1c60a6b092f708,2,4237,c0ff7833c0013b08
5900,5902,5900,wildfly/wildfly-core,437aff48b3832fddfd415e37cea0cce5f339d9c6,1,4220,c0ff7833c0013b08
5901,5903,5901,wildfly/wildfly-core,9ef034e22bf11261ab5fa9718823e74a57c21fb9,4,4205,c0ff7833c0013b08
5902,5904,5902,wildfly/wildfly-core,9ef034e22bf11261ab5fa9718823e74a57c21fb9,1,4205,c0ff7833c0013b08
5903,5905,5903,wildfly/wildfly-core,9ef034e22bf11261ab5fa9718823e74a57c21fb9,1,4205,c0ff7833c0013b08
5904,5906,5904,wildfly/wildfly-core,9ef034e22bf11261ab5fa9718823e74a57c21fb9,3,4205,c0ff7833c0013b08
5905,5907,5905,wildfly/wildfly-core,df339cdd9c3b302768161ef2bd8ad270b92cbcd9,1,4205,c0ff7833c0013b08
5906,5908,5906,wildfly/wildfly-core,df339cdd9c3b302768161ef2bd8ad270b92cbcd9,1,4205,c0ff7833c0013b08
5907,5909,5907,wildfly/wildfly-core,a71d0b514220bafcec5ce19ba3d02e1428f0e200,2,4174,c0ff7833c0013b08
5908,5910,5908,wildfly/wildfly-core,a71d0b514220bafcec5ce19ba3d02e1428f0e200,1,4174,c0ff7833c0013b08
5909,5911,5909,wildfly/wildfly-core,1bbb888c3be32d50c8de39933c740da7b0bb46ae,1,4171,c0ff7833c0013b08
5910,5912,5910,wildfly/wildfly-core,1b9f8bb117eb9f14cd98ca5d14529774b534d036,1,4168,c0ff7833c0013b08
5911,5913,5911,wildfly/wildfly-core,8e35c9ad6e54a05802366bd3f71af9a50f74f7a3,1,4163,c0ff7833c0013b08
5912,5914,5912,wildfly/wildfly-core,8e35c9ad6e54a05802366bd3f71af9a50f74f7a3,1,4163,c0ff7833c0013b08
5913,5915,5913,wildfly/wildfly-core,59c116bca73643624172d56c5341f9c0a5487cfc,1,4161,c0ff7833c0013b08
5914,5916,5914,wildfly/wildfly-core,199f6e03ed41ca9010641f5125ca82b147c3d35b,1,4395,c0ff7833c0013b08
5915,5917,5915,wildfly/wildfly-core,0df3faf54e16bb8f9ddcc5515d9b686d37cb1f72,1,4155,c0ff7833c0013b08
5916,5918,5916,wildfly/wildfly-core,4f112f2091f65d9cc9af5cafe0c991f89c90643e,1,4188,c0ff7833c0013b08
5917,5919,5917,wildfly/wildfly-core,52e0050921933b7b3769dd27ca6b0fa953ba3116,5,4153,c0ff7833c0013b08
5918,5920,5918,wildfly/wildfly-core,52e0050921933b7b3769dd27ca6b0fa953ba3116,5,4153,c0ff7833c0013b08
5919,5921,5919,wildfly/wildfly-core,52e0050921933b7b3769dd27ca6b0fa953ba3116,5,4153,c0ff7833c0013b08
5920,5922,5920,wildfly/wildfly-core,52e0050921933b7b3769dd27ca6b0fa953ba3116,5,4153,c0ff7833c0013b08
5921,5923,5921,wildfly/wildfly-core,52e0050921933b7b3769dd27ca6b0fa953ba3116,5,4153,c0ff7833c0013b08
5922,5924,5922,wildfly/wildfly-core,38f40e77f5284243a5f469faf7e7165b857aa68e,2,4185,c0ff7833c0013b08
5923,5925,5923,wildfly/wildfly-core,38f40e77f5284243a5f469faf7e7165b857aa68e,1,4185,c0ff7833c0013b08
5924,5926,5924,wildfly/wildfly-core,c8a072c91a3dc1efe8f739b6b5b3fd3da1a9fac5,2,4148,c0ff7833c0013b08
5925,5927,5925,wildfly/wildfly-core,c8a072c91a3dc1efe8f739b6b5b3fd3da1a9fac5,2,4148,c0ff7833c0013b08
5926,5928,5926,wildfly/wildfly-core,38f40e77f5284243a5f469faf7e7165b857aa68e,1,4185,c0ff7833c0013b08
5927,5929,5927,wildfly/wildfly-core,c8a072c91a3dc1efe8f739b6b5b3fd3da1a9fac5,1,4148,c0ff7833c0013b08
5928,5930,5928,wildfly/wildfly-core,38f40e77f5284243a5f469faf7e7165b857aa68e,10,4185,c0ff7833c0013b08
5929,5931,5929,wildfly/wildfly-core,d58f01c20181f5fe07983e049ab7ed307427a731,1,4136,c0ff7833c0013b08
5930,5932,5930,wildfly/wildfly-core,38f40e77f5284243a5f469faf7e7165b857aa68e,2,4185,c0ff7833c0013b08
5931,5933,5931,wildfly/wildfly-core,38f40e77f5284243a5f469faf7e7165b857aa68e,5,4185,c0ff7833c0013b08
5932,5934,5932,wildfly/wildfly-core,38f40e77f5284243a5f469faf7e7165b857aa68e,3,4185,c0ff7833c0013b08
5933,5935,5933,wildfly/wildfly-core,38f40e77f5284243a5f469faf7e7165b857aa68e,3,4185,c0ff7833c0013b08
5934,5936,5934,wildfly/wildfly-core,d58f01c20181f5fe07983e049ab7ed307427a731,3,4136,c0ff7833c0013b08
5935,5937,5935,wildfly/wildfly-core,38f40e77f5284243a5f469faf7e7165b857aa68e,1,4185,c0ff7833c0013b08
5936,5938,5936,wildfly/wildfly-core,38f40e77f5284243a5f469faf7e7165b857aa68e,1,4185,c0ff7833c0013b08
5937,5939,5937,wildfly/wildfly-core,38f40e77f5284243a5f469faf7e7165b857aa68e,1,4185,c0ff7833c0013b08
5938,5940,5938,wildfly/wildfly-core,38f40e77f5284243a5f469faf7e7165b857aa68e,1,4185,c0ff7833c0013b08
5940,5942,5940,wildfly/wildfly-core,38f40e77f5284243a5f469faf7e7165b857aa68e,1,4185,c0ff7833c0013b08
5941,5943,5941,wildfly/wildfly-core,38f40e77f5284243a5f469faf7e7165b857aa68e,1,4185,c0ff7833c0013b08
5942,5944,5942,wildfly/wildfly-core,d2ab424d1209361eda17ad4513715cb7d4a79b48,1,4128,c0ff7833c0013b08
5943,5945,5943,wildfly/wildfly-core,793a1325143086a33dc5c037f6a5da681cdea86c,2,4391,c0ff7833c0013b08
5946,5948,5946,wildfly/wildfly,f409784b2d2f7619b503e0f42c05dec4846a3fd0,1,10467,c0ff7833c0013b08
5947,5949,5947,wildfly/wildfly,f409784b2d2f7619b503e0f42c05dec4846a3fd0,2,10467,c0ff7833c0013b08
5948,5950,5948,wildfly/wildfly,1370caf9f65e513811d3be33a154a8a1a7be8eec,7,10447,c0ff7833c0013b08
5949,5951,5949,wildfly/wildfly,0a43ba79b8f907ba8eb21188e4c934bbea65d1e8,1,10419,c0ff7833c0013b08
5950,5952,5950,wildfly/wildfly,f61e9720278e38950e07e0e57d3cc6ff83b9558c,1,10418,c0ff7833c0013b08
5951,5953,5951,wildfly/wildfly,f61e9720278e38950e07e0e57d3cc6ff83b9558c,1,10418,c0ff7833c0013b08
5952,5954,5952,wildfly/wildfly,6861ce03a2e1aabc315e41bdaae71a1912639e69,1,10382,c0ff7833c0013b08
5953,5955,5953,wildfly/wildfly,f61e9720278e38950e07e0e57d3cc6ff83b9558c,1,10418,c0ff7833c0013b08
5954,5956,5954,wildfly/wildfly,6861ce03a2e1aabc315e41bdaae71a1912639e69,1,10382,c0ff7833c0013b08
5955,5957,5955,wildfly/wildfly,058a68b3514ef7be229e21857885edadf6218394,1,10341,c0ff7833c0013b08
5956,5958,5956,wildfly/wildfly,058a68b3514ef7be229e21857885edadf6218394,2,10341,c0ff7833c0013b08
5957,5959,5957,wildfly/wildfly,058a68b3514ef7be229e21857885edadf6218394,3,10341,c0ff7833c0013b08
5958,5960,5958,wildfly/wildfly,b11368d04bcb93779259140c4cf8203cfab07700,1,10118,c0ff7833c0013b08
5959,5961,5959,wildfly/wildfly,b11368d04bcb93779259140c4cf8203cfab07700,2,10118,c0ff7833c0013b08
5960,5962,5960,wildfly/wildfly,ccf0a91d3858f6f304fa956e44100f3d9a5b685c,1,10224,c0ff7833c0013b08
5962,5964,5962,wildfly/wildfly,4e6e6b3c2e18f5efa8012edcff28b1d09cf656c4,3,10212,c0ff7833c0013b08
5963,5965,5963,wildfly/wildfly,4e6e6b3c2e18f5efa8012edcff28b1d09cf656c4,1,10212,c0ff7833c0013b08
5964,5966,5964,wildfly/wildfly,4e6e6b3c2e18f5efa8012edcff28b1d09cf656c4,1,10212,c0ff7833c0013b08
5965,5967,5965,wildfly/wildfly,4e6e6b3c2e18f5efa8012edcff28b1d09cf656c4,1,10212,c0ff7833c0013b08
5967,5969,5967,wildfly/wildfly,cd82234ba5102937ff379ea5086fab0aa95294fd,1,10536,c0ff7833c0013b08
5968,5970,5968,wildfly/wildfly,cd82234ba5102937ff379ea5086fab0aa95294fd,1,10536,c0ff7833c0013b08
5970,5972,5970,wildfly/wildfly,17f87a116ad3f139c7797b5cfa2aa84c1ebd9916,1,10493,c0ff7833c0013b08
5971,5973,5971,wildfly/wildfly,ed517d25314d8d3868708ea59c2d93a6447460af,7,10500,c0ff7833c0013b08
5972,5974,5972,wildfly/wildfly,17f87a116ad3f139c7797b5cfa2aa84c1ebd9916,4,10493,c0ff7833c0013b08
5974,5976,5974,wildfly/wildfly,59d100a081868309d0ebb164351e6b159aeee0cb,1,9941,c0ff7833c0013b08
5976,5978,5976,wildfly/wildfly,9118edc514574332df0c95f33815683817f5f238,1,9947,c0ff7833c0013b08
5977,5979,5977,wildfly/wildfly,9118edc514574332df0c95f33815683817f5f238,2,9947,c0ff7833c0013b08
5978,5980,5978,wildfly/wildfly,9122d0e436459507717074bf2a808738f87b3dbc,1,9921,c0ff7833c0013b08
5979,5981,5979,wildfly/wildfly,9122d0e436459507717074bf2a808738f87b3dbc,1,9921,c0ff7833c0013b08
5980,5982,5980,wildfly/wildfly,9122d0e436459507717074bf2a808738f87b3dbc,1,9921,c0ff7833c0013b08
5981,5983,5981,wildfly/wildfly,9122d0e436459507717074bf2a808738f87b3dbc,1,9921,c0ff7833c0013b08
5982,5984,5982,wildfly/wildfly,9122d0e436459507717074bf2a808738f87b3dbc,1,9921,c0ff7833c0013b08
5983,5985,5983,wildfly/wildfly,f0dc6185813bcb12fa6cb978f3dadfda0afae9ab,1,9921,c0ff7833c0013b08
5984,5986,5984,wildfly/wildfly,9122d0e436459507717074bf2a808738f87b3dbc,1,9921,c0ff7833c0013b08
5985,5987,5985,wildfly/wildfly,f0dc6185813bcb12fa6cb978f3dadfda0afae9ab,3,9921,c0ff7833c0013b08
5986,5988,5986,wildfly/wildfly,f0dc6185813bcb12fa6cb978f3dadfda0afae9ab,1,9921,c0ff7833c0013b08
5987,5989,5987,wildfly/wildfly,59d100a081868309d0ebb164351e6b159aeee0cb,3,9941,c0ff7833c0013b08
5988,5990,5988,wildfly/wildfly,59d100a081868309d0ebb164351e6b159aeee0cb,1,9941,c0ff7833c0013b08
5991,5993,5991,wildfly/wildfly,9b330329ab522bd4972a43a5cee8aabaf9c91e38,1,10037,c0ff7833c0013b08
5992,5994,5992,wildfly/wildfly,9b330329ab522bd4972a43a5cee8aabaf9c91e38,1,10037,c0ff7833c0013b08
5994,5996,5994,wildfly/wildfly,9b330329ab522bd4972a43a5cee8aabaf9c91e38,1,10037,c0ff7833c0013b08
5995,5997,5995,wildfly/wildfly,c6f7e37b341a906303b87f9a9867bb115904845d,1,10172,c0ff7833c0013b08
5996,5998,5996,wildfly/wildfly,9b330329ab522bd4972a43a5cee8aabaf9c91e38,2,10037,c0ff7833c0013b08
5997,5999,5997,wildfly/wildfly,dacb52d6d450afeab785ff00cbe82f4872680efc,1,10167,c0ff7833c0013b08
5998,6000,5998,wildfly/wildfly,dacb52d6d450afeab785ff00cbe82f4872680efc,1,10167,c0ff7833c0013b08
5999,6001,5999,wildfly/wildfly,dacb52d6d450afeab785ff00cbe82f4872680efc,1,10167,c0ff7833c0013b08
6000,6002,6000,wildfly/wildfly,dacb52d6d450afeab785ff00cbe82f4872680efc,2,10167,c0ff7833c0013b08
6001,6003,6001,wildfly/wildfly,d11fa2b6637e60ce6196792136bd6107f8b3c5e2,2,10105,c0ff7833c0013b08
6002,6004,6002,wildfly/wildfly,d11fa2b6637e60ce6196792136bd6107f8b3c5e2,1,10105,c0ff7833c0013b08
6003,6005,6003,wildfly/wildfly,d11fa2b6637e60ce6196792136bd6107f8b3c5e2,1,10105,c0ff7833c0013b08
6004,6006,6004,wildfly/wildfly,e3c82d483a24574ec78be39bead2c1ebb792d406,3,10083,c0ff7833c0013b08
6005,6007,6005,wildfly/wildfly,e3c82d483a24574ec78be39bead2c1ebb792d406,6,10083,c0ff7833c0013b08
6006,6008,6006,wildfly/wildfly,e3c82d483a24574ec78be39bead2c1ebb792d406,6,10083,c0ff7833c0013b08
6007,6009,6007,wildfly/wildfly,e3c82d483a24574ec78be39bead2c1ebb792d406,1,10083,c0ff7833c0013b08
6009,6011,6009,wildfly/wildfly,c5e18f5a8e3cac7addabd980bdf910b6bb1cb1ae,1,9926,c0ff7833c0013b08
6010,6012,6010,wildfly/wildfly,edd174a566c9637611543536605b1d0323a2174e,2,9915,c0ff7833c0013b08
6011,6013,6011,wildfly/wildfly,edd174a566c9637611543536605b1d0323a2174e,1,9915,c0ff7833c0013b08
6012,6014,6012,wildfly/wildfly,edd174a566c9637611543536605b1d0323a2174e,1,9915,c0ff7833c0013b08
6013,6015,6013,wildfly/wildfly,9f4bfb203356f7942942c4a7c2ef79826b06a669,2,9845,c0ff7833c0013b08
6017,6019,6017,wildfly/wildfly,f3d5adb5a36fdc908d421537a35e8feffb3639be,1,9820,c0ff7833c0013b08
6019,6021,6019,wildfly/wildfly,9f4bfb203356f7942942c4a7c2ef79826b06a669,1,9845,c0ff7833c0013b08
6020,6022,6020,wildfly/wildfly,9f4bfb203356f7942942c4a7c2ef79826b06a669,1,9845,c0ff7833c0013b08
6021,6023,6021,wildfly/wildfly,f3d5adb5a36fdc908d421537a35e8feffb3639be,2,9820,c0ff7833c0013b08
6022,6024,6022,wildfly/wildfly,f3d5adb5a36fdc908d421537a35e8feffb3639be,3,9820,c0ff7833c0013b08
6023,6025,6023,wildfly/wildfly,436dae1380e0c914987c02087f8b131f3c575b3b,1,9808,c0ff7833c0013b08
6024,6026,6024,wildfly/wildfly,436dae1380e0c914987c02087f8b131f3c575b3b,3,9808,c0ff7833c0013b08
6025,6027,6025,wildfly/wildfly,3c3bcf67db543eb09e7e7cea2b9426143ad64803,1,9615,c0ff7833c0013b08
6026,6028,6026,wildfly/wildfly,63ab71f6c88e3237bd502fa97a04054fb2793c1e,1,9473,c0ff7833c0013b08
6027,6029,6027,wildfly/wildfly,63ab71f6c88e3237bd502fa97a04054fb2793c1e,1,9473,c0ff7833c0013b08
6028,6030,6028,wildfly/wildfly,63ab71f6c88e3237bd502fa97a04054fb2793c1e,1,9473,c0ff7833c0013b08
6029,6031,6029,wildfly/wildfly,77ebac6fcba54043dcd3ac3cefaaf51a120566cb,3,9473,c0ff7833c0013b08
6030,6032,6030,wildfly/wildfly,6d1f5e4cc4341b08fd50d997c8ffedfe9c25700f,4,9478,c0ff7833c0013b08
6031,6033,6031,wildfly/wildfly,6d1f5e4cc4341b08fd50d997c8ffedfe9c25700f,1,9478,c0ff7833c0013b08
6032,6034,6032,wildfly/wildfly,44a8b8a3c92cbdb81a26e5c104c0089451e298f2,1,9468,c0ff7833c0013b08
6034,6036,6034,wildfly/wildfly,487b221d3b99082f32161dca540f8bf8bd03b8fc,1,9234,c0ff7833c0013b08
6036,6038,6036,wildfly/wildfly,487b221d3b99082f32161dca540f8bf8bd03b8fc,1,9234,c0ff7833c0013b08
6037,6039,6037,wildfly/wildfly,487b221d3b99082f32161dca540f8bf8bd03b8fc,1,9234,c0ff7833c0013b08
6039,6041,6039,wildfly/wildfly,6bbd905e3a20e4b07b420910b79346e03093b0a7,5,9078,c0ff7833c0013b08
6040,6042,6040,wildfly/wildfly,6bbd905e3a20e4b07b420910b79346e03093b0a7,1,9078,c0ff7833c0013b08
6042,6044,6042,wildfly/wildfly,ba3b15d966cd88f8b0f97ef53fc24bf53ca9ec1b,2,9067,c0ff7833c0013b08
6043,6045,6043,wildfly/wildfly,ba3b15d966cd88f8b0f97ef53fc24bf53ca9ec1b,1,9067,c0ff7833c0013b08
6044,6046,6044,wildfly/wildfly,78781c3c1d00182034e2f88a8495f297b46582b7,1,8987,c0ff7833c0013b08
6045,6047,6045,wildfly/wildfly,78781c3c1d00182034e2f88a8495f297b46582b7,2,8987,c0ff7833c0013b08
6046,6048,6046,wildfly/wildfly,78781c3c1d00182034e2f88a8495f297b46582b7,4,8987,c0ff7833c0013b08
6047,6049,6047,wildfly/wildfly,1d73e76d835d3bb6f4156073cf5e1358668918fb,1,8756,c0ff7833c0013b08
6049,6051,6049,wildfly/wildfly,1d73e76d835d3bb6f4156073cf5e1358668918fb,1,8756,c0ff7833c0013b08
6050,6052,6050,wildfly/wildfly,1d73e76d835d3bb6f4156073cf5e1358668918fb,1,8756,c0ff7833c0013b08
6051,6053,6051,wildfly/wildfly,1d73e76d835d3bb6f4156073cf5e1358668918fb,1,8756,c0ff7833c0013b08
6052,6054,6052,wildfly/wildfly,1d73e76d835d3bb6f4156073cf5e1358668918fb,1,8756,c0ff7833c0013b08
6054,6056,6054,wildfly/wildfly,d5adff7d255f5149c922bf6b9942ac8b88448548,1,8664,c0ff7833c0013b08
6055,6057,6055,wildfly/wildfly,d5adff7d255f5149c922bf6b9942ac8b88448548,1,8664,c0ff7833c0013b08
6056,6058,6056,wildfly/wildfly,d5adff7d255f5149c922bf6b9942ac8b88448548,2,8664,c0ff7833c0013b08
6057,6059,6057,wildfly/wildfly,d5adff7d255f5149c922bf6b9942ac8b88448548,1,8664,c0ff7833c0013b08
6058,6060,6058,wildfly/wildfly,d5adff7d255f5149c922bf6b9942ac8b88448548,1,8664,c0ff7833c0013b08
6059,6061,6059,wildfly/wildfly,d929519c46498a4bd5853080369e08b5a265a096,2,8508,c0ff7833c0013b08
6060,6062,6060,wildfly/wildfly,d929519c46498a4bd5853080369e08b5a265a096,3,8508,c0ff7833c0013b08
6061,6063,6061,wildfly/wildfly,d929519c46498a4bd5853080369e08b5a265a096,1,8508,c0ff7833c0013b08
6062,6064,6062,wildfly/wildfly,d929519c46498a4bd5853080369e08b5a265a096,2,8508,c0ff7833c0013b08
6063,6065,6063,wildfly/wildfly,d929519c46498a4bd5853080369e08b5a265a096,1,8508,c0ff7833c0013b08
6064,6066,6064,wildfly/wildfly,d929519c46498a4bd5853080369e08b5a265a096,1,8508,c0ff7833c0013b08
6065,6067,6065,wildfly/wildfly,d929519c46498a4bd5853080369e08b5a265a096,1,8508,c0ff7833c0013b08
6069,6071,6069,wildfly/wildfly-maven-plugin,f51c539ea2603545a3f27e6d72067f69ba86720e,3,88,c0ff7833c0013b08
6070,6072,6070,wildfly/wildfly-maven-plugin,66303c43b5f14382b173218198bb0c281394745c,2,86,c0ff7833c0013b08
6071,6073,6071,wildfly/wildfly-maven-plugin,87d637632a45e52cbd55f537f6051f0cb5230a19,1,116,c0ff7833c0013b08
6072,6074,6072,wildfly/wildfly-maven-plugin,3b74031a1d29cd65a739e89b8555958a131c5bee,1,114,c0ff7833c0013b08
6073,6075,6073,wildfly/wildfly-maven-plugin,3b74031a1d29cd65a739e89b8555958a131c5bee,1,114,c0ff7833c0013b08
6074,6076,6074,wildfly/wildfly-maven-plugin,585125075b83119ab76364f5ee603e1570011d90,1,114,c0ff7833c0013b08
6075,6077,6075,wildfly/wildfly-maven-plugin,a24111cb6585a987f4d4b1fd43729ff8ec607cf2,3,115,c0ff7833c0013b08
6076,6078,6076,wildfly/wildfly-maven-plugin,68f5bd2d3f97d60562385261d871e6ccdccbf6ba,4,99,c0ff7833c0013b08
6077,6079,6077,wildfly/wildfly-maven-plugin,68982ab5a8395c1f4a61766366cf014f9cf4b023,3,93,c0ff7833c0013b08
6078,6080,6078,wildfly/wildfly-maven-plugin,68982ab5a8395c1f4a61766366cf014f9cf4b023,2,93,c0ff7833c0013b08
6079,6081,6079,wildfly/wildfly-maven-plugin,0901095f7b65abea939afd7372533e31a98caa71,1,82,c0ff7833c0013b08
6080,6082,6080,apache/camel,66736471db8ddc22e50cc31c87d34b072455b488,1,21559,c0ff7833c0013b08
6082,6084,6082,apache/camel,24bb983c83b780131dbe0426f70ff51addc141e8,1,21232,c0ff7833c0013b08
6083,6085,6083,apache/camel,494237417219c3411cd6da582e15ee02b9f23641,2,20890,c0ff7833c0013b08
6085,6088,6085,apache/camel,aab0e881d960959cce968804cc269fa38dd1aae5,3,21212,c0ff7833c0013b08
6086,6089,6086,apache/camel,d57ffb8acbfbfaf1880587bf77fa44d2db052f48,1,21225,c0ff7833c0013b08
6087,6090,6087,apache/camel,d57ffb8acbfbfaf1880587bf77fa44d2db052f48,1,21225,c0ff7833c0013b08
6088,6091,6088,apache/camel,d57ffb8acbfbfaf1880587bf77fa44d2db052f48,2,21225,c0ff7833c0013b08
6089,6092,6089,apache/camel,aab0e881d960959cce968804cc269fa38dd1aae5,2,21212,c0ff7833c0013b08
6090,6093,6090,apache/camel,aab0e881d960959cce968804cc269fa38dd1aae5,2,21212,c0ff7833c0013b08
6091,6094,6091,apache/camel,aab0e881d960959cce968804cc269fa38dd1aae5,1,21212,c0ff7833c0013b08
6092,6095,6092,apache/camel,aab0e881d960959cce968804cc269fa38dd1aae5,2,21212,c0ff7833c0013b08
6093,6096,6093,apache/camel,344cacf9ea0afec8639e901868202767d2b66ce3,7,20624,c0ff7833c0013b08
6095,6098,6095,apache/camel,41afdf6e2439f37684055943105379d74bc0488f,1,21843,c0ff7833c0013b08
6096,6099,6096,apache/camel,1a07777487d5c6f61e9479c249d5f202f3323c20,1,21015,c0ff7833c0013b08
6098,6101,6098,apache/camel,494237417219c3411cd6da582e15ee02b9f23641,2,20890,c0ff7833c0013b08
6099,6102,6099,apache/camel,3b6f72df432e452d2233c213e0a925e1271348f2,3,20601,c0ff7833c0013b08
6100,6103,6100,apache/camel,494237417219c3411cd6da582e15ee02b9f23641,4,20890,c0ff7833c0013b08
6101,6104,6101,apache/camel,6ffed9f0b50a2629309ed02a5c076f753067fafe,1,21777,c0ff7833c0013b08
6102,6105,6102,apache/camel,363e7e1c93f61e23cdae808f2180908169c78f6e,1,20777,c0ff7833c0013b08
6103,6106,6103,apache/camel,a17d4ee38cf31e03f6031eb45fbe47aabe39142b,1,20599,c0ff7833c0013b08
6104,6107,6104,apache/camel,363e7e1c93f61e23cdae808f2180908169c78f6e,1,20777,c0ff7833c0013b08
6105,6109,6105,apache/camel,8a2e1845341429f513acd99bfe999d1877be324d,1,21776,c0ff7833c0013b08
6107,6111,6107,apache/camel,a17d4ee38cf31e03f6031eb45fbe47aabe39142b,1,20599,c0ff7833c0013b08
6108,6112,6108,apache/camel,8d135894cd73970c82da5da0dc71ecc7f5521ad5,1,20587,c0ff7833c0013b08
6109,6113,6109,apache/camel,8d135894cd73970c82da5da0dc71ecc7f5521ad5,1,20587,c0ff7833c0013b08
6110,6114,6110,apache/camel,17bf191fc470361b6e85f1a449f4edad5c364a19,2,21766,c0ff7833c0013b08
6111,6115,6111,apache/camel,8d135894cd73970c82da5da0dc71ecc7f5521ad5,1,20587,c0ff7833c0013b08
6113,6117,6113,apache/camel,8d135894cd73970c82da5da0dc71ecc7f5521ad5,10,20587,c0ff7833c0013b08
6116,6121,6116,apache/camel,8d135894cd73970c82da5da0dc71ecc7f5521ad5,2,20587,c0ff7833c0013b08
6117,6122,6117,apache/camel,e6675aaf8506e2eb5c05637fb16c5c03aa0922f0,1,21137,c0ff7833c0013b08
6121,6126,6121,apache/camel,025640ccb468f9426f078025b2e00ce7010f7715,1,20827,c0ff7833c0013b08
6122,6127,6122,apache/camel,17bf191fc470361b6e85f1a449f4edad5c364a19,1,21766,c0ff7833c0013b08
6124,6129,6124,apache/camel,17bf191fc470361b6e85f1a449f4edad5c364a19,3,21766,c0ff7833c0013b08
6125,6130,6125,apache/camel,a1188ec85214ec83f2b1a164342c59b7ac029c1b,1,20477,c0ff7833c0013b08
6126,6131,6126,apache/camel,ccf252ea6274c96289f38dd143dbe37544fac0a1,3,20621,c0ff7833c0013b08
6127,6133,6127,apache/camel,317cd59639739d674a03b2ca9fc3b05570bd1dbc,1,20883,c0ff7833c0013b08
6128,6134,6128,apache/camel,8861921a39d964440ed1a42d113f4d983aaef605,1,21706,c0ff7833c0013b08
6130,6136,6130,apache/camel,b7d934f8c3c434939126f41dffcab0d3903bda8b,1,21696,c0ff7833c0013b08
6131,6137,6131,apache/camel,8d135894cd73970c82da5da0dc71ecc7f5521ad5,3,20587,c0ff7833c0013b08
6132,6138,6132,apache/camel,8f8ef99538021c889adf20ca2fa9bf35c7977e03,1,20438,c0ff7833c0013b08
6133,6139,6133,apache/camel,2b01740bd788d28ccd2ef961b308a390dc8334a1,1,21657,c0ff7833c0013b08
6135,6141,6135,apache/camel,faae87b41f77f9810ffeab01eaf68c6f0576611b,4,21692,c0ff7833c0013b08
6136,6142,6136,apache/camel,faae87b41f77f9810ffeab01eaf68c6f0576611b,1,21692,c0ff7833c0013b08
6137,6143,6137,apache/camel,faae87b41f77f9810ffeab01eaf68c6f0576611b,2,21692,c0ff7833c0013b08
6138,6144,6138,apache/camel,b0ae1902de59a47b1c2f3d8cb878e89db025110f,4,21098,c0ff7833c0013b08
6139,6145,6139,apache/camel,2b01740bd788d28ccd2ef961b308a390dc8334a1,7,21657,c0ff7833c0013b08
6140,6146,6140,apache/camel,9904d7fce6a1d69159e9313a69268a622fbc09f0,1,21121,c0ff7833c0013b08
6142,6148,6142,apache/camel,9904d7fce6a1d69159e9313a69268a622fbc09f0,2,21121,c0ff7833c0013b08
6144,6150,6144,apache/camel,2b01740bd788d28ccd2ef961b308a390dc8334a1,1,21657,c0ff7833c0013b08
6145,6151,6145,apache/camel,b48592912d97821fed9d41ec30affebb475d7ec1,1,21642,c0ff7833c0013b08
6148,6154,6148,apache/camel,9b28021524439b9ff689e782ad99fcdada5a63bd,1,20405,c0ff7833c0013b08
6149,6155,6149,apache/camel,2b06753d6bef79b52e09cd1b6270ec64458ad62a,1,21344,c0ff7833c0013b08
6152,6158,6152,apache/camel,b48592912d97821fed9d41ec30affebb475d7ec1,2,21642,c0ff7833c0013b08
6153,6159,6153,apache/camel,b48592912d97821fed9d41ec30affebb475d7ec1,1,21642,c0ff7833c0013b08
6154,6160,6154,apache/camel,aa243e962ffc34122650156305ff6f04aa6c1a7b,4,21635,c0ff7833c0013b08
6156,6162,6156,apache/camel,aa243e962ffc34122650156305ff6f04aa6c1a7b,3,21635,c0ff7833c0013b08
6159,6165,6159,apache/camel,2b06753d6bef79b52e09cd1b6270ec64458ad62a,2,21344,c0ff7833c0013b08
6162,6168,6162,apache/camel,2b06753d6bef79b52e09cd1b6270ec64458ad62a,4,21344,c0ff7833c0013b08
6165,6171,6165,apache/camel,2b06753d6bef79b52e09cd1b6270ec64458ad62a,1,21344,c0ff7833c0013b08
6167,6173,6167,apache/camel,318bfdee255d718ee1fea601c2d1bc7951571776,1,21084,c0ff7833c0013b08
6172,6178,6172,apache/camel,2b06753d6bef79b52e09cd1b6270ec64458ad62a,1,21344,c0ff7833c0013b08
6173,6179,6173,apache/camel,318bfdee255d718ee1fea601c2d1bc7951571776,2,21084,c0ff7833c0013b08
6175,6181,6175,apache/camel,b58c47812cb5b1b9e2dec256558140c603f20308,1,21071,c0ff7833c0013b08
6176,6182,6176,apache/camel,318bfdee255d718ee1fea601c2d1bc7951571776,2,21084,c0ff7833c0013b08
6178,6184,6178,apache/camel,901f3d9b0170fed54bd991d0d58ce644e705083c,4,20909,c0ff7833c0013b08
6179,6185,6179,apache/camel,b58c47812cb5b1b9e2dec256558140c603f20308,1,21071,c0ff7833c0013b08
6182,6188,6182,apache/camel,3c09791e376678cdb95f85d3cac625385e0f7b01,1,21056,c0ff7833c0013b08
6183,6189,6183,apache/camel,3c09791e376678cdb95f85d3cac625385e0f7b01,4,21056,c0ff7833c0013b08
6184,6190,6184,apache/camel,3c09791e376678cdb95f85d3cac625385e0f7b01,6,21056,c0ff7833c0013b08
6186,6192,6186,apache/camel,3c09791e376678cdb95f85d3cac625385e0f7b01,1,21056,c0ff7833c0013b08
6187,6193,6187,apache/camel,3c09791e376678cdb95f85d3cac625385e0f7b01,1,21056,c0ff7833c0013b08
6188,6194,6188,apache/camel,3c09791e376678cdb95f85d3cac625385e0f7b01,2,21056,c0ff7833c0013b08
6190,6196,6190,apache/camel,3c09791e376678cdb95f85d3cac625385e0f7b01,1,21056,c0ff7833c0013b08
6191,6197,6191,apache/camel,2b91ed466835c8fdc7dbc710aadb1d23e0b62c62,4,20898,c0ff7833c0013b08
6193,6199,6193,apache/camel,2b91ed466835c8fdc7dbc710aadb1d23e0b62c62,1,20898,c0ff7833c0013b08
6197,6203,6197,apache/camel,2b91ed466835c8fdc7dbc710aadb1d23e0b62c62,2,20898,c0ff7833c0013b08
6198,6204,6198,apache/camel,2b91ed466835c8fdc7dbc710aadb1d23e0b62c62,2,20898,c0ff7833c0013b08
6200,6206,6200,apache/camel,2b91ed466835c8fdc7dbc710aadb1d23e0b62c62,6,20898,c0ff7833c0013b08
6202,6208,6202,apache/camel,2c755489d39e84034f8300ecfc57a3772561ac0c,4,20905,c0ff7833c0013b08
6204,6210,6204,apache/camel,bc487f3f1645702e0ac9329bdb30b380a0380f7d,1,21047,c0ff7833c0013b08
6205,6211,6205,apache/camel,db3d4b8048daab55f346fe41c605f8a36d555de9,1,21259,c0ff7833c0013b08
6206,6212,6206,apache/camel,db3d4b8048daab55f346fe41c605f8a36d555de9,5,21259,c0ff7833c0013b08
6207,6213,6207,apache/camel,551357dac466c8d6e11c5d9721361a956255d9f1,1,20896,c0ff7833c0013b08
6209,6215,6209,apache/camel,db3d4b8048daab55f346fe41c605f8a36d555de9,2,21259,c0ff7833c0013b08
6210,6216,6210,apache/camel,bc487f3f1645702e0ac9329bdb30b380a0380f7d,2,21047,c0ff7833c0013b08
6212,6218,6212,apache/camel,db3d4b8048daab55f346fe41c605f8a36d555de9,3,21259,c0ff7833c0013b08
6213,6219,6213,apache/camel,2c755489d39e84034f8300ecfc57a3772561ac0c,1,20905,c0ff7833c0013b08
6214,6220,6214,apache/camel,db3d4b8048daab55f346fe41c605f8a36d555de9,2,21259,c0ff7833c0013b08
6215,6221,6215,apache/camel,551357dac466c8d6e11c5d9721361a956255d9f1,1,20896,c0ff7833c0013b08
6218,6224,6218,apache/camel,317cd59639739d674a03b2ca9fc3b05570bd1dbc,2,20883,c0ff7833c0013b08
6221,6227,6221,apache/camel,551357dac466c8d6e11c5d9721361a956255d9f1,2,20896,c0ff7833c0013b08
6222,6228,6222,apache/camel,317cd59639739d674a03b2ca9fc3b05570bd1dbc,1,20883,c0ff7833c0013b08
6223,6229,6223,apache/camel,08c93c958de7ed62bc011da933681188da0e18c4,3,20717,c0ff7833c0013b08
6224,6230,6224,apache/camel,317cd59639739d674a03b2ca9fc3b05570bd1dbc,1,20883,c0ff7833c0013b08
6225,6231,6225,apache/camel,317cd59639739d674a03b2ca9fc3b05570bd1dbc,2,20883,c0ff7833c0013b08
6226,6232,6226,apache/camel,025640ccb468f9426f078025b2e00ce7010f7715,1,20827,c0ff7833c0013b08
6227,6233,6227,apache/camel,025640ccb468f9426f078025b2e00ce7010f7715,1,20827,c0ff7833c0013b08
6229,6235,6229,apache/camel,d3ccbb69898ffed4cb02f9f3727fe31729ffb994,3,20440,c0ff7833c0013b08
6230,6236,6230,apache/camel,025640ccb468f9426f078025b2e00ce7010f7715,1,20827,c0ff7833c0013b08
6231,6237,6231,apache/camel,025640ccb468f9426f078025b2e00ce7010f7715,1,20827,c0ff7833c0013b08
6232,6239,6232,apache/camel,025640ccb468f9426f078025b2e00ce7010f7715,2,20827,c0ff7833c0013b08
6233,6240,6233,apache/camel,025640ccb468f9426f078025b2e00ce7010f7715,2,20827,c0ff7833c0013b08
6234,6241,6234,apache/camel,08c93c958de7ed62bc011da933681188da0e18c4,6,20717,c0ff7833c0013b08
6235,6242,6235,apache/camel,025640ccb468f9426f078025b2e00ce7010f7715,2,20827,c0ff7833c0013b08
6237,6244,6237,apache/camel,025640ccb468f9426f078025b2e00ce7010f7715,1,20827,c0ff7833c0013b08
6240,6247,6240,apache/camel,70ce4a94f27e961bbc9f0f7ddff583da884a5836,2,20433,c0ff7833c0013b08
6242,6249,6242,apache/camel,e102036b43100f4b82276013af0414e2008982c4,2,20404,c0ff7833c0013b08
6248,6255,6248,apache/camel,18eaa8b9b8cc5795fcf6c886f3cf3931b9058ae8,8,20414,c0ff7833c0013b08
6251,6258,6251,apache/camel,18eaa8b9b8cc5795fcf6c886f3cf3931b9058ae8,2,20414,c0ff7833c0013b08
6252,6259,6252,apache/camel,1541a742d1fa2633ee2251eeea72904f3447c8f5,1,20393,c0ff7833c0013b08
6253,6260,6253,apache/camel,e102036b43100f4b82276013af0414e2008982c4,1,20404,c0ff7833c0013b08
6254,6261,6254,apache/camel,1541a742d1fa2633ee2251eeea72904f3447c8f5,1,20393,c0ff7833c0013b08
6257,6264,6257,apache/camel,1541a742d1fa2633ee2251eeea72904f3447c8f5,3,20393,c0ff7833c0013b08
6258,6265,6258,apache/camel,f5cba202e7ec360594bec02cc0b783439d6994ca,1,20085,c0ff7833c0013b08
6260,6267,6260,apache/camel,835cd243c525f28bf84c9945f9ca80bf7725705d,1,20081,c0ff7833c0013b08
6262,6269,6262,apache/camel,545627aaf16cc13ce72c09e2e2b10d94f7bc8f98,1,20255,c0ff7833c0013b08
6263,6270,6263,apache/camel,1541a742d1fa2633ee2251eeea72904f3447c8f5,1,20393,c0ff7833c0013b08
6266,6273,6266,apache/camel,2fe5d10943c250b6d1431d7b1346498e505be303,1,19981,c0ff7833c0013b08
6267,6274,6267,apache/camel,996f224e95664deafa3a3e4345568e63ae3ba667,2,20038,c0ff7833c0013b08
6272,6279,6272,apache/camel,996f224e95664deafa3a3e4345568e63ae3ba667,1,20038,c0ff7833c0013b08
6275,6282,6275,apache/camel,996f224e95664deafa3a3e4345568e63ae3ba667,1,20038,c0ff7833c0013b08
6277,6284,6277,apache/camel,1541a742d1fa2633ee2251eeea72904f3447c8f5,3,20393,c0ff7833c0013b08
6279,6286,6279,apache/camel,3af6af224c3dbaf1970903c9932ca2165ef0b173,1,20051,c0ff7833c0013b08
6282,6289,6282,apache/camel,996f224e95664deafa3a3e4345568e63ae3ba667,10,20038,c0ff7833c0013b08
6283,6290,6283,apache/camel,996f224e95664deafa3a3e4345568e63ae3ba667,1,20038,c0ff7833c0013b08
6284,6291,6284,apache/camel,996f224e95664deafa3a3e4345568e63ae3ba667,1,20038,c0ff7833c0013b08
6285,6292,6285,apache/camel,29e1fe28ffabeccea29ad4246f10ba793f490150,1,19557,c0ff7833c0013b08
6287,6294,6287,apache/camel,29e1fe28ffabeccea29ad4246f10ba793f490150,1,19557,c0ff7833c0013b08
6288,6295,6288,apache/camel,29e1fe28ffabeccea29ad4246f10ba793f490150,1,19557,c0ff7833c0013b08
6289,6296,6289,apache/camel,62ef0198c65d95a55ce6e218cd49ba110fc9306c,2,19067,c0ff7833c0013b08
6291,6298,6291,apache/camel,62ef0198c65d95a55ce6e218cd49ba110fc9306c,6,19067,c0ff7833c0013b08
6292,6299,6292,apache/camel,1b37f8bae1368db69d4ddf397f719bc7c1d39925,1,18943,c0ff7833c0013b08
6294,6301,6294,apache/camel,29e1fe28ffabeccea29ad4246f10ba793f490150,2,19557,c0ff7833c0013b08
6296,6303,6296,apache/camel,29e1fe28ffabeccea29ad4246f10ba793f490150,6,19557,c0ff7833c0013b08
6298,6305,6298,apache/camel,29e1fe28ffabeccea29ad4246f10ba793f490150,1,19557,c0ff7833c0013b08
6300,6307,6300,apache/camel,89937eb413852e07a13cf433150571c463a48a8e,2,18321,c0ff7833c0013b08
6302,6309,6302,apache/camel,29e1fe28ffabeccea29ad4246f10ba793f490150,1,19557,c0ff7833c0013b08
6303,6310,6303,apache/camel,29e1fe28ffabeccea29ad4246f10ba793f490150,1,19557,c0ff7833c0013b08
6305,6312,6305,apache/camel,62ef0198c65d95a55ce6e218cd49ba110fc9306c,1,19067,c0ff7833c0013b08
6306,6313,6306,apache/camel,29e1fe28ffabeccea29ad4246f10ba793f490150,2,19557,c0ff7833c0013b08
6309,6316,6309,apache/camel,85f679b8ef5ff6f2de222741bc4512b7a52dfb12,1,18311,c0ff7833c0013b08
6311,6318,6311,apache/camel,62ef0198c65d95a55ce6e218cd49ba110fc9306c,1,19067,c0ff7833c0013b08
6312,6319,6312,apache/camel,62ef0198c65d95a55ce6e218cd49ba110fc9306c,8,19067,c0ff7833c0013b08
6314,6321,6314,apache/camel,62ef0198c65d95a55ce6e218cd49ba110fc9306c,3,19067,c0ff7833c0013b08
6316,6323,6316,apache/camel,54abda5aa2ede3878028e1270eb52ae278e6aa35,2,18314,c0ff7833c0013b08
6318,6325,6318,apache/camel,54abda5aa2ede3878028e1270eb52ae278e6aa35,2,18314,c0ff7833c0013b08
6321,6328,6321,apache/camel,62ef0198c65d95a55ce6e218cd49ba110fc9306c,1,19067,c0ff7833c0013b08
6323,6330,6323,apache/camel,62ef0198c65d95a55ce6e218cd49ba110fc9306c,1,19067,c0ff7833c0013b08
6326,6333,6326,apache/camel,54abda5aa2ede3878028e1270eb52ae278e6aa35,3,18314,c0ff7833c0013b08
6327,6334,6327,apache/camel,54abda5aa2ede3878028e1270eb52ae278e6aa35,1,18314,c0ff7833c0013b08
6328,6335,6328,apache/camel,54abda5aa2ede3878028e1270eb52ae278e6aa35,1,18314,c0ff7833c0013b08
6329,6336,6329,apache/camel,54abda5aa2ede3878028e1270eb52ae278e6aa35,2,18314,c0ff7833c0013b08
6332,6339,6332,apache/camel,85f679b8ef5ff6f2de222741bc4512b7a52dfb12,1,18311,c0ff7833c0013b08
6333,6340,6333,apache/camel,85f679b8ef5ff6f2de222741bc4512b7a52dfb12,1,18311,c0ff7833c0013b08
6334,6341,6334,apache/camel,7f96e2e248cc52a8d3c5899e50bbfe71427c69d4,2,18182,c0ff7833c0013b08
6335,6342,6335,apache/camel,85f679b8ef5ff6f2de222741bc4512b7a52dfb12,1,18311,c0ff7833c0013b08
6336,6343,6336,apache/camel,85f679b8ef5ff6f2de222741bc4512b7a52dfb12,1,18311,c0ff7833c0013b08
6337,6345,6337,apache/camel,85f679b8ef5ff6f2de222741bc4512b7a52dfb12,1,18311,c0ff7833c0013b08
6338,6346,6338,apache/camel,85f679b8ef5ff6f2de222741bc4512b7a52dfb12,1,18311,c0ff7833c0013b08
6339,6347,6339,apache/camel,e14a305b76b121c054596321c84d2adc18b33536,1,18310,c0ff7833c0013b08
6341,6349,6341,apache/camel,b665e5cf4b47f9b074bea40c86a5133f0db00454,1,18305,c0ff7833c0013b08
6342,6350,6342,apache/camel,b665e5cf4b47f9b074bea40c86a5133f0db00454,1,18305,c0ff7833c0013b08
6344,6352,6344,apache/camel,7f96e2e248cc52a8d3c5899e50bbfe71427c69d4,2,18182,c0ff7833c0013b08
6345,6353,6345,apache/camel,b665e5cf4b47f9b074bea40c86a5133f0db00454,2,18305,c0ff7833c0013b08
6347,6355,6347,apache/camel,7f96e2e248cc52a8d3c5899e50bbfe71427c69d4,1,18182,c0ff7833c0013b08
6348,6356,6348,apache/camel,7f96e2e248cc52a8d3c5899e50bbfe71427c69d4,1,18182,c0ff7833c0013b08
6349,6357,6349,apache/camel,7f96e2e248cc52a8d3c5899e50bbfe71427c69d4,2,18182,c0ff7833c0013b08
6350,6358,6350,apache/camel,7f96e2e248cc52a8d3c5899e50bbfe71427c69d4,3,18182,c0ff7833c0013b08
6351,6359,6351,apache/camel,77ae2991cd198ef1b5f4d6ac8c57bcba031f6d98,2,18034,c0ff7833c0013b08
6352,6360,6352,apache/camel,77ae2991cd198ef1b5f4d6ac8c57bcba031f6d98,4,18034,c0ff7833c0013b08
6353,6361,6353,apache/camel,77ae2991cd198ef1b5f4d6ac8c57bcba031f6d98,1,18034,c0ff7833c0013b08
6354,6362,6354,apache/camel,86f99c9d20bf27870784baaff76df5a80e929a13,1,18825,c0ff7833c0013b08
6357,6366,6357,apache/camel,77ae2991cd198ef1b5f4d6ac8c57bcba031f6d98,1,18034,c0ff7833c0013b08
6358,6367,6358,apache/camel,9636f69dd42c5b01052875f960fb05d2edc4a8a9,1,18288,c0ff7833c0013b08
6360,6369,6360,apache/camel,fa2a3c885e621014e1d54663b141b9f10b1299a4,9,18991,c0ff7833c0013b08
6361,6370,6361,apache/camel,388fee27bb150b6cc0582ce5202cf87a6ccae43d,1,18616,c0ff7833c0013b08
6363,6372,6363,apache/camel,ac11f88de7594232c3c28532a19377764665ce13,2,18598,c0ff7833c0013b08
6364,6373,6364,apache/camel,ac11f88de7594232c3c28532a19377764665ce13,1,18598,c0ff7833c0013b08
6365,6374,6365,apache/camel,d373c4c321ad45a949b568d5503e80a3cc486518,1,18955,c0ff7833c0013b08
6366,6375,6366,apache/camel,ac11f88de7594232c3c28532a19377764665ce13,1,18598,c0ff7833c0013b08
6368,6377,6368,apache/camel,2e137e3386d32a59d1ba86bfbc1883b164797300,1,18468,c0ff7833c0013b08
6369,6378,6369,apache/camel,ac11f88de7594232c3c28532a19377764665ce13,1,18598,c0ff7833c0013b08
6372,6381,6372,apache/camel,ac11f88de7594232c3c28532a19377764665ce13,1,18598,c0ff7833c0013b08
6373,6382,6373,apache/camel,ac11f88de7594232c3c28532a19377764665ce13,2,18598,c0ff7833c0013b08
6374,6383,6374,apache/camel,ac11f88de7594232c3c28532a19377764665ce13,4,18598,c0ff7833c0013b08
6375,6384,6375,apache/camel,1b37f8bae1368db69d4ddf397f719bc7c1d39925,1,18943,c0ff7833c0013b08
6376,6385,6376,apache/camel,2e137e3386d32a59d1ba86bfbc1883b164797300,2,18468,c0ff7833c0013b08
6377,6386,6377,apache/camel,1b37f8bae1368db69d4ddf397f719bc7c1d39925,1,18943,c0ff7833c0013b08
6380,6389,6380,apache/camel,2e137e3386d32a59d1ba86bfbc1883b164797300,2,18468,c0ff7833c0013b08
6383,6392,6383,apache/camel,2e137e3386d32a59d1ba86bfbc1883b164797300,1,18468,c0ff7833c0013b08
6384,6393,6384,apache/camel,ac11f88de7594232c3c28532a19377764665ce13,3,18598,c0ff7833c0013b08
6385,6394,6385,apache/camel,785698d28a9e3f8c9bb1eec9dc7c3393a87f83e0,1,18529,c0ff7833c0013b08
6387,6396,6387,apache/camel,ac11f88de7594232c3c28532a19377764665ce13,2,18598,c0ff7833c0013b08
6388,6397,6388,apache/camel,9845ce208e9bb672a11379d5089e1e11f802306a,2,18345,c0ff7833c0013b08
6389,6398,6389,apache/camel,9845ce208e9bb672a11379d5089e1e11f802306a,1,18345,c0ff7833c0013b08
6390,6399,6390,apache/camel,9845ce208e9bb672a11379d5089e1e11f802306a,4,18345,c0ff7833c0013b08
6391,6400,6391,apache/camel,1398cc8e8f58b2bf5c9e9a7f8dffd113ae290d88,1,17459,c0ff7833c0013b08
6392,6401,6392,apache/camel,4b135cbc2548dee00c49cd3caf7f8d5ac3e2e0c7,1,18242,c0ff7833c0013b08
6393,6402,6393,apache/camel,4b135cbc2548dee00c49cd3caf7f8d5ac3e2e0c7,1,18242,c0ff7833c0013b08
6395,6404,6395,apache/camel,4b135cbc2548dee00c49cd3caf7f8d5ac3e2e0c7,4,18242,c0ff7833c0013b08
6398,6407,6398,apache/camel,d0acf8d36004425b4fcdd047d5c9454a41764437,2,18486,c0ff7833c0013b08
6402,6411,6402,apache/camel,cf2e1749fae7c2d7526c705eb2c9e45e7f8f1af4,2,13517,c0ff7833c0013b08
6403,6413,6403,apache/camel,da4c2562d54989ef43e215321b226bb358d2e3c8,4,17667,c0ff7833c0013b08
6405,6415,6405,apache/camel,da4c2562d54989ef43e215321b226bb358d2e3c8,1,17667,c0ff7833c0013b08
6407,6417,6407,apache/camel,e6a908507df14801ee44a527c6f1b2b84c49d143,1,18794,c0ff7833c0013b08
6409,6419,6409,apache/camel,1b7c971c4a45dd85988b3b6f0a8bceabb6ee7796,2,17519,c0ff7833c0013b08
6412,6422,6412,apache/camel,e6a908507df14801ee44a527c6f1b2b84c49d143,2,18794,c0ff7833c0013b08
6413,6423,6413,apache/camel,757bc836d1d9ed11d11de73c5dc72fc53617d6a0,4,18145,c0ff7833c0013b08
6416,6426,6416,apache/camel,36bea62e844c5037b8c4d9e0eab5cc6b189fe1da,3,18074,c0ff7833c0013b08
6417,6427,6417,apache/camel,e6a908507df14801ee44a527c6f1b2b84c49d143,2,18794,c0ff7833c0013b08
6419,6429,6419,apache/camel,e6a908507df14801ee44a527c6f1b2b84c49d143,1,18794,c0ff7833c0013b08
6420,6430,6420,apache/camel,e6a908507df14801ee44a527c6f1b2b84c49d143,2,18794,c0ff7833c0013b08
6421,6431,6421,apache/camel,c3d54e2ff5c412ff9d663e6386c38eb9c18e2282,1,13568,c0ff7833c0013b08
6425,6435,6425,apache/camel,36bea62e844c5037b8c4d9e0eab5cc6b189fe1da,1,18074,c0ff7833c0013b08
6427,6437,6427,apache/camel,da8694f8c5392881ac5ab49c37a7947451bb65af,2,14522,c0ff7833c0013b08
6429,6439,6429,apache/camel,da8694f8c5392881ac5ab49c37a7947451bb65af,3,14522,c0ff7833c0013b08
6430,6440,6430,apache/camel,65d603ddf448e8450dbe4c86abd2bed475c451c5,9,18497,c0ff7833c0013b08
6432,6442,6432,apache/camel,d0acf8d36004425b4fcdd047d5c9454a41764437,1,18486,c0ff7833c0013b08
6434,6444,6434,apache/camel,363777cc93ab6072cd12d2a231c2165cbc6c0524,2,18466,c0ff7833c0013b08
6435,6445,6435,apache/camel,cf2e1749fae7c2d7526c705eb2c9e45e7f8f1af4,2,13517,c0ff7833c0013b08
6436,6446,6436,apache/camel,d0acf8d36004425b4fcdd047d5c9454a41764437,1,18486,c0ff7833c0013b08
6439,6449,6439,apache/camel,d0acf8d36004425b4fcdd047d5c9454a41764437,3,18486,c0ff7833c0013b08
6440,6450,6440,apache/camel,d0acf8d36004425b4fcdd047d5c9454a41764437,1,18486,c0ff7833c0013b08
6442,6452,6442,apache/camel,d0acf8d36004425b4fcdd047d5c9454a41764437,1,18486,c0ff7833c0013b08
6443,6453,6443,apache/camel,65d603ddf448e8450dbe4c86abd2bed475c451c5,1,18497,c0ff7833c0013b08
6444,6454,6444,apache/camel,dedf656c7526ab6189519f0733e25ed3fed369f7,1,18100,c0ff7833c0013b08
6445,6455,6445,apache/camel,6cb00233e8e94dc9028f9ec02b5580d04de24c66,2,16319,c0ff7833c0013b08
6446,6456,6446,apache/camel,268d8bc86cec4ccf410abd6810e29e65c7c9ec50,1,14660,c0ff7833c0013b08
6448,6458,6448,apache/camel,363777cc93ab6072cd12d2a231c2165cbc6c0524,1,18466,c0ff7833c0013b08
6449,6459,6449,apache/camel,2a3310822da3f1992083e206b68af3172fcd3792,1,17478,c0ff7833c0013b08
6450,6460,6450,apache/camel,363777cc93ab6072cd12d2a231c2165cbc6c0524,2,18466,c0ff7833c0013b08
6451,6461,6451,apache/camel,363777cc93ab6072cd12d2a231c2165cbc6c0524,1,18466,c0ff7833c0013b08
6454,6464,6454,apache/camel,dedf656c7526ab6189519f0733e25ed3fed369f7,2,18100,c0ff7833c0013b08
6455,6465,6455,apache/camel,dedf656c7526ab6189519f0733e25ed3fed369f7,1,18100,c0ff7833c0013b08
6456,6466,6456,apache/camel,dedf656c7526ab6189519f0733e25ed3fed369f7,7,18100,c0ff7833c0013b08
6457,6467,6457,apache/camel,2a3310822da3f1992083e206b68af3172fcd3792,1,17478,c0ff7833c0013b08
6459,6469,6459,apache/camel,dedf656c7526ab6189519f0733e25ed3fed369f7,2,18100,c0ff7833c0013b08
6460,6470,6460,apache/camel,dedf656c7526ab6189519f0733e25ed3fed369f7,1,18100,c0ff7833c0013b08
6461,6471,6461,apache/camel,2a3310822da3f1992083e206b68af3172fcd3792,5,17478,c0ff7833c0013b08
6462,6472,6462,apache/camel,2a3310822da3f1992083e206b68af3172fcd3792,2,17478,c0ff7833c0013b08
6463,6473,6463,apache/camel,609347c52c1fc4f4d623353f5f1e6cfe3f586676,1,14675,c0ff7833c0013b08
6464,6474,6464,apache/commons-compress,acaf5642b1e16d872870a4dc4618e46ccd349493,1,615,c0ff7833c0013b08
6465,6475,6465,apache/commons-compress,acaf5642b1e16d872870a4dc4618e46ccd349493,2,615,c0ff7833c0013b08
6467,6477,6467,apache/commons-compress,b19df3e5b9a85000cf46be3afd998fc58c0ea538,2,596,c0ff7833c0013b08
6468,6478,6468,apache/commons-compress,38dec7fb4690c023ef0af9661e0e1ae4f254a769,2,600,c0ff7833c0013b08
6469,6479,6469,apache/commons-compress,5183d0b08c0897e6f0c41a038487b7c795136425,2,554,c0ff7833c0013b08
6470,6480,6470,apache/commons-compress,60e3d9f6bef1e431f8738e881c051d706f81e6cf,2,546,c0ff7833c0013b08
6471,6481,6471,apache/commons-compress,f7503adfbad8b44eb079d564f2784aeaa034647c,3,370,c0ff7833c0013b08
6472,6482,6472,apache/commons-compress,f7503adfbad8b44eb079d564f2784aeaa034647c,2,370,c0ff7833c0013b08
6473,6483,6473,apache/commons-compress,516f76ac1fe48be9a5162e53e4d0a99f23774565,2,362,c0ff7833c0013b08
6474,6484,6474,apache/commons-compress,b95d5cde4c68640f886e3c6802384fae47408a37,3,353,c0ff7833c0013b08
6475,6485,6475,apache/commons-compress,3a5c8403d892ff1bc245f5ccc6a00bbc860529eb,4,233,c0ff7833c0013b08
6476,6486,6476,apache/commons-csv,660f7c9f853092ec8abf5d6c81d260e3c80c2194,2,35,c0ff7833c0013b08
6480,6490,6480,apache/hbase,de99f8754135ea69adc39da48d2bc2b2710a5366,2,4952,c0ff7833c0013b08
6482,6492,6482,apache/hbase,90fb1ddc1df9b345f26687d5d24cedfb19621d63,5,4380,c0ff7833c0013b08
6483,6493,6483,apache/hbase,90fb1ddc1df9b345f26687d5d24cedfb19621d63,1,4380,c0ff7833c0013b08
6484,6494,6484,apache/hbase,de99f8754135ea69adc39da48d2bc2b2710a5366,1,4952,c0ff7833c0013b08
6485,6495,6485,apache/hbase,90fb1ddc1df9b345f26687d5d24cedfb19621d63,1,4380,c0ff7833c0013b08
6486,6496,6486,apache/hbase,de99f8754135ea69adc39da48d2bc2b2710a5366,3,4952,c0ff7833c0013b08
6487,6497,6487,apache/hbase,37444de6531b1bdabf2e445c83d0268ab1a6f919,1,4691,c0ff7833c0013b08
6489,6499,6489,apache/hbase,de99f8754135ea69adc39da48d2bc2b2710a5366,2,4952,c0ff7833c0013b08
6490,6500,6490,apache/hbase,37444de6531b1bdabf2e445c83d0268ab1a6f919,2,4691,c0ff7833c0013b08
6491,6501,6491,apache/hbase,de99f8754135ea69adc39da48d2bc2b2710a5366,8,4952,c0ff7833c0013b08
6492,6502,6492,apache/hbase,90fb1ddc1df9b345f26687d5d24cedfb19621d63,3,4380,c0ff7833c0013b08
6494,6504,6494,apache/hbase,7fd096f39b4284da9a71da3ce67c48d259ffa79a,2,4396,c0ff7833c0013b08
6495,6505,6495,apache/hbase,7fd096f39b4284da9a71da3ce67c48d259ffa79a,1,4396,c0ff7833c0013b08
6496,6506,6496,apache/hbase,6788f98356dd70b4a7ff766ea7a8298e022e7b95,1,4687,c0ff7833c0013b08
6497,6507,6497,apache/hbase,6788f98356dd70b4a7ff766ea7a8298e022e7b95,1,4687,c0ff7833c0013b08
6498,6508,6498,apache/hbase,6cdbc46c022c797cf5e3bc17007290201d451569,2,4644,c0ff7833c0013b08
6499,6509,6499,apache/hbase,e44cc02c75ecae7ece845f04722eb16b7528393f,2,4859,c0ff7833c0013b08
6500,6510,6500,apache/hbase,7ebd4381261fefd78fc2acf258a95184f4147cee,1,4672,c0ff7833c0013b08
6501,6511,6501,apache/hbase,7fd096f39b4284da9a71da3ce67c48d259ffa79a,3,4396,c0ff7833c0013b08
6502,6512,6502,apache/hbase,7fd096f39b4284da9a71da3ce67c48d259ffa79a,2,4396,c0ff7833c0013b08
6503,6513,6503,apache/hbase,2e7d75a892000071a7479b2f668c4db7a241be3f,1,4384,c0ff7833c0013b08
6504,6514,6504,apache/hbase,7fd096f39b4284da9a71da3ce67c48d259ffa79a,9,4396,c0ff7833c0013b08
6505,6515,6505,apache/hbase,6bac842797dc26bedb7adc0759358e4c8fd5a992,2,4681,c0ff7833c0013b08
6506,6516,6506,apache/hbase,7ebd4381261fefd78fc2acf258a95184f4147cee,1,4672,c0ff7833c0013b08
6507,6517,6507,apache/hbase,7ebd4381261fefd78fc2acf258a95184f4147cee,1,4672,c0ff7833c0013b08
6509,6519,6509,apache/hbase,7fd096f39b4284da9a71da3ce67c48d259ffa79a,1,4396,c0ff7833c0013b08
6510,6520,6510,apache/hbase,7fd096f39b4284da9a71da3ce67c48d259ffa79a,1,4396,c0ff7833c0013b08
6511,6521,6511,apache/hbase,e44cc02c75ecae7ece845f04722eb16b7528393f,1,4859,c0ff7833c0013b08
6512,6522,6512,apache/hbase,7fd096f39b4284da9a71da3ce67c48d259ffa79a,1,4396,c0ff7833c0013b08
6514,6524,6514,apache/hbase,90fb1ddc1df9b345f26687d5d24cedfb19621d63,1,4380,c0ff7833c0013b08
6515,6525,6515,apache/hbase,3e5359c73d1a96dd7d2ac5bc8f987e9a89ef90ea,1,4371,c0ff7833c0013b08
6518,6528,6518,apache/hbase,2e426ab69d126e683577b6e94f890800c5122910,4,4664,c0ff7833c0013b08
6519,6529,6519,apache/hbase,d1714710877653691e2125bd94b68a5b484a3a06,3,4389,c0ff7833c0013b08
6520,6530,6520,apache/hbase,2e426ab69d126e683577b6e94f890800c5122910,1,4664,c0ff7833c0013b08
6521,6531,6521,apache/hbase,8b2f5141e900c851a2b351fccd54b13bcac5e2ed,1,4280,c0ff7833c0013b08
6522,6532,6522,apache/hbase,e0e1382705c59d3fb3ad8f5bff720a9dc7120fb8,1,4221,c0ff7833c0013b08
6524,6534,6524,apache/hbase,b3657484850f9fa9679f2186bf53e7df768f21c7,3,4688,c0ff7833c0013b08
6525,6535,6525,apache/hbase,2e7d75a892000071a7479b2f668c4db7a241be3f,2,4384,c0ff7833c0013b08
6526,6536,6526,apache/hbase,b3657484850f9fa9679f2186bf53e7df768f21c7,5,4688,c0ff7833c0013b08
6527,6537,6527,apache/hbase,6cdbc46c022c797cf5e3bc17007290201d451569,1,4644,c0ff7833c0013b08
6528,6538,6528,apache/hbase,7483b111e4da77adbfc8062b3b22cbe7c2cb91c1,3,3473,c0ff7833c0013b08
6529,6539,6529,apache/hbase,d1714710877653691e2125bd94b68a5b484a3a06,1,4389,c0ff7833c0013b08
6530,6540,6530,apache/hbase,3e28acf0b819f4b4a1ada2b98d59e05b0ef94f96,2,4649,c0ff7833c0013b08
6531,6541,6531,apache/hbase,b3657484850f9fa9679f2186bf53e7df768f21c7,2,4688,c0ff7833c0013b08
6532,6542,6532,apache/hbase,894ac15342ae9ac1e0d7c827c00fda4b83627758,1,4647,c0ff7833c0013b08
6533,6543,6533,apache/hbase,b3657484850f9fa9679f2186bf53e7df768f21c7,2,4688,c0ff7833c0013b08
6534,6544,6534,apache/hbase,b3657484850f9fa9679f2186bf53e7df768f21c7,1,4688,c0ff7833c0013b08
6537,6547,6537,apache/hbase,b3657484850f9fa9679f2186bf53e7df768f21c7,1,4688,c0ff7833c0013b08
6538,6548,6538,apache/hbase,2e7d75a892000071a7479b2f668c4db7a241be3f,1,4384,c0ff7833c0013b08
6539,6549,6539,apache/hbase,b3657484850f9fa9679f2186bf53e7df768f21c7,2,4688,c0ff7833c0013b08
6540,6550,6540,apache/hbase,7483b111e4da77adbfc8062b3b22cbe7c2cb91c1,1,3473,c0ff7833c0013b08
6541,6551,6541,apache/hbase,b3657484850f9fa9679f2186bf53e7df768f21c7,1,4688,c0ff7833c0013b08
6542,6552,6542,apache/hbase,b80d70cd5356cf582b3a584c41b1b9c4f7784e22,1,4436,c0ff7833c0013b08
6543,6553,6543,apache/hbase,6cdbc46c022c797cf5e3bc17007290201d451569,1,4644,c0ff7833c0013b08
6544,6554,6544,apache/hbase,6cdbc46c022c797cf5e3bc17007290201d451569,1,4644,c0ff7833c0013b08
6545,6555,6545,apache/hbase,8b2f5141e900c851a2b351fccd54b13bcac5e2ed,1,4280,c0ff7833c0013b08
6546,6556,6546,apache/hbase,314e924e960d0d5c0c5e8ec436c75aaa6190b4c1,1,4544,c0ff7833c0013b08
6547,6557,6547,apache/hbase,314e924e960d0d5c0c5e8ec436c75aaa6190b4c1,2,4544,c0ff7833c0013b08
6548,6558,6548,apache/hbase,7e672a0da0586e6b7449310815182695bc6ae193,1,4373,c0ff7833c0013b08
6549,6559,6549,apache/hbase,7e672a0da0586e6b7449310815182695bc6ae193,2,4373,c0ff7833c0013b08
6550,6560,6550,apache/hbase,2d9273667e418e7023f9104a830cdcb8233b6f25,3,3313,c0ff7833c0013b08
6551,6561,6551,apache/hbase,7e672a0da0586e6b7449310815182695bc6ae193,2,4373,c0ff7833c0013b08
6552,6562,6552,apache/hbase,314e924e960d0d5c0c5e8ec436c75aaa6190b4c1,1,4544,c0ff7833c0013b08
6553,6563,6553,apache/hbase,282ab70012ae843af54a6779543ff20acbcbb629,2,4295,c0ff7833c0013b08
6554,6564,6554,apache/hbase,314e924e960d0d5c0c5e8ec436c75aaa6190b4c1,2,4544,c0ff7833c0013b08
6555,6565,6555,apache/hbase,7e672a0da0586e6b7449310815182695bc6ae193,1,4373,c0ff7833c0013b08
6557,6567,6557,apache/hbase,3e5359c73d1a96dd7d2ac5bc8f987e9a89ef90ea,3,4371,c0ff7833c0013b08
6558,6568,6558,apache/hbase,3e5359c73d1a96dd7d2ac5bc8f987e9a89ef90ea,1,4371,c0ff7833c0013b08
6559,6569,6559,apache/hbase,2d9273667e418e7023f9104a830cdcb8233b6f25,2,3313,c0ff7833c0013b08
6562,6572,6562,apache/hbase,3e5359c73d1a96dd7d2ac5bc8f987e9a89ef90ea,1,4371,c0ff7833c0013b08
6563,6573,6563,apache/hbase,c49f7f63fca144765bf7c2da41791769286dfccc,1,4365,c0ff7833c0013b08
6565,6575,6565,apache/hbase,2d9273667e418e7023f9104a830cdcb8233b6f25,1,3313,c0ff7833c0013b08
6566,6576,6566,apache/hbase,2d9273667e418e7023f9104a830cdcb8233b6f25,2,3313,c0ff7833c0013b08
6567,6577,6567,apache/hbase,314e924e960d0d5c0c5e8ec436c75aaa6190b4c1,2,4544,c0ff7833c0013b08
6569,6579,6569,apache/hbase,2d9273667e418e7023f9104a830cdcb8233b6f25,2,3313,c0ff7833c0013b08
6570,6580,6570,apache/hbase,314e924e960d0d5c0c5e8ec436c75aaa6190b4c1,1,4544,c0ff7833c0013b08
6571,6581,6571,apache/hbase,7483b111e4da77adbfc8062b3b22cbe7c2cb91c1,1,3473,c0ff7833c0013b08
6572,6582,6572,apache/hbase,c64bf8a9f35352cd504f2b8f4b02f9148cf45ab6,4,2657,c0ff7833c0013b08
6573,6583,6573,apache/hbase,7414579f2620fca6b75146c29ab2726fc4643ac9,2,4275,c0ff7833c0013b08
6574,6584,6574,apache/hbase,0fc18a9056e5eb3a80fdbde916865607946c5195,1,4042,c0ff7833c0013b08
6575,6585,6575,apache/hbase,314e924e960d0d5c0c5e8ec436c75aaa6190b4c1,5,4544,c0ff7833c0013b08
6577,6587,6577,apache/hbase,4bcec1776b351c28513d803b6108e1ec89522ada,2,3285,c0ff7833c0013b08
6579,6589,6579,apache/hbase,6cdbc46c022c797cf5e3bc17007290201d451569,2,4644,c0ff7833c0013b08
6580,6590,6580,apache/hbase,b80d70cd5356cf582b3a584c41b1b9c4f7784e22,1,4436,c0ff7833c0013b08
6582,6592,6582,apache/hbase,f844d09157d9dce6c54fcd53975b7a45865ee9ac,1,4361,c0ff7833c0013b08
6583,6593,6583,apache/hbase,f844d09157d9dce6c54fcd53975b7a45865ee9ac,1,4361,c0ff7833c0013b08
6584,6594,6584,apache/hbase,0fc18a9056e5eb3a80fdbde916865607946c5195,1,4042,c0ff7833c0013b08
6585,6595,6585,apache/hbase,b80d70cd5356cf582b3a584c41b1b9c4f7784e22,1,4436,c0ff7833c0013b08
6586,6596,6586,apache/hbase,dad725bbe22c2a55d567ee6a75808eb1c1ebc6b0,1,4361,c0ff7833c0013b08
6588,6598,6588,apache/hbase,b80d70cd5356cf582b3a584c41b1b9c4f7784e22,3,4436,c0ff7833c0013b08
6590,6600,6590,apache/hbase,b80d70cd5356cf582b3a584c41b1b9c4f7784e22,8,4436,c0ff7833c0013b08
6592,6602,6592,apache/hbase,0fc18a9056e5eb3a80fdbde916865607946c5195,4,4042,c0ff7833c0013b08
6594,6604,6594,apache/hbase,4810fd1096fcf8a75a46e9d726e64fed892e6986,2,4353,c0ff7833c0013b08
6596,6606,6596,apache/hbase,b80d70cd5356cf582b3a584c41b1b9c4f7784e22,1,4436,c0ff7833c0013b08
6598,6608,6598,apache/hbase,3ec693241f2edb0cf78e71739874f2323a86bf1e,1,3795,c0ff7833c0013b08
6599,6609,6599,apache/hbase,b80d70cd5356cf582b3a584c41b1b9c4f7784e22,2,4436,c0ff7833c0013b08
6600,6610,6600,apache/hbase,4bcec1776b351c28513d803b6108e1ec89522ada,7,3285,c0ff7833c0013b08
6601,6611,6601,apache/hbase,7483b111e4da77adbfc8062b3b22cbe7c2cb91c1,2,3473,c0ff7833c0013b08
6602,6612,6602,apache/hbase,4bcec1776b351c28513d803b6108e1ec89522ada,3,3285,c0ff7833c0013b08
6603,6613,6603,apache/hbase,fd3fdc08d1cd43eb3432a1a70d31c3aece6ecabe,2,4261,c0ff7833c0013b08
6604,6614,6604,apache/hbase,20e7ba45b0c3affdc0c06b1a0e5cbddd1b2d8d18,4,4338,c0ff7833c0013b08
6605,6615,6605,apache/hbase,5b7722f8551bca783adb36a920ca77e417ca99d1,1,3665,c0ff7833c0013b08
6607,6617,6607,apache/hbase,401b60b217d45c0be5654d219515c94bd97ef572,1,4335,c0ff7833c0013b08
6608,6618,6608,apache/hbase,88c9a386176e2c2b5fd9915d0e9d3ce17d0e456e,1,4025,c0ff7833c0013b08
6609,6619,6609,apache/hbase,3e98c51c512cbd5ef779ae6bcef178ce89c46e37,2,4316,c0ff7833c0013b08
6611,6621,6611,apache/hbase,e0e1382705c59d3fb3ad8f5bff720a9dc7120fb8,2,4221,c0ff7833c0013b08
6612,6622,6612,apache/hbase,401b60b217d45c0be5654d219515c94bd97ef572,1,4335,c0ff7833c0013b08
6613,6623,6613,apache/hbase,7483b111e4da77adbfc8062b3b22cbe7c2cb91c1,2,3473,c0ff7833c0013b08
6614,6624,6614,apache/hbase,afd5e4fc3cd259257229df3422f2857ed35da4cc,1,4252,c0ff7833c0013b08
6616,6626,6616,apache/hbase,b4d9639f66fccdb45fea0244202ffbd755341260,1,4306,c0ff7833c0013b08
6617,6627,6617,apache/hbase,88c9a386176e2c2b5fd9915d0e9d3ce17d0e456e,1,4025,c0ff7833c0013b08
6618,6628,6618,apache/hbase,3e98c51c512cbd5ef779ae6bcef178ce89c46e37,2,4316,c0ff7833c0013b08
6620,6630,6620,apache/hbase,b4d9639f66fccdb45fea0244202ffbd755341260,1,4306,c0ff7833c0013b08
6621,6631,6621,apache/hbase,d14e335edc9c22c30827bc75e73b5303ca64ee0d,3,3184,c0ff7833c0013b08
6622,6632,6622,apache/hbase,5ec5a5b115ee36fb28903667c008218abd21b3f5,1,3209,c0ff7833c0013b08
6623,6633,6623,apache/hbase,b4d9639f66fccdb45fea0244202ffbd755341260,2,4306,c0ff7833c0013b08
6624,6634,6624,apache/hbase,b4d9639f66fccdb45fea0244202ffbd755341260,2,4306,c0ff7833c0013b08
6625,6635,6625,apache/hbase,6a830d87542b766bd3dc4cfdee28655f62de3974,2,3976,c0ff7833c0013b08
6626,6636,6626,apache/hbase,6a830d87542b766bd3dc4cfdee28655f62de3974,1,3976,c0ff7833c0013b08
6627,6637,6627,apache/hbase,8dc7de1c75ab615b8992b928150e8b476cb053e3,2,4235,c0ff7833c0013b08
6628,6638,6628,apache/hbase,6a830d87542b766bd3dc4cfdee28655f62de3974,2,3976,c0ff7833c0013b08
6630,6640,6630,apache/hbase,3e4bf4bee3a08b25591b9c22fea0518686a7e834,5,4238,c0ff7833c0013b08
6632,6642,6632,apache/hbase,6a830d87542b766bd3dc4cfdee28655f62de3974,1,3976,c0ff7833c0013b08
6633,6643,6633,apache/hbase,282ab70012ae843af54a6779543ff20acbcbb629,1,4295,c0ff7833c0013b08
6635,6645,6635,apache/hbase,88c9a386176e2c2b5fd9915d0e9d3ce17d0e456e,2,4025,c0ff7833c0013b08
6636,6646,6636,apache/hbase,8dc7de1c75ab615b8992b928150e8b476cb053e3,1,4235,c0ff7833c0013b08
6637,6647,6637,apache/hbase,6a830d87542b766bd3dc4cfdee28655f62de3974,1,3976,c0ff7833c0013b08
6638,6648,6638,apache/hbase,1ca30e5f0702350ffe6b13307685700f5400f6ae,1,4226,c0ff7833c0013b08
6639,6649,6639,apache/hbase,1ca30e5f0702350ffe6b13307685700f5400f6ae,4,4226,c0ff7833c0013b08
6640,6650,6640,apache/hbase,6a830d87542b766bd3dc4cfdee28655f62de3974,2,3976,c0ff7833c0013b08
6641,6651,6641,apache/hbase,e0e1382705c59d3fb3ad8f5bff720a9dc7120fb8,1,4221,c0ff7833c0013b08
6642,6652,6642,apache/hbase,1ca30e5f0702350ffe6b13307685700f5400f6ae,1,4226,c0ff7833c0013b08
6643,6653,6643,apache/hbase,6a830d87542b766bd3dc4cfdee28655f62de3974,2,3976,c0ff7833c0013b08
6644,6654,6644,apache/hbase,5ec5a5b115ee36fb28903667c008218abd21b3f5,1,3209,c0ff7833c0013b08
6645,6655,6645,apache/hbase,e0e1382705c59d3fb3ad8f5bff720a9dc7120fb8,2,4221,c0ff7833c0013b08
6646,6656,6646,apache/hbase,f76a601273e834267b55c0cda12474590283fd4c,4,3993,c0ff7833c0013b08
6648,6658,6648,apache/hbase,6a830d87542b766bd3dc4cfdee28655f62de3974,2,3976,c0ff7833c0013b08
6651,6661,6651,apache/hbase,6a830d87542b766bd3dc4cfdee28655f62de3974,2,3976,c0ff7833c0013b08
6655,6665,6655,apache/hbase,f76a601273e834267b55c0cda12474590283fd4c,1,3993,c0ff7833c0013b08
6656,6666,6656,apache/hbase,e0e1382705c59d3fb3ad8f5bff720a9dc7120fb8,5,4221,c0ff7833c0013b08
6657,6667,6657,apache/hbase,6a830d87542b766bd3dc4cfdee28655f62de3974,1,3976,c0ff7833c0013b08
6658,6668,6658,apache/hbase,e0e1382705c59d3fb3ad8f5bff720a9dc7120fb8,3,4221,c0ff7833c0013b08
6659,6669,6659,apache/hbase,f76a601273e834267b55c0cda12474590283fd4c,1,3993,c0ff7833c0013b08
6662,6672,6662,apache/hbase,6a830d87542b766bd3dc4cfdee28655f62de3974,2,3976,c0ff7833c0013b08
6664,6674,6664,apache/hbase,e0e1382705c59d3fb3ad8f5bff720a9dc7120fb8,4,4221,c0ff7833c0013b08
6665,6675,6665,apache/hbase,e0e1382705c59d3fb3ad8f5bff720a9dc7120fb8,2,4221,c0ff7833c0013b08
6666,6676,6666,apache/hbase,ec4145ba5dc9cd30d4eb700bca2de2d08104207c,1,3828,c0ff7833c0013b08
6667,6677,6667,apache/hbase,67779d1a325a4f78a468af3339e73bf075888bac,1,3985,c0ff7833c0013b08
6669,6679,6669,apache/hbase,67779d1a325a4f78a468af3339e73bf075888bac,3,3985,c0ff7833c0013b08
6672,6682,6672,apache/hbase,67779d1a325a4f78a468af3339e73bf075888bac,1,3985,c0ff7833c0013b08
6673,6683,6673,apache/hbase,3ec693241f2edb0cf78e71739874f2323a86bf1e,2,3795,c0ff7833c0013b08
6674,6684,6674,apache/hbase,3ec693241f2edb0cf78e71739874f2323a86bf1e,1,3795,c0ff7833c0013b08
6675,6685,6675,apache/hbase,3ec693241f2edb0cf78e71739874f2323a86bf1e,3,3795,c0ff7833c0013b08
6676,6686,6676,apache/hbase,e6513a76c91cceda95dad7af246ac81d46fa2589,2,3917,c0ff7833c0013b08
6677,6687,6677,apache/hbase,6a830d87542b766bd3dc4cfdee28655f62de3974,2,3976,c0ff7833c0013b08
6678,6688,6678,apache/hbase,91118ce5f10fb4efa03cc8c5a47c7ce97175e85e,2,3035,c0ff7833c0013b08
6680,6690,6680,apache/hbase,0ba7cc01a13dbb7fec8e6c5d599fc8b4936bae61,2,3670,c0ff7833c0013b08
6681,6691,6681,apache/hbase,e6513a76c91cceda95dad7af246ac81d46fa2589,1,3917,c0ff7833c0013b08
6682,6692,6682,apache/hbase,e6513a76c91cceda95dad7af246ac81d46fa2589,1,3917,c0ff7833c0013b08
6683,6693,6683,apache/hbase,6ae4a77408ad35d6a7a4e5cebfd401fc4b72b5ec,1,3144,c0ff7833c0013b08
6684,6694,6684,apache/hbase,e6513a76c91cceda95dad7af246ac81d46fa2589,3,3917,c0ff7833c0013b08
6686,6696,6686,apache/hbase,b59afe7b1dc650ff3a86034477b563734e8799a9,2,2866,c0ff7833c0013b08
6687,6697,6687,apache/hbase,e6513a76c91cceda95dad7af246ac81d46fa2589,1,3917,c0ff7833c0013b08
6688,6698,6688,apache/hbase,e6513a76c91cceda95dad7af246ac81d46fa2589,1,3917,c0ff7833c0013b08
6690,6700,6690,apache/hbase,b1aa63f22b0180330378d99212886692d4a152ff,2,3787,c0ff7833c0013b08
6691,6701,6691,apache/hbase,91d5ec4c4dcd10ceec984c6e663ea82acf353995,6,2749,c0ff7833c0013b08
6692,6702,6692,apache/hbase,da5ec9e4c06c537213883cca8f3cc9a7c19daf67,1,3652,c0ff7833c0013b08
6693,6703,6693,apache/hbase,f93aaf770cce81caacbf22174dfee2860dbb4810,2,3835,c0ff7833c0013b08
6694,6704,6694,apache/hbase,d14e335edc9c22c30827bc75e73b5303ca64ee0d,1,3184,c0ff7833c0013b08
6696,6706,6696,apache/hbase,b1aa63f22b0180330378d99212886692d4a152ff,2,3787,c0ff7833c0013b08
6697,6707,6697,apache/hbase,61297b5e3acf2a77606b59e0b6f0013c9dae0fbb,1,2726,c0ff7833c0013b08
6698,6708,6698,apache/hbase,e1673bb0bbfea21d6e5dba73e013b09b8b49b89b,1,3547,c0ff7833c0013b08
6700,6710,6700,apache/hbase,f93aaf770cce81caacbf22174dfee2860dbb4810,1,3835,c0ff7833c0013b08
6701,6711,6701,apache/hbase,7483b111e4da77adbfc8062b3b22cbe7c2cb91c1,2,3473,c0ff7833c0013b08
6702,6712,6702,apache/hbase,0ba7cc01a13dbb7fec8e6c5d599fc8b4936bae61,1,3670,c0ff7833c0013b08
6704,6714,6704,apache/hbase,f93aaf770cce81caacbf22174dfee2860dbb4810,1,3835,c0ff7833c0013b08
6706,6716,6706,apache/hbase,da5ec9e4c06c537213883cca8f3cc9a7c19daf67,2,3652,c0ff7833c0013b08
6707,6717,6707,apache/hbase,a55bcbd4fc87ff9cd3caaae25277e0cfdbb344a5,5,3030,c0ff7833c0013b08
6708,6718,6708,apache/hbase,76ab087819fe82ccf6f531096e18ad1bed079651,2,3055,c0ff7833c0013b08
6709,6719,6709,apache/hbase,0ba7cc01a13dbb7fec8e6c5d599fc8b4936bae61,1,3670,c0ff7833c0013b08
6710,6720,6710,apache/hbase,d65cccb5fda039217954a558c65bda423e0d6df3,1,3631,c0ff7833c0013b08
6711,6721,6711,apache/hbase,1bedb5bfbb5a99067e7bc54718c3124f632b6e17,2,2848,c0ff7833c0013b08
6712,6722,6712,apache/hbase,3ec693241f2edb0cf78e71739874f2323a86bf1e,2,3795,c0ff7833c0013b08
6713,6723,6713,apache/hbase,d14e335edc9c22c30827bc75e73b5303ca64ee0d,1,3184,c0ff7833c0013b08
6714,6724,6714,apache/hbase,d14e335edc9c22c30827bc75e73b5303ca64ee0d,1,3184,c0ff7833c0013b08
6715,6725,6715,apache/hbase,d14e335edc9c22c30827bc75e73b5303ca64ee0d,1,3184,c0ff7833c0013b08
6716,6726,6716,apache/hbase,205e39c5704bf38568b34926dde9f1ee76e6b5d0,2,3589,c0ff7833c0013b08
6717,6727,6717,apache/hbase,d625b212e46d01cb17db9ac2e9e927fdb201afa1,1,3045,c0ff7833c0013b08
6719,6729,6719,apache/hbase,f93aaf770cce81caacbf22174dfee2860dbb4810,4,3835,c0ff7833c0013b08
6720,6730,6720,apache/hbase,3ec693241f2edb0cf78e71739874f2323a86bf1e,1,3795,c0ff7833c0013b08
6721,6731,6721,apache/hbase,d14e335edc9c22c30827bc75e73b5303ca64ee0d,1,3184,c0ff7833c0013b08
6722,6732,6722,apache/hbase,e1673bb0bbfea21d6e5dba73e013b09b8b49b89b,4,3547,c0ff7833c0013b08
6723,6733,6723,apache/hbase,2f9b9e17d0522e36063bf52ecc58576243d20b3f,1,2726,c0ff7833c0013b08
6724,6734,6724,apache/hive,36f5d91acb0fac00a5d46049bd45b744fe9aaab6,4,7624,c0ff7833c0013b08
6725,6735,6725,apache/hive,92dd0159f440ca7863be3232f3a683a510a62b9d,1,5050,c0ff7833c0013b08
6726,6736,6726,apache/hive,183f8cb41d3dbed961ffd27999876468ff06690c,1,8035,c0ff7833c0013b08
6727,6737,6727,apache/hive,6f4c35c9e904d226451c465effdc5bfd31d395a0,1,5038,c0ff7833c0013b08
6728,6738,6728,apache/hive,56acdd2120b9ce6790185c679223b8b5e884aaf2,3,5039,c0ff7833c0013b08
6729,6739,6729,apache/hive,1af77bbf8356e86cabbed92cfa8cc2e1470a1d5c,1,4696,c0ff7833c0013b08
6730,6740,6730,apache/commons-io,2ae025fe5c4a7d2046c53072b0898e37a079fe62,1,232,c0ff7833c0013b08
6732,6742,6732,apache/commons-lang,105a350b154eac7c3f3a6bac94ec2cfb0fbe232b,3,401,c0ff7833c0013b08
6733,6743,6733,apache/commons-lang,105a350b154eac7c3f3a6bac94ec2cfb0fbe232b,2,401,c0ff7833c0013b08
6734,6744,6734,apache/commons-lang,abb39c22c0e538fff03ea4e53d78ee60c6c08092,4,327,c0ff7833c0013b08
6735,6745,6735,spring-projects/spring-amqp,e3a5d814b062104b0b4353788eb85a36dd54277d,1,578,c0ff7833c0013b08
6736,6746,6736,spring-projects/spring-amqp,e3a5d814b062104b0b4353788eb85a36dd54277d,1,578,c0ff7833c0013b08
6737,6747,6737,spring-projects/spring-amqp,e3a5d814b062104b0b4353788eb85a36dd54277d,3,578,c0ff7833c0013b08
6738,6748,6738,spring-projects/spring-amqp,c92453ba9a1fe86cef7872399ae59eac04182b7a,1,578,c0ff7833c0013b08
6739,6749,6739,spring-projects/spring-amqp,8fc46711773cc4e250f781348a2545c7e55207ea,2,578,c0ff7833c0013b08
6740,6750,6740,spring-projects/spring-amqp,8fc46711773cc4e250f781348a2545c7e55207ea,1,578,c0ff7833c0013b08
6741,6751,6741,spring-projects/spring-amqp,d0eb4fc74157fed3eb70f20cd16df34ea94e3306,4,578,c0ff7833c0013b08
6742,6752,6742,spring-projects/spring-amqp,d0eb4fc74157fed3eb70f20cd16df34ea94e3306,2,578,c0ff7833c0013b08
6743,6753,6743,spring-projects/spring-amqp,d0eb4fc74157fed3eb70f20cd16df34ea94e3306,2,578,c0ff7833c0013b08
6744,6754,6744,spring-projects/spring-amqp,d0eb4fc74157fed3eb70f20cd16df34ea94e3306,1,578,c0ff7833c0013b08
6745,6755,6745,spring-projects/spring-amqp,33bd06cbf28fdb3b8a4ce3968b33958b03f512fa,3,578,c0ff7833c0013b08
6746,6756,6746,spring-projects/spring-amqp,33bd06cbf28fdb3b8a4ce3968b33958b03f512fa,6,578,c0ff7833c0013b08
6747,6757,6747,spring-projects/spring-amqp,33bd06cbf28fdb3b8a4ce3968b33958b03f512fa,5,578,c0ff7833c0013b08
6748,6758,6748,spring-projects/spring-amqp,1f62b1dc471969b3df9a075044b425d2882d0637,2,576,c0ff7833c0013b08
6749,6759,6749,spring-projects/spring-amqp,1f62b1dc471969b3df9a075044b425d2882d0637,5,576,c0ff7833c0013b08
6750,6760,6750,spring-projects/spring-amqp,7fdc55d6c0f14ffbcb3f71c85c86a79e5d7a466b,6,576,c0ff7833c0013b08
6752,6762,6752,spring-projects/spring-amqp,b95c1e83a5075e792292e8e51623b8d888be5b84,1,554,c0ff7833c0013b08
6753,6763,6753,spring-projects/spring-amqp,ff7355c5d81335c3eae17960bbef076ac65b9994,1,574,c0ff7833c0013b08
6754,6764,6754,spring-projects/spring-amqp,7a7579698ed567de801695ec4857eb43ff9d470f,1,574,c0ff7833c0013b08
6755,6765,6755,spring-projects/spring-amqp,f54279c57aaaedf7bb07ccc4bee4463849de6720,4,551,c0ff7833c0013b08
6756,6766,6756,spring-projects/spring-amqp,20c39f48d47d7a890a915ca58ba6036c3a7f6812,4,574,c0ff7833c0013b08
6757,6767,6757,spring-projects/spring-amqp,7ff0db916304faed1f92e76742753ac2f7c73c2b,7,574,c0ff7833c0013b08
6758,6768,6758,spring-projects/spring-amqp,da1e2ac27d2ad7949795a80cf4faff18ff4d0641,2,561,c0ff7833c0013b08
6759,6769,6759,spring-projects/spring-amqp,da1e2ac27d2ad7949795a80cf4faff18ff4d0641,4,561,c0ff7833c0013b08
6764,6774,6764,spring-projects/spring-amqp,81dd39db6238aff6aa5c1f71add89209d88e97e2,3,558,c0ff7833c0013b08
6765,6775,6765,spring-projects/spring-amqp,561a079ded2085254ae7c757f22b4a29e5b2b91d,2,547,c0ff7833c0013b08
6766,6776,6766,spring-projects/spring-amqp,9f8de0e9af575b969269cad047c9b6b37ea2f783,2,554,c0ff7833c0013b08
6767,6777,6767,spring-projects/spring-amqp,398294431eb42908415b078b5dc6dcfe689fcf66,2,524,c0ff7833c0013b08
6768,6778,6768,spring-projects/spring-amqp,398294431eb42908415b078b5dc6dcfe689fcf66,7,524,c0ff7833c0013b08
6769,6779,6769,spring-projects/spring-amqp,f50c2e8df3fea35cf3ff7927560329852daf16f1,1,519,c0ff7833c0013b08
6770,6780,6770,spring-projects/spring-amqp,f50c2e8df3fea35cf3ff7927560329852daf16f1,2,519,c0ff7833c0013b08
6771,6781,6771,spring-projects/spring-amqp,f50c2e8df3fea35cf3ff7927560329852daf16f1,2,519,c0ff7833c0013b08
6772,6782,6772,spring-projects/spring-amqp,a43ebe43b00ad9de633c8d7d6e46dd71b9548692,2,519,c0ff7833c0013b08
6773,6783,6773,spring-projects/spring-amqp,a43ebe43b00ad9de633c8d7d6e46dd71b9548692,3,519,c0ff7833c0013b08
6774,6784,6774,spring-projects/spring-amqp,a43ebe43b00ad9de633c8d7d6e46dd71b9548692,4,519,c0ff7833c0013b08
6775,6785,6775,spring-projects/spring-amqp,9a2a5a0c7b8edf102377a004c119d5d664ec12a9,2,530,c0ff7833c0013b08
6776,6786,6776,spring-projects/spring-amqp,9a2a5a0c7b8edf102377a004c119d5d664ec12a9,3,530,c0ff7833c0013b08
6777,6787,6777,spring-projects/spring-amqp,6235c7b3f7c1c2b6e4caa3b7ff65c6f383703432,2,527,c0ff7833c0013b08
6779,6789,6779,spring-projects/spring-amqp,2e893120190df948122e01780e8342a9940a1ecd,3,502,c0ff7833c0013b08
6781,6791,6781,spring-projects/spring-amqp,2e893120190df948122e01780e8342a9940a1ecd,4,502,c0ff7833c0013b08
6782,6792,6782,spring-projects/spring-amqp,a52eede771074e18621894e63909d47df0029f95,1,501,c0ff7833c0013b08
6783,6793,6783,spring-projects/spring-amqp,a52eede771074e18621894e63909d47df0029f95,1,501,c0ff7833c0013b08
6786,6796,6786,spring-projects/spring-amqp,64062f84ee3e8a1db9374168d88f3d66c5a4941e,2,494,c0ff7833c0013b08
6787,6797,6787,spring-projects/spring-amqp,64062f84ee3e8a1db9374168d88f3d66c5a4941e,2,494,c0ff7833c0013b08
6788,6798,6788,spring-projects/spring-amqp,46367c560cda8ce108ea5380d2166e24dd4d73be,6,494,c0ff7833c0013b08
6789,6799,6789,spring-projects/spring-amqp,46367c560cda8ce108ea5380d2166e24dd4d73be,6,494,c0ff7833c0013b08
6790,6800,6790,spring-projects/spring-amqp,e23da85349158063382f483f6ecaaa5f3da9ae6e,2,475,c0ff7833c0013b08
6791,6801,6791,spring-projects/spring-amqp,e45f1a8ae69e88a2738a98b63d4dc7c20c6d44ff,2,470,c0ff7833c0013b08
6792,6802,6792,spring-projects/spring-amqp,e45f1a8ae69e88a2738a98b63d4dc7c20c6d44ff,3,470,c0ff7833c0013b08
6794,6804,6794,spring-projects/spring-amqp,982fbc7b4c170c7895c3aad687e30545e8b081d6,1,460,c0ff7833c0013b08
6795,6805,6795,spring-projects/spring-amqp,23a3ba61ef33f2b4ebd00537c880a98d2b49f79a,7,460,c0ff7833c0013b08
6797,6807,6797,spring-projects/spring-amqp,5cdbf425212a6c57b9719a79503a5fad8f0f24be,2,459,c0ff7833c0013b08
6798,6808,6798,spring-projects/spring-amqp,5cdbf425212a6c57b9719a79503a5fad8f0f24be,2,459,c0ff7833c0013b08
6799,6809,6799,spring-projects/spring-amqp,f4b653006dff8e5a28efc1c89656d7481408161d,4,459,c0ff7833c0013b08
6800,6810,6800,spring-projects/spring-amqp,f4b653006dff8e5a28efc1c89656d7481408161d,2,459,c0ff7833c0013b08
6801,6811,6801,spring-projects/spring-amqp,f4b653006dff8e5a28efc1c89656d7481408161d,2,459,c0ff7833c0013b08
6802,6812,6802,spring-projects/spring-amqp,f4b653006dff8e5a28efc1c89656d7481408161d,2,459,c0ff7833c0013b08
6804,6814,6804,spring-projects/spring-amqp,2cb471ff38ce0ddae2f1f87efc412311694266d8,1,454,c0ff7833c0013b08
6807,6817,6807,spring-projects/spring-amqp,2cb471ff38ce0ddae2f1f87efc412311694266d8,4,454,c0ff7833c0013b08
6808,6818,6808,spring-projects/spring-amqp,2cb471ff38ce0ddae2f1f87efc412311694266d8,2,454,c0ff7833c0013b08
6809,6819,6809,spring-projects/spring-amqp,2cb471ff38ce0ddae2f1f87efc412311694266d8,4,454,c0ff7833c0013b08
6810,6820,6810,spring-projects/spring-amqp,02026341cbf96ba219836253785ebb90ea9abe2d,2,453,c0ff7833c0013b08
6811,6821,6811,spring-projects/spring-batch,ebedd02e216437de12789ce068c30018f0317f72,1,1806,c0ff7833c0013b08
6812,6822,6812,spring-projects/spring-batch,ebedd02e216437de12789ce068c30018f0317f72,1,1806,c0ff7833c0013b08
6813,6823,6813,spring-projects/spring-batch,ebedd02e216437de12789ce068c30018f0317f72,1,1806,c0ff7833c0013b08
6814,6824,6814,spring-projects/spring-batch,ebedd02e216437de12789ce068c30018f0317f72,1,1806,c0ff7833c0013b08
6815,6825,6815,spring-projects/spring-batch,ebedd02e216437de12789ce068c30018f0317f72,5,1806,c0ff7833c0013b08
6816,6826,6816,spring-projects/spring-batch,ebedd02e216437de12789ce068c30018f0317f72,1,1806,c0ff7833c0013b08
6817,6827,6817,spring-projects/spring-batch,ebedd02e216437de12789ce068c30018f0317f72,1,1806,c0ff7833c0013b08
6818,6828,6818,spring-projects/spring-batch,ebedd02e216437de12789ce068c30018f0317f72,1,1806,c0ff7833c0013b08
6819,6829,6819,spring-projects/spring-batch,ebedd02e216437de12789ce068c30018f0317f72,2,1806,c0ff7833c0013b08
6820,6830,6820,spring-projects/spring-batch,3a9c468c9c68dfe0408222a1e0352ca1b575c2bc,2,1806,c0ff7833c0013b08
6821,6831,6821,spring-projects/spring-batch,ebedd02e216437de12789ce068c30018f0317f72,2,1806,c0ff7833c0013b08
6822,6832,6822,spring-projects/spring-batch,63a039358a3a04850c60593821f88f5676c93c1e,2,1843,c0ff7833c0013b08
6823,6833,6823,spring-projects/spring-batch,ebedd02e216437de12789ce068c30018f0317f72,2,1806,c0ff7833c0013b08
6824,6834,6824,spring-projects/spring-batch,3a9c468c9c68dfe0408222a1e0352ca1b575c2bc,3,1806,c0ff7833c0013b08
6825,6835,6825,spring-projects/spring-batch,1266de6e353f8074ace24f62beef4167d78eed03,1,1818,c0ff7833c0013b08
6826,6836,6826,spring-projects/spring-batch,3a9c468c9c68dfe0408222a1e0352ca1b575c2bc,1,1806,c0ff7833c0013b08
6827,6837,6827,spring-projects/spring-batch,ebedd02e216437de12789ce068c30018f0317f72,3,1806,c0ff7833c0013b08
6828,6838,6828,spring-projects/spring-batch,ebedd02e216437de12789ce068c30018f0317f72,2,1806,c0ff7833c0013b08
6829,6839,6829,spring-projects/spring-batch,3aa503d6caeaa93c26ee30dbe1a803ec4fd6bd11,1,1818,c0ff7833c0013b08
6831,6841,6831,spring-projects/spring-batch,3bef84da7c7c5220b972bc6af1bc2ce70d386537,5,1801,c0ff7833c0013b08
6832,6842,6832,spring-projects/spring-batch,3bef84da7c7c5220b972bc6af1bc2ce70d386537,2,1801,c0ff7833c0013b08
6833,6843,6833,spring-projects/spring-batch,3bef84da7c7c5220b972bc6af1bc2ce70d386537,6,1801,c0ff7833c0013b08
6834,6844,6834,spring-projects/spring-batch,3bef84da7c7c5220b972bc6af1bc2ce70d386537,1,1801,c0ff7833c0013b08
6835,6845,6835,spring-projects/spring-batch,3bef84da7c7c5220b972bc6af1bc2ce70d386537,5,1801,c0ff7833c0013b08
6836,6846,6836,spring-projects/spring-batch,3bef84da7c7c5220b972bc6af1bc2ce70d386537,4,1801,c0ff7833c0013b08
6837,6847,6837,spring-projects/spring-batch,3bef84da7c7c5220b972bc6af1bc2ce70d386537,3,1801,c0ff7833c0013b08
6838,6848,6838,spring-projects/spring-batch,3bef84da7c7c5220b972bc6af1bc2ce70d386537,1,1801,c0ff7833c0013b08
6839,6849,6839,spring-projects/spring-batch,3aa503d6caeaa93c26ee30dbe1a803ec4fd6bd11,3,1818,c0ff7833c0013b08
6840,6850,6840,spring-projects/spring-batch,420a7baa7511bcfeeefff95bf2be8c8ee692ee29,2,1801,c0ff7833c0013b08
6841,6851,6841,spring-projects/spring-batch,420a7baa7511bcfeeefff95bf2be8c8ee692ee29,1,1801,c0ff7833c0013b08
6842,6852,6842,spring-projects/spring-batch,420a7baa7511bcfeeefff95bf2be8c8ee692ee29,1,1801,c0ff7833c0013b08
6843,6853,6843,spring-projects/spring-batch,420a7baa7511bcfeeefff95bf2be8c8ee692ee29,7,1801,c0ff7833c0013b08
6844,6854,6844,spring-projects/spring-batch,420a7baa7511bcfeeefff95bf2be8c8ee692ee29,1,1801,c0ff7833c0013b08
6845,6855,6845,spring-projects/spring-batch,420a7baa7511bcfeeefff95bf2be8c8ee692ee29,5,1801,c0ff7833c0013b08
6846,6856,6846,spring-projects/spring-batch,ba7cad4ad81dfc44ad380b58944522102a56634a,2,1796,c0ff7833c0013b08
6847,6857,6847,spring-projects/spring-batch,7fc0af6785ade9b03f56120a42d5ce63ad070b59,5,1796,c0ff7833c0013b08
6848,6858,6848,spring-projects/spring-batch,d46aeef01df7416f75f8a27295ad2813b81578a3,5,1797,c0ff7833c0013b08
6849,6859,6849,spring-projects/spring-batch,d46aeef01df7416f75f8a27295ad2813b81578a3,3,1797,c0ff7833c0013b08
6850,6860,6850,spring-projects/spring-batch,a99f1c8645f59d5952cb9c6eb005e761ce3423b9,2,1793,c0ff7833c0013b08
6851,6861,6851,spring-projects/spring-batch,a99f1c8645f59d5952cb9c6eb005e761ce3423b9,4,1793,c0ff7833c0013b08
6853,6863,6853,spring-projects/spring-batch,3aa503d6caeaa93c26ee30dbe1a803ec4fd6bd11,1,1818,c0ff7833c0013b08
6854,6864,6854,spring-projects/spring-batch,b874b794c828b0bd83d87e97d88f4d517b9228df,1,1828,c0ff7833c0013b08
6855,6865,6855,spring-projects/spring-batch,d588027fe5cc2905a6985ec78fc22ff9b5a0d9fc,2,1968,c0ff7833c0013b08
6856,6866,6856,spring-projects/spring-batch,273ddeed90454a5337f8477fb3d3bebe91ddc2eb,2,1792,c0ff7833c0013b08
6857,6867,6857,spring-projects/spring-batch,f4e9eea4e4eabab894f9ef0a6341314769369a4c,2,1834,c0ff7833c0013b08
6858,6868,6858,spring-projects/spring-batch,420a7baa7511bcfeeefff95bf2be8c8ee692ee29,2,1801,c0ff7833c0013b08
6859,6869,6859,spring-projects/spring-batch,273ddeed90454a5337f8477fb3d3bebe91ddc2eb,1,1792,c0ff7833c0013b08
6860,6870,6860,spring-projects/spring-batch,ebedd02e216437de12789ce068c30018f0317f72,3,1806,c0ff7833c0013b08
6862,6872,6862,spring-projects/spring-batch,680eac960c1961cf043d95c16dcecdad683f0a70,1,1965,c0ff7833c0013b08
6863,6873,6863,spring-projects/spring-batch,680eac960c1961cf043d95c16dcecdad683f0a70,3,1965,c0ff7833c0013b08
6864,6874,6864,spring-projects/spring-batch,680eac960c1961cf043d95c16dcecdad683f0a70,2,1965,c0ff7833c0013b08
6865,6875,6865,spring-projects/spring-batch,680eac960c1961cf043d95c16dcecdad683f0a70,1,1965,c0ff7833c0013b08
6866,6876,6866,spring-projects/spring-batch,ade546bf0eff6fc6e8c39f4e7a774f4e865b0d2c,2,1810,c0ff7833c0013b08
6867,6877,6867,spring-projects/spring-batch,3bef84da7c7c5220b972bc6af1bc2ce70d386537,2,1801,c0ff7833c0013b08
6869,6879,6869,spring-projects/spring-batch,3aa76244fd3a110a6c2be17027a5df02a46b7034,2,1964,c0ff7833c0013b08
6870,6880,6870,spring-projects/spring-batch,1266de6e353f8074ace24f62beef4167d78eed03,3,1818,c0ff7833c0013b08
6871,6881,6871,spring-projects/spring-batch,3aa503d6caeaa93c26ee30dbe1a803ec4fd6bd11,1,1818,c0ff7833c0013b08
6873,6883,6873,spring-projects/spring-batch,60c53a2bead506dd400616a4634402fafd7e4105,2,1959,c0ff7833c0013b08
6874,6884,6874,spring-projects/spring-batch,680eac960c1961cf043d95c16dcecdad683f0a70,2,1965,c0ff7833c0013b08
6875,6885,6875,spring-projects/spring-batch,28a8b09f90f742f3767668d7ea7b36e7e5bcd487,5,1963,c0ff7833c0013b08
6876,6886,6876,spring-projects/spring-batch,857adcf17be01cdda420c77678dc8c29d865cdd8,3,1952,c0ff7833c0013b08
6877,6887,6877,spring-projects/spring-batch,3aa76244fd3a110a6c2be17027a5df02a46b7034,2,1964,c0ff7833c0013b08
6878,6888,6878,spring-projects/spring-batch,28a8b09f90f742f3767668d7ea7b36e7e5bcd487,2,1963,c0ff7833c0013b08
6879,6889,6879,spring-projects/spring-batch,a9cbb6cf20ee31cb22cf5f2df5fa053e16aa41dc,1,1949,c0ff7833c0013b08
6880,6890,6880,spring-projects/spring-batch,01385eee6d8895f5ae01be035b700d5e7019279d,2,1959,c0ff7833c0013b08
6881,6891,6881,spring-projects/spring-batch,01385eee6d8895f5ae01be035b700d5e7019279d,3,1959,c0ff7833c0013b08
6882,6892,6882,spring-projects/spring-batch,228e39f9761711fb31180f576298b648c36eb03c,2,1932,c0ff7833c0013b08
6883,6893,6883,spring-projects/spring-batch,228e39f9761711fb31180f576298b648c36eb03c,2,1932,c0ff7833c0013b08
6884,6894,6884,spring-projects/spring-batch,228e39f9761711fb31180f576298b648c36eb03c,2,1932,c0ff7833c0013b08
6885,6895,6885,spring-projects/spring-batch,ebedd02e216437de12789ce068c30018f0317f72,2,1806,c0ff7833c0013b08
6886,6896,6886,spring-projects/spring-batch,228e39f9761711fb31180f576298b648c36eb03c,4,1932,c0ff7833c0013b08
6887,6897,6887,spring-projects/spring-batch,228e39f9761711fb31180f576298b648c36eb03c,4,1932,c0ff7833c0013b08
6888,6898,6888,spring-projects/spring-batch,228e39f9761711fb31180f576298b648c36eb03c,2,1932,c0ff7833c0013b08
6889,6899,6889,spring-projects/spring-batch,228e39f9761711fb31180f576298b648c36eb03c,2,1932,c0ff7833c0013b08
6890,6900,6890,spring-projects/spring-batch,228e39f9761711fb31180f576298b648c36eb03c,2,1932,c0ff7833c0013b08
6891,6901,6891,spring-projects/spring-batch,a99f1c8645f59d5952cb9c6eb005e761ce3423b9,10,1793,c0ff7833c0013b08
6892,6902,6892,spring-projects/spring-batch,a99f1c8645f59d5952cb9c6eb005e761ce3423b9,4,1793,c0ff7833c0013b08
6893,6903,6893,spring-projects/spring-batch,f4e9eea4e4eabab894f9ef0a6341314769369a4c,2,1834,c0ff7833c0013b08
6894,6904,6894,spring-projects/spring-batch,ebedd02e216437de12789ce068c30018f0317f72,2,1806,c0ff7833c0013b08
6895,6905,6895,spring-projects/spring-batch,228e39f9761711fb31180f576298b648c36eb03c,2,1932,c0ff7833c0013b08
6896,6906,6896,spring-projects/spring-batch,3aa76244fd3a110a6c2be17027a5df02a46b7034,2,1964,c0ff7833c0013b08
6898,6908,6898,spring-projects/spring-batch,228e39f9761711fb31180f576298b648c36eb03c,1,1932,c0ff7833c0013b08
6899,6909,6899,spring-projects/spring-data-commons,15d4ec32f33afb046478f02c137528ec27e661ac,1,963,c0ff7833c0013b08
6902,6912,6902,spring-projects/spring-data-commons,dd53fbc09b5c0420179b4361ceeb002d9716f92c,4,962,c0ff7833c0013b08
6903,6913,6903,spring-projects/spring-data-commons,dd53fbc09b5c0420179b4361ceeb002d9716f92c,3,962,c0ff7833c0013b08
6904,6914,6904,spring-projects/spring-data-commons,a08c4c65c705313e6c5a62651fbdec0b84347aea,2,963,c0ff7833c0013b08
6905,6915,6905,spring-projects/spring-data-commons,a08c4c65c705313e6c5a62651fbdec0b84347aea,1,963,c0ff7833c0013b08
6906,6916,6906,spring-projects/spring-data-commons,ce35012fa9796adde7391b4b56992bf0a3cdb8a6,3,937,c0ff7833c0013b08
6908,6918,6908,spring-projects/spring-data-commons,b3c47d584ef54f9eab92b3e52c6490a9f5d837c2,2,958,c0ff7833c0013b08
6909,6919,6909,spring-projects/spring-data-commons,4701ada20929dccabcb8c9896206b14c07d1e84b,1,956,c0ff7833c0013b08
6910,6920,6910,spring-projects/spring-data-commons,4701ada20929dccabcb8c9896206b14c07d1e84b,1,956,c0ff7833c0013b08
6912,6922,6912,spring-projects/spring-data-commons,4701ada20929dccabcb8c9896206b14c07d1e84b,1,956,c0ff7833c0013b08
6913,6923,6913,spring-projects/spring-data-commons,4ba4c82faca325820c62fb9701b2e39d37adfd87,2,937,c0ff7833c0013b08
6916,6926,6916,spring-projects/spring-data-commons,4ea5361a4e0431c460bf7e787c3646c1bd77d91f,5,855,c0ff7833c0013b08
6917,6927,6917,spring-projects/spring-data-commons,06f99322a2f1fb418a027623f16afdf6fdd1ca8e,2,936,c0ff7833c0013b08
6918,6928,6918,spring-projects/spring-data-commons,06f99322a2f1fb418a027623f16afdf6fdd1ca8e,2,936,c0ff7833c0013b08
6919,6929,6919,spring-projects/spring-data-commons,f833c3c257283bae9ab6f13f1eb486f429faead2,2,936,c0ff7833c0013b08
6920,6930,6920,spring-projects/spring-data-commons,eef71d082bf36f934096bcfd8e985d47d9b2fde1,3,923,c0ff7833c0013b08
6921,6931,6921,spring-projects/spring-data-commons,d055a7f22693d6fe4fcaf5ab87b0e7d0a26f6b21,3,855,c0ff7833c0013b08
6922,6932,6922,spring-projects/spring-data-commons,19a5fccf475b55536f9cc612a892a83af9a2c85d,2,923,c0ff7833c0013b08
6923,6933,6923,spring-projects/spring-data-commons,15cc7038363ccd53241e7680087562f28add1e89,2,923,c0ff7833c0013b08
6924,6934,6924,spring-projects/spring-data-commons,ac92b5ee9ed83432cec927a47c893dcd4f61e0b1,2,919,c0ff7833c0013b08
6925,6935,6925,spring-projects/spring-data-commons,ac92b5ee9ed83432cec927a47c893dcd4f61e0b1,4,919,c0ff7833c0013b08
6926,6936,6926,spring-projects/spring-data-commons,b98f27e206168b9bb4b47b4e4118eb2f2f370f31,2,821,c0ff7833c0013b08
6927,6937,6927,spring-projects/spring-data-commons,139b3b6f216096a7425287934e0d7e0791e7c60e,3,820,c0ff7833c0013b08
6928,6938,6928,spring-projects/spring-data-commons,4701ada20929dccabcb8c9896206b14c07d1e84b,9,956,c0ff7833c0013b08
6930,6940,6930,spring-projects/spring-data-commons,de112698bc453afac29d4dddf3dee04af5f1b5ed,3,807,c0ff7833c0013b08
6932,6942,6932,spring-projects/spring-data-commons,b6929a5b5521bb462f514cde51e3cdac4c1b6bb2,2,806,c0ff7833c0013b08
6933,6943,6933,spring-projects/spring-data-commons,e1b0b67019d8726456ca2f2a362952865f836dbb,1,819,c0ff7833c0013b08
6934,6944,6934,spring-projects/spring-data-commons,eb415038862f0293e9845a7b02fb41a83463cffe,2,806,c0ff7833c0013b08
6935,6945,6935,spring-projects/spring-data-commons,57c1d290275304e0265b1d868b3baac6d9fc394a,1,816,c0ff7833c0013b08
6937,6947,6937,spring-projects/spring-data-commons,62ed4a1f94cd3e024fbe278eb956dbf8efdcd3e7,2,775,c0ff7833c0013b08
6938,6948,6938,spring-projects/spring-data-commons,62689e452a6563502e8562f1ade7ef7d3cfc60c6,1,756,c0ff7833c0013b08
6939,6949,6939,spring-projects/spring-data-commons,bf27322ddca71c145893f6da7717643e3522677f,2,775,c0ff7833c0013b08
6940,6950,6940,spring-projects/spring-data-commons,f8ae10e8a04002146b1d16f0d603dd951ae46c61,2,805,c0ff7833c0013b08
6941,6951,6941,spring-projects/spring-data-commons,bf27322ddca71c145893f6da7717643e3522677f,1,775,c0ff7833c0013b08
6942,6952,6942,spring-projects/spring-data-commons,bf27322ddca71c145893f6da7717643e3522677f,5,775,c0ff7833c0013b08
6943,6953,6943,spring-projects/spring-data-commons,8caee0aef81451dacc45923e5a92dd8e924f7895,2,806,c0ff7833c0013b08
6944,6954,6944,spring-projects/spring-data-commons,bf27322ddca71c145893f6da7717643e3522677f,1,775,c0ff7833c0013b08
6945,6955,6945,spring-projects/spring-data-jpa,07cadeaaa3fd9c6bd8b852fd17dd754da7a5d77e,1,509,c0ff7833c0013b08
6946,6956,6946,spring-projects/spring-data-jpa,07cadeaaa3fd9c6bd8b852fd17dd754da7a5d77e,1,509,c0ff7833c0013b08
6947,6957,6947,spring-projects/spring-data-jpa,07cadeaaa3fd9c6bd8b852fd17dd754da7a5d77e,3,509,c0ff7833c0013b08
6948,6958,6948,spring-projects/spring-data-jpa,8dc8c0c801af39bfdb3a8f2501000891b1e6b4dd,7,509,c0ff7833c0013b08
6951,6961,6951,spring-projects/spring-data-jpa,199186ea8bb848c6637f325eae36e2a385cc94c9,3,492,c0ff7833c0013b08
6953,6963,6953,spring-projects/spring-data-jpa,199186ea8bb848c6637f325eae36e2a385cc94c9,3,492,c0ff7833c0013b08
6954,6964,6954,spring-projects/spring-data-jpa,f1ee82a7575b9d678405f7a84fe8b705eee9d08a,2,491,c0ff7833c0013b08
6955,6965,6955,spring-projects/spring-data-jpa,199186ea8bb848c6637f325eae36e2a385cc94c9,8,492,c0ff7833c0013b08
6957,6967,6957,spring-projects/spring-data-jpa,2725d92a61569ae48d976ced6a60bb042f723ffd,2,490,c0ff7833c0013b08
6958,6968,6958,spring-projects/spring-data-jpa,c1fdd1d41a550d1aed6ccea080817c4e0b6a693c,2,490,c0ff7833c0013b08
6959,6969,6959,spring-projects/spring-data-jpa,b40a45f022396a607349d765ba5b9bb0d91cbf72,1,465,c0ff7833c0013b08
6960,6970,6960,spring-projects/spring-data-jpa,6a355ebe9d0f6d89b2c423dfb5a9650e21770b4c,3,489,c0ff7833c0013b08
6961,6971,6961,spring-projects/spring-data-jpa,35fd2995a22d629d878f373fffd24f0a16d286e5,2,489,c0ff7833c0013b08
6963,6973,6963,spring-projects/spring-data-jpa,35fd2995a22d629d878f373fffd24f0a16d286e5,3,489,c0ff7833c0013b08
6964,6974,6964,spring-projects/spring-data-jpa,0ef008ad4f1a8f404aa984ab8a78e4a56f42e3fa,2,488,c0ff7833c0013b08
6965,6975,6965,spring-projects/spring-data-jpa,7b8bfaaf31cc00614eb30a4397c989e39111e885,3,464,c0ff7833c0013b08
6967,6977,6967,spring-projects/spring-data-jpa,528cec8dc8cf0c6b1708196e9b20466ec2a6448f,1,460,c0ff7833c0013b08
6968,6978,6968,spring-projects/spring-data-jpa,f60c8a66435444b37afddceb199756a8f10f2666,2,479,c0ff7833c0013b08
6969,6979,6969,spring-projects/spring-data-jpa,f60c8a66435444b37afddceb199756a8f10f2666,1,479,c0ff7833c0013b08
6970,6980,6970,spring-projects/spring-data-jpa,70372279cdf6af76891bd849963b0ce57250eed1,4,460,c0ff7833c0013b08
6971,6981,6971,spring-projects/spring-data-jpa,2f7b87fec49d8ce87205e557a9610984c1c178b9,3,460,c0ff7833c0013b08
6973,6983,6973,spring-projects/spring-data-jpa,c4148e5bd519c6ce179f17663564dfd6d07b4f12,4,455,c0ff7833c0013b08
6974,6984,6974,spring-projects/spring-data-jpa,5b4a4d949026a970e2aa7ce2f18daaaed28425c7,2,438,c0ff7833c0013b08
6975,6985,6975,spring-projects/spring-data-jpa,5b4a4d949026a970e2aa7ce2f18daaaed28425c7,2,438,c0ff7833c0013b08
6976,6986,6976,spring-projects/spring-data-jpa,de4af44466ddc39c870159d4eb6f0b595f47b927,2,456,c0ff7833c0013b08
6977,6987,6977,spring-projects/spring-data-jpa,5b4a4d949026a970e2aa7ce2f18daaaed28425c7,2,438,c0ff7833c0013b08
6978,6988,6978,spring-projects/spring-data-jpa,5b4a4d949026a970e2aa7ce2f18daaaed28425c7,2,438,c0ff7833c0013b08
6979,6989,6979,spring-projects/spring-data-jpa,f60c8a66435444b37afddceb199756a8f10f2666,2,479,c0ff7833c0013b08
6981,6991,6981,spring-projects/spring-data-jpa,5f50a53a55f4e768ab7d9a68c29a1301e389dc83,9,383,c0ff7833c0013b08
6982,6992,6982,spring-projects/spring-data-jpa,82834dfcefc85b525ed227ce772e88080d4afa06,2,378,c0ff7833c0013b08
6983,6993,6983,spring-projects/spring-data-jpa,f60c8a66435444b37afddceb199756a8f10f2666,2,479,c0ff7833c0013b08
6984,6994,6984,spring-projects/spring-data-jpa,5b4a4d949026a970e2aa7ce2f18daaaed28425c7,2,438,c0ff7833c0013b08
6985,6995,6985,spring-projects/spring-data-jpa,5b4a4d949026a970e2aa7ce2f18daaaed28425c7,4,438,c0ff7833c0013b08
6986,6996,6986,spring-projects/spring-data-jpa,f60c8a66435444b37afddceb199756a8f10f2666,3,479,c0ff7833c0013b08
6987,6997,6987,spring-projects/spring-data-jpa,5b4a4d949026a970e2aa7ce2f18daaaed28425c7,3,438,c0ff7833c0013b08
6990,7000,6990,spring-projects/spring-data-jpa,7ff86e1dfc13fbd97a6ef627277b63ca3a84ee7a,2,515,c0ff7833c0013b08
6991,7001,6991,spring-projects/spring-data-mongodb,04ba69a45a996305f895305e51141c90ec498c67,2,1099,c0ff7833c0013b08
6992,7002,6992,spring-projects/spring-data-mongodb,0b6970ce59cfc77a3b0a6c533e0d07751a7565d4,2,1100,c0ff7833c0013b08
6994,7004,6994,spring-projects/spring-data-mongodb,7e69a6b39f25d6fa58be4446c565723fe55d9fba,4,1100,c0ff7833c0013b08
6995,7005,6995,spring-projects/spring-data-mongodb,1c4243cf6396b552b2467b58c43f3b93683c213a,2,1096,c0ff7833c0013b08
6996,7006,6996,spring-projects/spring-data-mongodb,b8eb49d942799b01fde8841cc68316b9931c68a2,2,1096,c0ff7833c0013b08
6997,7007,6997,spring-projects/spring-data-mongodb,b8eb49d942799b01fde8841cc68316b9931c68a2,2,1096,c0ff7833c0013b08
6998,7008,6998,spring-projects/spring-data-mongodb,b8b93bcf93050d923aadef60a8142eda03c8f62f,1,1096,c0ff7833c0013b08
6999,7009,6999,spring-projects/spring-data-mongodb,c15b903e1b1cfab212c2408097e75266722887fa,2,1083,c0ff7833c0013b08
7000,7010,7000,spring-projects/spring-data-mongodb,7b48cf75a8d2b3713580c45e6bfd5e48b40fb933,2,1083,c0ff7833c0013b08
7001,7011,7001,spring-projects/spring-data-mongodb,b8b93bcf93050d923aadef60a8142eda03c8f62f,3,1096,c0ff7833c0013b08
7002,7012,7002,spring-projects/spring-data-mongodb,7b48cf75a8d2b3713580c45e6bfd5e48b40fb933,3,1083,c0ff7833c0013b08
7003,7013,7003,spring-projects/spring-data-mongodb,bae0d91010bc4acfd16dd60468108f8d4da16309,4,1096,c0ff7833c0013b08
7004,7014,7004,spring-projects/spring-data-mongodb,8455869f627541a9c4ca17fdd5e5a1789d85d6cb,1,1083,c0ff7833c0013b08
7005,7015,7005,spring-projects/spring-data-mongodb,b25b9fcfc21470ee73c2ada7a259f4a76cbcbe52,2,1021,c0ff7833c0013b08
7006,7016,7006,spring-projects/spring-data-mongodb,bae0d91010bc4acfd16dd60468108f8d4da16309,6,1096,c0ff7833c0013b08
7007,7017,7007,spring-projects/spring-data-mongodb,5492fa6759ebfb676ad4a24c952f217a1d8de517,5,1044,c0ff7833c0013b08
7009,7019,7009,spring-projects/spring-data-mongodb,bae0d91010bc4acfd16dd60468108f8d4da16309,2,1096,c0ff7833c0013b08
7010,7020,7010,spring-projects/spring-data-mongodb,adc76123a765fa1a7d3d91e7ed50d8969d1715ab,2,1044,c0ff7833c0013b08
7011,7021,7011,spring-projects/spring-data-mongodb,adc76123a765fa1a7d3d91e7ed50d8969d1715ab,2,1044,c0ff7833c0013b08
7012,7022,7012,spring-projects/spring-data-mongodb,c1a587692f5a17781979f1d86a9e4c296b68a71d,1,1043,c0ff7833c0013b08
7013,7023,7013,spring-projects/spring-data-mongodb,06e11ec75dd024ca29a5241ec46d304c80663c25,3,1020,c0ff7833c0013b08
7015,7025,7015,spring-projects/spring-data-mongodb,bc9b32871b7d7b5497dfbd53077e8cc8908b6369,2,1020,c0ff7833c0013b08
7017,7027,7017,spring-projects/spring-data-mongodb,b6c732718b596c89ea74cf7ac34ed700d308dfd3,4,1020,c0ff7833c0013b08
7018,7028,7018,spring-projects/spring-data-mongodb,b6c732718b596c89ea74cf7ac34ed700d308dfd3,2,1020,c0ff7833c0013b08
7019,7029,7019,spring-projects/spring-data-mongodb,b6c732718b596c89ea74cf7ac34ed700d308dfd3,3,1020,c0ff7833c0013b08
7020,7030,7020,spring-projects/spring-data-mongodb,86d6ba9cc98631e40bfe7d96d279144b6f5ccb23,8,1020,c0ff7833c0013b08
7022,7032,7022,spring-projects/spring-data-mongodb,a2296534c7f3ad58c8874f60ac3e899a0715905f,2,1069,c0ff7833c0013b08
7024,7034,7024,spring-projects/spring-data-mongodb,77b2b28ab21157ca7f69ac2a1f7e9b440ce47d1e,2,1042,c0ff7833c0013b08
7025,7035,7025,spring-projects/spring-data-mongodb,5d530993364175169eaada6102ecac560b64f0f2,2,1020,c0ff7833c0013b08
7028,7038,7028,spring-projects/spring-data-mongodb,4f15880d7b2d8206571caef7d376e00ba08e2e7c,2,1020,c0ff7833c0013b08
7030,7040,7030,spring-projects/spring-data-mongodb,0de55deb033a193a6cbca19c6a9a39de657c1f83,2,1009,c0ff7833c0013b08
7031,7041,7031,spring-projects/spring-data-mongodb,3342c75ecf3e560c70637155df8cae658ff4a6bb,2,1016,c0ff7833c0013b08
7032,7042,7032,spring-projects/spring-data-mongodb,0de55deb033a193a6cbca19c6a9a39de657c1f83,2,1009,c0ff7833c0013b08
7033,7043,7033,spring-projects/spring-data-mongodb,3342c75ecf3e560c70637155df8cae658ff4a6bb,2,1016,c0ff7833c0013b08
7034,7044,7034,spring-projects/spring-data-mongodb,0de55deb033a193a6cbca19c6a9a39de657c1f83,2,1009,c0ff7833c0013b08
7035,7045,7035,spring-projects/spring-data-mongodb,3342c75ecf3e560c70637155df8cae658ff4a6bb,2,1016,c0ff7833c0013b08
7037,7047,7037,spring-projects/spring-data-mongodb,404ce6a9877e449da6a260a63ab7b68205dfafc0,2,1009,c0ff7833c0013b08
7038,7048,7038,spring-projects/spring-data-mongodb,5d530993364175169eaada6102ecac560b64f0f2,2,1020,c0ff7833c0013b08
7040,7050,7040,spring-projects/spring-data-mongodb,4f15880d7b2d8206571caef7d376e00ba08e2e7c,2,1020,c0ff7833c0013b08
7041,7051,7041,spring-projects/spring-data-mongodb,0de55deb033a193a6cbca19c6a9a39de657c1f83,2,1009,c0ff7833c0013b08
7042,7052,7042,spring-projects/spring-data-mongodb,3342c75ecf3e560c70637155df8cae658ff4a6bb,2,1016,c0ff7833c0013b08
7043,7053,7043,spring-projects/spring-data-mongodb,3342c75ecf3e560c70637155df8cae658ff4a6bb,7,1016,c0ff7833c0013b08
7044,7054,7044,spring-projects/spring-data-mongodb,a70f592b265f1272d038c4c5585073dfc1dbf6ca,1,1015,c0ff7833c0013b08
7045,7055,7045,spring-projects/spring-data-mongodb,68769004b04d5d1760f4afa25fb6e74f731a8ce4,5,1019,c0ff7833c0013b08
7046,7056,7046,spring-projects/spring-data-mongodb,182536981a94007a667203445c74c79958b6996e,2,1009,c0ff7833c0013b08
7047,7057,7047,spring-projects/spring-data-mongodb,547b96e1323a90dedffe678973b7ef61e19daaeb,1,966,c0ff7833c0013b08
7048,7058,7048,spring-projects/spring-data-mongodb,92a07fd0245c226530c3a330c822b66ddf790bdb,7,1008,c0ff7833c0013b08
7049,7059,7049,spring-projects/spring-data-mongodb,20a8b5e5f1f1b6d6d4324456fe131be3715d1dfd,2,966,c0ff7833c0013b08
7050,7060,7050,spring-projects/spring-data-mongodb,b28da2eed32f5b23e30607050f6bc574dcd46cbc,2,1008,c0ff7833c0013b08
7051,7061,7051,spring-projects/spring-data-mongodb,8ebc632130ee731a420e508c1cd21ad19de73179,2,1042,c0ff7833c0013b08
7052,7062,7052,spring-projects/spring-data-mongodb,d855a0b07d011083182690d8dfa39ff002f10b39,3,966,c0ff7833c0013b08
7053,7063,7053,spring-projects/spring-data-mongodb,00350edd3265b3d81c1551e7ffb90fa1a72c9fd6,4,1004,c0ff7833c0013b08
7054,7064,7054,spring-projects/spring-data-mongodb,00350edd3265b3d81c1551e7ffb90fa1a72c9fd6,2,1004,c0ff7833c0013b08
7055,7065,7055,spring-projects/spring-data-mongodb,00350edd3265b3d81c1551e7ffb90fa1a72c9fd6,2,1004,c0ff7833c0013b08
7057,7067,7057,spring-projects/spring-data-mongodb,6ce5a26dc647b57d2a16566ead9d48e6c1a45b0d,2,953,c0ff7833c0013b08
7059,7069,7059,spring-projects/spring-data-mongodb,87ab1ac48ceaec1f014a6f50148cb6b4d9c20544,2,980,c0ff7833c0013b08
7060,7070,7060,spring-projects/spring-data-mongodb,87ab1ac48ceaec1f014a6f50148cb6b4d9c20544,3,980,c0ff7833c0013b08
7061,7071,7061,spring-projects/spring-data-mongodb,7385262c475b06611f0101ac2fb6599c9f3453b2,2,965,c0ff7833c0013b08
7062,7072,7062,spring-projects/spring-data-mongodb,3e97d47248fee14c94419600ed2be3eed33ed998,2,953,c0ff7833c0013b08
7063,7073,7063,spring-projects/spring-data-mongodb,9ef138678400d237cfe4e94bc7fc16535e5af2c4,2,953,c0ff7833c0013b08
7064,7074,7064,spring-projects/spring-data-mongodb,9ef138678400d237cfe4e94bc7fc16535e5af2c4,6,953,c0ff7833c0013b08
7065,7075,7065,spring-projects/spring-data-mongodb,05b46779cba06554dbf7b26cced7953b9fdb5816,2,942,c0ff7833c0013b08
7066,7076,7066,spring-projects/spring-data-mongodb,05b46779cba06554dbf7b26cced7953b9fdb5816,3,942,c0ff7833c0013b08
7067,7077,7067,spring-projects/spring-data-mongodb,e49119038db70b09838e9be1b5c17e77eb5f2bea,4,942,c0ff7833c0013b08
7068,7078,7068,spring-projects/spring-data-mongodb,e49119038db70b09838e9be1b5c17e77eb5f2bea,2,942,c0ff7833c0013b08
7069,7079,7069,spring-projects/spring-data-mongodb,e49119038db70b09838e9be1b5c17e77eb5f2bea,2,942,c0ff7833c0013b08
7070,7080,7070,spring-projects/spring-data-mongodb,1b60eae77178f180023de1fd2031a4a3ff8920f9,3,953,c0ff7833c0013b08
7071,7081,7071,spring-projects/spring-data-mongodb,47f1b53ca0835242eeafc7b0765b8b9161e4edfc,3,889,c0ff7833c0013b08
7073,7083,7073,spring-projects/spring-data-mongodb,05b46779cba06554dbf7b26cced7953b9fdb5816,2,942,c0ff7833c0013b08
7074,7084,7074,spring-projects/spring-data-mongodb,f4f24ec1a7704f729427e9a97dc732d3a7afe3a3,1,962,c0ff7833c0013b08
7075,7085,7075,spring-projects/spring-data-redis,f49845066868b3bdb1e874e02173437aa2285f17,1,867,c0ff7833c0013b08
7076,7086,7076,spring-projects/spring-data-redis,dd6a3b86207860ca05d928d17c506f275673de8a,2,854,c0ff7833c0013b08
7077,7087,7077,spring-projects/spring-data-redis,59481726f4c5f7451c19d639ec5edbba2f373649,4,867,c0ff7833c0013b08
7078,7088,7078,spring-projects/spring-data-redis,dd6a3b86207860ca05d928d17c506f275673de8a,4,854,c0ff7833c0013b08
7080,7090,7080,spring-projects/spring-data-redis,dd6a3b86207860ca05d928d17c506f275673de8a,1,854,c0ff7833c0013b08
7081,7091,7081,spring-projects/spring-data-redis,2b627e3b6d06735fe17cf244b4cb32c5cb4af4fc,2,854,c0ff7833c0013b08
7082,7092,7082,spring-projects/spring-data-redis,2b627e3b6d06735fe17cf244b4cb32c5cb4af4fc,2,854,c0ff7833c0013b08
7083,7093,7083,spring-projects/spring-data-redis,f8c43c92e4dea428bd080189bef4dc8ee0dd7164,1,852,c0ff7833c0013b08
7084,7094,7084,spring-projects/spring-data-redis,db6394d923f31ac6720d24ab02da93f495e66d6a,3,852,c0ff7833c0013b08
7086,7096,7086,spring-projects/spring-data-redis,90b8c6ec8eddef9ad857d633b52c32babae410b5,2,848,c0ff7833c0013b08
7088,7098,7088,spring-projects/spring-data-redis,c6257c4668bce6853e382440fa6537e595360a4b,3,851,c0ff7833c0013b08
7089,7099,7089,spring-projects/spring-data-redis,49ecf1c49da5540bb919947c7ae5005ee18d41c2,3,845,c0ff7833c0013b08
7090,7100,7090,spring-projects/spring-data-redis,a6f0bc1133871bc9704a82c36a3f82e9263c9170,1,845,c0ff7833c0013b08
7092,7102,7092,spring-projects/spring-data-redis,5cba2e49c7ac43734d666d38e266ec2f9be485da,3,849,c0ff7833c0013b08
7094,7104,7094,spring-projects/spring-data-redis,20ec9a04df3ffb50ccb93da3c7bca96e6cde1fae,2,849,c0ff7833c0013b08
7095,7105,7095,spring-projects/spring-data-redis,4aa995577ff315e9baab40801338a6b29ab16bd8,3,843,c0ff7833c0013b08
7096,7106,7096,spring-projects/spring-data-redis,f54ba3206a87d6052f5a1d5e37797bd900b97ea7,5,844,c0ff7833c0013b08
7097,7107,7097,spring-projects/spring-data-redis,f54ba3206a87d6052f5a1d5e37797bd900b97ea7,2,844,c0ff7833c0013b08
7098,7108,7098,spring-projects/spring-data-redis,e07dee599fb86ec78e92cb8984c2ba177fc2a05a,3,844,c0ff7833c0013b08
7099,7109,7099,spring-projects/spring-data-redis,7b4d199baa0d6ae970dc667302a78b2eed723ca5,2,848,c0ff7833c0013b08
7100,7110,7100,spring-projects/spring-data-redis,e07dee599fb86ec78e92cb8984c2ba177fc2a05a,2,844,c0ff7833c0013b08
7101,7111,7101,spring-projects/spring-data-redis,3f3979df8652c45d04047974a529117c3711fa6f,2,848,c0ff7833c0013b08
7102,7112,7102,spring-projects/spring-data-redis,3f3979df8652c45d04047974a529117c3711fa6f,2,848,c0ff7833c0013b08
7103,7113,7103,spring-projects/spring-data-redis,3f3979df8652c45d04047974a529117c3711fa6f,4,848,c0ff7833c0013b08
7104,7114,7104,spring-projects/spring-data-redis,7b4d199baa0d6ae970dc667302a78b2eed723ca5,5,848,c0ff7833c0013b08
7105,7115,7105,spring-projects/spring-data-redis,de990482fdbf5fb2a6da2f2d90ad195b549ec050,2,844,c0ff7833c0013b08
7106,7116,7106,spring-projects/spring-data-redis,de990482fdbf5fb2a6da2f2d90ad195b549ec050,5,844,c0ff7833c0013b08
7107,7117,7107,spring-projects/spring-data-redis,28efb91bcdea5b383602d74379a8b71442751632,2,848,c0ff7833c0013b08
7108,7118,7108,spring-projects/spring-data-redis,28efb91bcdea5b383602d74379a8b71442751632,6,848,c0ff7833c0013b08
7109,7119,7109,spring-projects/spring-data-redis,78e91c5205be2843e31540d0d1d726a91a504936,1,844,c0ff7833c0013b08
7110,7120,7110,spring-projects/spring-data-redis,78e91c5205be2843e31540d0d1d726a91a504936,2,844,c0ff7833c0013b08
7112,7122,7112,spring-projects/spring-data-redis,125a0313705b1924d2feb282eb12cfc3b89080e7,2,829,c0ff7833c0013b08
7113,7123,7113,spring-projects/spring-data-redis,4fda5e296b298de97b03ccb55e8f0199349a613d,2,817,c0ff7833c0013b08
7114,7124,7114,spring-projects/spring-data-redis,39d52f40745ac54d7eac922f3e3b7cb3861f5dc2,2,827,c0ff7833c0013b08
7115,7125,7115,spring-projects/spring-data-redis,9d18fa8a45e129a902ca74680776ad492cd80772,3,817,c0ff7833c0013b08
7116,7126,7116,spring-projects/spring-data-redis,c93c8d78c096713000b2ff34fba5e620971a367a,3,822,c0ff7833c0013b08
7117,7127,7117,spring-projects/spring-data-redis,869e961ebe75c5cba3b0e89adecaf554d1c10c83,4,827,c0ff7833c0013b08
7118,7128,7118,spring-projects/spring-data-redis,a42ac2b8226af279effb5fffe8753987fe433386,1,788,c0ff7833c0013b08
7119,7129,7119,spring-projects/spring-data-redis,a42ac2b8226af279effb5fffe8753987fe433386,2,788,c0ff7833c0013b08
7120,7130,7120,spring-projects/spring-data-redis,39d52f40745ac54d7eac922f3e3b7cb3861f5dc2,3,827,c0ff7833c0013b08
7121,7131,7121,spring-projects/spring-data-redis,b0755f7d44d846132acc3481d94982ff05986ae5,2,867,c0ff7833c0013b08
7122,7132,7122,spring-projects/spring-data-rest,7248dc016afcddf22837b97c95a2cdee49346a37,2,437,c0ff7833c0013b08
7123,7133,7123,spring-projects/spring-data-rest,0e68bdb117baf64262f2ac2808c5eeb1b5b333c7,2,437,c0ff7833c0013b08
7124,7134,7124,spring-projects/spring-data-rest,edc9de48c85f9846d8fffc1a62d74930018ea1de,2,434,c0ff7833c0013b08
7125,7135,7125,spring-projects/spring-data-rest,7b70321ce8fd616c9401ac5af8e32e32b406aaf2,2,434,c0ff7833c0013b08
7126,7136,7126,spring-projects/spring-data-rest,7b70321ce8fd616c9401ac5af8e32e32b406aaf2,2,434,c0ff7833c0013b08
7127,7137,7127,spring-projects/spring-data-rest,8a90565336ecc09c88c911b2c60bca29e523fa2c,1,427,c0ff7833c0013b08
7129,7139,7129,spring-projects/spring-data-rest,dd3638939809478aee21959e3433edaa09ad481a,3,434,c0ff7833c0013b08
7130,7140,7130,spring-projects/spring-data-rest,c8fd127ba17408de5635034065f8ace01b9bb426,5,428,c0ff7833c0013b08
7131,7141,7131,spring-projects/spring-data-rest,c8fd127ba17408de5635034065f8ace01b9bb426,2,428,c0ff7833c0013b08
7132,7142,7132,spring-projects/spring-data-rest,31d9eacc4a6262b9103c65fc3c90f740f91c2ec8,1,426,c0ff7833c0013b08
7133,7143,7133,spring-projects/spring-data-rest,fe9c2f478952ed0d827ac301be077dc3bd63eb76,1,423,c0ff7833c0013b08
7134,7144,7134,spring-projects/spring-data-rest,10000f4af5026dea47854975ffc87a6c085965e9,2,425,c0ff7833c0013b08
7135,7145,7135,spring-projects/spring-data-rest,9cbe1d82d098395ca605518a5a34aa5e6519d458,2,423,c0ff7833c0013b08
7136,7146,7136,spring-projects/spring-data-rest,ce1d04581b2ffd759fcf486be7b1cb111c8665df,4,437,c0ff7833c0013b08
7137,7147,7137,spring-projects/spring-data-rest,94fa938434ee28bbf0faa24aeb6f19784d871c67,2,430,c0ff7833c0013b08
7138,7148,7138,spring-projects/spring-ldap,b4cf3992e56e2fc8ecfa8578c717b5bd5d7c83b6,2,591,c0ff7833c0013b08
7139,7149,7139,spring-projects/spring-ldap,b4cf3992e56e2fc8ecfa8578c717b5bd5d7c83b6,2,591,c0ff7833c0013b08
7140,7150,7140,spring-projects/spring-ldap,d715d3fd7ea7374b1892befb4a673b7bc0c65dd8,1,607,c0ff7833c0013b08
7141,7151,7141,spring-projects/spring-ldap,3c5f8beaedf4056fc297b1c4d21fb5b92f7dde00,1,589,c0ff7833c0013b08
7142,7152,7142,spring-projects/spring-ldap,83fb635467ab0fa1aff02dccfe93fb88aad78c36,1,530,c0ff7833c0013b08
7143,7153,7143,spring-projects/spring-ldap,724e3741871065117e4ef4f2a18ed52e6339bb8e,2,596,c0ff7833c0013b08
7144,7154,7144,spring-projects/spring-ldap,10873ca84b0a59cc0e401c0154a0311884384ae9,2,526,c0ff7833c0013b08
7145,7155,7145,spring-projects/spring-security,c506ee6b692dcc3ad2e8d2a89abd2d1a4403b34c,2,2791,c0ff7833c0013b08
7146,7156,7146,spring-projects/spring-security,77235e1f1de25172a9801b3e4c78f4926850a5b7,2,2455,c0ff7833c0013b08
7147,7157,7147,spring-projects/spring-security,77235e1f1de25172a9801b3e4c78f4926850a5b7,4,2455,c0ff7833c0013b08
7149,7159,7149,spring-projects/spring-security,e66e52d08c258d4988a7cfe88dcb750cf116660e,1,2389,c0ff7833c0013b08
7150,7160,7150,spring-projects/spring-security,e66e52d08c258d4988a7cfe88dcb750cf116660e,2,2389,c0ff7833c0013b08
7151,7161,7151,spring-projects/spring-security,e66e52d08c258d4988a7cfe88dcb750cf116660e,2,2389,c0ff7833c0013b08
7152,7162,7152,spring-projects/spring-security,e66e52d08c258d4988a7cfe88dcb750cf116660e,2,2389,c0ff7833c0013b08
7153,7163,7153,spring-projects/spring-security,e66e52d08c258d4988a7cfe88dcb750cf116660e,2,2389,c0ff7833c0013b08
7155,7165,7155,spring-projects/spring-security,fdd22e50829576c8d40abb2f1cca6a7d36da7883,4,2339,c0ff7833c0013b08
7156,7166,7156,spring-projects/spring-security,fdd22e50829576c8d40abb2f1cca6a7d36da7883,2,2339,c0ff7833c0013b08
7157,7167,7157,spring-projects/spring-security,f85f2fa740bbdbde60e6707f1c72fef6d545780d,2,2735,c0ff7833c0013b08
7159,7169,7159,spring-projects/spring-security,fdd22e50829576c8d40abb2f1cca6a7d36da7883,2,2339,c0ff7833c0013b08
7161,7171,7161,spring-projects/spring-security,fdd22e50829576c8d40abb2f1cca6a7d36da7883,2,2339,c0ff7833c0013b08
7162,7172,7162,spring-projects/spring-security,8d5d0fd8919cb858dfc9177b0657997b7e50a992,1,2307,c0ff7833c0013b08
7163,7173,7163,spring-projects/spring-security,8d5d0fd8919cb858dfc9177b0657997b7e50a992,2,2307,c0ff7833c0013b08
7165,7175,7165,spring-projects/spring-security,fdd22e50829576c8d40abb2f1cca6a7d36da7883,2,2339,c0ff7833c0013b08
7167,7177,7167,spring-projects/spring-security,8d5d0fd8919cb858dfc9177b0657997b7e50a992,2,2307,c0ff7833c0013b08
7168,7178,7168,spring-projects/spring-security,8d5d0fd8919cb858dfc9177b0657997b7e50a992,2,2307,c0ff7833c0013b08
7169,7179,7169,spring-projects/spring-security,8d5d0fd8919cb858dfc9177b0657997b7e50a992,4,2307,c0ff7833c0013b08
7170,7180,7170,spring-projects/spring-security,8d5d0fd8919cb858dfc9177b0657997b7e50a992,4,2307,c0ff7833c0013b08
7171,7181,7171,spring-projects/spring-security,8d5d0fd8919cb858dfc9177b0657997b7e50a992,3,2307,c0ff7833c0013b08
7172,7182,7172,spring-projects/spring-security,c073705d555d94bd271dabb16990d87a33a8284c,2,2304,c0ff7833c0013b08
7173,7183,7173,spring-projects/spring-security,8c4ff64db02cc3968950acc3eb6bfb2fcc120c4d,3,2293,c0ff7833c0013b08
7174,7184,7174,spring-projects/spring-security,8c4ff64db02cc3968950acc3eb6bfb2fcc120c4d,3,2293,c0ff7833c0013b08
7176,7186,7176,spring-projects/spring-security,5fde56d84a507c9b2c7987b82a26b597807bb502,3,2001,c0ff7833c0013b08
7178,7188,7178,spring-projects/spring-security,8c4ff64db02cc3968950acc3eb6bfb2fcc120c4d,4,2293,c0ff7833c0013b08
7179,7189,7179,spring-projects/spring-security,e9449beb5f665e360d5abf356f65847b89e168ae,2,2787,c0ff7833c0013b08
7180,7190,7180,spring-projects/spring-security,77235e1f1de25172a9801b3e4c78f4926850a5b7,3,2455,c0ff7833c0013b08
7181,7191,7181,spring-projects/spring-security,ff06fcb1abb4788610c99c94155680ed9af87a17,1,2191,c0ff7833c0013b08
7182,7192,7182,spring-projects/spring-security,e0d95c7c8adb35476568d58d487bb6593e972a61,2,1643,c0ff7833c0013b08
7183,7193,7183,spring-projects/spring-security,85c8d53b366cc5f792435d6a5b203ceea41b2e30,2,2001,c0ff7833c0013b08
7184,7194,7184,spring-projects/spring-security,85c8d53b366cc5f792435d6a5b203ceea41b2e30,2,2001,c0ff7833c0013b08
7185,7195,7185,spring-projects/spring-security,ff06fcb1abb4788610c99c94155680ed9af87a17,2,2191,c0ff7833c0013b08
7186,7196,7186,spring-projects/spring-security,ff06fcb1abb4788610c99c94155680ed9af87a17,2,2191,c0ff7833c0013b08
7187,7197,7187,spring-projects/spring-security,a1c93b1cce804072f34bc54f7c9aef5b736a1793,2,2090,c0ff7833c0013b08
7188,7198,7188,spring-projects/spring-security,a1c93b1cce804072f34bc54f7c9aef5b736a1793,3,2090,c0ff7833c0013b08
7189,7199,7189,spring-projects/spring-security,09429479feb2ace3c97acb6ef6d8c2bb17e98d9a,4,2001,c0ff7833c0013b08
7191,7201,7191,spring-projects/spring-security,8d5d0fd8919cb858dfc9177b0657997b7e50a992,3,2307,c0ff7833c0013b08
7192,7202,7192,spring-projects/spring-security,8d5d0fd8919cb858dfc9177b0657997b7e50a992,2,2307,c0ff7833c0013b08
7193,7203,7193,spring-projects/spring-security,a1c93b1cce804072f34bc54f7c9aef5b736a1793,2,2090,c0ff7833c0013b08
7195,7205,7195,spring-projects/spring-security,a1c93b1cce804072f34bc54f7c9aef5b736a1793,2,2090,c0ff7833c0013b08
7196,7206,7196,spring-projects/spring-security,c506ee6b692dcc3ad2e8d2a89abd2d1a4403b34c,1,2791,c0ff7833c0013b08
7197,7207,7197,spring-projects/spring-security,c506ee6b692dcc3ad2e8d2a89abd2d1a4403b34c,1,2791,c0ff7833c0013b08
7199,7209,7199,spring-projects/spring-security,c506ee6b692dcc3ad2e8d2a89abd2d1a4403b34c,2,2791,c0ff7833c0013b08
7200,7210,7200,spring-projects/spring-security,c506ee6b692dcc3ad2e8d2a89abd2d1a4403b34c,2,2791,c0ff7833c0013b08
7201,7211,7201,spring-projects/spring-security,c506ee6b692dcc3ad2e8d2a89abd2d1a4403b34c,2,2791,c0ff7833c0013b08
7202,7212,7202,spring-projects/spring-security,c506ee6b692dcc3ad2e8d2a89abd2d1a4403b34c,2,2791,c0ff7833c0013b08
7203,7213,7203,spring-projects/spring-security,ef78626045724492cf88b086873cc71d224483e7,1,2006,c0ff7833c0013b08
7204,7214,7204,spring-projects/spring-security,c506ee6b692dcc3ad2e8d2a89abd2d1a4403b34c,1,2791,c0ff7833c0013b08
7205,7215,7205,spring-projects/spring-security,cb9d524e1678ac1a97c82dcc5e12e03e51d36d9a,4,2793,c0ff7833c0013b08
7206,7216,7206,spring-projects/spring-security,747d8817cbadc307f7407c26fc88b2ff63c37149,1,2780,c0ff7833c0013b08
7207,7217,7207,spring-projects/spring-security,747d8817cbadc307f7407c26fc88b2ff63c37149,2,2780,c0ff7833c0013b08
7208,7218,7208,spring-projects/spring-security,747d8817cbadc307f7407c26fc88b2ff63c37149,2,2780,c0ff7833c0013b08
7209,7219,7209,spring-projects/spring-security,747d8817cbadc307f7407c26fc88b2ff63c37149,4,2780,c0ff7833c0013b08
7210,7220,7210,spring-projects/spring-security,747d8817cbadc307f7407c26fc88b2ff63c37149,3,2780,c0ff7833c0013b08
7211,7221,7211,spring-projects/spring-security,9a2b71d931d3b639567fab4a50f1ad2fffa46961,2,2665,c0ff7833c0013b08
7212,7222,7212,spring-projects/spring-security,747d8817cbadc307f7407c26fc88b2ff63c37149,2,2780,c0ff7833c0013b08
7213,7223,7213,spring-projects/spring-security,747d8817cbadc307f7407c26fc88b2ff63c37149,6,2780,c0ff7833c0013b08
7214,7224,7214,spring-projects/spring-security,747d8817cbadc307f7407c26fc88b2ff63c37149,2,2780,c0ff7833c0013b08
7215,7225,7215,spring-projects/spring-security,747d8817cbadc307f7407c26fc88b2ff63c37149,1,2780,c0ff7833c0013b08
7216,7226,7216,spring-projects/spring-security,c506ee6b692dcc3ad2e8d2a89abd2d1a4403b34c,1,2791,c0ff7833c0013b08
7217,7227,7217,spring-projects/spring-security,747d8817cbadc307f7407c26fc88b2ff63c37149,2,2780,c0ff7833c0013b08
7218,7228,7218,spring-projects/spring-security,747d8817cbadc307f7407c26fc88b2ff63c37149,2,2780,c0ff7833c0013b08
7219,7229,7219,spring-projects/spring-security,f85f2fa740bbdbde60e6707f1c72fef6d545780d,2,2735,c0ff7833c0013b08
7220,7230,7220,spring-projects/spring-security,f85f2fa740bbdbde60e6707f1c72fef6d545780d,3,2735,c0ff7833c0013b08
7221,7231,7221,spring-projects/spring-security,f85f2fa740bbdbde60e6707f1c72fef6d545780d,2,2735,c0ff7833c0013b08
7222,7232,7222,spring-projects/spring-security,f85f2fa740bbdbde60e6707f1c72fef6d545780d,4,2735,c0ff7833c0013b08
7223,7233,7223,spring-projects/spring-security,f85f2fa740bbdbde60e6707f1c72fef6d545780d,1,2735,c0ff7833c0013b08
7224,7234,7224,spring-projects/spring-security,f85f2fa740bbdbde60e6707f1c72fef6d545780d,2,2735,c0ff7833c0013b08
7225,7235,7225,spring-projects/spring-security,7af26f12dc1e0feb6ffcd3d9f446085ef08e944f,2,2684,c0ff7833c0013b08
7226,7236,7226,spring-projects/spring-security,7af26f12dc1e0feb6ffcd3d9f446085ef08e944f,2,2684,c0ff7833c0013b08
7228,7238,7228,spring-projects/spring-security,7af26f12dc1e0feb6ffcd3d9f446085ef08e944f,3,2684,c0ff7833c0013b08
7230,7240,7230,spring-projects/spring-security,7af26f12dc1e0feb6ffcd3d9f446085ef08e944f,2,2684,c0ff7833c0013b08
7231,7241,7231,spring-projects/spring-security,b7d97ca077ef92a2eb750b56f7b2415e1e02ea01,2,2660,c0ff7833c0013b08
7233,7243,7233,spring-projects/spring-security,b7d97ca077ef92a2eb750b56f7b2415e1e02ea01,2,2660,c0ff7833c0013b08
7234,7244,7234,spring-projects/spring-security,b7d97ca077ef92a2eb750b56f7b2415e1e02ea01,2,2660,c0ff7833c0013b08
7235,7245,7235,spring-projects/spring-security,b7d97ca077ef92a2eb750b56f7b2415e1e02ea01,3,2660,c0ff7833c0013b08
7237,7247,7237,spring-projects/spring-security,b7d97ca077ef92a2eb750b56f7b2415e1e02ea01,1,2660,c0ff7833c0013b08
7238,7248,7238,spring-projects/spring-security,b7d97ca077ef92a2eb750b56f7b2415e1e02ea01,6,2660,c0ff7833c0013b08
7239,7249,7239,spring-projects/spring-security,c506ee6b692dcc3ad2e8d2a89abd2d1a4403b34c,2,2791,c0ff7833c0013b08
7240,7250,7240,spring-projects/spring-security,b7d97ca077ef92a2eb750b56f7b2415e1e02ea01,3,2660,c0ff7833c0013b08
7241,7251,7241,spring-projects/spring-security,b7d97ca077ef92a2eb750b56f7b2415e1e02ea01,2,2660,c0ff7833c0013b08
7242,7252,7242,spring-projects/spring-security,b7d97ca077ef92a2eb750b56f7b2415e1e02ea01,3,2660,c0ff7833c0013b08
7243,7253,7243,spring-projects/spring-security,c506ee6b692dcc3ad2e8d2a89abd2d1a4403b34c,1,2791,c0ff7833c0013b08
7244,7254,7244,spring-projects/spring-security,b7d97ca077ef92a2eb750b56f7b2415e1e02ea01,2,2660,c0ff7833c0013b08
7245,7255,7245,spring-projects/spring-security,ecf00625ffe7ca703711a8e8143435e33ec1ccac,2,2626,c0ff7833c0013b08
7246,7256,7246,spring-projects/spring-security,ecf00625ffe7ca703711a8e8143435e33ec1ccac,2,2626,c0ff7833c0013b08
7247,7257,7247,spring-projects/spring-security,ecf00625ffe7ca703711a8e8143435e33ec1ccac,1,2626,c0ff7833c0013b08
7248,7258,7248,spring-projects/spring-security,ecf00625ffe7ca703711a8e8143435e33ec1ccac,1,2626,c0ff7833c0013b08
7249,7259,7249,spring-projects/spring-security,ecf00625ffe7ca703711a8e8143435e33ec1ccac,1,2626,c0ff7833c0013b08
7250,7260,7250,spring-projects/spring-security,ecf00625ffe7ca703711a8e8143435e33ec1ccac,1,2626,c0ff7833c0013b08
7251,7261,7251,spring-projects/spring-security,ecf00625ffe7ca703711a8e8143435e33ec1ccac,1,2626,c0ff7833c0013b08
7252,7262,7252,spring-projects/spring-security,ecf00625ffe7ca703711a8e8143435e33ec1ccac,3,2626,c0ff7833c0013b08
7253,7263,7253,spring-projects/spring-security,be23fd626ea5753a2a415501580c26c455ae6cfc,1,2507,c0ff7833c0013b08
7254,7264,7254,spring-projects/spring-security,be23fd626ea5753a2a415501580c26c455ae6cfc,2,2507,c0ff7833c0013b08
7255,7265,7255,spring-projects/spring-security,be23fd626ea5753a2a415501580c26c455ae6cfc,1,2507,c0ff7833c0013b08
7257,7267,7257,spring-projects/spring-security,be23fd626ea5753a2a415501580c26c455ae6cfc,4,2507,c0ff7833c0013b08
7258,7268,7258,spring-projects/spring-security,abd100122e54fa07c8b11c78808e56ba96521fa2,2,2662,c0ff7833c0013b08
7260,7270,7260,spring-projects/spring-security,be23fd626ea5753a2a415501580c26c455ae6cfc,2,2507,c0ff7833c0013b08
7262,7272,7262,spring-projects/spring-security,be23fd626ea5753a2a415501580c26c455ae6cfc,2,2507,c0ff7833c0013b08
7265,7275,7265,spring-projects/spring-security,77235e1f1de25172a9801b3e4c78f4926850a5b7,1,2455,c0ff7833c0013b08
7266,7276,7266,spring-projects/spring-security,abd100122e54fa07c8b11c78808e56ba96521fa2,2,2662,c0ff7833c0013b08
7267,7277,7267,spring-projects/spring-security,abd100122e54fa07c8b11c78808e56ba96521fa2,1,2662,c0ff7833c0013b08
7268,7278,7268,spring-projects/spring-security,abd100122e54fa07c8b11c78808e56ba96521fa2,2,2662,c0ff7833c0013b08
7269,7279,7269,spring-projects/spring-security,abd100122e54fa07c8b11c78808e56ba96521fa2,2,2662,c0ff7833c0013b08
7270,7280,7270,spring-projects/spring-security,abd100122e54fa07c8b11c78808e56ba96521fa2,2,2662,c0ff7833c0013b08
7271,7281,7271,spring-projects/spring-security,2242bf09c48b55ef0a29f73c443da0ee8e7f270b,1,2652,c0ff7833c0013b08
7272,7282,7272,spring-projects/spring-security,abd100122e54fa07c8b11c78808e56ba96521fa2,2,2662,c0ff7833c0013b08
7273,7283,7273,spring-projects/spring-security,2242bf09c48b55ef0a29f73c443da0ee8e7f270b,3,2652,c0ff7833c0013b08
7274,7284,7274,spring-projects/spring-security,c562b7d439a1cdc41bbd814ea6656b3b5b25d91b,2,2644,c0ff7833c0013b08
7275,7285,7275,spring-projects/spring-security,c562b7d439a1cdc41bbd814ea6656b3b5b25d91b,1,2644,c0ff7833c0013b08
7276,7286,7276,spring-projects/spring-security,c562b7d439a1cdc41bbd814ea6656b3b5b25d91b,1,2644,c0ff7833c0013b08
7277,7287,7277,spring-projects/spring-security,c562b7d439a1cdc41bbd814ea6656b3b5b25d91b,4,2644,c0ff7833c0013b08
7278,7288,7278,spring-projects/spring-security,c562b7d439a1cdc41bbd814ea6656b3b5b25d91b,2,2644,c0ff7833c0013b08
7280,7290,7280,spring-projects/spring-security,c562b7d439a1cdc41bbd814ea6656b3b5b25d91b,2,2644,c0ff7833c0013b08
7281,7291,7281,spring-projects/spring-security,1c351ca2fd4a9b2f1d038b913b7cbd1acbf985e4,6,2862,c0ff7833c0013b08
7283,7293,7283,spring-projects/spring-security,abd100122e54fa07c8b11c78808e56ba96521fa2,4,2662,c0ff7833c0013b08
7284,7294,7284,spring-projects/spring-security,c562b7d439a1cdc41bbd814ea6656b3b5b25d91b,4,2644,c0ff7833c0013b08
7285,7295,7285,spring-projects/spring-security,3cba4eccdcd5f17932ea9f365bd6df2684820819,2,2837,c0ff7833c0013b08
7286,7296,7286,spring-projects/spring-security,9effebe93475a685b156de364a4704cc95c10124,2,2829,c0ff7833c0013b08
7287,7297,7287,spring-projects/spring-security,3cba4eccdcd5f17932ea9f365bd6df2684820819,3,2837,c0ff7833c0013b08
7288,7298,7288,spring-projects/spring-security,9effebe93475a685b156de364a4704cc95c10124,2,2829,c0ff7833c0013b08
7289,7299,7289,spring-projects/spring-security,abd100122e54fa07c8b11c78808e56ba96521fa2,2,2662,c0ff7833c0013b08
7290,7300,7290,spring-projects/spring-security,3cba4eccdcd5f17932ea9f365bd6df2684820819,2,2837,c0ff7833c0013b08
7292,7302,7292,spring-projects/spring-security,3cba4eccdcd5f17932ea9f365bd6df2684820819,2,2837,c0ff7833c0013b08
7293,7303,7293,spring-projects/spring-security,3cba4eccdcd5f17932ea9f365bd6df2684820819,2,2837,c0ff7833c0013b08
7294,7304,7294,spring-projects/spring-security,3cba4eccdcd5f17932ea9f365bd6df2684820819,2,2837,c0ff7833c0013b08
7295,7305,7295,spring-projects/spring-security,651c94b3859eb6c3eee4ee632b1419e59d99d8dd,2,2830,c0ff7833c0013b08
7296,7306,7296,spring-projects/spring-security,651c94b3859eb6c3eee4ee632b1419e59d99d8dd,2,2830,c0ff7833c0013b08
7297,7307,7297,spring-projects/spring-security,651c94b3859eb6c3eee4ee632b1419e59d99d8dd,1,2830,c0ff7833c0013b08
7298,7308,7298,spring-projects/spring-security,651c94b3859eb6c3eee4ee632b1419e59d99d8dd,2,2830,c0ff7833c0013b08
7299,7309,7299,spring-projects/spring-security,651c94b3859eb6c3eee4ee632b1419e59d99d8dd,3,2830,c0ff7833c0013b08
7300,7310,7300,spring-projects/spring-security,651c94b3859eb6c3eee4ee632b1419e59d99d8dd,1,2830,c0ff7833c0013b08
7301,7311,7301,spring-projects/spring-security,651c94b3859eb6c3eee4ee632b1419e59d99d8dd,1,2830,c0ff7833c0013b08
7302,7312,7302,spring-projects/spring-security,651c94b3859eb6c3eee4ee632b1419e59d99d8dd,1,2830,c0ff7833c0013b08
7303,7313,7303,spring-projects/spring-security,651c94b3859eb6c3eee4ee632b1419e59d99d8dd,2,2830,c0ff7833c0013b08
7305,7315,7305,spring-projects/spring-security,74b42ba956ededc997565edf0c73c2242b653614,6,2825,c0ff7833c0013b08
7306,7316,7306,spring-projects/spring-security,cb9d524e1678ac1a97c82dcc5e12e03e51d36d9a,2,2793,c0ff7833c0013b08
7307,7317,7307,spring-projects/spring-security,74b42ba956ededc997565edf0c73c2242b653614,3,2825,c0ff7833c0013b08
7308,7318,7308,spring-projects/spring-security,abd100122e54fa07c8b11c78808e56ba96521fa2,2,2662,c0ff7833c0013b08
7314,7324,7314,spring-projects/spring-security,063e56ce8be850c0fdaec6c3a5af5a6b06a3f83a,4,2974,c0ff7833c0013b08
7316,7326,7316,spring-projects/spring-security,8eb235d36e3269e15f5ab05f41e28a501d532814,2,2836,c0ff7833c0013b08
7318,7328,7318,spring-projects/spring-security,fdad14af6328da45ec2c9be7913127cb35d976ba,2,2820,c0ff7833c0013b08
7319,7329,7319,spring-projects/spring-security,22a1c99b9e74f0f5177e050b4ffe0dd59b3a5341,2,2913,c0ff7833c0013b08
7320,7330,7320,spring-projects/spring-security,8eb235d36e3269e15f5ab05f41e28a501d532814,2,2836,c0ff7833c0013b08
7321,7331,7321,spring-projects/spring-security,eaac43a179212942269433562ca75bdc38938de8,2,2836,c0ff7833c0013b08
7322,7332,7322,spring-projects/spring-security,e80b3cc5a22bc5739a9d2109895fb0df2e9385bc,7,2913,c0ff7833c0013b08
7323,7333,7323,spring-projects/spring-security,e80b3cc5a22bc5739a9d2109895fb0df2e9385bc,9,2913,c0ff7833c0013b08
7324,7334,7324,spring-projects/spring-security,e80b3cc5a22bc5739a9d2109895fb0df2e9385bc,2,2913,c0ff7833c0013b08
7325,7335,7325,spring-projects/spring-security,6dbba7b4a8464c6a90a9cd7a6e61924de53cd62f,4,2829,c0ff7833c0013b08
7326,7336,7326,spring-projects/spring-security,6dbba7b4a8464c6a90a9cd7a6e61924de53cd62f,5,2829,c0ff7833c0013b08
7327,7337,7327,spring-projects/spring-security,79912a0a44d984073fe45205b8af5aa105be1a2e,4,2866,c0ff7833c0013b08
7328,7338,7328,spring-projects/spring-security,ed0a323a7168d10507678bba49215cbb5f695fe7,1,2904,c0ff7833c0013b08
7329,7339,7329,spring-projects/spring-security,2426989441cb5ea56f1a774a3d2b7db2b4054c81,2,2877,c0ff7833c0013b08
7330,7340,7330,spring-projects/spring-security,2426989441cb5ea56f1a774a3d2b7db2b4054c81,10,2877,c0ff7833c0013b08
7331,7341,7331,spring-projects/spring-security,2426989441cb5ea56f1a774a3d2b7db2b4054c81,1,2877,c0ff7833c0013b08
7332,7342,7332,spring-projects/spring-security,ed0a323a7168d10507678bba49215cbb5f695fe7,3,2904,c0ff7833c0013b08
7333,7343,7333,spring-projects/spring-security,ed0a323a7168d10507678bba49215cbb5f695fe7,2,2904,c0ff7833c0013b08
7334,7344,7334,spring-projects/spring-security,a8457b518fa7185985504991340dc64837731bd1,2,2846,c0ff7833c0013b08
7335,7345,7335,spring-projects/spring-security,a8457b518fa7185985504991340dc64837731bd1,2,2846,c0ff7833c0013b08
7336,7346,7336,spring-projects/spring-security,a8457b518fa7185985504991340dc64837731bd1,2,2846,c0ff7833c0013b08
7337,7347,7337,spring-projects/spring-security,a8457b518fa7185985504991340dc64837731bd1,7,2846,c0ff7833c0013b08
7338,7348,7338,spring-projects/spring-security,38691e66623601dcf71938fdae8e5f52a47a37d0,1,2807,c0ff7833c0013b08
7339,7349,7339,spring-projects/spring-security,fa628f7491277c02c820eda6f8d13a98566dd6fa,6,2808,c0ff7833c0013b08
7340,7350,7340,spring-projects/spring-security,fa628f7491277c02c820eda6f8d13a98566dd6fa,1,2808,c0ff7833c0013b08
7341,7351,7341,spring-projects/spring-security,38691e66623601dcf71938fdae8e5f52a47a37d0,1,2807,c0ff7833c0013b08
7342,7352,7342,spring-projects/spring-security,fa628f7491277c02c820eda6f8d13a98566dd6fa,4,2808,c0ff7833c0013b08
7344,7354,7344,spring-projects/spring-security,fa628f7491277c02c820eda6f8d13a98566dd6fa,2,2808,c0ff7833c0013b08
7347,7357,7347,spring-projects/spring-security,38691e66623601dcf71938fdae8e5f52a47a37d0,3,2807,c0ff7833c0013b08
7349,7359,7349,spring-projects/spring-security,38691e66623601dcf71938fdae8e5f52a47a37d0,1,2807,c0ff7833c0013b08
7350,7360,7350,spring-projects/spring-security,e9449beb5f665e360d5abf356f65847b89e168ae,4,2787,c0ff7833c0013b08
7351,7361,7351,spring-projects/spring-security,e9449beb5f665e360d5abf356f65847b89e168ae,2,2787,c0ff7833c0013b08
7352,7362,7352,spring-projects/spring-security,e9449beb5f665e360d5abf356f65847b89e168ae,2,2787,c0ff7833c0013b08
7353,7363,7353,spring-projects/spring-security,e9449beb5f665e360d5abf356f65847b89e168ae,4,2787,c0ff7833c0013b08
7354,7364,7354,spring-projects/spring-security,bdc3feaa6d4e63eb7b696418c38848177ad37337,4,2666,c0ff7833c0013b08
7355,7365,7355,spring-projects/spring-security,fa628f7491277c02c820eda6f8d13a98566dd6fa,2,2808,c0ff7833c0013b08
7356,7366,7356,spring-projects/spring-security,e9449beb5f665e360d5abf356f65847b89e168ae,4,2787,c0ff7833c0013b08
7357,7367,7357,spring-projects/spring-security,38d2b21967f7370e1a1f4f13cb16133cc1085289,4,2724,c0ff7833c0013b08
7358,7368,7358,spring-projects/spring-security,38d2b21967f7370e1a1f4f13cb16133cc1085289,2,2724,c0ff7833c0013b08
7359,7369,7359,spring-projects/spring-security,aa8440e1ee713921c714586ab94db36be7e28f11,2,2844,c0ff7833c0013b08
7360,7370,7360,spring-projects/spring-security,ad2b1d40b881850de5d3a2a3b5e5d1a56a0d2b4c,2,3023,c0ff7833c0013b08
7361,7371,7361,spring-projects/spring-security,d6eeafb10cbe7e96be5077a1b7cf0afee5f673f4,3,2940,c0ff7833c0013b08
7367,7377,7367,spring-projects/spring-security,d6eeafb10cbe7e96be5077a1b7cf0afee5f673f4,1,2940,c0ff7833c0013b08
7368,7378,7368,spring-projects/spring-security,e75b210015650a6a044e25fecc597ed9f5bc2201,6,3045,c0ff7833c0013b08
7369,7379,7369,spring-projects/spring-security,e75b210015650a6a044e25fecc597ed9f5bc2201,2,3045,c0ff7833c0013b08
7370,7380,7370,spring-projects/spring-security,e75b210015650a6a044e25fecc597ed9f5bc2201,2,3045,c0ff7833c0013b08
7371,7381,7371,spring-projects/spring-security,e75b210015650a6a044e25fecc597ed9f5bc2201,2,3045,c0ff7833c0013b08
7372,7382,7372,spring-projects/spring-security,e75b210015650a6a044e25fecc597ed9f5bc2201,2,3045,c0ff7833c0013b08
7373,7383,7373,spring-projects/spring-security,e75b210015650a6a044e25fecc597ed9f5bc2201,2,3045,c0ff7833c0013b08
7374,7384,7374,spring-projects/spring-security,ff3c560c532e51fc6d8837e276fd424370db1608,2,2962,c0ff7833c0013b08
7375,7385,7375,spring-projects/spring-security,faadadf71a10f2523d57230ff664ecf52aafd251,2,2937,c0ff7833c0013b08
7376,7386,7376,spring-projects/spring-security,faadadf71a10f2523d57230ff664ecf52aafd251,2,2937,c0ff7833c0013b08
7377,7387,7377,spring-projects/spring-security,e4e31f2c900fd85a5517b92e5238cea01ac9535d,8,3052,c0ff7833c0013b08
7378,7388,7378,spring-projects/spring-security,faadadf71a10f2523d57230ff664ecf52aafd251,3,2937,c0ff7833c0013b08
7380,7390,7380,spring-projects/spring-security,faadadf71a10f2523d57230ff664ecf52aafd251,2,2937,c0ff7833c0013b08
7385,7395,7385,spring-projects/spring-security,972075677f970c7a2c9fb80e6992f8618bf1ec30,2,2844,c0ff7833c0013b08
7386,7396,7386,spring-projects/spring-security,faadadf71a10f2523d57230ff664ecf52aafd251,2,2937,c0ff7833c0013b08
7387,7397,7387,spring-projects/spring-security,972075677f970c7a2c9fb80e6992f8618bf1ec30,2,2844,c0ff7833c0013b08
7389,7399,7389,spring-projects/spring-security,972075677f970c7a2c9fb80e6992f8618bf1ec30,1,2844,c0ff7833c0013b08
7391,7401,7391,spring-projects/spring-security,972075677f970c7a2c9fb80e6992f8618bf1ec30,2,2844,c0ff7833c0013b08
7392,7402,7392,spring-projects/spring-security,972075677f970c7a2c9fb80e6992f8618bf1ec30,2,2844,c0ff7833c0013b08
7394,7404,7394,spring-projects/spring-security,3656fa6e0c3ba0e6c737ec98a9d2ca50a3e17bf6,2,2944,c0ff7833c0013b08
7396,7406,7396,spring-projects/spring-security,972075677f970c7a2c9fb80e6992f8618bf1ec30,2,2844,c0ff7833c0013b08
7397,7407,7397,spring-projects/spring-security,972075677f970c7a2c9fb80e6992f8618bf1ec30,2,2844,c0ff7833c0013b08
7399,7409,7399,spring-projects/spring-security,e4e31f2c900fd85a5517b92e5238cea01ac9535d,2,3052,c0ff7833c0013b08
7400,7410,7400,spring-projects/spring-security,b873b244138eb7371e954cff9a2dcc791217ed5e,1,3035,c0ff7833c0013b08
7404,7414,7404,spring-projects/spring-security,92d4599fb008c679db023ab8290dcf7602c461c9,1,2939,c0ff7833c0013b08
7405,7415,7405,spring-projects/spring-security,60f44b347f4af4c56ba897723881ad5a40af0b23,3,2843,c0ff7833c0013b08
7406,7416,7406,spring-projects/spring-security,92d4599fb008c679db023ab8290dcf7602c461c9,2,2939,c0ff7833c0013b08
7407,7417,7407,spring-projects/spring-security,92d4599fb008c679db023ab8290dcf7602c461c9,7,2939,c0ff7833c0013b08
7408,7418,7408,spring-projects/spring-security,60f44b347f4af4c56ba897723881ad5a40af0b23,3,2843,c0ff7833c0013b08
7409,7419,7409,spring-projects/spring-security,60f44b347f4af4c56ba897723881ad5a40af0b23,2,2843,c0ff7833c0013b08
7410,7420,7410,spring-projects/spring-security,60f44b347f4af4c56ba897723881ad5a40af0b23,3,2843,c0ff7833c0013b08
7411,7421,7411,spring-projects/spring-security,e70752954af3dbae673fd3c4124c1ddd5d0ad636,2,2674,c0ff7833c0013b08
7412,7422,7412,spring-projects/spring-security,60f44b347f4af4c56ba897723881ad5a40af0b23,2,2843,c0ff7833c0013b08
7413,7423,7413,spring-projects/spring-security,1ece9f35a39d9a9ed57d887bbcb2046f8a2ee063,3,2939,c0ff7833c0013b08
7414,7424,7414,spring-projects/spring-security,60f44b347f4af4c56ba897723881ad5a40af0b23,2,2843,c0ff7833c0013b08
7416,7426,7416,spring-projects/spring-security,e4e31f2c900fd85a5517b92e5238cea01ac9535d,5,3052,c0ff7833c0013b08
7417,7427,7417,spring-projects/spring-security,faadadf71a10f2523d57230ff664ecf52aafd251,2,2937,c0ff7833c0013b08
7418,7428,7418,spring-projects/spring-security,6b25307339bd9983a5520cf0ac47fa70ceb8b1fc,2,2934,c0ff7833c0013b08
7419,7429,7419,spring-projects/spring-security,dcbe900ff854c66fb122a644e49f9d3b60ed5639,3,3009,c0ff7833c0013b08
7420,7430,7420,spring-projects/spring-security,b873b244138eb7371e954cff9a2dcc791217ed5e,2,3035,c0ff7833c0013b08
7421,7431,7421,spring-projects/spring-security,972075677f970c7a2c9fb80e6992f8618bf1ec30,2,2844,c0ff7833c0013b08
7422,7432,7422,spring-projects/spring-security,063e56ce8be850c0fdaec6c3a5af5a6b06a3f83a,4,2974,c0ff7833c0013b08
7423,7433,7423,spring-projects/spring-security,79912a0a44d984073fe45205b8af5aa105be1a2e,1,2866,c0ff7833c0013b08
7424,7434,7424,spring-projects/spring-security,063e56ce8be850c0fdaec6c3a5af5a6b06a3f83a,1,2974,c0ff7833c0013b08
7425,7435,7425,spring-projects/spring-security,063e56ce8be850c0fdaec6c3a5af5a6b06a3f83a,6,2974,c0ff7833c0013b08
7426,7436,7426,spring-projects/spring-security,8d3586f94907c040f3c417b3f5740d330a237a94,2,2974,c0ff7833c0013b08
7427,7437,7427,spring-projects/spring-security,8d3586f94907c040f3c417b3f5740d330a237a94,2,2974,c0ff7833c0013b08
7428,7438,7428,spring-projects/spring-security,8d3586f94907c040f3c417b3f5740d330a237a94,1,2974,c0ff7833c0013b08
7429,7439,7429,spring-projects/spring-security,c40f65f5a20ec9a34ebc2320eb9520dabbc51622,2,2916,c0ff7833c0013b08
7430,7440,7430,spring-projects/spring-security,8eb235d36e3269e15f5ab05f41e28a501d532814,2,2836,c0ff7833c0013b08
7431,7441,7431,spring-projects/spring-security,8eb235d36e3269e15f5ab05f41e28a501d532814,1,2836,c0ff7833c0013b08
7432,7442,7432,spring-projects/spring-security,20332fedb01e9ea6750aa3a497d18bb25fddc194,1,3048,c0ff7833c0013b08
7433,7443,7433,spring-projects/spring-security,17873adf1f2bb98f2f3f466f2f84ae7b0de6bfbb,6,3048,c0ff7833c0013b08
7434,7444,7434,spring-projects/spring-security,5d3c0621d1ba97e1b9710005e52e72c31f63349a,2,3147,c0ff7833c0013b08
7435,7445,7435,spring-projects/spring-security,5d3c0621d1ba97e1b9710005e52e72c31f63349a,4,3147,c0ff7833c0013b08
7437,7447,7437,spring-projects/spring-security,17873adf1f2bb98f2f3f466f2f84ae7b0de6bfbb,2,3048,c0ff7833c0013b08
7440,7450,7440,spring-projects/spring-security,b38b495630b389041f9114dde6e2b209bb6b3a4d,2,2944,c0ff7833c0013b08
7442,7452,7442,spring-projects/spring-security,8b9beb0e1fa7d2e7b0f1fe726e0ccabe93b97998,1,3048,c0ff7833c0013b08
7443,7453,7443,spring-projects/spring-security,3656fa6e0c3ba0e6c737ec98a9d2ca50a3e17bf6,2,2944,c0ff7833c0013b08
7444,7454,7444,spring-projects/spring-security,8b9beb0e1fa7d2e7b0f1fe726e0ccabe93b97998,1,3048,c0ff7833c0013b08
7449,7459,7449,spring-projects/spring-security,b97c310aba2a855d612ff2be15a4d1a3be0f7423,3,3048,c0ff7833c0013b08
7451,7461,7451,spring-projects/spring-security,17873adf1f2bb98f2f3f466f2f84ae7b0de6bfbb,5,3048,c0ff7833c0013b08
7452,7462,7452,spring-projects/spring-security,b97c310aba2a855d612ff2be15a4d1a3be0f7423,3,3048,c0ff7833c0013b08
7455,7465,7455,spring-projects/spring-security,b97c310aba2a855d612ff2be15a4d1a3be0f7423,2,3048,c0ff7833c0013b08
7458,7468,7458,spring-projects/spring-security,17873adf1f2bb98f2f3f466f2f84ae7b0de6bfbb,1,3048,c0ff7833c0013b08
7459,7469,7459,spring-projects/spring-security,fd1b92b7d06af8fbaf71d9cdd54e219ac247ef51,1,3082,c0ff7833c0013b08
7460,7470,7460,spring-projects/spring-security,e4e31f2c900fd85a5517b92e5238cea01ac9535d,1,3052,c0ff7833c0013b08
7461,7471,7461,spring-projects/spring-security,3fb1a5e7d22e9c4359c624183b74b00b937ad524,2,3098,c0ff7833c0013b08
7462,7472,7462,spring-projects/spring-security,3fb1a5e7d22e9c4359c624183b74b00b937ad524,1,3098,c0ff7833c0013b08
7463,7473,7463,spring-projects/spring-security,3fb1a5e7d22e9c4359c624183b74b00b937ad524,3,3098,c0ff7833c0013b08
7464,7474,7464,spring-projects/spring-security,af6fce4a714aa9919164da6e57555327ffae3790,1,3072,c0ff7833c0013b08
7465,7475,7465,spring-projects/spring-security,e4e31f2c900fd85a5517b92e5238cea01ac9535d,2,3052,c0ff7833c0013b08
7466,7476,7466,spring-projects/spring-security,17873adf1f2bb98f2f3f466f2f84ae7b0de6bfbb,2,3048,c0ff7833c0013b08
7467,7477,7467,spring-projects/spring-security,612909ac4f9b1372269a01703a95b51d1b3deaa5,1,3050,c0ff7833c0013b08
7468,7478,7468,spring-projects/spring-security,e4e31f2c900fd85a5517b92e5238cea01ac9535d,2,3052,c0ff7833c0013b08
7469,7479,7469,spring-projects/spring-security,612909ac4f9b1372269a01703a95b51d1b3deaa5,2,3050,c0ff7833c0013b08
7470,7480,7470,spring-projects/spring-security,3656fa6e0c3ba0e6c737ec98a9d2ca50a3e17bf6,2,2944,c0ff7833c0013b08
7471,7481,7471,spring-projects/spring-security,e4e31f2c900fd85a5517b92e5238cea01ac9535d,2,3052,c0ff7833c0013b08
7472,7482,7472,spring-projects/spring-security,612909ac4f9b1372269a01703a95b51d1b3deaa5,2,3050,c0ff7833c0013b08
7473,7483,7473,spring-projects/spring-security,612909ac4f9b1372269a01703a95b51d1b3deaa5,2,3050,c0ff7833c0013b08
7475,7485,7475,spring-projects/spring-security,741bdcff62e274fc2c5ec76b2f17448c3ce6330d,2,3028,c0ff7833c0013b08
7477,7487,7477,spring-projects/spring-security,e4e31f2c900fd85a5517b92e5238cea01ac9535d,3,3052,c0ff7833c0013b08
7480,7490,7480,spring-projects/spring-security,aa8440e1ee713921c714586ab94db36be7e28f11,2,2844,c0ff7833c0013b08
7481,7491,7481,spring-projects/spring-security,aa8440e1ee713921c714586ab94db36be7e28f11,1,2844,c0ff7833c0013b08
7482,7492,7482,spring-projects/spring-ws,5c5b8e3f0acd596e9062614205b0a9e0f184605a,2,826,c0ff7833c0013b08
