dataset_index,owner_repo,snapshot_sha,n_candidates,n_gt,hit_at_1,hit_at_5,hit_at_10,mrr,trec_ap,gtrecall_at_10
303,apache/camel,0121737351140384c528abe14e11ab6b94a871e9,9710,1,0,1,1,0.25,0.25,1.0
304,apache/camel,0121737351140384c528abe14e11ab6b94a871e9,9710,4,1,1,1,1.0,0.3457329192546584,0.5
305,apache/camel,0121737351140384c528abe14e11ab6b94a871e9,9710,2,1,1,1,1.0,0.525,0.5
306,apache/camel,0121737351140384c528abe14e11ab6b94a871e9,9710,2,0,1,1,0.3333333333333333,0.20238095238095238,0.5
307,apache/camel,031f4067d00c6b07ea61fc7c1442b184d40a3a65,9777,1,0,0,0,0.043478260869565216,0.043478260869565216,0.0
308,apache/camel,031f4067d00c6b07ea61fc7c1442b184d40a3a65,9777,1,1,1,1,1.0,1.0,1.0
309,apache/camel,031f4067d00c6b07ea61fc7c1442b184d40a3a65,9777,1,0,0,0,0.017543859649122806,0.017543859649122806,0.0
310,apache/camel,031f4067d00c6b07ea61fc7c1442b184d40a3a65,9777,1,0,1,1,0.3333333333333333,0.3333333333333333,1.0
311,apache/camel,031f4067d00c6b07ea61fc7c1442b184d40a3a65,9777,1,0,0,0,0.02564102564102564,0.02564102564102564,0.0
312,apache/camel,031f4067d00c6b07ea61fc7c1442b184d40a3a65,9777,2,0,1,1,0.5,0.25363636363636366,0.5
313,apache/camel,031f4067d00c6b07ea61fc7c1442b184d40a3a65,9777,4,1,1,1,1.0,0.3273609555804405,0.5
314,apache/camel,031f4067d00c6b07ea61fc7c1442b184d40a3a65,9777,1,0,1,1,0.3333333333333333,0.3333333333333333,1.0
315,apache/camel,031f4067d00c6b07ea61fc7c1442b184d40a3a65,9777,1,1,1,1,1.0,1.0,1.0
316,apache/camel,031f4067d00c6b07ea61fc7c1442b184d40a3a65,9777,1,0,0,1,0.16666666666666666,0.16666666666666666,1.0
317,apache/camel,031f4067d00c6b07ea61fc7c1442b184d40a3a65,9777,3,1,1,1,1.0,0.3405937346235854,0.3333333333333333
318,apache/camel,031f4067d00c6b07ea61fc7c1442b184d40a3a65,9777,1,1,1,1,1.0,1.0,1.0
319,apache/camel,031f4067d00c6b07ea61fc7c1442b184d40a3a65,9777,2,0,0,0,0.007692307692307693,0.005594405594405594,0.0
320,apache/camel,031f4067d00c6b07ea61fc7c1442b184d40a3a65,9777,1,1,1,1,1.0,1.0,1.0
321,apache/camel,031f4067d00c6b07ea61fc7c1442b184d40a3a65,9777,1,0,0,0,0.02564102564102564,0.02564102564102564,0.0
322,apache/camel,031f4067d00c6b07ea61fc7c1442b184d40a3a65,9777,4,1,1,1,1.0,0.533303388090349,0.5
323,apache/camel,031f4067d00c6b07ea61fc7c1442b184d40a3a65,9777,3,0,0,0,0.004651162790697674,0.004018209067981059,0.0
324,apache/camel,031f4067d00c6b07ea61fc7c1442b184d40a3a65,9777,1,0,0,0,0.034482758620689655,0.034482758620689655,0.0
325,apache/camel,031f4067d00c6b07ea61fc7c1442b184d40a3a65,9777,2,0,0,1,0.14285714285714285,0.07175451666977091,0.5
326,apache/camel,031f4067d00c6b07ea61fc7c1442b184d40a3a65,9777,1,0,0,0,0.08333333333333333,0.08333333333333333,0.0
327,apache/camel,031f4067d00c6b07ea61fc7c1442b184d40a3a65,9777,2,0,0,0,0.0006273525721455458,0.00044425868356559085,0.0
328,apache/camel,031f4067d00c6b07ea61fc7c1442b184d40a3a65,9777,3,0,1,1,0.3333333333333333,0.40277777777777773,1.0
329,apache/camel,031f4067d00c6b07ea61fc7c1442b184d40a3a65,9777,2,0,0,0,0.008403361344537815,0.009079729452756712,0.0
330,apache/camel,031f4067d00c6b07ea61fc7c1442b184d40a3a65,9777,1,0,0,0,0.09090909090909091,0.09090909090909091,0.0
331,apache/camel,031f4067d00c6b07ea61fc7c1442b184d40a3a65,9777,3,0,0,0,0.0028011204481792717,0.004804830209488717,0.0
332,apache/camel,031f4067d00c6b07ea61fc7c1442b184d40a3a65,9777,1,0,0,0,0.0625,0.0625,0.0
333,apache/camel,031f4067d00c6b07ea61fc7c1442b184d40a3a65,9777,2,1,1,1,1.0,0.5212765957446809,0.5
334,apache/camel,031f4067d00c6b07ea61fc7c1442b184d40a3a65,9777,3,0,0,0,0.010101010101010102,0.003738285586626819,0.0
335,apache/camel,031f4067d00c6b07ea61fc7c1442b184d40a3a65,9777,3,0,0,1,0.1111111111111111,0.048472212529518006,0.3333333333333333
336,apache/camel,031f4067d00c6b07ea61fc7c1442b184d40a3a65,9777,3,1,1,1,1.0,1.0,1.0
337,apache/camel,031f4067d00c6b07ea61fc7c1442b184d40a3a65,9777,3,1,1,1,1.0,0.33992939231152014,0.3333333333333333
338,apache/camel,031f4067d00c6b07ea61fc7c1442b184d40a3a65,9777,1,1,1,1,1.0,1.0,1.0
339,apache/camel,031f4067d00c6b07ea61fc7c1442b184d40a3a65,9777,1,0,0,0,0.003003003003003003,0.003003003003003003,0.0
340,apache/camel,031f4067d00c6b07ea61fc7c1442b184d40a3a65,9777,1,0,0,1,0.16666666666666666,0.16666666666666666,1.0
341,apache/camel,031f4067d00c6b07ea61fc7c1442b184d40a3a65,9777,2,0,1,1,0.3333333333333333,0.3666666666666667,1.0
342,apache/camel,031f4067d00c6b07ea61fc7c1442b184d40a3a65,9777,1,0,0,0,0.006711409395973154,0.006711409395973154,0.0
694,apache/camel,04cbd86fa800e5a19a80a926ea042e7b56f6b66e,12128,3,0,0,0,0.07142857142857142,0.04194520757020757,0.0
695,apache/camel,04cbd86fa800e5a19a80a926ea042e7b56f6b66e,12128,7,1,1,1,1.0,0.37136448518801457,0.42857142857142855
696,apache/camel,04cbd86fa800e5a19a80a926ea042e7b56f6b66e,12128,1,0,0,0,0.09090909090909091,0.09090909090909091,0.0
697,apache/camel,04cbd86fa800e5a19a80a926ea042e7b56f6b66e,12128,7,0,0,0,0.058823529411764705,0.024897810994584272,0.0
740,apache/camel,1154fb76353eb676bd9a605155177ca3db23c6cb,12755,2,0,0,0,0.006134969325153374,0.005032121204816373,0.0
741,apache/camel,1154fb76353eb676bd9a605155177ca3db23c6cb,12755,4,0,0,0,0.0625,0.0469890222899303,0.0
742,apache/camel,1154fb76353eb676bd9a605155177ca3db23c6cb,12755,1,1,1,1,1.0,1.0,1.0
743,apache/camel,1154fb76353eb676bd9a605155177ca3db23c6cb,12755,1,0,0,0,0.07142857142857142,0.07142857142857142,0.0
744,apache/camel,1154fb76353eb676bd9a605155177ca3db23c6cb,12755,3,0,0,0,0.002012072434607646,0.0020781410780200318,0.0
745,apache/camel,1154fb76353eb676bd9a605155177ca3db23c6cb,12755,1,1,1,1,1.0,1.0,1.0
746,apache/camel,1154fb76353eb676bd9a605155177ca3db23c6cb,12755,1,0,0,0,0.0004418912947414936,0.0004418912947414936,0.0
747,apache/camel,1154fb76353eb676bd9a605155177ca3db23c6cb,12755,1,0,0,0,0.00015482272797646694,0.00015482272797646694,0.0
748,apache/camel,1154fb76353eb676bd9a605155177ca3db23c6cb,12755,1,0,0,0,0.014084507042253521,0.014084507042253521,0.0
749,apache/camel,1154fb76353eb676bd9a605155177ca3db23c6cb,12755,1,1,1,1,1.0,1.0,1.0
750,apache/camel,1154fb76353eb676bd9a605155177ca3db23c6cb,12755,2,0,1,1,0.2,0.11408450704225352,0.5
751,apache/camel,1154fb76353eb676bd9a605155177ca3db23c6cb,12755,5,0,0,1,0.14285714285714285,0.08361148974783547,0.4
752,apache/camel,1154fb76353eb676bd9a605155177ca3db23c6cb,12755,2,0,1,1,0.5,0.25833333333333336,0.5
753,apache/camel,1154fb76353eb676bd9a605155177ca3db23c6cb,12755,7,0,0,0,0.009174311926605505,0.02640518475260684,0.0
754,apache/camel,1154fb76353eb676bd9a605155177ca3db23c6cb,12755,1,1,1,1,1.0,1.0,1.0
755,apache/camel,1154fb76353eb676bd9a605155177ca3db23c6cb,12755,1,0,0,0,0.006369426751592357,0.006369426751592357,0.0
756,apache/camel,1154fb76353eb676bd9a605155177ca3db23c6cb,12755,2,0,0,0,0.014492753623188406,0.011632341723874905,0.0
757,apache/camel,1154fb76353eb676bd9a605155177ca3db23c6cb,12755,1,0,0,0,0.010752688172043012,0.010752688172043012,0.0
758,apache/camel,1154fb76353eb676bd9a605155177ca3db23c6cb,12755,6,1,1,1,1.0,0.16821907438577785,0.16666666666666666
759,apache/camel,1154fb76353eb676bd9a605155177ca3db23c6cb,12755,2,1,1,1,1.0,0.54,0.5
760,apache/camel,1154fb76353eb676bd9a605155177ca3db23c6cb,12755,3,0,0,0,0.016666666666666666,0.005980661708297189,0.0
761,apache/camel,1154fb76353eb676bd9a605155177ca3db23c6cb,12755,2,0,1,1,0.25,0.17763157894736842,0.5
762,apache/camel,1154fb76353eb676bd9a605155177ca3db23c6cb,12755,1,0,1,1,0.5,0.5,1.0
763,apache/camel,1154fb76353eb676bd9a605155177ca3db23c6cb,12755,6,0,1,1,0.25,0.052308033147487366,0.16666666666666666
764,apache/camel,1154fb76353eb676bd9a605155177ca3db23c6cb,12755,1,0,1,1,0.5,0.5,1.0
765,apache/camel,1154fb76353eb676bd9a605155177ca3db23c6cb,12755,1,1,1,1,1.0,1.0,1.0
766,apache/camel,1154fb76353eb676bd9a605155177ca3db23c6cb,12755,2,1,1,1,1.0,0.7,1.0
767,apache/camel,1154fb76353eb676bd9a605155177ca3db23c6cb,12755,2,1,1,1,1.0,0.7,1.0
768,apache/camel,1154fb76353eb676bd9a605155177ca3db23c6cb,12755,2,1,1,1,1.0,0.532258064516129,0.5
20,apache/camel,11dc8da54fe1870f62f16683106b2c322cf4dbe1,1245,1,1,1,1,1.0,1.0,1.0
21,apache/camel,11dc8da54fe1870f62f16683106b2c322cf4dbe1,1245,1,0,0,0,0.007936507936507936,0.007936507936507936,0.0
23,apache/camel,11dc8da54fe1870f62f16683106b2c322cf4dbe1,1245,1,0,0,0,0.05555555555555555,0.05555555555555555,0.0
24,apache/camel,11dc8da54fe1870f62f16683106b2c322cf4dbe1,1245,1,0,0,0,0.08333333333333333,0.08333333333333333,0.0
25,apache/camel,11dc8da54fe1870f62f16683106b2c322cf4dbe1,1245,1,0,0,1,0.14285714285714285,0.14285714285714285,1.0
26,apache/camel,11dc8da54fe1870f62f16683106b2c322cf4dbe1,1245,1,1,1,1,1.0,1.0,1.0
27,apache/camel,11dc8da54fe1870f62f16683106b2c322cf4dbe1,1245,5,0,0,1,0.14285714285714285,0.09788032509681995,0.4
29,apache/camel,11dc8da54fe1870f62f16683106b2c322cf4dbe1,1245,1,0,0,0,0.0014204545454545455,0.0014204545454545455,0.0
30,apache/camel,11dc8da54fe1870f62f16683106b2c322cf4dbe1,1245,1,0,0,0,0.027777777777777776,0.027777777777777776,0.0
31,apache/camel,11dc8da54fe1870f62f16683106b2c322cf4dbe1,1245,1,0,0,0,0.018867924528301886,0.018867924528301886,0.0
32,apache/camel,11dc8da54fe1870f62f16683106b2c322cf4dbe1,1245,5,0,0,0,0.08333333333333333,0.04965253031191626,0.0
33,apache/camel,11dc8da54fe1870f62f16683106b2c322cf4dbe1,1245,9,0,0,0,0.008333333333333333,0.008357042696461592,0.0
34,apache/camel,11dc8da54fe1870f62f16683106b2c322cf4dbe1,1245,1,0,1,1,0.5,0.5,1.0
35,apache/camel,11dc8da54fe1870f62f16683106b2c322cf4dbe1,1245,1,0,1,1,0.5,0.5,1.0
36,apache/camel,11dc8da54fe1870f62f16683106b2c322cf4dbe1,1245,1,1,1,1,1.0,1.0,1.0
37,apache/camel,11dc8da54fe1870f62f16683106b2c322cf4dbe1,1245,1,1,1,1,1.0,1.0,1.0
38,apache/camel,11dc8da54fe1870f62f16683106b2c322cf4dbe1,1245,3,0,1,1,0.2,0.07997198879551821,0.3333333333333333
39,apache/camel,11dc8da54fe1870f62f16683106b2c322cf4dbe1,1245,1,1,1,1,1.0,1.0,1.0
40,apache/camel,11dc8da54fe1870f62f16683106b2c322cf4dbe1,1245,2,1,1,1,1.0,1.0,1.0
41,apache/camel,11dc8da54fe1870f62f16683106b2c322cf4dbe1,1245,1,1,1,1,1.0,1.0,1.0
42,apache/camel,11dc8da54fe1870f62f16683106b2c322cf4dbe1,1245,1,1,1,1,1.0,1.0,1.0
44,apache/camel,11dc8da54fe1870f62f16683106b2c322cf4dbe1,1245,2,1,1,1,1.0,0.5020833333333333,0.5
45,apache/camel,11dc8da54fe1870f62f16683106b2c322cf4dbe1,1245,3,0,1,1,0.25,0.11842105263157894,0.3333333333333333
47,apache/camel,11dc8da54fe1870f62f16683106b2c322cf4dbe1,1245,1,0,1,1,0.5,0.5,1.0
58,apache/camel,11dc8da54fe1870f62f16683106b2c322cf4dbe1,1245,10,1,1,1,1.0,0.18872669682239226,0.2
59,apache/camel,11dc8da54fe1870f62f16683106b2c322cf4dbe1,1245,2,1,1,1,1.0,0.5166666666666667,0.5
86,apache/camel,11dc8da54fe1870f62f16683106b2c322cf4dbe1,1245,7,0,0,1,0.14285714285714285,0.10227055587387548,0.2857142857142857
96,apache/camel,11dc8da54fe1870f62f16683106b2c322cf4dbe1,1245,2,1,1,1,1.0,0.5029940119760479,0.5
113,apache/camel,11dc8da54fe1870f62f16683106b2c322cf4dbe1,1245,1,0,0,0,0.0017006802721088435,0.0017006802721088435,0.0
151,apache/camel,11dc8da54fe1870f62f16683106b2c322cf4dbe1,1245,1,1,1,1,1.0,1.0,1.0
292,apache/camel,127b8654d5cf99bb8b3b579a23656b238658e366,9675,2,0,0,0,0.017543859649122806,0.010606792209882504,0.0
293,apache/camel,127b8654d5cf99bb8b3b579a23656b238658e366,9675,2,0,0,1,0.14285714285714285,0.11688311688311688,0.5
294,apache/camel,127b8654d5cf99bb8b3b579a23656b238658e366,9675,1,0,0,1,0.1111111111111111,0.1111111111111111,1.0
295,apache/camel,127b8654d5cf99bb8b3b579a23656b238658e366,9675,1,1,1,1,1.0,1.0,1.0
296,apache/camel,127b8654d5cf99bb8b3b579a23656b238658e366,9675,2,0,0,0,0.07142857142857142,0.03581776253547776,0.0
297,apache/camel,127b8654d5cf99bb8b3b579a23656b238658e366,9675,1,0,0,0,0.0011185682326621924,0.0011185682326621924,0.0
298,apache/camel,127b8654d5cf99bb8b3b579a23656b238658e366,9675,12,0,0,0,0.06666666666666667,0.027604271429206993,0.0
299,apache/camel,127b8654d5cf99bb8b3b579a23656b238658e366,9675,1,0,0,1,0.1111111111111111,0.1111111111111111,1.0
300,apache/camel,127b8654d5cf99bb8b3b579a23656b238658e366,9675,1,0,0,0,0.0016863406408094434,0.0016863406408094434,0.0
301,apache/camel,127b8654d5cf99bb8b3b579a23656b238658e366,9675,1,0,0,1,0.14285714285714285,0.14285714285714285,1.0
302,apache/camel,127b8654d5cf99bb8b3b579a23656b238658e366,9675,8,1,1,1,1.0,0.18478484381544014,0.25
1035,apache/camel,20f2898f6080a4cde1a2bb5dc8b01a3578aa74bf,5709,14,1,1,1,1.0,0.35586339992042043,0.2857142857142857
1036,apache/camel,20f2898f6080a4cde1a2bb5dc8b01a3578aa74bf,5709,14,1,1,1,1.0,0.25857403896504344,0.2857142857142857
1037,apache/camel,20f2898f6080a4cde1a2bb5dc8b01a3578aa74bf,5709,6,0,0,0,0.041666666666666664,0.046717865472774234,0.0
1038,apache/camel,20f2898f6080a4cde1a2bb5dc8b01a3578aa74bf,5709,1,1,1,1,1.0,1.0,1.0
1039,apache/camel,20f2898f6080a4cde1a2bb5dc8b01a3578aa74bf,5709,1,0,0,0,0.07692307692307693,0.07692307692307693,0.0
158,apache/camel,246d982d790269a8ef504fc55b407a0af3e683fe,2075,2,0,0,0,0.02,0.010714796283059328,0.0
159,apache/camel,246d982d790269a8ef504fc55b407a0af3e683fe,2075,5,0,0,1,0.14285714285714285,0.07840207944527677,0.2
160,apache/camel,246d982d790269a8ef504fc55b407a0af3e683fe,2075,1,1,1,1,1.0,1.0,1.0
161,apache/camel,246d982d790269a8ef504fc55b407a0af3e683fe,2075,1,1,1,1,1.0,1.0,1.0
162,apache/camel,246d982d790269a8ef504fc55b407a0af3e683fe,2075,3,1,1,1,1.0,0.4785714285714286,0.6666666666666666
163,apache/camel,246d982d790269a8ef504fc55b407a0af3e683fe,2075,1,0,0,1,0.1,0.1,1.0
164,apache/camel,246d982d790269a8ef504fc55b407a0af3e683fe,2075,1,0,0,1,0.1,0.1,1.0
165,apache/camel,246d982d790269a8ef504fc55b407a0af3e683fe,2075,1,0,0,0,0.07692307692307693,0.07692307692307693,0.0
166,apache/camel,246d982d790269a8ef504fc55b407a0af3e683fe,2075,2,1,1,1,1.0,0.5075757575757576,0.5
167,apache/camel,246d982d790269a8ef504fc55b407a0af3e683fe,2075,1,0,0,1,0.14285714285714285,0.14285714285714285,1.0
168,apache/camel,246d982d790269a8ef504fc55b407a0af3e683fe,2075,2,0,0,0,0.09090909090909091,0.0787878787878788,0.0
169,apache/camel,246d982d790269a8ef504fc55b407a0af3e683fe,2075,1,0,1,1,0.5,0.5,1.0
170,apache/camel,246d982d790269a8ef504fc55b407a0af3e683fe,2075,1,0,0,0,0.09090909090909091,0.09090909090909091,0.0
171,apache/camel,246d982d790269a8ef504fc55b407a0af3e683fe,2075,2,0,1,1,0.25,0.12553418803418803,0.5
172,apache/camel,246d982d790269a8ef504fc55b407a0af3e683fe,2075,1,1,1,1,1.0,1.0,1.0
173,apache/camel,246d982d790269a8ef504fc55b407a0af3e683fe,2075,1,0,0,1,0.125,0.125,1.0
174,apache/camel,246d982d790269a8ef504fc55b407a0af3e683fe,2075,1,0,0,1,0.16666666666666666,0.16666666666666666,1.0
175,apache/camel,246d982d790269a8ef504fc55b407a0af3e683fe,2075,3,0,0,0,0.07142857142857142,0.04560805077554899,0.0
176,apache/camel,246d982d790269a8ef504fc55b407a0af3e683fe,2075,2,1,1,1,1.0,0.5149253731343284,0.5
177,apache/camel,246d982d790269a8ef504fc55b407a0af3e683fe,2075,4,0,1,1,0.3333333333333333,0.0962984496124031,0.25
178,apache/camel,246d982d790269a8ef504fc55b407a0af3e683fe,2075,1,0,0,0,0.05263157894736842,0.05263157894736842,0.0
179,apache/camel,246d982d790269a8ef504fc55b407a0af3e683fe,2075,2,0,1,1,0.2,0.1303030303030303,0.5
180,apache/camel,246d982d790269a8ef504fc55b407a0af3e683fe,2075,1,0,1,1,0.2,0.2,1.0
184,apache/camel,25936119f63409e167c1b76a341a7e9aeb946854,2397,1,0,1,1,0.5,0.5,1.0
185,apache/camel,25936119f63409e167c1b76a341a7e9aeb946854,2397,1,0,0,0,0.043478260869565216,0.043478260869565216,0.0
186,apache/camel,25936119f63409e167c1b76a341a7e9aeb946854,2397,1,0,0,1,0.14285714285714285,0.14285714285714285,1.0
187,apache/camel,25936119f63409e167c1b76a341a7e9aeb946854,2397,7,0,0,0,0.03333333333333333,0.013196739939693313,0.0
188,apache/camel,25936119f63409e167c1b76a341a7e9aeb946854,2397,2,0,0,0,0.0015174506828528073,0.001313664298141165,0.0
189,apache/camel,25936119f63409e167c1b76a341a7e9aeb946854,2397,1,0,1,1,0.25,0.25,1.0
190,apache/camel,25936119f63409e167c1b76a341a7e9aeb946854,2397,4,1,1,1,1.0,0.5346296296296297,0.5
191,apache/camel,25936119f63409e167c1b76a341a7e9aeb946854,2397,2,0,0,0,0.015384615384615385,0.018561872909698997,0.0
196,apache/camel,25936119f63409e167c1b76a341a7e9aeb946854,2397,6,0,0,0,0.006666666666666667,0.007853585725387422,0.0
215,apache/camel,25936119f63409e167c1b76a341a7e9aeb946854,2397,1,0,1,1,0.5,0.5,1.0
216,apache/camel,25936119f63409e167c1b76a341a7e9aeb946854,2397,4,0,0,0,0.0625,0.04379779631272634,0.0
6446,apache/camel,268d8bc86cec4ccf410abd6810e29e65c7c9ec50,14660,1,0,1,1,0.2,0.2,1.0
1040,apache/camel,27105d1ffda37943827d3da4534e7b4a22eee105,5927,3,0,0,0,0.018867924528301886,0.024793679621648548,0.0
1041,apache/camel,27105d1ffda37943827d3da4534e7b4a22eee105,5927,3,0,0,0,0.047619047619047616,0.01805430935364197,0.0
1042,apache/camel,27105d1ffda37943827d3da4534e7b4a22eee105,5927,3,0,0,0,0.09090909090909091,0.0803798352185449,0.0
279,apache/camel,29a11b8547d03c1d3d1bab3a467477393a2ec07f,8159,1,0,0,0,0.08333333333333333,0.08333333333333333,0.0
280,apache/camel,29a11b8547d03c1d3d1bab3a467477393a2ec07f,8159,1,0,0,0,0.0012531328320802004,0.0012531328320802004,0.0
281,apache/camel,29a11b8547d03c1d3d1bab3a467477393a2ec07f,8159,1,0,1,1,0.5,0.5,1.0
1051,apache/camel,2e3960bbc21938bfe513c04633e48b3088cd5058,6738,1,1,1,1,1.0,1.0,1.0
46,apache/camel,3246f4735c80bd22446ce3d78dd1de63368c9bcc,1515,3,0,0,0,0.07692307692307693,0.02782200408782687,0.0
48,apache/camel,3246f4735c80bd22446ce3d78dd1de63368c9bcc,1515,1,0,1,1,0.3333333333333333,0.3333333333333333,1.0
49,apache/camel,3246f4735c80bd22446ce3d78dd1de63368c9bcc,1515,1,0,0,0,0.017543859649122806,0.017543859649122806,0.0
50,apache/camel,3246f4735c80bd22446ce3d78dd1de63368c9bcc,1515,1,0,0,1,0.1,0.1,1.0
51,apache/camel,3246f4735c80bd22446ce3d78dd1de63368c9bcc,1515,3,0,1,1,0.5,0.18220245937637244,0.3333333333333333
52,apache/camel,3246f4735c80bd22446ce3d78dd1de63368c9bcc,1515,1,0,1,1,0.5,0.5,1.0
53,apache/camel,3246f4735c80bd22446ce3d78dd1de63368c9bcc,1515,1,1,1,1,1.0,1.0,1.0
54,apache/camel,3246f4735c80bd22446ce3d78dd1de63368c9bcc,1515,2,0,0,1,0.14285714285714285,0.14835164835164835,0.5
55,apache/camel,3246f4735c80bd22446ce3d78dd1de63368c9bcc,1515,8,0,1,1,0.3333333333333333,0.1310668629047888,0.25
56,apache/camel,3246f4735c80bd22446ce3d78dd1de63368c9bcc,1515,2,1,1,1,1.0,0.5555555555555556,0.5
57,apache/camel,3246f4735c80bd22446ce3d78dd1de63368c9bcc,1515,1,0,0,0,0.07142857142857142,0.07142857142857142,0.0
60,apache/camel,3246f4735c80bd22446ce3d78dd1de63368c9bcc,1515,1,0,0,0,0.0007645259938837921,0.0007645259938837921,0.0
61,apache/camel,3246f4735c80bd22446ce3d78dd1de63368c9bcc,1515,2,0,0,0,0.043478260869565216,0.050310559006211175,0.0
62,apache/camel,3246f4735c80bd22446ce3d78dd1de63368c9bcc,1515,5,1,1,1,1.0,0.3354395008138904,0.4
63,apache/camel,3246f4735c80bd22446ce3d78dd1de63368c9bcc,1515,3,0,1,1,0.5,0.19521072796934866,0.3333333333333333
64,apache/camel,3246f4735c80bd22446ce3d78dd1de63368c9bcc,1515,2,0,0,0,0.041666666666666664,0.0367063492063492,0.0
65,apache/camel,3246f4735c80bd22446ce3d78dd1de63368c9bcc,1515,16,0,0,0,0.016666666666666666,0.02718523325251724,0.0
67,apache/camel,3246f4735c80bd22446ce3d78dd1de63368c9bcc,1515,1,1,1,1,1.0,1.0,1.0
68,apache/camel,3246f4735c80bd22446ce3d78dd1de63368c9bcc,1515,9,0,1,1,0.3333333333333333,0.15855624091302636,0.3333333333333333
69,apache/camel,3246f4735c80bd22446ce3d78dd1de63368c9bcc,1515,1,0,1,1,0.25,0.25,1.0
70,apache/camel,3246f4735c80bd22446ce3d78dd1de63368c9bcc,1515,3,1,1,1,1.0,0.8333333333333334,1.0
71,apache/camel,3246f4735c80bd22446ce3d78dd1de63368c9bcc,1515,2,0,1,1,0.2,0.11219512195121951,0.5
72,apache/camel,3246f4735c80bd22446ce3d78dd1de63368c9bcc,1515,1,0,1,1,0.3333333333333333,0.3333333333333333,1.0
73,apache/camel,3246f4735c80bd22446ce3d78dd1de63368c9bcc,1515,3,0,0,0,0.05555555555555555,0.07823331352743118,0.0
74,apache/camel,3246f4735c80bd22446ce3d78dd1de63368c9bcc,1515,2,1,1,1,1.0,0.55,0.5
75,apache/camel,3246f4735c80bd22446ce3d78dd1de63368c9bcc,1515,1,0,0,1,0.1,0.1,1.0
76,apache/camel,3246f4735c80bd22446ce3d78dd1de63368c9bcc,1515,1,1,1,1,1.0,1.0,1.0
77,apache/camel,3246f4735c80bd22446ce3d78dd1de63368c9bcc,1515,1,0,0,0,0.006896551724137931,0.006896551724137931,0.0
78,apache/camel,3246f4735c80bd22446ce3d78dd1de63368c9bcc,1515,1,0,0,0,0.013333333333333334,0.013333333333333334,0.0
79,apache/camel,3246f4735c80bd22446ce3d78dd1de63368c9bcc,1515,8,0,0,0,0.022222222222222223,0.027223545164016358,0.0
80,apache/camel,3246f4735c80bd22446ce3d78dd1de63368c9bcc,1515,2,0,1,1,0.2,0.19090909090909092,0.5
81,apache/camel,3246f4735c80bd22446ce3d78dd1de63368c9bcc,1515,17,1,1,1,1.0,0.3951234666391044,0.29411764705882354
82,apache/camel,3246f4735c80bd22446ce3d78dd1de63368c9bcc,1515,1,0,1,1,0.25,0.25,1.0
84,apache/camel,3246f4735c80bd22446ce3d78dd1de63368c9bcc,1515,1,1,1,1,1.0,1.0,1.0
85,apache/camel,3246f4735c80bd22446ce3d78dd1de63368c9bcc,1515,1,0,0,0,0.047619047619047616,0.047619047619047616,0.0
101,apache/camel,3246f4735c80bd22446ce3d78dd1de63368c9bcc,1515,2,1,1,1,1.0,0.5181818181818182,0.5
102,apache/camel,3246f4735c80bd22446ce3d78dd1de63368c9bcc,1515,1,1,1,1,1.0,1.0,1.0
106,apache/camel,3246f4735c80bd22446ce3d78dd1de63368c9bcc,1515,3,1,1,1,1.0,1.0,1.0
129,apache/camel,3246f4735c80bd22446ce3d78dd1de63368c9bcc,1515,1,0,1,1,0.2,0.2,1.0
138,apache/camel,3246f4735c80bd22446ce3d78dd1de63368c9bcc,1515,3,1,1,1,1.0,0.376779359430605,0.3333333333333333
139,apache/camel,3246f4735c80bd22446ce3d78dd1de63368c9bcc,1515,2,0,0,0,0.013888888888888888,0.008940452428476381,0.0
140,apache/camel,3246f4735c80bd22446ce3d78dd1de63368c9bcc,1515,2,1,1,1,1.0,0.5172413793103449,0.5
145,apache/camel,3246f4735c80bd22446ce3d78dd1de63368c9bcc,1515,1,1,1,1,1.0,1.0,1.0
148,apache/camel,3246f4735c80bd22446ce3d78dd1de63368c9bcc,1515,2,0,1,1,0.3333333333333333,0.19047619047619047,0.5
150,apache/camel,3246f4735c80bd22446ce3d78dd1de63368c9bcc,1515,1,0,1,1,0.3333333333333333,0.3333333333333333,1.0
152,apache/camel,3246f4735c80bd22446ce3d78dd1de63368c9bcc,1515,2,0,0,0,0.013157894736842105,0.017105263157894735,0.0
153,apache/camel,3246f4735c80bd22446ce3d78dd1de63368c9bcc,1515,1,0,0,0,0.09090909090909091,0.09090909090909091,0.0
154,apache/camel,3246f4735c80bd22446ce3d78dd1de63368c9bcc,1515,1,1,1,1,1.0,1.0,1.0
155,apache/camel,3246f4735c80bd22446ce3d78dd1de63368c9bcc,1515,3,0,0,0,0.017241379310344827,0.01733357919970496,0.0
157,apache/camel,3246f4735c80bd22446ce3d78dd1de63368c9bcc,1515,2,0,1,1,0.25,0.14038461538461539,0.5
435,apache/camel,373a8110efc004122c122422c73160fcde12660a,10170,1,1,1,1,1.0,1.0,1.0
436,apache/camel,373a8110efc004122c122422c73160fcde12660a,10170,1,0,0,0,0.0045045045045045045,0.0045045045045045045,0.0
437,apache/camel,373a8110efc004122c122422c73160fcde12660a,10170,3,0,0,0,0.027777777777777776,0.024978665301245945,0.0
439,apache/camel,373a8110efc004122c122422c73160fcde12660a,10170,3,1,1,1,1.0,0.5285714285714286,1.0
440,apache/camel,373a8110efc004122c122422c73160fcde12660a,10170,1,0,0,0,0.004405286343612335,0.004405286343612335,0.0
441,apache/camel,373a8110efc004122c122422c73160fcde12660a,10170,2,0,0,1,0.1,0.08225806451612903,0.5
442,apache/camel,373a8110efc004122c122422c73160fcde12660a,10170,3,0,0,1,0.1111111111111111,0.1007122507122507,0.3333333333333333
443,apache/camel,373a8110efc004122c122422c73160fcde12660a,10170,1,0,0,0,0.058823529411764705,0.058823529411764705,0.0
444,apache/camel,373a8110efc004122c122422c73160fcde12660a,10170,1,0,0,0,0.020833333333333332,0.020833333333333332,0.0
445,apache/camel,373a8110efc004122c122422c73160fcde12660a,10170,1,0,0,0,0.006944444444444444,0.006944444444444444,0.0
446,apache/camel,373a8110efc004122c122422c73160fcde12660a,10170,1,0,0,0,0.08333333333333333,0.08333333333333333,0.0
447,apache/camel,373a8110efc004122c122422c73160fcde12660a,10170,1,0,1,1,0.25,0.25,1.0
448,apache/camel,373a8110efc004122c122422c73160fcde12660a,10170,3,0,1,1,0.5,0.16824989509494068,0.3333333333333333
449,apache/camel,373a8110efc004122c122422c73160fcde12660a,10170,1,1,1,1,1.0,1.0,1.0
450,apache/camel,373a8110efc004122c122422c73160fcde12660a,10170,2,0,0,0,0.09090909090909091,0.04727272727272727,0.0
451,apache/camel,373a8110efc004122c122422c73160fcde12660a,10170,1,0,0,0,0.00390625,0.00390625,0.0
452,apache/camel,373a8110efc004122c122422c73160fcde12660a,10170,3,0,1,1,0.5,0.5555555555555555,1.0
453,apache/camel,373a8110efc004122c122422c73160fcde12660a,10170,1,0,0,1,0.16666666666666666,0.16666666666666666,1.0
454,apache/camel,373a8110efc004122c122422c73160fcde12660a,10170,1,0,0,1,0.14285714285714285,0.14285714285714285,1.0
455,apache/camel,373a8110efc004122c122422c73160fcde12660a,10170,2,0,0,0,0.0005730659025787965,0.00045079050713696725,0.0
456,apache/camel,373a8110efc004122c122422c73160fcde12660a,10170,1,0,0,0,0.025,0.025,0.0
457,apache/camel,373a8110efc004122c122422c73160fcde12660a,10170,1,0,0,1,0.1111111111111111,0.1111111111111111,1.0
458,apache/camel,373a8110efc004122c122422c73160fcde12660a,10170,5,0,0,0,0.014492753623188406,0.011860638596655886,0.0
459,apache/camel,373a8110efc004122c122422c73160fcde12660a,10170,1,1,1,1,1.0,1.0,1.0
460,apache/camel,373a8110efc004122c122422c73160fcde12660a,10170,3,0,0,0,0.0007936507936507937,0.001012963225564002,0.0
896,apache/camel,389a4ea6432f152837fc1b1180ea487af38746cd,4097,7,0,1,1,0.5,0.07917389939374168,0.14285714285714285
897,apache/camel,389a4ea6432f152837fc1b1180ea487af38746cd,4097,1,0,0,0,0.09090909090909091,0.09090909090909091,0.0
898,apache/camel,389a4ea6432f152837fc1b1180ea487af38746cd,4097,1,1,1,1,1.0,1.0,1.0
899,apache/camel,389a4ea6432f152837fc1b1180ea487af38746cd,4097,1,0,0,0,0.01818181818181818,0.01818181818181818,0.0
900,apache/camel,389a4ea6432f152837fc1b1180ea487af38746cd,4097,2,0,1,1,0.3333333333333333,0.167026508336332,0.5
901,apache/camel,389a4ea6432f152837fc1b1180ea487af38746cd,4097,2,0,0,0,0.06666666666666667,0.05772357723577236,0.0
902,apache/camel,389a4ea6432f152837fc1b1180ea487af38746cd,4097,3,1,1,1,1.0,0.6673669467787114,0.6666666666666666
903,apache/camel,389a4ea6432f152837fc1b1180ea487af38746cd,4097,4,0,0,0,0.015384615384615385,0.009162220742618783,0.0
904,apache/camel,389a4ea6432f152837fc1b1180ea487af38746cd,4097,5,0,1,1,0.5,0.239010989010989,0.2
905,apache/camel,389a4ea6432f152837fc1b1180ea487af38746cd,4097,1,0,0,0,0.017543859649122806,0.017543859649122806,0.0
906,apache/camel,389a4ea6432f152837fc1b1180ea487af38746cd,4097,5,0,0,0,0.058823529411764705,0.01633725923346563,0.0
907,apache/camel,389a4ea6432f152837fc1b1180ea487af38746cd,4097,2,1,1,1,1.0,0.625,1.0
908,apache/camel,389a4ea6432f152837fc1b1180ea487af38746cd,4097,3,1,1,1,1.0,0.9166666666666666,1.0
909,apache/camel,389a4ea6432f152837fc1b1180ea487af38746cd,4097,2,1,1,1,1.0,0.7,1.0
910,apache/camel,389a4ea6432f152837fc1b1180ea487af38746cd,4097,1,0,1,1,0.25,0.25,1.0
911,apache/camel,389a4ea6432f152837fc1b1180ea487af38746cd,4097,1,0,0,0,0.04,0.04,0.0
912,apache/camel,389a4ea6432f152837fc1b1180ea487af38746cd,4097,2,0,0,0,0.0016051364365971107,0.0011545569546589918,0.0
913,apache/camel,389a4ea6432f152837fc1b1180ea487af38746cd,4097,2,0,1,1,0.2,0.1625,0.5
914,apache/camel,389a4ea6432f152837fc1b1180ea487af38746cd,4097,3,0,0,1,0.1,0.04547713858058686,0.3333333333333333
915,apache/camel,389a4ea6432f152837fc1b1180ea487af38746cd,4097,5,0,1,1,0.25,0.103161851874961,0.2
916,apache/camel,389a4ea6432f152837fc1b1180ea487af38746cd,4097,1,0,0,1,0.14285714285714285,0.14285714285714285,1.0
1046,apache/camel,38e046d246c8c706bca09d8c2fd795afb2e4d3f1,6512,2,0,0,0,0.018867924528301886,0.02795248078266946,0.0
1047,apache/camel,38e046d246c8c706bca09d8c2fd795afb2e4d3f1,6512,3,0,1,1,0.3333333333333333,0.11542817456089466,0.3333333333333333
1048,apache/camel,38e046d246c8c706bca09d8c2fd795afb2e4d3f1,6512,3,0,0,1,0.125,0.045243297289290475,0.3333333333333333
529,apache/camel,42de535ac375cda42e0522f081158534af6d27a8,11192,1,1,1,1,1.0,1.0,1.0
530,apache/camel,42de535ac375cda42e0522f081158534af6d27a8,11192,1,0,0,0,0.07692307692307693,0.07692307692307693,0.0
531,apache/camel,42de535ac375cda42e0522f081158534af6d27a8,11192,3,0,0,0,0.08333333333333333,0.03458520982792827,0.0
532,apache/camel,42de535ac375cda42e0522f081158534af6d27a8,11192,1,0,0,1,0.1,0.1,1.0
533,apache/camel,42de535ac375cda42e0522f081158534af6d27a8,11192,1,0,0,0,0.0013869625520110957,0.0013869625520110957,0.0
534,apache/camel,42de535ac375cda42e0522f081158534af6d27a8,11192,1,0,0,0,0.02564102564102564,0.02564102564102564,0.0
535,apache/camel,42de535ac375cda42e0522f081158534af6d27a8,11192,1,1,1,1,1.0,1.0,1.0
536,apache/camel,42de535ac375cda42e0522f081158534af6d27a8,11192,2,0,0,0,0.034482758620689655,0.04224137931034483,0.0
537,apache/camel,42de535ac375cda42e0522f081158534af6d27a8,11192,2,1,1,1,1.0,0.5102040816326531,0.5
538,apache/camel,42de535ac375cda42e0522f081158534af6d27a8,11192,2,1,1,1,1.0,0.6666666666666666,1.0
539,apache/camel,42de535ac375cda42e0522f081158534af6d27a8,11192,2,0,1,1,0.5,0.2540650406504065,0.5
540,apache/camel,42de535ac375cda42e0522f081158534af6d27a8,11192,2,0,1,1,0.3333333333333333,0.16803652968036528,0.5
541,apache/camel,42de535ac375cda42e0522f081158534af6d27a8,11192,2,1,1,1,1.0,0.5025445292620865,0.5
542,apache/camel,42de535ac375cda42e0522f081158534af6d27a8,11192,1,1,1,1,1.0,1.0,1.0
543,apache/camel,42de535ac375cda42e0522f081158534af6d27a8,11192,3,0,0,1,0.1,0.06857379767827529,0.3333333333333333
544,apache/camel,42de535ac375cda42e0522f081158534af6d27a8,11192,2,0,0,1,0.16666666666666666,0.09803921568627451,0.5
545,apache/camel,42de535ac375cda42e0522f081158534af6d27a8,11192,1,1,1,1,1.0,1.0,1.0
546,apache/camel,42de535ac375cda42e0522f081158534af6d27a8,11192,3,1,1,1,1.0,0.6668513388734995,0.6666666666666666
547,apache/camel,42de535ac375cda42e0522f081158534af6d27a8,11192,2,0,0,0,0.07692307692307693,0.0394665635871666,0.0
548,apache/camel,42de535ac375cda42e0522f081158534af6d27a8,11192,3,1,1,1,1.0,0.5599608418991678,0.6666666666666666
549,apache/camel,42de535ac375cda42e0522f081158534af6d27a8,11192,5,0,1,1,0.25,0.07543897412442577,0.2
550,apache/camel,42de535ac375cda42e0522f081158534af6d27a8,11192,3,1,1,1,1.0,0.8666666666666667,1.0
551,apache/camel,42de535ac375cda42e0522f081158534af6d27a8,11192,4,0,1,1,0.3333333333333333,0.09044895974195542,0.25
552,apache/camel,42de535ac375cda42e0522f081158534af6d27a8,11192,5,0,0,0,0.002074688796680498,0.002250665602757936,0.0
553,apache/camel,42de535ac375cda42e0522f081158534af6d27a8,11192,1,0,1,1,0.5,0.5,1.0
554,apache/camel,42de535ac375cda42e0522f081158534af6d27a8,11192,2,0,0,0,0.00980392156862745,0.013235294117647059,0.0
555,apache/camel,42de535ac375cda42e0522f081158534af6d27a8,11192,2,0,0,1,0.1111111111111111,0.06084656084656084,0.5
556,apache/camel,42de535ac375cda42e0522f081158534af6d27a8,11192,2,0,0,1,0.16666666666666666,0.16666666666666666,0.5
557,apache/camel,42de535ac375cda42e0522f081158534af6d27a8,11192,1,0,0,1,0.1,0.1,1.0
558,apache/camel,42de535ac375cda42e0522f081158534af6d27a8,11192,3,0,0,0,0.0001680672268907563,0.00027566058371952123,0.0
559,apache/camel,42de535ac375cda42e0522f081158534af6d27a8,11192,3,0,0,0,0.0196078431372549,0.024409353905496627,0.0
560,apache/camel,42de535ac375cda42e0522f081158534af6d27a8,11192,1,0,1,1,0.3333333333333333,0.3333333333333333,1.0
561,apache/camel,42de535ac375cda42e0522f081158534af6d27a8,11192,1,1,1,1,1.0,1.0,1.0
562,apache/camel,42de535ac375cda42e0522f081158534af6d27a8,11192,2,0,1,1,0.5,0.5833333333333333,1.0
563,apache/camel,42de535ac375cda42e0522f081158534af6d27a8,11192,1,1,1,1,1.0,1.0,1.0
564,apache/camel,42de535ac375cda42e0522f081158534af6d27a8,11192,1,0,0,0,0.0031446540880503146,0.0031446540880503146,0.0
565,apache/camel,42de535ac375cda42e0522f081158534af6d27a8,11192,1,0,0,0,0.009523809523809525,0.009523809523809525,0.0
566,apache/camel,42de535ac375cda42e0522f081158534af6d27a8,11192,3,0,0,0,0.009900990099009901,0.0043638353571602536,0.0
567,apache/camel,42de535ac375cda42e0522f081158534af6d27a8,11192,1,0,0,0,0.000333889816360601,0.000333889816360601,0.0
568,apache/camel,42de535ac375cda42e0522f081158534af6d27a8,11192,2,0,0,0,0.006329113924050633,0.00352806114232339,0.0
275,apache/camel,476d3f9948235efa806c02b70a99032b02fc0a97,8076,1,1,1,1,1.0,1.0,1.0
276,apache/camel,476d3f9948235efa806c02b70a99032b02fc0a97,8076,3,0,0,0,0.08333333333333333,0.05335953151487132,0.0
277,apache/camel,476d3f9948235efa806c02b70a99032b02fc0a97,8076,1,0,1,1,0.3333333333333333,0.3333333333333333,1.0
1052,apache/camel,4a0282b413db910b4a5ab6c9f9c65a1c8d5b8c04,7120,3,1,1,1,1.0,0.385024154589372,0.3333333333333333
4,apache/camel,4d5ad0e79544e371035d180d02f26611e5708b6f,941,1,0,0,0,0.02,0.02,0.0
5,apache/camel,4d5ad0e79544e371035d180d02f26611e5708b6f,941,20,0,0,1,0.14285714285714285,0.1086802979567113,0.1
6,apache/camel,4d5ad0e79544e371035d180d02f26611e5708b6f,941,1,0,1,1,0.2,0.2,1.0
7,apache/camel,4d5ad0e79544e371035d180d02f26611e5708b6f,941,1,0,0,0,0.05263157894736842,0.05263157894736842,0.0
8,apache/camel,4d5ad0e79544e371035d180d02f26611e5708b6f,941,1,0,1,1,0.5,0.5,1.0
9,apache/camel,4d5ad0e79544e371035d180d02f26611e5708b6f,941,15,0,1,1,0.5,0.046609071988940466,0.06666666666666667
10,apache/camel,4d5ad0e79544e371035d180d02f26611e5708b6f,941,6,0,0,0,0.034482758620689655,0.02381241117601955,0.0
11,apache/camel,4d5ad0e79544e371035d180d02f26611e5708b6f,941,1,0,0,1,0.14285714285714285,0.14285714285714285,1.0
12,apache/camel,4d5ad0e79544e371035d180d02f26611e5708b6f,941,1,1,1,1,1.0,1.0,1.0
13,apache/camel,4d5ad0e79544e371035d180d02f26611e5708b6f,941,2,0,0,0,0.016129032258064516,0.010257498585172609,0.0
14,apache/camel,4d5ad0e79544e371035d180d02f26611e5708b6f,941,2,0,0,0,0.07692307692307693,0.04128639721860061,0.0
15,apache/camel,4d5ad0e79544e371035d180d02f26611e5708b6f,941,3,1,1,1,1.0,0.8666666666666667,1.0
16,apache/camel,4d5ad0e79544e371035d180d02f26611e5708b6f,941,1,0,1,1,0.5,0.5,1.0
18,apache/camel,4d5ad0e79544e371035d180d02f26611e5708b6f,941,4,0,0,0,0.058823529411764705,0.053784829721362226,0.0
19,apache/camel,4d5ad0e79544e371035d180d02f26611e5708b6f,941,1,0,0,0,0.07692307692307693,0.07692307692307693,0.0
22,apache/camel,4d5ad0e79544e371035d180d02f26611e5708b6f,941,1,0,1,1,0.3333333333333333,0.3333333333333333,1.0
28,apache/camel,4d5ad0e79544e371035d180d02f26611e5708b6f,941,2,0,0,0,0.05555555555555555,0.0804093567251462,0.0
43,apache/camel,4d5ad0e79544e371035d180d02f26611e5708b6f,941,1,1,1,1,1.0,1.0,1.0
0,apache/camel,52049de85ae349fef5051552ec7d7a715cf23d09,686,1,1,1,1,1.0,1.0,1.0
1,apache/camel,52049de85ae349fef5051552ec7d7a715cf23d09,686,4,1,1,1,1.0,0.33940481368711034,0.25
2,apache/camel,52049de85ae349fef5051552ec7d7a715cf23d09,686,1,0,0,0,0.004878048780487805,0.004878048780487805,0.0
3,apache/camel,52049de85ae349fef5051552ec7d7a715cf23d09,686,1,1,1,1,1.0,1.0,1.0
17,apache/camel,52049de85ae349fef5051552ec7d7a715cf23d09,686,3,0,0,0,0.045454545454545456,0.06755178560452395,0.0
593,apache/camel,52ef69cb6cbfc85776b73430e96241f7dbcdadec,11959,2,0,0,0,0.002331002331002331,0.002030553068615352,0.0
594,apache/camel,52ef69cb6cbfc85776b73430e96241f7dbcdadec,11959,4,0,0,1,0.1111111111111111,0.09949845679012345,0.5
595,apache/camel,52ef69cb6cbfc85776b73430e96241f7dbcdadec,11959,3,1,1,1,1.0,0.33362658170783427,0.3333333333333333
596,apache/camel,52ef69cb6cbfc85776b73430e96241f7dbcdadec,11959,16,0,0,0,0.010638297872340425,0.009364180169488695,0.0
597,apache/camel,52ef69cb6cbfc85776b73430e96241f7dbcdadec,11959,2,0,0,1,0.1,0.05204081632653061,0.5
598,apache/camel,52ef69cb6cbfc85776b73430e96241f7dbcdadec,11959,1,0,0,1,0.14285714285714285,0.14285714285714285,1.0
599,apache/camel,52ef69cb6cbfc85776b73430e96241f7dbcdadec,11959,3,0,0,0,0.001953125,0.0026585113211951444,0.0
600,apache/camel,52ef69cb6cbfc85776b73430e96241f7dbcdadec,11959,1,1,1,1,1.0,1.0,1.0
601,apache/camel,52ef69cb6cbfc85776b73430e96241f7dbcdadec,11959,4,0,0,0,0.0007451564828614009,0.0004831262353522179,0.0
602,apache/camel,52ef69cb6cbfc85776b73430e96241f7dbcdadec,11959,4,1,1,1,1.0,0.2887720848550052,0.25
603,apache/camel,52ef69cb6cbfc85776b73430e96241f7dbcdadec,11959,1,0,0,0,0.011764705882352941,0.011764705882352941,0.0
604,apache/camel,52ef69cb6cbfc85776b73430e96241f7dbcdadec,11959,2,0,1,1,0.5,0.5833333333333333,1.0
605,apache/camel,52ef69cb6cbfc85776b73430e96241f7dbcdadec,11959,3,0,0,0,0.0003295978905735003,0.00051896036251309,0.0
606,apache/camel,52ef69cb6cbfc85776b73430e96241f7dbcdadec,11959,1,0,0,0,0.043478260869565216,0.043478260869565216,0.0
607,apache/camel,52ef69cb6cbfc85776b73430e96241f7dbcdadec,11959,2,1,1,1,1.0,0.5144927536231884,0.5
608,apache/camel,52ef69cb6cbfc85776b73430e96241f7dbcdadec,11959,1,0,0,0,0.02564102564102564,0.02564102564102564,0.0
609,apache/camel,52ef69cb6cbfc85776b73430e96241f7dbcdadec,11959,6,0,0,0,0.025,0.0191685341111268,0.0
610,apache/camel,52ef69cb6cbfc85776b73430e96241f7dbcdadec,11959,2,0,0,0,0.002544529262086514,0.0027090462402386594,0.0
283,apache/camel,5475e74a864ad650dc13174c4e9e3aeb2ee5585d,8970,1,1,1,1,1.0,1.0,1.0
284,apache/camel,5475e74a864ad650dc13174c4e9e3aeb2ee5585d,8970,2,0,0,0,0.0008285004142502071,0.001216818425423659,0.0
704,apache/camel,5a32be6497ee64782ab2b9f507033e5e6e5840b3,12717,3,0,0,0,0.03333333333333333,0.018852436752011387,0.0
705,apache/camel,5a32be6497ee64782ab2b9f507033e5e6e5840b3,12717,3,0,0,1,0.16666666666666666,0.21581196581196582,0.6666666666666666
706,apache/camel,5a32be6497ee64782ab2b9f507033e5e6e5840b3,12717,1,0,0,0,0.058823529411764705,0.058823529411764705,0.0
707,apache/camel,5a32be6497ee64782ab2b9f507033e5e6e5840b3,12717,2,0,0,0,0.007874015748031496,0.007326838382490325,0.0
708,apache/camel,5a32be6497ee64782ab2b9f507033e5e6e5840b3,12717,2,1,1,1,1.0,0.6428571428571428,1.0
709,apache/camel,5a32be6497ee64782ab2b9f507033e5e6e5840b3,12717,1,0,1,1,0.3333333333333333,0.3333333333333333,1.0
710,apache/camel,5a32be6497ee64782ab2b9f507033e5e6e5840b3,12717,2,0,0,0,0.09090909090909091,0.051515151515151514,0.0
711,apache/camel,5a32be6497ee64782ab2b9f507033e5e6e5840b3,12717,5,0,0,0,0.022222222222222223,0.025867592592336463,0.0
712,apache/camel,5a32be6497ee64782ab2b9f507033e5e6e5840b3,12717,3,0,1,1,0.5,0.5317460317460317,1.0
713,apache/camel,5a32be6497ee64782ab2b9f507033e5e6e5840b3,12717,1,0,0,0,0.014492753623188406,0.014492753623188406,0.0
714,apache/camel,5a32be6497ee64782ab2b9f507033e5e6e5840b3,12717,1,0,1,1,0.5,0.5,1.0
715,apache/camel,5a32be6497ee64782ab2b9f507033e5e6e5840b3,12717,2,0,0,0,0.008928571428571428,0.01059925503943909,0.0
716,apache/camel,5a32be6497ee64782ab2b9f507033e5e6e5840b3,12717,1,0,0,0,0.006944444444444444,0.006944444444444444,0.0
717,apache/camel,5a32be6497ee64782ab2b9f507033e5e6e5840b3,12717,1,1,1,1,1.0,1.0,1.0
718,apache/camel,5a32be6497ee64782ab2b9f507033e5e6e5840b3,12717,1,1,1,1,1.0,1.0,1.0
719,apache/camel,5a32be6497ee64782ab2b9f507033e5e6e5840b3,12717,2,0,0,0,0.003484320557491289,0.003243661780247146,0.0
720,apache/camel,5a32be6497ee64782ab2b9f507033e5e6e5840b3,12717,2,1,1,1,1.0,1.0,1.0
721,apache/camel,5a32be6497ee64782ab2b9f507033e5e6e5840b3,12717,1,0,1,1,0.25,0.25,1.0
722,apache/camel,5a32be6497ee64782ab2b9f507033e5e6e5840b3,12717,2,0,0,0,0.05263157894736842,0.046723952738990326,0.0
343,apache/camel,5e808bef8083be1b338472bfb49a8336d15e6225,9860,1,0,0,0,0.043478260869565216,0.043478260869565216,0.0
344,apache/camel,5e808bef8083be1b338472bfb49a8336d15e6225,9860,2,1,1,1,1.0,1.0,1.0
345,apache/camel,5e808bef8083be1b338472bfb49a8336d15e6225,9860,3,0,0,0,0.007874015748031496,0.006957192280385786,0.0
346,apache/camel,5e808bef8083be1b338472bfb49a8336d15e6225,9860,1,0,0,0,0.07142857142857142,0.07142857142857142,0.0
347,apache/camel,5e808bef8083be1b338472bfb49a8336d15e6225,9860,4,0,0,1,0.16666666666666666,0.08191896407685881,0.25
348,apache/camel,5e808bef8083be1b338472bfb49a8336d15e6225,9860,4,0,1,1,0.25,0.19354026491742424,0.5
349,apache/camel,5e808bef8083be1b338472bfb49a8336d15e6225,9860,2,1,1,1,1.0,0.5555555555555556,0.5
350,apache/camel,5e808bef8083be1b338472bfb49a8336d15e6225,9860,2,0,1,1,0.25,0.17763157894736842,0.5
351,apache/camel,5e808bef8083be1b338472bfb49a8336d15e6225,9860,2,1,1,1,1.0,0.5144927536231884,0.5
352,apache/camel,5e808bef8083be1b338472bfb49a8336d15e6225,9860,1,1,1,1,1.0,1.0,1.0
353,apache/camel,5e808bef8083be1b338472bfb49a8336d15e6225,9860,2,0,1,1,0.5,0.45,1.0
354,apache/camel,5e808bef8083be1b338472bfb49a8336d15e6225,9860,3,0,0,0,0.0051813471502590676,0.0033206983363068807,0.0
355,apache/camel,5e808bef8083be1b338472bfb49a8336d15e6225,9860,2,0,1,1,0.3333333333333333,0.25757575757575757,0.5
356,apache/camel,5e808bef8083be1b338472bfb49a8336d15e6225,9860,1,1,1,1,1.0,1.0,1.0
357,apache/camel,5e808bef8083be1b338472bfb49a8336d15e6225,9860,2,0,0,0,0.04,0.023952569169960476,0.0
358,apache/camel,5e808bef8083be1b338472bfb49a8336d15e6225,9860,1,0,1,1,0.2,0.2,1.0
359,apache/camel,5e808bef8083be1b338472bfb49a8336d15e6225,9860,2,0,0,0,0.029411764705882353,0.019560251284980013,0.0
360,apache/camel,5e808bef8083be1b338472bfb49a8336d15e6225,9860,1,0,0,0,0.0625,0.0625,0.0
361,apache/camel,5e808bef8083be1b338472bfb49a8336d15e6225,9860,4,0,0,1,0.1,0.1361888111888112,0.25
362,apache/camel,5e808bef8083be1b338472bfb49a8336d15e6225,9860,2,0,0,0,0.09090909090909091,0.09090909090909091,0.0
363,apache/camel,5e808bef8083be1b338472bfb49a8336d15e6225,9860,2,0,0,0,0.047619047619047616,0.04819976771196283,0.0
364,apache/camel,5e808bef8083be1b338472bfb49a8336d15e6225,9860,1,0,0,0,0.012048192771084338,0.012048192771084338,0.0
365,apache/camel,5e808bef8083be1b338472bfb49a8336d15e6225,9860,2,1,1,1,1.0,0.5357142857142857,0.5
366,apache/camel,5e808bef8083be1b338472bfb49a8336d15e6225,9860,1,0,0,1,0.14285714285714285,0.14285714285714285,1.0
367,apache/camel,5e808bef8083be1b338472bfb49a8336d15e6225,9860,1,0,0,0,0.0013297872340425532,0.0013297872340425532,0.0
368,apache/camel,5e808bef8083be1b338472bfb49a8336d15e6225,9860,2,0,1,1,0.5,0.3055555555555556,0.5
369,apache/camel,5e808bef8083be1b338472bfb49a8336d15e6225,9860,2,0,0,1,0.125,0.08333333333333333,0.5
370,apache/camel,5e808bef8083be1b338472bfb49a8336d15e6225,9860,2,0,1,1,0.2,0.225,1.0
371,apache/camel,5e808bef8083be1b338472bfb49a8336d15e6225,9860,1,0,0,0,0.027777777777777776,0.027777777777777776,0.0
372,apache/camel,5e808bef8083be1b338472bfb49a8336d15e6225,9860,1,0,0,0,0.07692307692307693,0.07692307692307693,0.0
373,apache/camel,5e808bef8083be1b338472bfb49a8336d15e6225,9860,1,0,1,1,0.25,0.25,1.0
374,apache/camel,5e808bef8083be1b338472bfb49a8336d15e6225,9860,3,1,1,1,1.0,0.5075757575757576,0.6666666666666666
375,apache/camel,5e808bef8083be1b338472bfb49a8336d15e6225,9860,1,0,0,0,0.06666666666666667,0.06666666666666667,0.0
6463,apache/camel,609347c52c1fc4f4d623353f5f1e6cfe3f586676,14675,1,0,0,0,0.06666666666666667,0.06666666666666667,0.0
702,apache/camel,6ab7d292c29afd9f13f9b0b45e5ededa43a4c26e,12157,2,0,0,0,0.0625,0.034528688524590165,0.0
703,apache/camel,6ab7d292c29afd9f13f9b0b45e5ededa43a4c26e,12157,1,0,0,0,0.006666666666666667,0.006666666666666667,0.0
219,apache/camel,6c88ad61b73dbfbc49c62624096ca0c250111430,3127,2,0,0,1,0.1,0.05054674685620558,0.5
220,apache/camel,6c88ad61b73dbfbc49c62624096ca0c250111430,3127,1,0,0,1,0.16666666666666666,0.16666666666666666,1.0
221,apache/camel,6c88ad61b73dbfbc49c62624096ca0c250111430,3127,2,0,0,0,0.08333333333333333,0.11858974358974358,0.0
222,apache/camel,6c88ad61b73dbfbc49c62624096ca0c250111430,3127,3,0,0,0,0.05263157894736842,0.03851462929245882,0.0
223,apache/camel,6c88ad61b73dbfbc49c62624096ca0c250111430,3127,2,0,1,1,0.3333333333333333,0.1677571792075609,0.5
224,apache/camel,6c88ad61b73dbfbc49c62624096ca0c250111430,3127,4,0,1,1,0.25,0.13530247418398011,0.5
225,apache/camel,6c88ad61b73dbfbc49c62624096ca0c250111430,3127,3,0,1,1,0.25,0.1200712176480806,0.3333333333333333
226,apache/camel,6c88ad61b73dbfbc49c62624096ca0c250111430,3127,4,1,1,1,1.0,0.4748849693251534,0.75
227,apache/camel,6c88ad61b73dbfbc49c62624096ca0c250111430,3127,3,1,1,1,1.0,0.8055555555555555,1.0
228,apache/camel,6c88ad61b73dbfbc49c62624096ca0c250111430,3127,1,1,1,1,1.0,1.0,1.0
229,apache/camel,6c88ad61b73dbfbc49c62624096ca0c250111430,3127,5,0,1,1,0.2,0.05437743322149703,0.2
230,apache/camel,6c88ad61b73dbfbc49c62624096ca0c250111430,3127,1,0,0,0,0.0009149130832570906,0.0009149130832570906,0.0
231,apache/camel,6c88ad61b73dbfbc49c62624096ca0c250111430,3127,3,0,0,0,0.041666666666666664,0.034178743961352655,0.0
232,apache/camel,6c88ad61b73dbfbc49c62624096ca0c250111430,3127,1,0,0,0,0.002570694087403599,0.002570694087403599,0.0
233,apache/camel,6c88ad61b73dbfbc49c62624096ca0c250111430,3127,1,0,0,0,0.07692307692307693,0.07692307692307693,0.0
234,apache/camel,6c88ad61b73dbfbc49c62624096ca0c250111430,3127,1,0,1,1,0.5,0.5,1.0
235,apache/camel,6c88ad61b73dbfbc49c62624096ca0c250111430,3127,2,1,1,1,1.0,0.5238095238095238,0.5
236,apache/camel,6c88ad61b73dbfbc49c62624096ca0c250111430,3127,6,1,1,1,1.0,0.2264284739733559,0.3333333333333333
237,apache/camel,6c88ad61b73dbfbc49c62624096ca0c250111430,3127,3,0,0,1,0.16666666666666666,0.05635737733909052,0.3333333333333333
238,apache/camel,6c88ad61b73dbfbc49c62624096ca0c250111430,3127,1,0,0,0,0.06666666666666667,0.06666666666666667,0.0
239,apache/camel,6c88ad61b73dbfbc49c62624096ca0c250111430,3127,1,1,1,1,1.0,1.0,1.0
240,apache/camel,6c88ad61b73dbfbc49c62624096ca0c250111430,3127,5,0,0,0,0.0625,0.09920873786407766,0.0
241,apache/camel,6c88ad61b73dbfbc49c62624096ca0c250111430,3127,2,0,0,0,0.018867924528301886,0.013294966125154805,0.0
242,apache/camel,6c88ad61b73dbfbc49c62624096ca0c250111430,3127,12,0,0,1,0.16666666666666666,0.13146334246839397,0.16666666666666666
243,apache/camel,6c88ad61b73dbfbc49c62624096ca0c250111430,3127,8,1,1,1,1.0,0.15348799610300826,0.125
244,apache/camel,6c88ad61b73dbfbc49c62624096ca0c250111430,3127,1,0,0,0,0.0015015015015015015,0.0015015015015015015,0.0
245,apache/camel,6c88ad61b73dbfbc49c62624096ca0c250111430,3127,1,0,1,1,0.3333333333333333,0.3333333333333333,1.0
246,apache/camel,6c88ad61b73dbfbc49c62624096ca0c250111430,3127,2,0,1,1,0.5,0.375,1.0
247,apache/camel,6c88ad61b73dbfbc49c62624096ca0c250111430,3127,2,0,0,0,0.030303030303030304,0.035151515151515156,0.0
248,apache/camel,6c88ad61b73dbfbc49c62624096ca0c250111430,3127,1,1,1,1,1.0,1.0,1.0
249,apache/camel,6c88ad61b73dbfbc49c62624096ca0c250111430,3127,2,0,0,1,0.125,0.0928030303030303,0.5
250,apache/camel,6c88ad61b73dbfbc49c62624096ca0c250111430,3127,5,0,0,0,0.05555555555555555,0.050242779120780734,0.0
251,apache/camel,6c88ad61b73dbfbc49c62624096ca0c250111430,3127,1,0,0,0,0.05,0.05,0.0
252,apache/camel,6c88ad61b73dbfbc49c62624096ca0c250111430,3127,5,1,1,1,1.0,0.3453127037954872,0.2
253,apache/camel,6c88ad61b73dbfbc49c62624096ca0c250111430,3127,2,0,0,0,0.047619047619047616,0.025585722743804447,0.0
254,apache/camel,6c88ad61b73dbfbc49c62624096ca0c250111430,3127,1,0,1,1,0.5,0.5,1.0
255,apache/camel,6c88ad61b73dbfbc49c62624096ca0c250111430,3127,5,0,1,1,0.5,0.26489967056004793,0.6
256,apache/camel,6c88ad61b73dbfbc49c62624096ca0c250111430,3127,2,1,1,1,1.0,1.0,1.0
257,apache/camel,6c88ad61b73dbfbc49c62624096ca0c250111430,3127,1,0,1,1,0.5,0.5,1.0
258,apache/camel,6c88ad61b73dbfbc49c62624096ca0c250111430,3127,1,0,0,1,0.1,0.1,1.0
259,apache/camel,6c88ad61b73dbfbc49c62624096ca0c250111430,3127,1,0,1,1,0.5,0.5,1.0
260,apache/camel,6c88ad61b73dbfbc49c62624096ca0c250111430,3127,2,1,1,1,1.0,0.5714285714285714,0.5
261,apache/camel,6c88ad61b73dbfbc49c62624096ca0c250111430,3127,1,1,1,1,1.0,1.0,1.0
262,apache/camel,6c88ad61b73dbfbc49c62624096ca0c250111430,3127,3,1,1,1,1.0,0.33809511726844454,0.3333333333333333
263,apache/camel,6c88ad61b73dbfbc49c62624096ca0c250111430,3127,9,0,0,0,0.05555555555555555,0.05175835101398032,0.0
264,apache/camel,6c88ad61b73dbfbc49c62624096ca0c250111430,3127,10,0,0,1,0.125,0.030304636837026132,0.1
265,apache/camel,6c88ad61b73dbfbc49c62624096ca0c250111430,3127,3,0,0,0,0.03571428571428571,0.031751301671620394,0.0
266,apache/camel,6c88ad61b73dbfbc49c62624096ca0c250111430,3127,1,1,1,1,1.0,1.0,1.0
267,apache/camel,6c88ad61b73dbfbc49c62624096ca0c250111430,3127,4,0,1,1,0.2,0.09706339641730644,0.25
268,apache/camel,6c88ad61b73dbfbc49c62624096ca0c250111430,3127,1,0,0,1,0.1111111111111111,0.1111111111111111,1.0
269,apache/camel,6c88ad61b73dbfbc49c62624096ca0c250111430,3127,1,1,1,1,1.0,1.0,1.0
270,apache/camel,6c88ad61b73dbfbc49c62624096ca0c250111430,3127,1,0,0,0,0.020833333333333332,0.020833333333333332,0.0
271,apache/camel,6c88ad61b73dbfbc49c62624096ca0c250111430,3127,1,1,1,1,1.0,1.0,1.0
272,apache/camel,6c88ad61b73dbfbc49c62624096ca0c250111430,3127,1,0,1,1,0.2,0.2,1.0
273,apache/camel,6c88ad61b73dbfbc49c62624096ca0c250111430,3127,1,0,0,0,0.016666666666666666,0.016666666666666666,0.0
274,apache/camel,6c88ad61b73dbfbc49c62624096ca0c250111430,3127,10,0,1,1,0.2,0.09064026499216796,0.1
6445,apache/camel,6cb00233e8e94dc9028f9ec02b5580d04de24c66,16319,2,0,0,1,0.1,0.12692307692307692,0.5
119,apache/camel,6d7eacbab831d4484638bfb2b4456f8b2fcdc367,1987,2,0,0,0,0.003205128205128205,0.0022078909790774195,0.0
122,apache/camel,6d7eacbab831d4484638bfb2b4456f8b2fcdc367,1987,2,0,0,0,0.05555555555555555,0.06349206349206349,0.0
123,apache/camel,6d7eacbab831d4484638bfb2b4456f8b2fcdc367,1987,2,0,0,0,0.05263157894736842,0.037679425837320576,0.0
125,apache/camel,6d7eacbab831d4484638bfb2b4456f8b2fcdc367,1987,4,0,0,0,0.07692307692307693,0.025434121270525103,0.0
126,apache/camel,6d7eacbab831d4484638bfb2b4456f8b2fcdc367,1987,1,1,1,1,1.0,1.0,1.0
127,apache/camel,6d7eacbab831d4484638bfb2b4456f8b2fcdc367,1987,2,0,1,1,0.25,0.1364942528735632,0.5
130,apache/camel,6d7eacbab831d4484638bfb2b4456f8b2fcdc367,1987,1,0,0,0,0.007194244604316547,0.007194244604316547,0.0
131,apache/camel,6d7eacbab831d4484638bfb2b4456f8b2fcdc367,1987,7,0,0,1,0.1111111111111111,0.08483280554599629,0.14285714285714285
132,apache/camel,6d7eacbab831d4484638bfb2b4456f8b2fcdc367,1987,3,0,0,0,0.045454545454545456,0.024621085224100298,0.0
133,apache/camel,6d7eacbab831d4484638bfb2b4456f8b2fcdc367,1987,3,0,1,1,0.5,0.18954451345755693,0.3333333333333333
134,apache/camel,6d7eacbab831d4484638bfb2b4456f8b2fcdc367,1987,1,0,1,1,0.5,0.5,1.0
135,apache/camel,6d7eacbab831d4484638bfb2b4456f8b2fcdc367,1987,1,0,1,1,0.5,0.5,1.0
136,apache/camel,6d7eacbab831d4484638bfb2b4456f8b2fcdc367,1987,1,0,0,0,0.0013736263736263737,0.0013736263736263737,0.0
137,apache/camel,6d7eacbab831d4484638bfb2b4456f8b2fcdc367,1987,3,1,1,1,1.0,0.34041753955067544,0.3333333333333333
141,apache/camel,6d7eacbab831d4484638bfb2b4456f8b2fcdc367,1987,1,0,1,1,0.5,0.5,1.0
142,apache/camel,6d7eacbab831d4484638bfb2b4456f8b2fcdc367,1987,1,0,0,0,0.018518518518518517,0.018518518518518517,0.0
143,apache/camel,6d7eacbab831d4484638bfb2b4456f8b2fcdc367,1987,2,0,0,0,0.012345679012345678,0.008070372713003959,0.0
144,apache/camel,6d7eacbab831d4484638bfb2b4456f8b2fcdc367,1987,1,0,0,0,0.058823529411764705,0.058823529411764705,0.0
146,apache/camel,6d7eacbab831d4484638bfb2b4456f8b2fcdc367,1987,1,1,1,1,1.0,1.0,1.0
147,apache/camel,6d7eacbab831d4484638bfb2b4456f8b2fcdc367,1987,2,0,1,1,0.2,0.12127659574468086,0.5
156,apache/camel,6d7eacbab831d4484638bfb2b4456f8b2fcdc367,1987,2,1,1,1,1.0,0.75,1.0
1053,apache/camel,78ebec3138bb26d79c4432791a45d69c49daae18,7290,1,0,0,1,0.125,0.125,1.0
477,apache/camel,82c9157395811194d521d4a72d39815c9d798c3b,10237,2,0,0,0,0.07142857142857142,0.051587301587301584,0.0
478,apache/camel,82c9157395811194d521d4a72d39815c9d798c3b,10237,1,0,0,0,0.0125,0.0125,0.0
917,apache/camel,8a471f4432d3fdc5639c17eab2ad32fbcf38ed0e,4660,2,0,1,1,0.2,0.12777777777777777,0.5
918,apache/camel,8a471f4432d3fdc5639c17eab2ad32fbcf38ed0e,4660,2,0,0,0,0.008264462809917356,0.006004890580988641,0.0
919,apache/camel,8a471f4432d3fdc5639c17eab2ad32fbcf38ed0e,4660,8,0,0,0,0.07142857142857142,0.07784588901538443,0.0
920,apache/camel,8a471f4432d3fdc5639c17eab2ad32fbcf38ed0e,4660,3,1,1,1,1.0,0.3509518477043673,0.3333333333333333
921,apache/camel,8a471f4432d3fdc5639c17eab2ad32fbcf38ed0e,4660,4,1,1,1,1.0,0.5140845070422535,0.75
922,apache/camel,8a471f4432d3fdc5639c17eab2ad32fbcf38ed0e,4660,3,0,1,1,0.5,0.34649122807017546,0.6666666666666666
923,apache/camel,8a471f4432d3fdc5639c17eab2ad32fbcf38ed0e,4660,1,0,0,0,0.006666666666666667,0.006666666666666667,0.0
924,apache/camel,8a471f4432d3fdc5639c17eab2ad32fbcf38ed0e,4660,5,0,1,1,0.2,0.09353987378083764,0.2
925,apache/camel,8a471f4432d3fdc5639c17eab2ad32fbcf38ed0e,4660,2,1,1,1,1.0,0.5188679245283019,0.5
926,apache/camel,8a471f4432d3fdc5639c17eab2ad32fbcf38ed0e,4660,7,0,0,0,0.001349527665317139,0.001826541291046471,0.0
927,apache/camel,8a471f4432d3fdc5639c17eab2ad32fbcf38ed0e,4660,1,0,1,1,0.3333333333333333,0.3333333333333333,1.0
928,apache/camel,8a471f4432d3fdc5639c17eab2ad32fbcf38ed0e,4660,2,0,1,1,0.25,0.1607142857142857,0.5
929,apache/camel,8a471f4432d3fdc5639c17eab2ad32fbcf38ed0e,4660,6,0,0,0,0.00078003120124805,0.001600276143806414,0.0
930,apache/camel,8a471f4432d3fdc5639c17eab2ad32fbcf38ed0e,4660,2,0,0,0,0.023809523809523808,0.019257703081232494,0.0
931,apache/camel,8a471f4432d3fdc5639c17eab2ad32fbcf38ed0e,4660,2,0,1,1,0.5,0.2579365079365079,0.5
932,apache/camel,8a471f4432d3fdc5639c17eab2ad32fbcf38ed0e,4660,1,0,0,0,0.034482758620689655,0.034482758620689655,0.0
933,apache/camel,8a471f4432d3fdc5639c17eab2ad32fbcf38ed0e,4660,3,0,1,1,0.3333333333333333,0.1465811965811966,0.3333333333333333
934,apache/camel,8a471f4432d3fdc5639c17eab2ad32fbcf38ed0e,4660,2,0,0,0,0.0015360983102918587,0.0015204946028509708,0.0
935,apache/camel,8a471f4432d3fdc5639c17eab2ad32fbcf38ed0e,4660,4,0,0,0,0.05263157894736842,0.02400989532374585,0.0
936,apache/camel,8a471f4432d3fdc5639c17eab2ad32fbcf38ed0e,4660,2,0,0,1,0.125,0.06852409638554217,0.5
937,apache/camel,8a471f4432d3fdc5639c17eab2ad32fbcf38ed0e,4660,7,0,1,1,0.5,0.217945288467342,0.2857142857142857
938,apache/camel,8a471f4432d3fdc5639c17eab2ad32fbcf38ed0e,4660,10,1,1,1,1.0,0.21892536702982665,0.3
939,apache/camel,8a471f4432d3fdc5639c17eab2ad32fbcf38ed0e,4660,3,0,1,1,0.25,0.12487487487487488,0.3333333333333333
940,apache/camel,8a471f4432d3fdc5639c17eab2ad32fbcf38ed0e,4660,1,1,1,1,1.0,1.0,1.0
941,apache/camel,8a471f4432d3fdc5639c17eab2ad32fbcf38ed0e,4660,5,0,0,0,0.05555555555555555,0.04335072343092413,0.0
942,apache/camel,8a471f4432d3fdc5639c17eab2ad32fbcf38ed0e,4660,2,0,0,0,0.045454545454545456,0.03325358851674641,0.0
943,apache/camel,8a471f4432d3fdc5639c17eab2ad32fbcf38ed0e,4660,11,0,0,0,0.047619047619047616,0.01061793213557536,0.0
944,apache/camel,8a471f4432d3fdc5639c17eab2ad32fbcf38ed0e,4660,1,0,0,0,0.008403361344537815,0.008403361344537815,0.0
945,apache/camel,8a471f4432d3fdc5639c17eab2ad32fbcf38ed0e,4660,5,0,0,0,0.0006724949562878278,0.0008945567393628007,0.0
376,apache/camel,9229fe95c498a71f9d49bc4b44dcc72165fa6f17,9910,2,0,0,1,0.125,0.09027777777777778,0.5
377,apache/camel,9229fe95c498a71f9d49bc4b44dcc72165fa6f17,9910,1,1,1,1,1.0,1.0,1.0
378,apache/camel,9229fe95c498a71f9d49bc4b44dcc72165fa6f17,9910,3,0,0,0,0.014084507042253521,0.02703717802309352,0.0
379,apache/camel,9229fe95c498a71f9d49bc4b44dcc72165fa6f17,9910,1,0,0,0,0.0064516129032258064,0.0064516129032258064,0.0
380,apache/camel,9229fe95c498a71f9d49bc4b44dcc72165fa6f17,9910,1,0,1,1,0.3333333333333333,0.3333333333333333,1.0
381,apache/camel,9229fe95c498a71f9d49bc4b44dcc72165fa6f17,9910,1,0,1,1,0.2,0.2,1.0
382,apache/camel,9229fe95c498a71f9d49bc4b44dcc72165fa6f17,9910,6,1,1,1,1.0,0.17232661162090315,0.16666666666666666
383,apache/camel,9229fe95c498a71f9d49bc4b44dcc72165fa6f17,9910,3,0,0,1,0.125,0.1037037037037037,0.3333333333333333
384,apache/camel,9229fe95c498a71f9d49bc4b44dcc72165fa6f17,9910,1,0,0,0,0.019230769230769232,0.019230769230769232,0.0
385,apache/camel,9229fe95c498a71f9d49bc4b44dcc72165fa6f17,9910,5,1,1,1,1.0,0.33474832839518365,0.4
386,apache/camel,9229fe95c498a71f9d49bc4b44dcc72165fa6f17,9910,1,0,0,1,0.1111111111111111,0.1111111111111111,1.0
387,apache/camel,9229fe95c498a71f9d49bc4b44dcc72165fa6f17,9910,1,0,1,1,0.5,0.5,1.0
388,apache/camel,9229fe95c498a71f9d49bc4b44dcc72165fa6f17,9910,1,0,0,0,0.012987012987012988,0.012987012987012988,0.0
389,apache/camel,9229fe95c498a71f9d49bc4b44dcc72165fa6f17,9910,2,0,0,0,0.058823529411764705,0.03451380552220888,0.0
390,apache/camel,9229fe95c498a71f9d49bc4b44dcc72165fa6f17,9910,3,0,1,1,0.3333333333333333,0.4777777777777778,1.0
391,apache/camel,9229fe95c498a71f9d49bc4b44dcc72165fa6f17,9910,1,0,0,0,0.001128668171557562,0.001128668171557562,0.0
392,apache/camel,9229fe95c498a71f9d49bc4b44dcc72165fa6f17,9910,1,0,0,0,0.0015015015015015015,0.0015015015015015015,0.0
393,apache/camel,9229fe95c498a71f9d49bc4b44dcc72165fa6f17,9910,2,1,1,1,1.0,1.0,1.0
282,apache/camel,99b5784e1fc5fd529c0178f9a8f60ac37fed5682,8846,2,0,0,0,0.0625,0.05982142857142857,0.0
1043,apache/camel,9d5fd0d12094fc6967834baf5270bbfa18a1c9b4,6483,1,0,0,0,0.0136986301369863,0.0136986301369863,0.0
1044,apache/camel,9d5fd0d12094fc6967834baf5270bbfa18a1c9b4,6483,2,1,1,1,1.0,1.0,1.0
1045,apache/camel,9d5fd0d12094fc6967834baf5270bbfa18a1c9b4,6483,2,0,1,1,0.5,0.2857142857142857,0.5
288,apache/camel,a150a28345af64ea5e55fc95f42917705f1b40ef,9024,1,0,0,0,0.045454545454545456,0.045454545454545456,0.0
289,apache/camel,a150a28345af64ea5e55fc95f42917705f1b40ef,9024,9,0,1,1,0.5,0.1222067380908368,0.1111111111111111
290,apache/camel,a150a28345af64ea5e55fc95f42917705f1b40ef,9024,2,1,1,1,1.0,0.5009478672985782,0.5
291,apache/camel,a150a28345af64ea5e55fc95f42917705f1b40ef,9024,9,0,0,1,0.14285714285714285,0.0625635940839851,0.2222222222222222
192,apache/camel,a57ab48a877981dd1039e79871a0a391b9e16238,2813,1,0,0,0,0.009615384615384616,0.009615384615384616,0.0
193,apache/camel,a57ab48a877981dd1039e79871a0a391b9e16238,2813,6,0,0,0,0.014285714285714285,0.008269403890815688,0.0
194,apache/camel,a57ab48a877981dd1039e79871a0a391b9e16238,2813,4,1,1,1,1.0,0.2586648161308908,0.25
195,apache/camel,a57ab48a877981dd1039e79871a0a391b9e16238,2813,1,0,0,1,0.1,0.1,1.0
197,apache/camel,a57ab48a877981dd1039e79871a0a391b9e16238,2813,3,0,1,1,0.25,0.11468850882615565,0.3333333333333333
198,apache/camel,a57ab48a877981dd1039e79871a0a391b9e16238,2813,6,1,1,1,1.0,0.28674223692397327,0.3333333333333333
199,apache/camel,a57ab48a877981dd1039e79871a0a391b9e16238,2813,6,1,1,1,1.0,0.3478968811068636,0.3333333333333333
200,apache/camel,a57ab48a877981dd1039e79871a0a391b9e16238,2813,1,0,0,0,0.005208333333333333,0.005208333333333333,0.0
201,apache/camel,a57ab48a877981dd1039e79871a0a391b9e16238,2813,4,1,1,1,1.0,0.2727042321251059,0.25
202,apache/camel,a57ab48a877981dd1039e79871a0a391b9e16238,2813,1,0,0,1,0.125,0.125,1.0
203,apache/camel,a57ab48a877981dd1039e79871a0a391b9e16238,2813,1,0,0,0,0.03125,0.03125,0.0
210,apache/camel,a57ab48a877981dd1039e79871a0a391b9e16238,2813,2,0,1,1,0.5,0.5833333333333333,1.0
217,apache/camel,a57ab48a877981dd1039e79871a0a391b9e16238,2813,1,1,1,1,1.0,1.0,1.0
834,apache/camel,af7064e6c1a754bb65eacb5f653bd551e4219cc6,13597,1,0,0,0,0.0009514747859181732,0.0009514747859181732,0.0
835,apache/camel,af7064e6c1a754bb65eacb5f653bd551e4219cc6,13597,1,0,1,1,0.5,0.5,1.0
836,apache/camel,af7064e6c1a754bb65eacb5f653bd551e4219cc6,13597,1,0,1,1,0.3333333333333333,0.3333333333333333,1.0
837,apache/camel,af7064e6c1a754bb65eacb5f653bd551e4219cc6,13597,1,0,0,0,0.08333333333333333,0.08333333333333333,0.0
838,apache/camel,af7064e6c1a754bb65eacb5f653bd551e4219cc6,13597,1,0,0,0,0.05555555555555555,0.05555555555555555,0.0
839,apache/camel,af7064e6c1a754bb65eacb5f653bd551e4219cc6,13597,3,0,0,0,0.03571428571428571,0.0203383020342861,0.0
840,apache/camel,af7064e6c1a754bb65eacb5f653bd551e4219cc6,13597,1,0,1,1,0.2,0.2,1.0
841,apache/camel,af7064e6c1a754bb65eacb5f653bd551e4219cc6,13597,1,0,0,1,0.1,0.1,1.0
842,apache/camel,af7064e6c1a754bb65eacb5f653bd551e4219cc6,13597,2,0,1,1,0.5,0.5,1.0
843,apache/camel,af7064e6c1a754bb65eacb5f653bd551e4219cc6,13597,1,0,1,1,0.3333333333333333,0.3333333333333333,1.0
844,apache/camel,af7064e6c1a754bb65eacb5f653bd551e4219cc6,13597,2,0,0,0,0.07692307692307693,0.05485498108448929,0.0
845,apache/camel,af7064e6c1a754bb65eacb5f653bd551e4219cc6,13597,1,1,1,1,1.0,1.0,1.0
846,apache/camel,af7064e6c1a754bb65eacb5f653bd551e4219cc6,13597,2,0,0,0,0.03333333333333333,0.0375,0.0
847,apache/camel,af7064e6c1a754bb65eacb5f653bd551e4219cc6,13597,1,1,1,1,1.0,1.0,1.0
848,apache/camel,af7064e6c1a754bb65eacb5f653bd551e4219cc6,13597,1,0,0,0,0.00044543429844097997,0.00044543429844097997,0.0
461,apache/camel,b1f8e1d3cd0d24cdf7e1296565eef946222eecf1,10206,2,1,1,1,1.0,1.0,1.0
462,apache/camel,b1f8e1d3cd0d24cdf7e1296565eef946222eecf1,10206,2,0,1,1,0.3333333333333333,0.17412935323383083,0.5
463,apache/camel,b1f8e1d3cd0d24cdf7e1296565eef946222eecf1,10206,4,0,0,0,0.011764705882352941,0.020152805629415047,0.0
464,apache/camel,b1f8e1d3cd0d24cdf7e1296565eef946222eecf1,10206,1,0,0,0,0.03333333333333333,0.03333333333333333,0.0
465,apache/camel,b1f8e1d3cd0d24cdf7e1296565eef946222eecf1,10206,2,1,1,1,1.0,0.5075757575757576,0.5
466,apache/camel,b1f8e1d3cd0d24cdf7e1296565eef946222eecf1,10206,1,0,0,0,0.00012110936175366356,0.00012110936175366356,0.0
467,apache/camel,b1f8e1d3cd0d24cdf7e1296565eef946222eecf1,10206,2,0,1,1,0.5,0.45,1.0
468,apache/camel,b1f8e1d3cd0d24cdf7e1296565eef946222eecf1,10206,1,0,0,0,0.02631578947368421,0.02631578947368421,0.0
469,apache/camel,b1f8e1d3cd0d24cdf7e1296565eef946222eecf1,10206,1,0,1,1,0.25,0.25,1.0
470,apache/camel,b1f8e1d3cd0d24cdf7e1296565eef946222eecf1,10206,1,0,1,1,0.5,0.5,1.0
471,apache/camel,b1f8e1d3cd0d24cdf7e1296565eef946222eecf1,10206,2,0,0,0,0.029411764705882353,0.03393665158371041,0.0
472,apache/camel,b1f8e1d3cd0d24cdf7e1296565eef946222eecf1,10206,2,1,1,1,1.0,1.0,1.0
473,apache/camel,b1f8e1d3cd0d24cdf7e1296565eef946222eecf1,10206,1,1,1,1,1.0,1.0,1.0
474,apache/camel,b1f8e1d3cd0d24cdf7e1296565eef946222eecf1,10206,3,0,0,0,0.017241379310344827,0.018878439568094738,0.0
475,apache/camel,b1f8e1d3cd0d24cdf7e1296565eef946222eecf1,10206,2,0,0,0,0.0007220216606498195,0.0005966375975256637,0.0
476,apache/camel,b1f8e1d3cd0d24cdf7e1296565eef946222eecf1,10206,1,0,0,0,0.02702702702702703,0.02702702702702703,0.0
677,apache/camel,b23d4f3ec7a94157e96497968566db05951247a4,12105,1,1,1,1,1.0,1.0,1.0
678,apache/camel,b23d4f3ec7a94157e96497968566db05951247a4,12105,1,0,0,0,0.030303030303030304,0.030303030303030304,0.0
679,apache/camel,b23d4f3ec7a94157e96497968566db05951247a4,12105,2,1,1,1,1.0,0.6666666666666666,1.0
680,apache/camel,b23d4f3ec7a94157e96497968566db05951247a4,12105,2,1,1,1,1.0,0.6111111111111112,1.0
681,apache/camel,b23d4f3ec7a94157e96497968566db05951247a4,12105,15,0,1,1,0.2,0.1001916312152984,0.06666666666666667
682,apache/camel,b23d4f3ec7a94157e96497968566db05951247a4,12105,1,0,0,0,0.0002763957987838585,0.0002763957987838585,0.0
683,apache/camel,b23d4f3ec7a94157e96497968566db05951247a4,12105,2,0,0,0,0.025,0.020075757575757577,0.0
684,apache/camel,b23d4f3ec7a94157e96497968566db05951247a4,12105,1,0,0,1,0.1111111111111111,0.1111111111111111,1.0
686,apache/camel,b23d4f3ec7a94157e96497968566db05951247a4,12105,2,0,1,1,0.5,0.2803030303030303,0.5
687,apache/camel,b23d4f3ec7a94157e96497968566db05951247a4,12105,2,0,0,0,0.037037037037037035,0.04177433247200689,0.0
688,apache/camel,b23d4f3ec7a94157e96497968566db05951247a4,12105,1,1,1,1,1.0,1.0,1.0
689,apache/camel,b23d4f3ec7a94157e96497968566db05951247a4,12105,2,0,0,1,0.16666666666666666,0.17424242424242425,0.5
690,apache/camel,b23d4f3ec7a94157e96497968566db05951247a4,12105,1,0,0,0,0.04,0.04,0.0
691,apache/camel,b23d4f3ec7a94157e96497968566db05951247a4,12105,1,0,0,0,0.013513513513513514,0.013513513513513514,0.0
692,apache/camel,b23d4f3ec7a94157e96497968566db05951247a4,12105,1,0,0,0,0.015873015873015872,0.015873015873015872,0.0
693,apache/camel,b23d4f3ec7a94157e96497968566db05951247a4,12105,3,0,1,1,0.5,0.1957815567568784,0.3333333333333333
1049,apache/camel,b24c1f9647856992c8b8f2af0d5626b2832d6108,6628,3,0,1,1,0.5,0.1753362757461118,0.3333333333333333
1050,apache/camel,b24c1f9647856992c8b8f2af0d5626b2832d6108,6628,1,0,1,1,0.3333333333333333,0.3333333333333333,1.0
416,apache/camel,b64d1814ec901dcc612c65b76fad1b322f4759d2,10159,3,0,0,0,0.05263157894736842,0.020480359124985855,0.0
417,apache/camel,b64d1814ec901dcc612c65b76fad1b322f4759d2,10159,1,0,0,0,0.014925373134328358,0.014925373134328358,0.0
418,apache/camel,b64d1814ec901dcc612c65b76fad1b322f4759d2,10159,2,0,0,0,0.037037037037037035,0.019324320291282417,0.0
419,apache/camel,b64d1814ec901dcc612c65b76fad1b322f4759d2,10159,1,0,1,1,0.3333333333333333,0.3333333333333333,1.0
420,apache/camel,b64d1814ec901dcc612c65b76fad1b322f4759d2,10159,2,0,0,1,0.125,0.0639367816091954,0.5
421,apache/camel,b64d1814ec901dcc612c65b76fad1b322f4759d2,10159,2,0,1,1,0.5,0.45,1.0
422,apache/camel,b64d1814ec901dcc612c65b76fad1b322f4759d2,10159,1,0,0,0,0.013157894736842105,0.013157894736842105,0.0
423,apache/camel,b64d1814ec901dcc612c65b76fad1b322f4759d2,10159,2,0,0,0,0.023255813953488372,0.011879923105776444,0.0
424,apache/camel,b64d1814ec901dcc612c65b76fad1b322f4759d2,10159,1,0,0,0,0.00016857720836142953,0.00016857720836142953,0.0
425,apache/camel,b64d1814ec901dcc612c65b76fad1b322f4759d2,10159,1,0,1,1,0.5,0.5,1.0
426,apache/camel,b64d1814ec901dcc612c65b76fad1b322f4759d2,10159,1,0,0,0,0.0008904719501335708,0.0008904719501335708,0.0
427,apache/camel,b64d1814ec901dcc612c65b76fad1b322f4759d2,10159,1,0,1,1,0.25,0.25,1.0
428,apache/camel,b64d1814ec901dcc612c65b76fad1b322f4759d2,10159,1,0,0,1,0.1111111111111111,0.1111111111111111,1.0
429,apache/camel,b64d1814ec901dcc612c65b76fad1b322f4759d2,10159,2,0,0,0,0.023809523809523808,0.025989268947015427,0.0
430,apache/camel,b64d1814ec901dcc612c65b76fad1b322f4759d2,10159,1,0,0,0,0.005128205128205128,0.005128205128205128,0.0
431,apache/camel,b64d1814ec901dcc612c65b76fad1b322f4759d2,10159,1,0,0,0,0.043478260869565216,0.043478260869565216,0.0
432,apache/camel,b64d1814ec901dcc612c65b76fad1b322f4759d2,10159,1,0,1,1,0.3333333333333333,0.3333333333333333,1.0
433,apache/camel,b64d1814ec901dcc612c65b76fad1b322f4759d2,10159,3,0,0,0,0.0035842293906810036,0.0033385000422506,0.0
434,apache/camel,b64d1814ec901dcc612c65b76fad1b322f4759d2,10159,1,0,0,0,0.015625,0.015625,0.0
204,apache/camel,b877a280fd1eae2ddda5b485f1f519c75a691357,2959,3,0,0,1,0.1,0.034495261511647814,0.3333333333333333
205,apache/camel,b877a280fd1eae2ddda5b485f1f519c75a691357,2959,9,0,1,1,0.25,0.08772506902979815,0.1111111111111111
206,apache/camel,b877a280fd1eae2ddda5b485f1f519c75a691357,2959,1,0,0,0,0.004098360655737705,0.004098360655737705,0.0
207,apache/camel,b877a280fd1eae2ddda5b485f1f519c75a691357,2959,3,0,0,0,0.002512562814070352,0.003922627321002174,0.0
208,apache/camel,b877a280fd1eae2ddda5b485f1f519c75a691357,2959,1,0,0,0,0.0625,0.0625,0.0
209,apache/camel,b877a280fd1eae2ddda5b485f1f519c75a691357,2959,2,0,1,1,0.25,0.12665289256198348,0.5
211,apache/camel,b877a280fd1eae2ddda5b485f1f519c75a691357,2959,7,0,0,0,0.006289308176100629,0.005806166267270846,0.0
212,apache/camel,b877a280fd1eae2ddda5b485f1f519c75a691357,2959,8,1,1,1,1.0,0.4448842986628774,0.375
213,apache/camel,b877a280fd1eae2ddda5b485f1f519c75a691357,2959,1,0,0,0,0.027777777777777776,0.027777777777777776,0.0
214,apache/camel,b877a280fd1eae2ddda5b485f1f519c75a691357,2959,2,0,1,1,0.5,0.2545454545454545,0.5
218,apache/camel,b877a280fd1eae2ddda5b485f1f519c75a691357,2959,2,0,0,0,0.0020876826722338203,0.001989020920237893,0.0
698,apache/camel,b8b56b44bcc1a8471f99182efd47f6bafe6268ba,12135,1,0,0,0,0.05555555555555555,0.05555555555555555,0.0
699,apache/camel,b8b56b44bcc1a8471f99182efd47f6bafe6268ba,12135,1,0,1,1,0.3333333333333333,0.3333333333333333,1.0
700,apache/camel,b8b56b44bcc1a8471f99182efd47f6bafe6268ba,12135,3,0,0,1,0.16666666666666666,0.09124737945492663,0.3333333333333333
701,apache/camel,b8b56b44bcc1a8471f99182efd47f6bafe6268ba,12135,1,0,0,0,0.08333333333333333,0.08333333333333333,0.0
181,apache/camel,bb4dc2ba787f413f86569156b6b28f5ded34347e,2170,1,0,1,1,0.5,0.5,1.0
182,apache/camel,bb4dc2ba787f413f86569156b6b28f5ded34347e,2170,2,1,1,1,1.0,0.6666666666666666,1.0
183,apache/camel,bb4dc2ba787f413f86569156b6b28f5ded34347e,2170,1,1,1,1,1.0,1.0,1.0
1054,apache/camel,bd1cafcc328136212da24661cb17c13465a19947,7401,1,0,0,0,0.05263157894736842,0.05263157894736842,0.0
824,apache/camel,bf9c1455bd545848e2104027ce65624f148f41d8,13588,2,0,0,0,0.034482758620689655,0.023530687486445455,0.0
825,apache/camel,bf9c1455bd545848e2104027ce65624f148f41d8,13588,1,0,1,1,0.2,0.2,1.0
826,apache/camel,bf9c1455bd545848e2104027ce65624f148f41d8,13588,1,0,1,1,0.3333333333333333,0.3333333333333333,1.0
827,apache/camel,bf9c1455bd545848e2104027ce65624f148f41d8,13588,4,0,0,0,0.09090909090909091,0.050333521450158326,0.0
828,apache/camel,bf9c1455bd545848e2104027ce65624f148f41d8,13588,3,1,1,1,1.0,0.6,1.0
829,apache/camel,bf9c1455bd545848e2104027ce65624f148f41d8,13588,1,0,0,0,0.05555555555555555,0.05555555555555555,0.0
830,apache/camel,bf9c1455bd545848e2104027ce65624f148f41d8,13588,1,0,1,1,0.5,0.5,1.0
831,apache/camel,bf9c1455bd545848e2104027ce65624f148f41d8,13588,2,0,1,1,0.5,0.2508190008190008,0.5
832,apache/camel,bf9c1455bd545848e2104027ce65624f148f41d8,13588,2,0,1,1,0.2,0.1625,0.5
833,apache/camel,bf9c1455bd545848e2104027ce65624f148f41d8,13588,4,0,0,0,0.014492753623188406,0.004314414474055792,0.0
569,apache/camel,c0edeeb38adc343f854d179e402ac95da597ee59,11248,8,0,0,0,0.009433962264150943,0.008325050630607898,0.0
570,apache/camel,c0edeeb38adc343f854d179e402ac95da597ee59,11248,6,0,0,0,0.045454545454545456,0.05435952259730636,0.0
571,apache/camel,c0edeeb38adc343f854d179e402ac95da597ee59,11248,2,0,0,0,0.09090909090909091,0.10795454545454546,0.0
572,apache/camel,c0edeeb38adc343f854d179e402ac95da597ee59,11248,4,0,1,1,0.3333333333333333,0.10898248528297487,0.25
573,apache/camel,c0edeeb38adc343f854d179e402ac95da597ee59,11248,1,0,1,1,0.3333333333333333,0.3333333333333333,1.0
574,apache/camel,c0edeeb38adc343f854d179e402ac95da597ee59,11248,2,0,0,1,0.1111111111111111,0.07729468599033816,0.5
575,apache/camel,c0edeeb38adc343f854d179e402ac95da597ee59,11248,2,0,0,0,0.002061855670103093,0.0018277405840555305,0.0
576,apache/camel,c0edeeb38adc343f854d179e402ac95da597ee59,11248,2,0,0,1,0.14285714285714285,0.19642857142857142,1.0
577,apache/camel,c0edeeb38adc343f854d179e402ac95da597ee59,11248,2,0,0,0,0.015625,0.012122844827586207,0.0
578,apache/camel,c0edeeb38adc343f854d179e402ac95da597ee59,11248,3,0,0,0,0.00035298270384751147,0.0005417286392175668,0.0
579,apache/camel,c0edeeb38adc343f854d179e402ac95da597ee59,11248,2,0,0,0,0.012345679012345678,0.0071180190902938225,0.0
580,apache/camel,c0edeeb38adc343f854d179e402ac95da597ee59,11248,1,0,0,0,0.003703703703703704,0.003703703703703704,0.0
581,apache/camel,c0edeeb38adc343f854d179e402ac95da597ee59,11248,1,0,1,1,0.5,0.5,1.0
582,apache/camel,c0edeeb38adc343f854d179e402ac95da597ee59,11248,4,0,0,1,0.1,0.05932086980815794,0.25
583,apache/camel,c0edeeb38adc343f854d179e402ac95da597ee59,11248,1,0,0,0,0.004545454545454545,0.004545454545454545,0.0
584,apache/camel,c0edeeb38adc343f854d179e402ac95da597ee59,11248,1,0,0,0,0.045454545454545456,0.045454545454545456,0.0
585,apache/camel,c0edeeb38adc343f854d179e402ac95da597ee59,11248,1,0,1,1,0.5,0.5,1.0
586,apache/camel,c0edeeb38adc343f854d179e402ac95da597ee59,11248,1,0,0,0,0.0028328611898017,0.0028328611898017,0.0
868,apache/camel,c13c4c115f6ceaa1a2fd8786ed638c30b0e4f505,3814,3,1,1,1,1.0,0.8666666666666667,1.0
869,apache/camel,c13c4c115f6ceaa1a2fd8786ed638c30b0e4f505,3814,1,0,0,0,0.004464285714285714,0.004464285714285714,0.0
870,apache/camel,c13c4c115f6ceaa1a2fd8786ed638c30b0e4f505,3814,2,1,1,1,1.0,0.5333333333333333,0.5
871,apache/camel,c13c4c115f6ceaa1a2fd8786ed638c30b0e4f505,3814,1,1,1,1,1.0,1.0,1.0
872,apache/camel,c13c4c115f6ceaa1a2fd8786ed638c30b0e4f505,3814,1,0,0,0,0.010101010101010102,0.010101010101010102,0.0
873,apache/camel,c13c4c115f6ceaa1a2fd8786ed638c30b0e4f505,3814,3,1,1,1,1.0,0.3830246913580247,0.3333333333333333
874,apache/camel,c13c4c115f6ceaa1a2fd8786ed638c30b0e4f505,3814,2,0,0,1,0.16666666666666666,0.11666666666666667,0.5
875,apache/camel,c13c4c115f6ceaa1a2fd8786ed638c30b0e4f505,3814,1,1,1,1,1.0,1.0,1.0
876,apache/camel,c13c4c115f6ceaa1a2fd8786ed638c30b0e4f505,3814,2,0,0,1,0.14285714285714285,0.12698412698412698,0.5
877,apache/camel,c13c4c115f6ceaa1a2fd8786ed638c30b0e4f505,3814,1,0,1,1,0.25,0.25,1.0
878,apache/camel,c13c4c115f6ceaa1a2fd8786ed638c30b0e4f505,3814,1,1,1,1,1.0,1.0,1.0
879,apache/camel,c13c4c115f6ceaa1a2fd8786ed638c30b0e4f505,3814,1,0,0,0,0.09090909090909091,0.09090909090909091,0.0
880,apache/camel,c13c4c115f6ceaa1a2fd8786ed638c30b0e4f505,3814,1,0,0,1,0.14285714285714285,0.14285714285714285,1.0
881,apache/camel,c13c4c115f6ceaa1a2fd8786ed638c30b0e4f505,3814,6,1,1,1,1.0,0.503968253968254,0.5
882,apache/camel,c13c4c115f6ceaa1a2fd8786ed638c30b0e4f505,3814,1,1,1,1,1.0,1.0,1.0
883,apache/camel,c13c4c115f6ceaa1a2fd8786ed638c30b0e4f505,3814,1,0,0,1,0.125,0.125,1.0
884,apache/camel,c13c4c115f6ceaa1a2fd8786ed638c30b0e4f505,3814,2,0,1,1,0.5,0.5833333333333333,1.0
885,apache/camel,c13c4c115f6ceaa1a2fd8786ed638c30b0e4f505,3814,2,0,1,1,0.5,0.265625,0.5
886,apache/camel,c13c4c115f6ceaa1a2fd8786ed638c30b0e4f505,3814,1,0,0,0,0.00045871559633027525,0.00045871559633027525,0.0
887,apache/camel,c13c4c115f6ceaa1a2fd8786ed638c30b0e4f505,3814,2,0,0,0,0.023809523809523808,0.02914614121510673,0.0
888,apache/camel,c13c4c115f6ceaa1a2fd8786ed638c30b0e4f505,3814,2,0,0,0,0.01282051282051282,0.006760641834222773,0.0
889,apache/camel,c13c4c115f6ceaa1a2fd8786ed638c30b0e4f505,3814,6,0,0,0,0.005813953488372093,0.002709721161797539,0.0
890,apache/camel,c13c4c115f6ceaa1a2fd8786ed638c30b0e4f505,3814,2,0,0,0,0.02,0.01625,0.0
891,apache/camel,c13c4c115f6ceaa1a2fd8786ed638c30b0e4f505,3814,2,0,0,0,0.09090909090909091,0.046804073119862594,0.0
892,apache/camel,c13c4c115f6ceaa1a2fd8786ed638c30b0e4f505,3814,1,0,0,1,0.14285714285714285,0.14285714285714285,1.0
893,apache/camel,c13c4c115f6ceaa1a2fd8786ed638c30b0e4f505,3814,1,0,0,0,0.01818181818181818,0.01818181818181818,0.0
894,apache/camel,c13c4c115f6ceaa1a2fd8786ed638c30b0e4f505,3814,5,0,1,1,0.3333333333333333,0.11755501008152888,0.2
895,apache/camel,c13c4c115f6ceaa1a2fd8786ed638c30b0e4f505,3814,1,0,0,0,0.09090909090909091,0.09090909090909091,0.0
802,apache/camel,c3d54e2ff5c412ff9d663e6386c38eb9c18e2282,13568,1,0,0,0,0.02564102564102564,0.02564102564102564,0.0
803,apache/camel,c3d54e2ff5c412ff9d663e6386c38eb9c18e2282,13568,1,1,1,1,1.0,1.0,1.0
804,apache/camel,c3d54e2ff5c412ff9d663e6386c38eb9c18e2282,13568,4,0,1,1,0.5,0.48926767676767674,0.75
805,apache/camel,c3d54e2ff5c412ff9d663e6386c38eb9c18e2282,13568,1,0,1,1,0.2,0.2,1.0
806,apache/camel,c3d54e2ff5c412ff9d663e6386c38eb9c18e2282,13568,2,0,1,1,0.5,0.35,1.0
807,apache/camel,c3d54e2ff5c412ff9d663e6386c38eb9c18e2282,13568,2,0,0,0,0.022727272727272728,0.021780303030303032,0.0
808,apache/camel,c3d54e2ff5c412ff9d663e6386c38eb9c18e2282,13568,1,1,1,1,1.0,1.0,1.0
809,apache/camel,c3d54e2ff5c412ff9d663e6386c38eb9c18e2282,13568,3,1,1,1,1.0,0.4232558139534884,0.6666666666666666
810,apache/camel,c3d54e2ff5c412ff9d663e6386c38eb9c18e2282,13568,1,0,0,0,0.05263157894736842,0.05263157894736842,0.0
811,apache/camel,c3d54e2ff5c412ff9d663e6386c38eb9c18e2282,13568,2,0,0,0,0.007633587786259542,0.004580735833542299,0.0
812,apache/camel,c3d54e2ff5c412ff9d663e6386c38eb9c18e2282,13568,1,0,0,0,0.02564102564102564,0.02564102564102564,0.0
813,apache/camel,c3d54e2ff5c412ff9d663e6386c38eb9c18e2282,13568,5,0,0,0,0.02702702702702703,0.006324425763377062,0.0
814,apache/camel,c3d54e2ff5c412ff9d663e6386c38eb9c18e2282,13568,10,0,0,0,0.07692307692307693,0.015990335525111036,0.0
815,apache/camel,c3d54e2ff5c412ff9d663e6386c38eb9c18e2282,13568,2,0,1,1,0.3333333333333333,0.30952380952380953,1.0
816,apache/camel,c3d54e2ff5c412ff9d663e6386c38eb9c18e2282,13568,3,0,1,1,0.25,0.086748718713,0.3333333333333333
817,apache/camel,c3d54e2ff5c412ff9d663e6386c38eb9c18e2282,13568,3,0,0,0,0.023255813953488372,0.016326224218356826,0.0
818,apache/camel,c3d54e2ff5c412ff9d663e6386c38eb9c18e2282,13568,6,1,1,1,1.0,0.25250619577725436,0.3333333333333333
819,apache/camel,c3d54e2ff5c412ff9d663e6386c38eb9c18e2282,13568,1,0,0,0,0.07692307692307693,0.07692307692307693,0.0
820,apache/camel,c3d54e2ff5c412ff9d663e6386c38eb9c18e2282,13568,2,0,0,0,0.008064516129032258,0.004694071433146175,0.0
821,apache/camel,c3d54e2ff5c412ff9d663e6386c38eb9c18e2282,13568,1,0,0,0,0.00065359477124183,0.00065359477124183,0.0
822,apache/camel,c3d54e2ff5c412ff9d663e6386c38eb9c18e2282,13568,2,0,0,0,0.004,0.004222222222222223,0.0
823,apache/camel,c3d54e2ff5c412ff9d663e6386c38eb9c18e2282,13568,1,0,1,1,0.2,0.2,1.0
6421,apache/camel,c3d54e2ff5c412ff9d663e6386c38eb9c18e2282,13568,1,0,0,0,0.0010515247108307045,0.0010515247108307045,0.0
285,apache/camel,c4376c9ed719cd5efa469bdee420fa7c7e536f34,9011,2,0,0,1,0.125,0.06765463917525773,0.5
286,apache/camel,c4376c9ed719cd5efa469bdee420fa7c7e536f34,9011,1,0,0,0,0.002380952380952381,0.002380952380952381,0.0
287,apache/camel,c4376c9ed719cd5efa469bdee420fa7c7e536f34,9011,1,0,0,0,0.030303030303030304,0.030303030303030304,0.0
996,apache/camel,ce48fd142285b39dd77842a933f01e4620623efb,5301,3,0,1,1,0.5,0.38934530148587654,0.6666666666666666
997,apache/camel,ce48fd142285b39dd77842a933f01e4620623efb,5301,1,0,0,0,0.005154639175257732,0.005154639175257732,0.0
998,apache/camel,ce48fd142285b39dd77842a933f01e4620623efb,5301,1,0,0,0,0.06666666666666667,0.06666666666666667,0.0
999,apache/camel,ce48fd142285b39dd77842a933f01e4620623efb,5301,2,0,0,0,0.043478260869565216,0.037868162692847124,0.0
1000,apache/camel,ce48fd142285b39dd77842a933f01e4620623efb,5301,2,0,0,0,0.05263157894736842,0.04040029651593773,0.0
1001,apache/camel,ce48fd142285b39dd77842a933f01e4620623efb,5301,1,1,1,1,1.0,1.0,1.0
1002,apache/camel,ce48fd142285b39dd77842a933f01e4620623efb,5301,2,0,0,0,0.003875968992248062,0.002982916575538869,0.0
1003,apache/camel,ce48fd142285b39dd77842a933f01e4620623efb,5301,1,0,0,0,0.02564102564102564,0.02564102564102564,0.0
1004,apache/camel,ce48fd142285b39dd77842a933f01e4620623efb,5301,1,0,1,1,0.3333333333333333,0.3333333333333333,1.0
1005,apache/camel,ce48fd142285b39dd77842a933f01e4620623efb,5301,10,0,0,0,0.07142857142857142,0.07359624256979827,0.0
1006,apache/camel,ce48fd142285b39dd77842a933f01e4620623efb,5301,1,0,0,0,0.001594896331738437,0.001594896331738437,0.0
1007,apache/camel,ce48fd142285b39dd77842a933f01e4620623efb,5301,2,0,0,0,0.01694915254237288,0.009940851931010488,0.0
1008,apache/camel,ce48fd142285b39dd77842a933f01e4620623efb,5301,1,0,0,0,0.043478260869565216,0.043478260869565216,0.0
1009,apache/camel,ce48fd142285b39dd77842a933f01e4620623efb,5301,1,0,0,0,0.01818181818181818,0.01818181818181818,0.0
1010,apache/camel,ce48fd142285b39dd77842a933f01e4620623efb,5301,2,0,0,0,0.017857142857142856,0.02532201405152225,0.0
1011,apache/camel,ce48fd142285b39dd77842a933f01e4620623efb,5301,5,0,0,1,0.1,0.07746753246753246,0.2
1012,apache/camel,ce48fd142285b39dd77842a933f01e4620623efb,5301,1,0,0,0,0.0007204610951008645,0.0007204610951008645,0.0
1013,apache/camel,ce48fd142285b39dd77842a933f01e4620623efb,5301,6,1,1,1,1.0,0.4335232668566002,0.3333333333333333
1014,apache/camel,ce48fd142285b39dd77842a933f01e4620623efb,5301,1,0,1,1,0.5,0.5,1.0
1015,apache/camel,ce48fd142285b39dd77842a933f01e4620623efb,5301,4,0,0,1,0.125,0.08767984392328912,0.5
1016,apache/camel,ce48fd142285b39dd77842a933f01e4620623efb,5301,2,0,0,0,0.030303030303030304,0.01537408359131039,0.0
1017,apache/camel,ce48fd142285b39dd77842a933f01e4620623efb,5301,2,0,0,0,0.0034129692832764505,0.0037598727319873015,0.0
1018,apache/camel,ce48fd142285b39dd77842a933f01e4620623efb,5301,2,1,1,1,1.0,0.5053475935828877,0.5
1019,apache/camel,ce48fd142285b39dd77842a933f01e4620623efb,5301,4,1,1,1,1.0,0.5700379867046533,0.5
1020,apache/camel,ce48fd142285b39dd77842a933f01e4620623efb,5301,2,1,1,1,1.0,0.5909090909090909,0.5
1021,apache/camel,ce48fd142285b39dd77842a933f01e4620623efb,5301,6,1,1,1,1.0,0.18209901707426832,0.16666666666666666
1022,apache/camel,ce48fd142285b39dd77842a933f01e4620623efb,5301,2,0,0,0,0.023809523809523808,0.02914614121510673,0.0
1023,apache/camel,ce48fd142285b39dd77842a933f01e4620623efb,5301,2,0,0,0,0.09090909090909091,0.11688311688311688,0.0
1024,apache/camel,ce48fd142285b39dd77842a933f01e4620623efb,5301,3,0,0,0,0.08333333333333333,0.05124867619253567,0.0
1025,apache/camel,ce48fd142285b39dd77842a933f01e4620623efb,5301,1,0,0,0,0.08333333333333333,0.08333333333333333,0.0
1026,apache/camel,ce48fd142285b39dd77842a933f01e4620623efb,5301,2,0,0,0,0.06666666666666667,0.09215686274509804,0.0
1027,apache/camel,ce48fd142285b39dd77842a933f01e4620623efb,5301,4,0,0,0,0.06666666666666667,0.030515754480507116,0.0
1028,apache/camel,ce48fd142285b39dd77842a933f01e4620623efb,5301,3,0,0,0,0.02564102564102564,0.023527993231971033,0.0
1029,apache/camel,ce48fd142285b39dd77842a933f01e4620623efb,5301,3,1,1,1,1.0,0.5535714285714285,1.0
1030,apache/camel,ce48fd142285b39dd77842a933f01e4620623efb,5301,3,0,1,1,0.5,0.3363728470111449,0.6666666666666666
1031,apache/camel,ce48fd142285b39dd77842a933f01e4620623efb,5301,4,1,1,1,1.0,0.2926052344445402,0.25
1032,apache/camel,ce48fd142285b39dd77842a933f01e4620623efb,5301,1,0,0,1,0.16666666666666666,0.16666666666666666,1.0
1033,apache/camel,ce48fd142285b39dd77842a933f01e4620623efb,5301,3,0,0,0,0.0030120481927710845,0.003059415091867097,0.0
1034,apache/camel,ce48fd142285b39dd77842a933f01e4620623efb,5301,2,0,0,0,0.0019801980198019802,0.0023093602236213067,0.0
778,apache/camel,cf2e1749fae7c2d7526c705eb2c9e45e7f8f1af4,13517,2,0,0,0,0.0019193857965451055,0.001917547304402821,0.0
779,apache/camel,cf2e1749fae7c2d7526c705eb2c9e45e7f8f1af4,13517,1,0,1,1,0.5,0.5,1.0
780,apache/camel,cf2e1749fae7c2d7526c705eb2c9e45e7f8f1af4,13517,1,0,0,0,0.0007412898443291327,0.0007412898443291327,0.0
781,apache/camel,cf2e1749fae7c2d7526c705eb2c9e45e7f8f1af4,13517,1,0,1,1,0.25,0.25,1.0
782,apache/camel,cf2e1749fae7c2d7526c705eb2c9e45e7f8f1af4,13517,1,0,1,1,0.25,0.25,1.0
783,apache/camel,cf2e1749fae7c2d7526c705eb2c9e45e7f8f1af4,13517,2,0,1,1,0.5,0.3055555555555556,0.5
784,apache/camel,cf2e1749fae7c2d7526c705eb2c9e45e7f8f1af4,13517,1,0,0,0,0.05263157894736842,0.05263157894736842,0.0
785,apache/camel,cf2e1749fae7c2d7526c705eb2c9e45e7f8f1af4,13517,4,0,0,0,0.08333333333333333,0.11719530469530469,0.0
786,apache/camel,cf2e1749fae7c2d7526c705eb2c9e45e7f8f1af4,13517,3,0,0,0,0.010752688172043012,0.009529656085387238,0.0
787,apache/camel,cf2e1749fae7c2d7526c705eb2c9e45e7f8f1af4,13517,2,0,0,0,0.01098901098901099,0.009978810427240921,0.0
788,apache/camel,cf2e1749fae7c2d7526c705eb2c9e45e7f8f1af4,13517,1,0,0,0,0.01818181818181818,0.01818181818181818,0.0
789,apache/camel,cf2e1749fae7c2d7526c705eb2c9e45e7f8f1af4,13517,3,0,0,1,0.1111111111111111,0.07426381299332119,0.3333333333333333
790,apache/camel,cf2e1749fae7c2d7526c705eb2c9e45e7f8f1af4,13517,3,0,0,0,0.041666666666666664,0.03790849673202614,0.0
791,apache/camel,cf2e1749fae7c2d7526c705eb2c9e45e7f8f1af4,13517,1,0,0,0,0.00029036004645760743,0.00029036004645760743,0.0
792,apache/camel,cf2e1749fae7c2d7526c705eb2c9e45e7f8f1af4,13517,2,0,1,1,0.5,0.5833333333333333,1.0
793,apache/camel,cf2e1749fae7c2d7526c705eb2c9e45e7f8f1af4,13517,1,0,0,0,0.09090909090909091,0.09090909090909091,0.0
794,apache/camel,cf2e1749fae7c2d7526c705eb2c9e45e7f8f1af4,13517,2,0,0,0,0.009174311926605505,0.008263626551538047,0.0
795,apache/camel,cf2e1749fae7c2d7526c705eb2c9e45e7f8f1af4,13517,4,0,0,1,0.16666666666666666,0.09768518518518518,0.25
796,apache/camel,cf2e1749fae7c2d7526c705eb2c9e45e7f8f1af4,13517,1,0,0,0,0.0018587360594795538,0.0018587360594795538,0.0
797,apache/camel,cf2e1749fae7c2d7526c705eb2c9e45e7f8f1af4,13517,5,1,1,1,1.0,0.21736104963248537,0.2
798,apache/camel,cf2e1749fae7c2d7526c705eb2c9e45e7f8f1af4,13517,1,0,0,0,0.00018460402436773122,0.00018460402436773122,0.0
799,apache/camel,cf2e1749fae7c2d7526c705eb2c9e45e7f8f1af4,13517,1,0,1,1,0.5,0.5,1.0
800,apache/camel,cf2e1749fae7c2d7526c705eb2c9e45e7f8f1af4,13517,1,1,1,1,1.0,1.0,1.0
801,apache/camel,cf2e1749fae7c2d7526c705eb2c9e45e7f8f1af4,13517,1,0,0,1,0.14285714285714285,0.14285714285714285,1.0
6402,apache/camel,cf2e1749fae7c2d7526c705eb2c9e45e7f8f1af4,13517,2,0,0,0,0.09090909090909091,0.049376114081996436,0.0
6435,apache/camel,cf2e1749fae7c2d7526c705eb2c9e45e7f8f1af4,13517,2,1,1,1,1.0,0.8333333333333333,1.0
278,apache/camel,d6232e111cd3e414b8184723e9500e366fc6e4a3,8136,1,1,1,1,1.0,1.0,1.0
849,apache/camel,da8694f8c5392881ac5ab49c37a7947451bb65af,14522,2,1,1,1,1.0,1.0,1.0
850,apache/camel,da8694f8c5392881ac5ab49c37a7947451bb65af,14522,9,0,1,1,0.3333333333333333,0.060440384374377217,0.1111111111111111
851,apache/camel,da8694f8c5392881ac5ab49c37a7947451bb65af,14522,1,0,1,1,0.5,0.5,1.0
852,apache/camel,da8694f8c5392881ac5ab49c37a7947451bb65af,14522,1,0,0,0,0.0003827018752391887,0.0003827018752391887,0.0
853,apache/camel,da8694f8c5392881ac5ab49c37a7947451bb65af,14522,2,0,0,0,0.013333333333333334,0.016666666666666666,0.0
854,apache/camel,da8694f8c5392881ac5ab49c37a7947451bb65af,14522,7,1,1,1,1.0,0.45139565947836624,0.42857142857142855
855,apache/camel,da8694f8c5392881ac5ab49c37a7947451bb65af,14522,5,0,0,0,0.0019646365422396855,0.001990385758538587,0.0
856,apache/camel,da8694f8c5392881ac5ab49c37a7947451bb65af,14522,1,1,1,1,1.0,1.0,1.0
857,apache/camel,da8694f8c5392881ac5ab49c37a7947451bb65af,14522,2,0,1,1,0.5,0.2527932960893855,0.5
858,apache/camel,da8694f8c5392881ac5ab49c37a7947451bb65af,14522,7,0,0,0,0.0018726591760299626,0.0030604768308875774,0.0
859,apache/camel,da8694f8c5392881ac5ab49c37a7947451bb65af,14522,1,0,0,1,0.125,0.125,1.0
860,apache/camel,da8694f8c5392881ac5ab49c37a7947451bb65af,14522,2,0,0,0,0.05555555555555555,0.04059829059829059,0.0
861,apache/camel,da8694f8c5392881ac5ab49c37a7947451bb65af,14522,2,0,0,1,0.16666666666666666,0.08371140516698172,0.5
862,apache/camel,da8694f8c5392881ac5ab49c37a7947451bb65af,14522,1,0,0,0,0.018867924528301886,0.018867924528301886,0.0
863,apache/camel,da8694f8c5392881ac5ab49c37a7947451bb65af,14522,2,0,1,1,0.25,0.25,1.0
864,apache/camel,da8694f8c5392881ac5ab49c37a7947451bb65af,14522,2,0,1,1,0.5,0.2763157894736842,0.5
865,apache/camel,da8694f8c5392881ac5ab49c37a7947451bb65af,14522,1,0,0,0,0.009009009009009009,0.009009009009009009,0.0
866,apache/camel,da8694f8c5392881ac5ab49c37a7947451bb65af,14522,4,0,0,0,0.045454545454545456,0.028540314937668586,0.0
867,apache/camel,da8694f8c5392881ac5ab49c37a7947451bb65af,14522,2,0,0,0,0.010101010101010102,0.008297258297258298,0.0
6427,apache/camel,da8694f8c5392881ac5ab49c37a7947451bb65af,14522,2,0,1,1,0.25,0.325,1.0
6429,apache/camel,da8694f8c5392881ac5ab49c37a7947451bb65af,14522,3,0,1,1,0.3333333333333333,0.26884920634920634,0.6666666666666666
479,apache/camel,dd691214b68369d3db5a758ad5be2610d4e28fc8,11130,2,1,1,1,1.0,0.5097087378640777,0.5
480,apache/camel,dd691214b68369d3db5a758ad5be2610d4e28fc8,11130,1,0,1,1,0.5,0.5,1.0
481,apache/camel,dd691214b68369d3db5a758ad5be2610d4e28fc8,11130,2,0,0,0,0.0007336757153338225,0.0010317314746881878,0.0
482,apache/camel,dd691214b68369d3db5a758ad5be2610d4e28fc8,11130,1,0,1,1,0.5,0.5,1.0
483,apache/camel,dd691214b68369d3db5a758ad5be2610d4e28fc8,11130,2,1,1,1,1.0,0.6,1.0
484,apache/camel,dd691214b68369d3db5a758ad5be2610d4e28fc8,11130,2,1,1,1,1.0,0.75,1.0
485,apache/camel,dd691214b68369d3db5a758ad5be2610d4e28fc8,11130,1,0,0,0,0.08333333333333333,0.08333333333333333,0.0
486,apache/camel,dd691214b68369d3db5a758ad5be2610d4e28fc8,11130,1,0,0,0,0.01639344262295082,0.01639344262295082,0.0
487,apache/camel,dd691214b68369d3db5a758ad5be2610d4e28fc8,11130,3,0,1,1,0.5,0.4666666666666666,1.0
488,apache/camel,dd691214b68369d3db5a758ad5be2610d4e28fc8,11130,1,0,0,0,0.007518796992481203,0.007518796992481203,0.0
489,apache/camel,dd691214b68369d3db5a758ad5be2610d4e28fc8,11130,4,1,1,1,1.0,0.27807450382856413,0.25
490,apache/camel,dd691214b68369d3db5a758ad5be2610d4e28fc8,11130,3,0,1,1,0.3333333333333333,0.1632996632996633,0.3333333333333333
491,apache/camel,dd691214b68369d3db5a758ad5be2610d4e28fc8,11130,5,0,0,0,0.00980392156862745,0.0035124110550516703,0.0
492,apache/camel,dd691214b68369d3db5a758ad5be2610d4e28fc8,11130,15,0,0,0,0.07692307692307693,0.06385585982872365,0.0
493,apache/camel,dd691214b68369d3db5a758ad5be2610d4e28fc8,11130,1,0,1,1,0.5,0.5,1.0
494,apache/camel,dd691214b68369d3db5a758ad5be2610d4e28fc8,11130,2,0,0,0,0.01,0.0149009900990099,0.0
495,apache/camel,dd691214b68369d3db5a758ad5be2610d4e28fc8,11130,1,1,1,1,1.0,1.0,1.0
496,apache/camel,dd691214b68369d3db5a758ad5be2610d4e28fc8,11130,10,0,1,1,0.3333333333333333,0.10734650130503112,0.2
497,apache/camel,dd691214b68369d3db5a758ad5be2610d4e28fc8,11130,2,0,1,1,0.25,0.25,1.0
498,apache/camel,dd691214b68369d3db5a758ad5be2610d4e28fc8,11130,2,0,0,1,0.1111111111111111,0.13247863247863248,0.5
499,apache/camel,dd691214b68369d3db5a758ad5be2610d4e28fc8,11130,2,0,0,0,0.003676470588235294,0.0034105623381428044,0.0
500,apache/camel,dd691214b68369d3db5a758ad5be2610d4e28fc8,11130,1,0,0,0,0.027777777777777776,0.027777777777777776,0.0
501,apache/camel,dd691214b68369d3db5a758ad5be2610d4e28fc8,11130,3,0,1,1,0.5,0.21060782036391792,0.3333333333333333
502,apache/camel,dd691214b68369d3db5a758ad5be2610d4e28fc8,11130,2,1,1,1,1.0,1.0,1.0
503,apache/camel,dd691214b68369d3db5a758ad5be2610d4e28fc8,11130,2,1,1,1,1.0,0.5051546391752577,0.5
504,apache/camel,dd691214b68369d3db5a758ad5be2610d4e28fc8,11130,1,1,1,1,1.0,1.0,1.0
505,apache/camel,dd691214b68369d3db5a758ad5be2610d4e28fc8,11130,3,0,0,0,0.005714285714285714,0.002981386305238398,0.0
506,apache/camel,dd691214b68369d3db5a758ad5be2610d4e28fc8,11130,4,1,1,1,1.0,0.3041833798395535,0.25
507,apache/camel,dd691214b68369d3db5a758ad5be2610d4e28fc8,11130,1,0,0,0,0.0007479431563201197,0.0007479431563201197,0.0
508,apache/camel,dd691214b68369d3db5a758ad5be2610d4e28fc8,11130,4,0,0,0,0.006896551724137931,0.004398872288937157,0.0
509,apache/camel,dd691214b68369d3db5a758ad5be2610d4e28fc8,11130,3,0,0,1,0.14285714285714285,0.07511337868480726,0.3333333333333333
510,apache/camel,dd691214b68369d3db5a758ad5be2610d4e28fc8,11130,1,0,0,0,0.0017123287671232876,0.0017123287671232876,0.0
511,apache/camel,dd691214b68369d3db5a758ad5be2610d4e28fc8,11130,1,0,0,0,0.030303030303030304,0.030303030303030304,0.0
512,apache/camel,dd691214b68369d3db5a758ad5be2610d4e28fc8,11130,1,0,0,0,0.0005959475566150178,0.0005959475566150178,0.0
513,apache/camel,dd691214b68369d3db5a758ad5be2610d4e28fc8,11130,2,0,1,1,0.3333333333333333,0.41666666666666663,1.0
514,apache/camel,dd691214b68369d3db5a758ad5be2610d4e28fc8,11130,1,1,1,1,1.0,1.0,1.0
515,apache/camel,dd691214b68369d3db5a758ad5be2610d4e28fc8,11130,3,0,0,0,0.0196078431372549,0.03589853914397525,0.0
516,apache/camel,dd691214b68369d3db5a758ad5be2610d4e28fc8,11130,4,0,0,0,0.0013315579227696406,0.0016156449994692995,0.0
517,apache/camel,dd691214b68369d3db5a758ad5be2610d4e28fc8,11130,2,0,0,0,0.003484320557491289,0.0036652372018225678,0.0
518,apache/camel,dd691214b68369d3db5a758ad5be2610d4e28fc8,11130,2,1,1,1,1.0,0.5037593984962406,0.5
519,apache/camel,dd691214b68369d3db5a758ad5be2610d4e28fc8,11130,2,0,0,1,0.1,0.1125,0.5
520,apache/camel,dd691214b68369d3db5a758ad5be2610d4e28fc8,11130,2,0,0,0,0.00909090909090909,0.00891226677252878,0.0
521,apache/camel,dd691214b68369d3db5a758ad5be2610d4e28fc8,11130,1,0,0,0,0.0011049723756906078,0.0011049723756906078,0.0
522,apache/camel,dd691214b68369d3db5a758ad5be2610d4e28fc8,11130,1,1,1,1,1.0,1.0,1.0
523,apache/camel,dd691214b68369d3db5a758ad5be2610d4e28fc8,11130,7,0,0,0,0.021739130434782608,0.009167948706049884,0.0
524,apache/camel,dd691214b68369d3db5a758ad5be2610d4e28fc8,11130,2,1,1,1,1.0,0.532258064516129,0.5
525,apache/camel,dd691214b68369d3db5a758ad5be2610d4e28fc8,11130,2,1,1,1,1.0,0.5043859649122807,0.5
526,apache/camel,dd691214b68369d3db5a758ad5be2610d4e28fc8,11130,1,0,1,1,0.25,0.25,1.0
527,apache/camel,dd691214b68369d3db5a758ad5be2610d4e28fc8,11130,1,0,1,1,0.25,0.25,1.0
528,apache/camel,dd691214b68369d3db5a758ad5be2610d4e28fc8,11130,2,0,1,1,0.25,0.25,1.0
611,apache/camel,e18459e53cf77514bb0fdfeceb423c456bbc4d9d,11983,1,0,1,1,0.25,0.25,1.0
612,apache/camel,e18459e53cf77514bb0fdfeceb423c456bbc4d9d,11983,1,0,0,0,0.09090909090909091,0.09090909090909091,0.0
613,apache/camel,e18459e53cf77514bb0fdfeceb423c456bbc4d9d,11983,3,1,1,1,1.0,0.38192703982177667,0.3333333333333333
614,apache/camel,e18459e53cf77514bb0fdfeceb423c456bbc4d9d,11983,3,0,0,0,0.022727272727272728,0.009515189130180133,0.0
615,apache/camel,e18459e53cf77514bb0fdfeceb423c456bbc4d9d,11983,2,0,0,0,0.08333333333333333,0.04189270644966847,0.0
616,apache/camel,e18459e53cf77514bb0fdfeceb423c456bbc4d9d,11983,1,0,0,0,0.009708737864077669,0.009708737864077669,0.0
617,apache/camel,e18459e53cf77514bb0fdfeceb423c456bbc4d9d,11983,1,0,0,0,0.00043159257660768235,0.00043159257660768235,0.0
618,apache/camel,e18459e53cf77514bb0fdfeceb423c456bbc4d9d,11983,2,0,0,1,0.16666666666666666,0.0926791277258567,0.5
619,apache/camel,e18459e53cf77514bb0fdfeceb423c456bbc4d9d,11983,2,0,0,0,0.0625,0.03318423597678917,0.0
620,apache/camel,e18459e53cf77514bb0fdfeceb423c456bbc4d9d,11983,4,1,1,1,1.0,0.4415135348745307,0.75
621,apache/camel,e18459e53cf77514bb0fdfeceb423c456bbc4d9d,11983,1,0,1,1,0.2,0.2,1.0
622,apache/camel,e18459e53cf77514bb0fdfeceb423c456bbc4d9d,11983,1,1,1,1,1.0,1.0,1.0
623,apache/camel,e18459e53cf77514bb0fdfeceb423c456bbc4d9d,11983,1,0,0,1,0.125,0.125,1.0
624,apache/camel,e18459e53cf77514bb0fdfeceb423c456bbc4d9d,11983,3,0,0,0,0.047619047619047616,0.047589664028020194,0.0
625,apache/camel,e18459e53cf77514bb0fdfeceb423c456bbc4d9d,11983,1,0,0,0,0.006944444444444444,0.006944444444444444,0.0
626,apache/camel,e18459e53cf77514bb0fdfeceb423c456bbc4d9d,11983,1,0,0,0,0.02857142857142857,0.02857142857142857,0.0
627,apache/camel,e18459e53cf77514bb0fdfeceb423c456bbc4d9d,11983,4,0,1,1,0.3333333333333333,0.1701388888888889,0.25
628,apache/camel,e18459e53cf77514bb0fdfeceb423c456bbc4d9d,11983,2,0,1,1,0.3333333333333333,0.16948356807511736,0.5
629,apache/camel,e18459e53cf77514bb0fdfeceb423c456bbc4d9d,11983,2,0,0,1,0.125,0.06446850393700787,0.5
630,apache/camel,e18459e53cf77514bb0fdfeceb423c456bbc4d9d,11983,2,1,1,1,1.0,0.502724795640327,0.5
631,apache/camel,e18459e53cf77514bb0fdfeceb423c456bbc4d9d,11983,2,0,1,1,0.3333333333333333,0.18484848484848485,0.5
632,apache/camel,e18459e53cf77514bb0fdfeceb423c456bbc4d9d,11983,2,0,1,1,0.25,0.1488095238095238,0.5
769,apache/camel,e6309f2a4319d5d8b50c88126ad5de05c686d27f,12800,1,0,1,1,0.5,0.5,1.0
770,apache/camel,e6309f2a4319d5d8b50c88126ad5de05c686d27f,12800,1,0,0,1,0.16666666666666666,0.16666666666666666,1.0
771,apache/camel,e6309f2a4319d5d8b50c88126ad5de05c686d27f,12800,1,0,0,0,0.006622516556291391,0.006622516556291391,0.0
772,apache/camel,e6309f2a4319d5d8b50c88126ad5de05c686d27f,12800,1,0,0,0,0.00022276676319893073,0.00022276676319893073,0.0
773,apache/camel,e6309f2a4319d5d8b50c88126ad5de05c686d27f,12800,6,0,0,0,0.08333333333333333,0.05455344757749476,0.0
774,apache/camel,e6309f2a4319d5d8b50c88126ad5de05c686d27f,12800,2,0,0,0,0.015151515151515152,0.01977087952697709,0.0
775,apache/camel,e6309f2a4319d5d8b50c88126ad5de05c686d27f,12800,1,0,1,1,0.25,0.25,1.0
776,apache/camel,e6309f2a4319d5d8b50c88126ad5de05c686d27f,12800,3,0,1,1,0.5,0.3333333333333333,0.6666666666666666
777,apache/camel,e6309f2a4319d5d8b50c88126ad5de05c686d27f,12800,2,0,0,0,0.010869565217391304,0.0066926442439157775,0.0
394,apache/camel,ec5e558a7073e72c62d7308486689593bbd6cf9f,10118,1,0,0,0,0.0013245033112582781,0.0013245033112582781,0.0
395,apache/camel,ec5e558a7073e72c62d7308486689593bbd6cf9f,10118,2,0,0,0,0.005050505050505051,0.004777504777504778,0.0
396,apache/camel,ec5e558a7073e72c62d7308486689593bbd6cf9f,10118,1,0,0,0,0.047619047619047616,0.047619047619047616,0.0
397,apache/camel,ec5e558a7073e72c62d7308486689593bbd6cf9f,10118,1,0,0,0,0.005376344086021506,0.005376344086021506,0.0
398,apache/camel,ec5e558a7073e72c62d7308486689593bbd6cf9f,10118,1,0,1,1,0.3333333333333333,0.3333333333333333,1.0
399,apache/camel,ec5e558a7073e72c62d7308486689593bbd6cf9f,10118,1,0,0,0,0.03571428571428571,0.03571428571428571,0.0
400,apache/camel,ec5e558a7073e72c62d7308486689593bbd6cf9f,10118,2,0,1,1,0.3333333333333333,0.18484848484848485,0.5
401,apache/camel,ec5e558a7073e72c62d7308486689593bbd6cf9f,10118,2,0,0,0,0.09090909090909091,0.05735930735930736,0.0
402,apache/camel,ec5e558a7073e72c62d7308486689593bbd6cf9f,10118,4,1,1,1,1.0,0.2922700587084149,0.25
403,apache/camel,ec5e558a7073e72c62d7308486689593bbd6cf9f,10118,1,0,1,1,0.5,0.5,1.0
404,apache/camel,ec5e558a7073e72c62d7308486689593bbd6cf9f,10118,2,0,1,1,0.5,0.27439024390243905,0.5
405,apache/camel,ec5e558a7073e72c62d7308486689593bbd6cf9f,10118,1,0,1,1,0.5,0.5,1.0
406,apache/camel,ec5e558a7073e72c62d7308486689593bbd6cf9f,10118,1,1,1,1,1.0,1.0,1.0
407,apache/camel,ec5e558a7073e72c62d7308486689593bbd6cf9f,10118,3,1,1,1,1.0,0.48333333333333334,0.6666666666666666
408,apache/camel,ec5e558a7073e72c62d7308486689593bbd6cf9f,10118,1,0,0,1,0.125,0.125,1.0
409,apache/camel,ec5e558a7073e72c62d7308486689593bbd6cf9f,10118,1,0,1,1,0.5,0.5,1.0
410,apache/camel,ec5e558a7073e72c62d7308486689593bbd6cf9f,10118,1,1,1,1,1.0,1.0,1.0
411,apache/camel,ec5e558a7073e72c62d7308486689593bbd6cf9f,10118,4,0,1,1,0.5,0.3699453551912568,0.75
412,apache/camel,ec5e558a7073e72c62d7308486689593bbd6cf9f,10118,1,0,1,1,0.3333333333333333,0.3333333333333333,1.0
413,apache/camel,ec5e558a7073e72c62d7308486689593bbd6cf9f,10118,2,0,0,0,0.02702702702702703,0.021988089784699953,0.0
414,apache/camel,ec5e558a7073e72c62d7308486689593bbd6cf9f,10118,3,0,0,0,0.0007246376811594203,0.0012362167293268843,0.0
415,apache/camel,ec5e558a7073e72c62d7308486689593bbd6cf9f,10118,1,1,1,1,1.0,1.0,1.0
723,apache/camel,f14890f88d6edfeda07cc0ecf5887827791b4ce8,12717,2,0,0,1,0.16666666666666666,0.17424242424242425,0.5
724,apache/camel,f14890f88d6edfeda07cc0ecf5887827791b4ce8,12717,2,0,1,1,0.5,0.28448275862068967,0.5
725,apache/camel,f14890f88d6edfeda07cc0ecf5887827791b4ce8,12717,1,1,1,1,1.0,1.0,1.0
726,apache/camel,f14890f88d6edfeda07cc0ecf5887827791b4ce8,12717,1,0,0,0,0.022727272727272728,0.022727272727272728,0.0
727,apache/camel,f14890f88d6edfeda07cc0ecf5887827791b4ce8,12717,4,0,1,1,0.25,0.4303571428571429,1.0
728,apache/camel,f14890f88d6edfeda07cc0ecf5887827791b4ce8,12717,2,1,1,1,1.0,0.54,0.5
729,apache/camel,f14890f88d6edfeda07cc0ecf5887827791b4ce8,12717,1,0,0,0,0.058823529411764705,0.058823529411764705,0.0
730,apache/camel,f14890f88d6edfeda07cc0ecf5887827791b4ce8,12717,1,0,0,0,0.006493506493506494,0.006493506493506494,0.0
731,apache/camel,f14890f88d6edfeda07cc0ecf5887827791b4ce8,12717,2,0,0,0,0.023255813953488372,0.02701252236135957,0.0
732,apache/camel,f14890f88d6edfeda07cc0ecf5887827791b4ce8,12717,1,0,0,0,0.022222222222222223,0.022222222222222223,0.0
733,apache/camel,f14890f88d6edfeda07cc0ecf5887827791b4ce8,12717,2,1,1,1,1.0,0.5128205128205128,0.5
734,apache/camel,f14890f88d6edfeda07cc0ecf5887827791b4ce8,12717,1,1,1,1,1.0,1.0,1.0
735,apache/camel,f14890f88d6edfeda07cc0ecf5887827791b4ce8,12717,2,1,1,1,1.0,0.5263157894736842,0.5
736,apache/camel,f14890f88d6edfeda07cc0ecf5887827791b4ce8,12717,2,0,0,1,0.14285714285714285,0.07990314769975787,0.5
737,apache/camel,f14890f88d6edfeda07cc0ecf5887827791b4ce8,12717,3,0,1,1,0.25,0.25740740740740736,1.0
738,apache/camel,f14890f88d6edfeda07cc0ecf5887827791b4ce8,12717,3,0,1,1,0.2,0.0751103614859237,0.3333333333333333
739,apache/camel,f14890f88d6edfeda07cc0ecf5887827791b4ce8,12717,1,1,1,1,1.0,1.0,1.0
633,apache/camel,f27cda0a7a8132259e8caad043f0d63809bd901d,12014,3,1,1,1,1.0,0.33398098189645875,0.3333333333333333
634,apache/camel,f27cda0a7a8132259e8caad043f0d63809bd901d,12014,2,0,0,1,0.125,0.1625,1.0
635,apache/camel,f27cda0a7a8132259e8caad043f0d63809bd901d,12014,1,0,0,0,0.008064516129032258,0.008064516129032258,0.0
636,apache/camel,f27cda0a7a8132259e8caad043f0d63809bd901d,12014,1,0,0,0,0.010101010101010102,0.010101010101010102,0.0
637,apache/camel,f27cda0a7a8132259e8caad043f0d63809bd901d,12014,7,0,0,0,0.09090909090909091,0.09465829580272182,0.0
638,apache/camel,f27cda0a7a8132259e8caad043f0d63809bd901d,12014,2,0,0,0,0.07142857142857142,0.036848072562358274,0.0
639,apache/camel,f27cda0a7a8132259e8caad043f0d63809bd901d,12014,5,0,0,0,0.012195121951219513,0.0073810401728201715,0.0
640,apache/camel,f27cda0a7a8132259e8caad043f0d63809bd901d,12014,5,0,0,0,0.0009532888465204957,0.0012790279936628322,0.0
641,apache/camel,f27cda0a7a8132259e8caad043f0d63809bd901d,12014,6,1,1,1,1.0,0.1765942961953245,0.16666666666666666
642,apache/camel,f27cda0a7a8132259e8caad043f0d63809bd901d,12014,1,0,0,0,0.0002016942315449778,0.0002016942315449778,0.0
643,apache/camel,f27cda0a7a8132259e8caad043f0d63809bd901d,12014,3,0,0,1,0.125,0.051769958708284707,0.3333333333333333
644,apache/camel,f27cda0a7a8132259e8caad043f0d63809bd901d,12014,1,0,0,1,0.125,0.125,1.0
645,apache/camel,f27cda0a7a8132259e8caad043f0d63809bd901d,12014,2,0,0,1,0.125,0.0628443526170799,0.5
646,apache/camel,f27cda0a7a8132259e8caad043f0d63809bd901d,12014,1,0,0,1,0.14285714285714285,0.14285714285714285,1.0
647,apache/camel,f27cda0a7a8132259e8caad043f0d63809bd901d,12014,2,0,0,0,0.05555555555555555,0.0804093567251462,0.0
648,apache/camel,f27cda0a7a8132259e8caad043f0d63809bd901d,12014,1,0,0,0,0.006756756756756757,0.006756756756756757,0.0
649,apache/camel,f27cda0a7a8132259e8caad043f0d63809bd901d,12014,1,0,0,0,0.02857142857142857,0.02857142857142857,0.0
650,apache/camel,f27cda0a7a8132259e8caad043f0d63809bd901d,12014,1,0,0,1,0.1,0.1,1.0
651,apache/camel,f27cda0a7a8132259e8caad043f0d63809bd901d,12014,1,0,0,0,0.006711409395973154,0.006711409395973154,0.0
652,apache/camel,f27cda0a7a8132259e8caad043f0d63809bd901d,12014,5,0,0,0,0.02564102564102564,0.009154669467433641,0.0
653,apache/camel,f27cda0a7a8132259e8caad043f0d63809bd901d,12014,3,0,0,0,0.006578947368421052,0.005681683434381077,0.0
654,apache/camel,f27cda0a7a8132259e8caad043f0d63809bd901d,12014,1,1,1,1,1.0,1.0,1.0
655,apache/camel,f27cda0a7a8132259e8caad043f0d63809bd901d,12014,1,0,0,0,0.013888888888888888,0.013888888888888888,0.0
656,apache/camel,f27cda0a7a8132259e8caad043f0d63809bd901d,12014,1,1,1,1,1.0,1.0,1.0
657,apache/camel,f27cda0a7a8132259e8caad043f0d63809bd901d,12014,1,0,0,0,0.014084507042253521,0.014084507042253521,0.0
658,apache/camel,f27cda0a7a8132259e8caad043f0d63809bd901d,12014,1,1,1,1,1.0,1.0,1.0
659,apache/camel,f27cda0a7a8132259e8caad043f0d63809bd901d,12014,1,0,0,1,0.14285714285714285,0.14285714285714285,1.0
661,apache/camel,f27cda0a7a8132259e8caad043f0d63809bd901d,12014,1,0,0,0,0.0008756567425569177,0.0008756567425569177,0.0
662,apache/camel,f27cda0a7a8132259e8caad043f0d63809bd901d,12014,1,0,0,0,0.034482758620689655,0.034482758620689655,0.0
663,apache/camel,f27cda0a7a8132259e8caad043f0d63809bd901d,12014,2,0,0,0,0.043478260869565216,0.022787348464132714,0.0
664,apache/camel,f27cda0a7a8132259e8caad043f0d63809bd901d,12014,2,0,0,0,0.0013003901170351106,0.0019049002028086468,0.0
665,apache/camel,f27cda0a7a8132259e8caad043f0d63809bd901d,12014,3,0,0,0,0.041666666666666664,0.01424754915484927,0.0
666,apache/camel,f27cda0a7a8132259e8caad043f0d63809bd901d,12014,1,0,0,0,0.0007027406886858749,0.0007027406886858749,0.0
667,apache/camel,f27cda0a7a8132259e8caad043f0d63809bd901d,12014,1,0,1,1,0.25,0.25,1.0
668,apache/camel,f27cda0a7a8132259e8caad043f0d63809bd901d,12014,1,1,1,1,1.0,1.0,1.0
669,apache/camel,f27cda0a7a8132259e8caad043f0d63809bd901d,12014,2,0,1,1,0.25,0.12778551532033428,0.5
670,apache/camel,f27cda0a7a8132259e8caad043f0d63809bd901d,12014,1,1,1,1,1.0,1.0,1.0
671,apache/camel,f27cda0a7a8132259e8caad043f0d63809bd901d,12014,4,0,1,1,0.2,0.14145066889632107,0.25
672,apache/camel,f27cda0a7a8132259e8caad043f0d63809bd901d,12014,1,0,0,0,0.00013620266957232362,0.00013620266957232362,0.0
673,apache/camel,f27cda0a7a8132259e8caad043f0d63809bd901d,12014,1,0,0,0,0.07142857142857142,0.07142857142857142,0.0
674,apache/camel,f27cda0a7a8132259e8caad043f0d63809bd901d,12014,1,0,0,0,0.0014641288433382138,0.0014641288433382138,0.0
675,apache/camel,f27cda0a7a8132259e8caad043f0d63809bd901d,12014,1,0,0,1,0.14285714285714285,0.14285714285714285,1.0
676,apache/camel,f27cda0a7a8132259e8caad043f0d63809bd901d,12014,3,0,0,0,0.01639344262295082,0.008316540593329449,0.0
946,apache/camel,f2863edcfe2572e00fbd6c62d23ee5990fada99a,4951,1,0,1,1,0.3333333333333333,0.3333333333333333,1.0
947,apache/camel,f2863edcfe2572e00fbd6c62d23ee5990fada99a,4951,3,0,0,0,0.07142857142857142,0.0585900351457515,0.0
948,apache/camel,f2863edcfe2572e00fbd6c62d23ee5990fada99a,4951,2,1,1,1,1.0,0.5140845070422535,0.5
949,apache/camel,f2863edcfe2572e00fbd6c62d23ee5990fada99a,4951,3,0,0,1,0.1111111111111111,0.03938684274574251,0.3333333333333333
950,apache/camel,f2863edcfe2572e00fbd6c62d23ee5990fada99a,4951,1,0,1,1,0.3333333333333333,0.3333333333333333,1.0
951,apache/camel,f2863edcfe2572e00fbd6c62d23ee5990fada99a,4951,9,1,1,1,1.0,0.3116202811062098,0.2222222222222222
952,apache/camel,f2863edcfe2572e00fbd6c62d23ee5990fada99a,4951,3,0,0,0,0.05555555555555555,0.03461621871553927,0.0
953,apache/camel,f2863edcfe2572e00fbd6c62d23ee5990fada99a,4951,2,0,0,0,0.00423728813559322,0.003098075997277511,0.0
954,apache/camel,f2863edcfe2572e00fbd6c62d23ee5990fada99a,4951,2,0,0,0,0.001851851851851852,0.0016531986531986532,0.0
955,apache/camel,f2863edcfe2572e00fbd6c62d23ee5990fada99a,4951,1,0,0,1,0.1,0.1,1.0
956,apache/camel,f2863edcfe2572e00fbd6c62d23ee5990fada99a,4951,1,0,0,0,0.00211864406779661,0.00211864406779661,0.0
957,apache/camel,f2863edcfe2572e00fbd6c62d23ee5990fada99a,4951,4,1,1,1,1.0,0.2527152149502274,0.25
958,apache/camel,f2863edcfe2572e00fbd6c62d23ee5990fada99a,4951,2,0,0,0,0.02040816326530612,0.011366872330327479,0.0
959,apache/camel,f2863edcfe2572e00fbd6c62d23ee5990fada99a,4951,2,0,1,1,0.3333333333333333,0.3666666666666667,1.0
960,apache/camel,f2863edcfe2572e00fbd6c62d23ee5990fada99a,4951,2,1,1,1,1.0,0.515625,0.5
961,apache/camel,f2863edcfe2572e00fbd6c62d23ee5990fada99a,4951,4,1,1,1,1.0,0.8875,1.0
962,apache/camel,f2863edcfe2572e00fbd6c62d23ee5990fada99a,4951,6,1,1,1,1.0,0.5202847805788983,0.6666666666666666
963,apache/camel,f2863edcfe2572e00fbd6c62d23ee5990fada99a,4951,1,0,0,1,0.1111111111111111,0.1111111111111111,1.0
964,apache/camel,f2863edcfe2572e00fbd6c62d23ee5990fada99a,4951,1,0,1,1,0.3333333333333333,0.3333333333333333,1.0
965,apache/camel,f2863edcfe2572e00fbd6c62d23ee5990fada99a,4951,4,0,0,1,0.14285714285714285,0.03669137144211538,0.25
966,apache/camel,f2863edcfe2572e00fbd6c62d23ee5990fada99a,4951,2,0,0,0,0.012345679012345678,0.009140198556617943,0.0
967,apache/camel,f2863edcfe2572e00fbd6c62d23ee5990fada99a,4951,2,0,0,0,0.0024330900243309003,0.002036217143312991,0.0
968,apache/camel,f2863edcfe2572e00fbd6c62d23ee5990fada99a,4951,2,0,1,1,0.5,0.45,1.0
969,apache/camel,f2863edcfe2572e00fbd6c62d23ee5990fada99a,4951,1,1,1,1,1.0,1.0,1.0
970,apache/camel,f2863edcfe2572e00fbd6c62d23ee5990fada99a,4951,2,0,0,0,0.041666666666666664,0.02120111560622778,0.0
971,apache/camel,f2863edcfe2572e00fbd6c62d23ee5990fada99a,4951,1,0,0,0,0.005076142131979695,0.005076142131979695,0.0
972,apache/camel,f2863edcfe2572e00fbd6c62d23ee5990fada99a,4951,6,0,1,1,0.2,0.2235930735930736,0.3333333333333333
973,apache/camel,f2863edcfe2572e00fbd6c62d23ee5990fada99a,4951,7,0,0,0,0.07142857142857142,0.04526242273419005,0.0
974,apache/camel,f2863edcfe2572e00fbd6c62d23ee5990fada99a,4951,1,0,1,1,0.3333333333333333,0.3333333333333333,1.0
975,apache/camel,f2863edcfe2572e00fbd6c62d23ee5990fada99a,4951,3,0,0,1,0.16666666666666666,0.10774081322026526,0.3333333333333333
976,apache/camel,f2863edcfe2572e00fbd6c62d23ee5990fada99a,4951,1,0,1,1,0.3333333333333333,0.3333333333333333,1.0
977,apache/camel,f2863edcfe2572e00fbd6c62d23ee5990fada99a,4951,4,0,0,0,0.09090909090909091,0.08524941724941726,0.0
978,apache/camel,f2863edcfe2572e00fbd6c62d23ee5990fada99a,4951,2,0,0,0,0.00202020202020202,0.0026823418127765956,0.0
979,apache/camel,f2863edcfe2572e00fbd6c62d23ee5990fada99a,4951,2,0,1,1,0.2,0.1144927536231884,0.5
980,apache/camel,f2863edcfe2572e00fbd6c62d23ee5990fada99a,4951,1,0,0,1,0.1111111111111111,0.1111111111111111,1.0
981,apache/camel,f2863edcfe2572e00fbd6c62d23ee5990fada99a,4951,2,0,1,1,0.5,0.2611111111111111,0.5
982,apache/camel,f2863edcfe2572e00fbd6c62d23ee5990fada99a,4951,8,0,0,1,0.16666666666666666,0.07237830480576915,0.125
983,apache/camel,f2863edcfe2572e00fbd6c62d23ee5990fada99a,4951,1,0,0,1,0.16666666666666666,0.16666666666666666,1.0
984,apache/camel,f2863edcfe2572e00fbd6c62d23ee5990fada99a,4951,1,0,0,0,0.003115264797507788,0.003115264797507788,0.0
985,apache/camel,f2863edcfe2572e00fbd6c62d23ee5990fada99a,4951,3,0,1,1,0.5,0.2005767012687428,0.3333333333333333
986,apache/camel,f2863edcfe2572e00fbd6c62d23ee5990fada99a,4951,1,1,1,1,1.0,1.0,1.0
987,apache/camel,f2863edcfe2572e00fbd6c62d23ee5990fada99a,4951,1,0,0,0,0.005405405405405406,0.005405405405405406,0.0
988,apache/camel,f2863edcfe2572e00fbd6c62d23ee5990fada99a,4951,2,0,1,1,0.5,0.5,1.0
989,apache/camel,f2863edcfe2572e00fbd6c62d23ee5990fada99a,4951,1,1,1,1,1.0,1.0,1.0
990,apache/camel,f2863edcfe2572e00fbd6c62d23ee5990fada99a,4951,1,0,0,0,0.05555555555555555,0.05555555555555555,0.0
991,apache/camel,f2863edcfe2572e00fbd6c62d23ee5990fada99a,4951,2,0,0,1,0.125,0.11805555555555555,0.5
992,apache/camel,f2863edcfe2572e00fbd6c62d23ee5990fada99a,4951,1,1,1,1,1.0,1.0,1.0
993,apache/camel,f2863edcfe2572e00fbd6c62d23ee5990fada99a,4951,7,0,0,0,0.05263157894736842,0.047086075644389276,0.0
994,apache/camel,f2863edcfe2572e00fbd6c62d23ee5990fada99a,4951,3,0,1,1,0.3333333333333333,0.14896036387264458,0.3333333333333333
995,apache/camel,f2863edcfe2572e00fbd6c62d23ee5990fada99a,4951,5,0,0,0,0.0026109660574412533,0.0019191585442250522,0.0
587,apache/camel,f46778d88f6df0822f9d89323b558ac8da5f223b,11275,2,1,1,1,1.0,0.5117647058823529,0.5
588,apache/camel,f46778d88f6df0822f9d89323b558ac8da5f223b,11275,1,0,1,1,0.3333333333333333,0.3333333333333333,1.0
589,apache/camel,f46778d88f6df0822f9d89323b558ac8da5f223b,11275,3,1,1,1,1.0,0.7066666666666667,0.6666666666666666
590,apache/camel,f46778d88f6df0822f9d89323b558ac8da5f223b,11275,2,0,0,0,0.05263157894736842,0.036024527337761875,0.0
591,apache/camel,f46778d88f6df0822f9d89323b558ac8da5f223b,11275,4,1,1,1,1.0,0.45495934959349593,0.5
592,apache/camel,f46778d88f6df0822f9d89323b558ac8da5f223b,11275,1,0,1,1,0.5,0.5,1.0
66,apache/camel,feed6f962aba4aefb144b424945d1232b73ccef3,1842,1,1,1,1,1.0,1.0,1.0
83,apache/camel,feed6f962aba4aefb144b424945d1232b73ccef3,1842,1,0,0,0,0.025,0.025,0.0
87,apache/camel,feed6f962aba4aefb144b424945d1232b73ccef3,1842,1,0,1,1,0.5,0.5,1.0
88,apache/camel,feed6f962aba4aefb144b424945d1232b73ccef3,1842,1,1,1,1,1.0,1.0,1.0
89,apache/camel,feed6f962aba4aefb144b424945d1232b73ccef3,1842,7,1,1,1,1.0,0.18810712116911368,0.14285714285714285
90,apache/camel,feed6f962aba4aefb144b424945d1232b73ccef3,1842,7,1,1,1,1.0,0.6294337356632439,0.5714285714285714
91,apache/camel,feed6f962aba4aefb144b424945d1232b73ccef3,1842,7,0,0,0,0.043478260869565216,0.03947018925936857,0.0
92,apache/camel,feed6f962aba4aefb144b424945d1232b73ccef3,1842,7,1,1,1,1.0,0.5841927680162975,0.5714285714285714
93,apache/camel,feed6f962aba4aefb144b424945d1232b73ccef3,1842,3,1,1,1,1.0,0.3554857840572126,0.3333333333333333
94,apache/camel,feed6f962aba4aefb144b424945d1232b73ccef3,1842,1,0,1,1,0.5,0.5,1.0
95,apache/camel,feed6f962aba4aefb144b424945d1232b73ccef3,1842,1,0,1,1,0.3333333333333333,0.3333333333333333,1.0
97,apache/camel,feed6f962aba4aefb144b424945d1232b73ccef3,1842,1,0,0,0,0.05,0.05,0.0
98,apache/camel,feed6f962aba4aefb144b424945d1232b73ccef3,1842,8,0,0,1,0.125,0.07201501047783046,0.125
99,apache/camel,feed6f962aba4aefb144b424945d1232b73ccef3,1842,3,0,0,0,0.003105590062111801,0.0024862355815933844,0.0
100,apache/camel,feed6f962aba4aefb144b424945d1232b73ccef3,1842,1,1,1,1,1.0,1.0,1.0
103,apache/camel,feed6f962aba4aefb144b424945d1232b73ccef3,1842,2,0,1,1,0.5,0.34090909090909094,0.5
104,apache/camel,feed6f962aba4aefb144b424945d1232b73ccef3,1842,1,0,0,0,0.004878048780487805,0.004878048780487805,0.0
105,apache/camel,feed6f962aba4aefb144b424945d1232b73ccef3,1842,3,0,1,1,0.5,0.16789697208373985,0.3333333333333333
107,apache/camel,feed6f962aba4aefb144b424945d1232b73ccef3,1842,2,0,1,1,0.2,0.1625,0.5
108,apache/camel,feed6f962aba4aefb144b424945d1232b73ccef3,1842,1,0,0,0,0.05263157894736842,0.05263157894736842,0.0
109,apache/camel,feed6f962aba4aefb144b424945d1232b73ccef3,1842,2,0,0,0,0.08333333333333333,0.10416666666666666,0.0
110,apache/camel,feed6f962aba4aefb144b424945d1232b73ccef3,1842,1,0,1,1,0.3333333333333333,0.3333333333333333,1.0
111,apache/camel,feed6f962aba4aefb144b424945d1232b73ccef3,1842,1,1,1,1,1.0,1.0,1.0
112,apache/camel,feed6f962aba4aefb144b424945d1232b73ccef3,1842,1,1,1,1,1.0,1.0,1.0
114,apache/camel,feed6f962aba4aefb144b424945d1232b73ccef3,1842,2,0,0,0,0.02564102564102564,0.03409710856519367,0.0
115,apache/camel,feed6f962aba4aefb144b424945d1232b73ccef3,1842,1,0,0,0,0.005,0.005,0.0
116,apache/camel,feed6f962aba4aefb144b424945d1232b73ccef3,1842,3,0,1,1,0.2,0.14,0.3333333333333333
117,apache/camel,feed6f962aba4aefb144b424945d1232b73ccef3,1842,2,1,1,1,1.0,0.6666666666666666,1.0
118,apache/camel,feed6f962aba4aefb144b424945d1232b73ccef3,1842,2,0,0,0,0.03225806451612903,0.02946236559139785,0.0
120,apache/camel,feed6f962aba4aefb144b424945d1232b73ccef3,1842,1,1,1,1,1.0,1.0,1.0
121,apache/camel,feed6f962aba4aefb144b424945d1232b73ccef3,1842,1,0,0,0,0.009708737864077669,0.009708737864077669,0.0
124,apache/camel,feed6f962aba4aefb144b424945d1232b73ccef3,1842,4,1,1,1,1.0,0.46908212560386475,0.5
128,apache/camel,feed6f962aba4aefb144b424945d1232b73ccef3,1842,3,1,1,1,1.0,0.5072992700729927,0.6666666666666666
149,apache/camel,feed6f962aba4aefb144b424945d1232b73ccef3,1842,1,0,0,1,0.1,0.1,1.0
